//
// texture [model]
//
#pragma once

#include <tgx.h>

const uint16_t model_texture_data[240*240] PROGMEM = {
0x41c5, 0x41e5, 0x4a06, 0x4a27, 0x4a47, 0x4a27, 0x39e6, 0x39c6, 0x41c6, 0x5268, 0x5aea, 0x6b4c, 0x6b4c, 0x6b4c, 0x630a, 0x62e9, 
0x6287, 0x5a87, 0x6ae8, 0x6ae9, 0x62a9, 0x5a88, 0x5aa8, 0x5248, 0x4a27, 0x4a48, 0x5268, 0x5247, 0x4a06, 0x4a06, 0x5aa9, 0x5ac9, 
0x5268, 0x41e6, 0x5247, 0x5aa8, 0x62c8, 0x62c8, 0x62c8, 0x5aa9, 0x5aa8, 0x5aa9, 0x5a88, 0x62c8, 0x5a67, 0x5247, 0x41e6, 0x41c6, 
0x4a27, 0x4a07, 0x41e6, 0x5268, 0x5267, 0x5248, 0x5247, 0x5247, 0x5a68, 0x5247, 0x62e9, 0x6b09, 0x6b09, 0x6ae9, 0x62c9, 0x62a9, 
0x5a88, 0x4a28, 0x4207, 0x4227, 0x4227, 0x4227, 0x4206, 0x41e6, 0x4a47, 0x52a9, 0x630a, 0x5aa8, 0x41a5, 0x41a5, 0x41a5, 0x41a5, 
0x41a5, 0x39a6, 0x39a6, 0x39c6, 0x39c6, 0x39c6, 0x41e6, 0x4207, 0x4207, 0x4207, 0x39c6, 0x39a6, 0x39c6, 0x39a6, 0x39a6, 0x39c6, 
0x39c6, 0x39c6, 0x39a6, 0x39a6, 0x3185, 0x39c6, 0x39c6, 0x31a5, 0x3185, 0x3185, 0x31a6, 0x4207, 0x4a27, 0x4207, 0x4206, 0x41e6, 
0x41e6, 0x4207, 0x4207, 0x41e6, 0x39a6, 0x3986, 0x39a6, 0x3185, 0x3185, 0x3185, 0x3165, 0x39a5, 0x41e6, 0x41e6, 0x41e6, 0x39c6, 
0x39c6, 0x39c6, 0x39a6, 0x39c6, 0x41e7, 0x39c6, 0x41c6, 0x41e6, 0x39c6, 0x39c6, 0x39a6, 0x3985, 0x3185, 0x3185, 0x3185, 0x3165, 
0x3165, 0x3165, 0x3986, 0x39a6, 0x39a6, 0x39a6, 0x39c6, 0x39a6, 0x39a6, 0x39a6, 0x39a6, 0x39a6, 0x3986, 0x3986, 0x3186, 0x3186, 
0x31a6, 0x31a6, 0x31a6, 0x31a6, 0x3185, 0x3185, 0x3185, 0x3185, 0x3185, 0x3185, 0x3185, 0x3185, 0x3185, 0x3185, 0x3185, 0x3185, 
0x3185, 0x3185, 0x31a6, 0x31a6, 0x31a6, 0x31a6, 0x31a5, 0x31a5, 0x31a5, 0x31a5, 0x39c6, 0x5aa9, 0x5288, 0x5288, 0x5a88, 0x5a88, 
0x5a88, 0x5a88, 0x5a88, 0x5a88, 0x5a88, 0x5aa8, 0x5267, 0x5247, 0x5268, 0x5aca, 0x6b2c, 0x6b4b, 0x632b, 0x632b, 0x632b, 0x5ac9, 
0x4a47, 0x4a47, 0x5a88, 0x630a, 0x6b2a, 0x630a, 0x6b0a, 0x5268, 0x4207, 0x4a48, 0x5268, 0x4a27, 0x4207, 0x4a27, 0x5247, 0x4207, 
0x4207, 0x4227, 0x4a48, 0x4a48, 0x5288, 0x5a88, 0x5248, 0x4a47, 0x4a27, 0x4a27, 0x4a27, 0x4a27, 0x4a27, 0x4207, 0x41e7, 0x41e7, 
0x4184, 0x41c5, 0x41e6, 0x4a06, 0x4a27, 0x4a47, 0x4a27, 0x39e6, 0x39c6, 0x41e6, 0x5268, 0x630b, 0x6b4c, 0x6b6c, 0x6b0a, 0x62e9, 
0x6287, 0x62a7, 0x6ac8, 0x6ac8, 0x62a8, 0x5a88, 0x5aa8, 0x62e9, 0x5aa9, 0x5a88, 0x5aa8, 0x5226, 0x5247, 0x4a27, 0x4a27, 0x4a27, 
0x4a47, 0x4a07, 0x5247, 0x5aa8, 0x62c9, 0x5a88, 0x5a88, 0x62c9, 0x5ac9, 0x5288, 0x4a48, 0x5268, 0x4a27, 0x4a27, 0x4a27, 0x4a47, 
0x5248, 0x4a27, 0x4a27, 0x5268, 0x5268, 0x5a88, 0x5248, 0x5247, 0x5a88, 0x5a68, 0x5267, 0x62e9, 0x6b09, 0x6b0a, 0x62ea, 0x62a9, 
0x5a88, 0x4a28, 0x4a28, 0x4a27, 0x4227, 0x4a47, 0x4227, 0x4a06, 0x5288, 0x5aa9, 0x62c9, 0x5a88, 0x41a5, 0x41a5, 0x41a5, 0x41a5, 
0x41a5, 0x41a5, 0x39a6, 0x39c6, 0x39c6, 0x39c6, 0x39c6, 0x4207, 0x4227, 0x4207, 0x41e7, 0x41e7, 0x4207, 0x41e7, 0x41e7, 0x41e7, 
0x41e7, 0x39e7, 0x41e7, 0x41e6, 0x41e6, 0x4207, 0x4207, 0x39e7, 0x41e6, 0x39c6, 0x39c6, 0x41e6, 0x4a27, 0x4a27, 0x4a27, 0x4a27, 
0x4a27, 0x4a27, 0x4a27, 0x4207, 0x41e7, 0x41e7, 0x41e7, 0x41e7, 0x41e7, 0x41e7, 0x39c6, 0x31a6, 0x41e6, 0x4207, 0x4207, 0x41e7, 
0x41e7, 0x4a27, 0x41e7, 0x4207, 0x4207, 0x41e6, 0x41e6, 0x41e7, 0x4a48, 0x5248, 0x4207, 0x41e7, 0x39c6, 0x39c6, 0x39c6, 0x39c6, 
0x39a6, 0x39a6, 0x39a6, 0x41c6, 0x41c6, 0x39c6, 0x39c6, 0x39c6, 0x39c6, 0x39c6, 0x39c6, 0x39a6, 0x39a6, 0x39a6, 0x39a6, 0x39a6, 
0x31a6, 0x31a6, 0x31a6, 0x3186, 0x3165, 0x3165, 0x3185, 0x3185, 0x3185, 0x3185, 0x3185, 0x3185, 0x3185, 0x3185, 0x3185, 0x3185, 
0x3185, 0x3185, 0x3185, 0x31a6, 0x31a6, 0x31a6, 0x31a5, 0x31a5, 0x31a5, 0x31a5, 0x31a5, 0x5289, 0x62e9, 0x5288, 0x5288, 0x5a88, 
0x5a88, 0x5a88, 0x5a88, 0x5a88, 0x5a88, 0x5a88, 0x5aa8, 0x5267, 0x5247, 0x5268, 0x5aca, 0x6b2c, 0x6b4b, 0x632b, 0x6b2b, 0x630b, 
0x5268, 0x4a47, 0x5247, 0x5aa8, 0x6b0a, 0x6b2a, 0x6b0a, 0x5248, 0x4207, 0x4227, 0x4a48, 0x4a47, 0x4a27, 0x4a27, 0x4a47, 0x4207, 
0x41e7, 0x4a28, 0x5268, 0x4a68, 0x5289, 0x5ac9, 0x62ea, 0x5289, 0x4a27, 0x4a27, 0x4a27, 0x4a27, 0x4a27, 0x4207, 0x41e7, 0x41e7, 
0x4184, 0x41a4, 0x41c5, 0x41e6, 0x4a06, 0x4a47, 0x4a48, 0x4a27, 0x4206, 0x39c6, 0x41e6, 0x4a27, 0x4a48, 0x5288, 0x6b2a, 0x6ae8, 
0x5a66, 0x5a47, 0x5a87, 0x5a67, 0x5a67, 0x5267, 0x5268, 0x5a88, 0x5a89, 0x5a89, 0x5228, 0x5247, 0x5268, 0x5248, 0x5268, 0x4a28, 
0x4a27, 0x4a27, 0x4a27, 0x4a07, 0x4a06, 0x4a06, 0x4a27, 0x5288, 0x5288, 0x5248, 0x4a27, 0x4a27, 0x4a27, 0x4a27, 0x5247, 0x5247, 
0x5248, 0x5248, 0x5248, 0x5268, 0x5268, 0x5268, 0x5268, 0x5248, 0x5227, 0x5a88, 0x5a68, 0x5a68, 0x5a88, 0x5aa8, 0x5aa8, 0x6b4b, 
0x5ac9, 0x4a28, 0x4a28, 0x4a47, 0x4207, 0x5aa9, 0x5a88, 0x4a27, 0x4a27, 0x4a27, 0x4a47, 0x5a68, 0x5247, 0x5288, 0x5a87, 0x4a06, 
0x49e5, 0x41c5, 0x41a5, 0x39a6, 0x39c6, 0x41c6, 0x39c6, 0x39c6, 0x39c6, 0x39c6, 0x39a6, 0x39a6, 0x39c6, 0x39c6, 0x39a6, 0x39a6, 
0x39a6, 0x39a6, 0x39a6, 0x39a6, 0x39c6, 0x39c6, 0x39c6, 0x39c6, 0x39c6, 0x39c6, 0x39c6, 0x41e6, 0x41e6, 0x41e6, 0x4207, 0x4207, 
0x4227, 0x4207, 0x41e6, 0x41e6, 0x39c6, 0x39a6, 0x39a6, 0x39c6, 0x39c6, 0x41e6, 0x39e6, 0x39c6, 0x41e7, 0x41e7, 0x39c6, 0x39c6, 
0x39c6, 0x39e6, 0x39e6, 0x41e6, 0x4207, 0x4207, 0x39c6, 0x39e6, 0x4a27, 0x4a27, 0x4207, 0x41e7, 0x39e7, 0x41e7, 0x39e7, 0x41e7, 
0x41e7, 0x4207, 0x4207, 0x4207, 0x4207, 0x41e7, 0x4207, 0x4207, 0x4207, 0x4207, 0x4207, 0x4207, 0x4207, 0x4207, 0x41e7, 0x4207, 
0x4207, 0x41e7, 0x41e6, 0x41e6, 0x39c6, 0x39e6, 0x39c6, 0x3185, 0x3185, 0x3185, 0x3185, 0x3185, 0x3165, 0x3165, 0x3185, 0x3185, 
0x3185, 0x3165, 0x3185, 0x39c6, 0x39c6, 0x31a5, 0x31a5, 0x31a5, 0x31a5, 0x31a5, 0x39a5, 0x4a07, 0x5aca, 0x62e9, 0x5288, 0x5288, 
0x5a88, 0x5a88, 0x5a88, 0x5a88, 0x5a88, 0x5a88, 0x5a88, 0x5aa8, 0x5267, 0x5247, 0x5268, 0x5aca, 0x6b2c, 0x6b4b, 0x632b, 0x6b2b, 
0x5ac9, 0x5268, 0x4a47, 0x4a47, 0x5a88, 0x6b0a, 0x62e9, 0x5268, 0x4a27, 0x4a47, 0x5a89, 0x5aa9, 0x630a, 0x62c9, 0x4a48, 0x41e7, 
0x4207, 0x4228, 0x4227, 0x4a48, 0x5289, 0x5289, 0x5289, 0x5aa9, 0x4a47, 0x4a06, 0x4a27, 0x4a06, 0x4207, 0x4207, 0x41e7, 0x41e7, 
0x41a4, 0x41a4, 0x4185, 0x41c5, 0x4a06, 0x5268, 0x5268, 0x4a27, 0x41e6, 0x39a6, 0x39a6, 0x39a6, 0x41e7, 0x4a27, 0x5289, 0x5ac9, 
0x5aa8, 0x5a88, 0x5a68, 0x5aa9, 0x5aaa, 0x5289, 0x5aaa, 0x62ca, 0x62ca, 0x62ca, 0x5289, 0x5268, 0x5289, 0x5aa9, 0x5268, 0x4a28, 
0x4a28, 0x4a48, 0x4a27, 0x4a27, 0x4a06, 0x4a27, 0x4a47, 0x5268, 0x4a27, 0x5248, 0x5268, 0x4207, 0x41e6, 0x4a27, 0x5268, 0x5247, 
0x5a68, 0x5268, 0x5268, 0x5aa9, 0x5268, 0x5268, 0x5248, 0x5268, 0x4a28, 0x5248, 0x62a9, 0x5a88, 0x5a88, 0x5a89, 0x5268, 0x5aa8, 
0x5268, 0x5268, 0x5268, 0x5268, 0x5268, 0x5248, 0x4a48, 0x4207, 0x4207, 0x4a28, 0x4a28, 0x5248, 0x5aa8, 0x62e9, 0x5aa8, 0x5247, 
0x4a47, 0x4a27, 0x41c6, 0x41c6, 0x39a6, 0x39a6, 0x31a5, 0x3185, 0x3185, 0x3185, 0x3185, 0x31a5, 0x39a6, 0x39a6, 0x3185, 0x39a5, 
0x31a5, 0x31a5, 0x31a6, 0x31a6, 0x39a6, 0x31a5, 0x39a6, 0x39a6, 0x39c6, 0x39e6, 0x39c6, 0x39c6, 0x39c6, 0x39c6, 0x41e6, 0x41e6, 
0x41c6, 0x39a6, 0x39c6, 0x39c6, 0x39c6, 0x39a6, 0x3185, 0x39a5, 0x31a6, 0x39c6, 0x39a6, 0x39a6, 0x39c6, 0x39a6, 0x39a6, 0x39a6, 
0x39a6, 0x31a6, 0x39c6, 0x39c6, 0x39a6, 0x39c6, 0x41e6, 0x41e6, 0x39c6, 0x39a6, 0x3986, 0x39c6, 0x39c6, 0x39c6, 0x39a6, 0x39a6, 
0x39a6, 0x39e6, 0x39c6, 0x41e6, 0x41e6, 0x39e6, 0x39c6, 0x39c6, 0x39e7, 0x41e7, 0x41e7, 0x41e7, 0x4207, 0x4207, 0x4207, 0x4207, 
0x4227, 0x4207, 0x4227, 0x4a27, 0x4207, 0x4a27, 0x4207, 0x4207, 0x41e7, 0x41e7, 0x41c7, 0x41c6, 0x39c6, 0x39a6, 0x39a6, 0x39a6, 
0x31a5, 0x39a6, 0x41e6, 0x41e6, 0x39c5, 0x31a5, 0x31a5, 0x31a5, 0x31a5, 0x31a5, 0x41e6, 0x4a28, 0x4a28, 0x5aca, 0x62e9, 0x5268, 
0x5288, 0x5a88, 0x5a88, 0x5a88, 0x5a88, 0x5a88, 0x5a88, 0x5aa8, 0x5aa8, 0x5267, 0x5247, 0x5268, 0x5aca, 0x6b2c, 0x6b2b, 0x632b, 
0x6b2b, 0x5ac9, 0x5268, 0x4a47, 0x5247, 0x5268, 0x5247, 0x5268, 0x5aa9, 0x5288, 0x5268, 0x4a68, 0x52a9, 0x5289, 0x4228, 0x4207, 
0x4228, 0x4228, 0x4207, 0x41e7, 0x41e7, 0x4207, 0x4a48, 0x5288, 0x5248, 0x4a06, 0x4a06, 0x4207, 0x4207, 0x41e7, 0x41e7, 0x41e7, 
0x41a4, 0x41c5, 0x41c5, 0x49e6, 0x5268, 0x5288, 0x4227, 0x41e7, 0x39c6, 0x39c6, 0x39e7, 0x41e7, 0x4a47, 0x4a48, 0x4207, 0x4a68, 
0x5aca, 0x62ea, 0x52a9, 0x62eb, 0x6b4c, 0x6b0b, 0x6b4c, 0x736c, 0x62ea, 0x5289, 0x4a48, 0x5289, 0x4a48, 0x4a48, 0x4a48, 0x4a48, 
0x4a48, 0x4227, 0x4207, 0x4a27, 0x41e7, 0x41e6, 0x4a07, 0x5248, 0x4a48, 0x4a07, 0x4a27, 0x4a27, 0x4a07, 0x4a07, 0x4a27, 0x5248, 
0x5a88, 0x5268, 0x5268, 0x5268, 0x4a47, 0x5248, 0x5248, 0x5268, 0x5268, 0x5268, 0x5aa9, 0x5268, 0x5268, 0x5a89, 0x5268, 0x4a48, 
0x5268, 0x5289, 0x5289, 0x5268, 0x5268, 0x5268, 0x4a48, 0x4a28, 0x4a48, 0x5288, 0x5289, 0x4a28, 0x4a48, 0x5248, 0x5268, 0x5268, 
0x4a47, 0x4a07, 0x4a07, 0x4a06, 0x41a6, 0x39a5, 0x3185, 0x3185, 0x3185, 0x3185, 0x3165, 0x3185, 0x31a5, 0x31a6, 0x39a5, 0x39a6, 
0x3185, 0x31a5, 0x3185, 0x31a6, 0x39a6, 0x31a5, 0x39a6, 0x39a6, 0x39a6, 0x39c6, 0x39a6, 0x39c6, 0x41c6, 0x39c6, 0x39c6, 0x39c6, 
0x39c6, 0x39a6, 0x39a6, 0x39a6, 0x39a6, 0x39a6, 0x39a6, 0x39a6, 0x39a6, 0x39a6, 0x39a5, 0x31a6, 0x39a6, 0x39a6, 0x31a5, 0x31a5, 
0x39a6, 0x31a6, 0x39a6, 0x39a6, 0x39a5, 0x39a6, 0x41e6, 0x4207, 0x39c6, 0x39a6, 0x39a5, 0x39a6, 0x39a5, 0x3185, 0x39a6, 0x39c6, 
0x39a6, 0x39a6, 0x39c6, 0x39c6, 0x39c6, 0x39c6, 0x39a6, 0x39a6, 0x39a6, 0x39c6, 0x39c6, 0x39c6, 0x39c6, 0x39c6, 0x39c6, 0x39c6, 
0x39a6, 0x39c6, 0x39e6, 0x41e6, 0x4207, 0x4207, 0x41e6, 0x39e6, 0x39e6, 0x39e7, 0x39e6, 0x4a07, 0x4a27, 0x4a07, 0x41e7, 0x39e7, 
0x4207, 0x4227, 0x4228, 0x41e6, 0x31a5, 0x31a5, 0x31a5, 0x31a5, 0x31a5, 0x39a5, 0x41e7, 0x4a27, 0x4a08, 0x4a28, 0x5aca, 0x62e9, 
0x5268, 0x5288, 0x5a88, 0x5a88, 0x5aa8, 0x5aa8, 0x5aa8, 0x62c9, 0x62c8, 0x5aa8, 0x5267, 0x5247, 0x5288, 0x5aca, 0x6b4c, 0x6b4c, 
0x6b4c, 0x6b2a, 0x5aa9, 0x4a68, 0x5268, 0x5248, 0x4a28, 0x4207, 0x4a48, 0x4a28, 0x4207, 0x4207, 0x4228, 0x4228, 0x4228, 0x4228, 
0x4228, 0x4208, 0x4207, 0x4207, 0x39c6, 0x39e7, 0x4227, 0x4207, 0x4a27, 0x4a06, 0x4207, 0x4207, 0x41e7, 0x41e7, 0x41e7, 0x41e7, 
0x41a4, 0x4a06, 0x5268, 0x5288, 0x4a47, 0x4207, 0x41e6, 0x39e7, 0x39e7, 0x39e7, 0x39e7, 0x41e7, 0x41e7, 0x4207, 0x4228, 0x4a28, 
0x5268, 0x5288, 0x5268, 0x5aaa, 0x6b2b, 0x632b, 0x736c, 0x734c, 0x62ea, 0x5268, 0x5268, 0x5268, 0x5268, 0x4228, 0x4a48, 0x4228, 
0x4a27, 0x4207, 0x4a28, 0x4a27, 0x41e7, 0x4207, 0x4a27, 0x4a27, 0x5248, 0x4a27, 0x4a27, 0x5268, 0x5248, 0x5268, 0x5248, 0x5248, 
0x5268, 0x5a88, 0x5268, 0x5268, 0x5248, 0x5268, 0x5aa9, 0x5aa9, 0x5aaa, 0x5aa9, 0x62ea, 0x5aca, 0x5aca, 0x5aa9, 0x5a68, 0x4a28, 
0x4207, 0x4227, 0x4a28, 0x4a48, 0x5268, 0x5268, 0x4a48, 0x4207, 0x4207, 0x4a48, 0x4a48, 0x4a48, 0x4a27, 0x4a27, 0x5248, 0x5268, 
0x4a07, 0x4207, 0x4a27, 0x4a07, 0x41c6, 0x39a5, 0x3185, 0x3185, 0x3185, 0x3165, 0x3145, 0x3185, 0x3185, 0x3185, 0x31a5, 0x39a6, 
0x39a5, 0x31a5, 0x3185, 0x3185, 0x31a5, 0x31a5, 0x39a6, 0x39a6, 0x39c6, 0x39a6, 0x39a6, 0x39a6, 0x39c6, 0x39c6, 0x39a6, 0x39c6, 
0x39c6, 0x39a6, 0x39a6, 0x39a6, 0x3185, 0x39a5, 0x39a6, 0x39a6, 0x3185, 0x3185, 0x31a5, 0x39c6, 0x31a5, 0x39a6, 0x3185, 0x39a6, 
0x3185, 0x39a5, 0x39c6, 0x39a6, 0x39a5, 0x3185, 0x39a5, 0x39c6, 0x39a5, 0x39a6, 0x39a5, 0x39a6, 0x39a5, 0x39a6, 0x39c6, 0x39c6, 
0x39a6, 0x39a6, 0x39a6, 0x39a6, 0x39c6, 0x39c6, 0x39a6, 0x39c6, 0x39c6, 0x39c6, 0x39c6, 0x39c6, 0x39c6, 0x39a6, 0x39c6, 0x39a6, 
0x39c6, 0x39a6, 0x39a6, 0x39a6, 0x39c6, 0x41e6, 0x39c6, 0x39c6, 0x39c6, 0x39c6, 0x39a6, 0x39c6, 0x39c6, 0x39a6, 0x39c6, 0x39a6, 
0x41e6, 0x4a07, 0x4227, 0x41e6, 0x31a5, 0x31a5, 0x31a5, 0x31a5, 0x31a5, 0x39a5, 0x41c6, 0x4a07, 0x4a27, 0x4a08, 0x4a28, 0x5aca, 
0x62e9, 0x5268, 0x5288, 0x5aa9, 0x62a9, 0x62a9, 0x62c9, 0x62ca, 0x62e9, 0x62c8, 0x5aa8, 0x5267, 0x5268, 0x5ac9, 0x6b4b, 0x6b2a, 
0x6b0a, 0x6aea, 0x5a89, 0x5289, 0x5aa9, 0x5289, 0x4228, 0x41e7, 0x4207, 0x4228, 0x4228, 0x4228, 0x4228, 0x4228, 0x4228, 0x4a48, 
0x4228, 0x4228, 0x4207, 0x4207, 0x4207, 0x4207, 0x4207, 0x41e7, 0x4208, 0x4227, 0x4207, 0x41e7, 0x41e7, 0x41e7, 0x41e7, 0x41e7, 
0x49e5, 0x5aa8, 0x5288, 0x4227, 0x41e6, 0x41e7, 0x41e7, 0x39e7, 0x41e7, 0x39c6, 0x39e7, 0x41e7, 0x4207, 0x4207, 0x4a28, 0x4a48, 
0x5a88, 0x4a27, 0x4a48, 0x5aa9, 0x630b, 0x5aca, 0x630b, 0x6b2b, 0x5aa9, 0x5268, 0x5268, 0x4a47, 0x4a48, 0x4a48, 0x5268, 0x4a27, 
0x4a27, 0x4a28, 0x5288, 0x5aa9, 0x41e7, 0x41e7, 0x4a06, 0x4a27, 0x4a27, 0x4a07, 0x5aa9, 0x5aa9, 0x5248, 0x4a47, 0x5248, 0x5248, 
0x5248, 0x5268, 0x5268, 0x5248, 0x5268, 0x5268, 0x5aa9, 0x5aca, 0x5aca, 0x5289, 0x5269, 0x5aca, 0x630b, 0x5aca, 0x5aa9, 0x5288, 
0x4207, 0x4207, 0x4227, 0x4227, 0x4207, 0x4a27, 0x4a48, 0x4207, 0x4207, 0x4a28, 0x4a48, 0x4a48, 0x4a27, 0x4a27, 0x4a07, 0x4a27, 
0x4a07, 0x4a07, 0x4a07, 0x4a27, 0x41c6, 0x39a5, 0x3185, 0x3185, 0x3165, 0x3145, 0x3145, 0x3165, 0x3185, 0x3185, 0x3185, 0x39a6, 
0x3185, 0x3185, 0x3185, 0x3185, 0x3185, 0x3185, 0x39a5, 0x39a6, 0x3185, 0x31a5, 0x3185, 0x39a6, 0x39c6, 0x39a5, 0x3185, 0x31a5, 
0x31a5, 0x39a6, 0x39a5, 0x39a6, 0x31a5, 0x39a5, 0x39a5, 0x3185, 0x3185, 0x39a5, 0x39a5, 0x39a5, 0x39a6, 0x39a6, 0x39a5, 0x39a5, 
0x39a5, 0x39a6, 0x39a5, 0x39a5, 0x31a5, 0x31a5, 0x39a5, 0x39a5, 0x39c6, 0x39a5, 0x31a5, 0x3185, 0x3185, 0x31a5, 0x39a6, 0x39a6, 
0x39c6, 0x39c6, 0x39c6, 0x39c6, 0x39c6, 0x39a6, 0x39a6, 0x39a6, 0x39c6, 0x39c6, 0x39c6, 0x39c6, 0x39a5, 0x39a5, 0x39a6, 0x39c7, 
0x39a6, 0x39a6, 0x39a6, 0x41e7, 0x5269, 0x4a69, 0x41e7, 0x39c6, 0x39a6, 0x31a5, 0x31a5, 0x39a6, 0x39a6, 0x39a6, 0x39c6, 0x39c6, 
0x39c6, 0x41c6, 0x4207, 0x41e6, 0x31a5, 0x31a5, 0x31a5, 0x3185, 0x3185, 0x41c6, 0x41c6, 0x41c6, 0x4a07, 0x4a28, 0x4a08, 0x4a28, 
0x5aca, 0x62ea, 0x5aa9, 0x5aa9, 0x62a9, 0x62ca, 0x62ca, 0x6b0a, 0x62e9, 0x5a88, 0x4a26, 0x41e6, 0x4a48, 0x62ca, 0x62ea, 0x62a9, 
0x5aa9, 0x5aa9, 0x5288, 0x5268, 0x5aa9, 0x4a48, 0x4207, 0x4227, 0x4a48, 0x4228, 0x4a28, 0x4228, 0x4228, 0x4228, 0x4228, 0x4228, 
0x4228, 0x4228, 0x4228, 0x4228, 0x4208, 0x4208, 0x4208, 0x4207, 0x4208, 0x4228, 0x4228, 0x4207, 0x41e7, 0x41e7, 0x41e7, 0x41e7, 
0x41e6, 0x4a48, 0x4207, 0x39e6, 0x41e6, 0x41e7, 0x41e7, 0x41e7, 0x41e7, 0x39e7, 0x41e7, 0x41e7, 0x4207, 0x4207, 0x4a27, 0x4a27, 
0x5247, 0x4a27, 0x4a27, 0x5aaa, 0x62ea, 0x5aca, 0x630b, 0x630a, 0x5a88, 0x4a68, 0x4a48, 0x4207, 0x4207, 0x4227, 0x4207, 0x41e7, 
0x41e7, 0x4a48, 0x5aa9, 0x5268, 0x41e7, 0x41e6, 0x39c6, 0x41e6, 0x41e7, 0x4a27, 0x5aa9, 0x5a88, 0x5268, 0x5268, 0x4a47, 0x4a48, 
0x5268, 0x4a48, 0x4a48, 0x5248, 0x5268, 0x5268, 0x5288, 0x62c9, 0x5aa9, 0x5268, 0x4a48, 0x5268, 0x5aca, 0x5289, 0x4a48, 0x4228, 
0x4207, 0x4207, 0x4207, 0x4207, 0x4207, 0x4207, 0x4227, 0x4228, 0x4228, 0x4a28, 0x4a48, 0x4a27, 0x4207, 0x4207, 0x41e7, 0x4207, 
0x4a07, 0x4a27, 0x4a27, 0x4a27, 0x41a6, 0x3185, 0x3185, 0x3165, 0x3145, 0x3145, 0x3145, 0x3145, 0x3165, 0x3185, 0x3185, 0x3185, 
0x3185, 0x3185, 0x3185, 0x3185, 0x3185, 0x3185, 0x31a5, 0x39a5, 0x3185, 0x39a5, 0x3185, 0x3185, 0x39a5, 0x39a6, 0x39a5, 0x3185, 
0x3185, 0x39a6, 0x39a5, 0x39a5, 0x39a6, 0x39a5, 0x39a6, 0x39a6, 0x31a5, 0x3185, 0x39a5, 0x39a6, 0x31a5, 0x31a5, 0x3185, 0x3185, 
0x3185, 0x3185, 0x3185, 0x3185, 0x31a5, 0x31a5, 0x3185, 0x3185, 0x3185, 0x39a5, 0x31a5, 0x31a5, 0x31a5, 0x31a6, 0x39a6, 0x39c6, 
0x39c6, 0x39c6, 0x39c6, 0x39c6, 0x39c6, 0x39a6, 0x39c6, 0x39c6, 0x39c6, 0x39a6, 0x39a6, 0x39a6, 0x3985, 0x41e7, 0x5289, 0x52aa, 
0x52aa, 0x4207, 0x39a5, 0x4a68, 0x4a68, 0x4a27, 0x5269, 0x39c6, 0x39a6, 0x39a6, 0x39c6, 0x39a6, 0x39a6, 0x39c6, 0x39a6, 0x39c6, 
0x39c6, 0x39a5, 0x41e6, 0x41e6, 0x31a5, 0x3185, 0x3185, 0x3185, 0x39a5, 0x41c5, 0x41c6, 0x41c6, 0x41c6, 0x4a07, 0x4a27, 0x4a07, 
0x5268, 0x630a, 0x6b0a, 0x630a, 0x5aa9, 0x630b, 0x5ac9, 0x62a8, 0x62e8, 0x5247, 0x49e6, 0x4a27, 0x5268, 0x5289, 0x6b2b, 0x738d, 
0x736d, 0x6b0b, 0x5268, 0x4a48, 0x4a68, 0x4a28, 0x4228, 0x4a48, 0x5288, 0x4a48, 0x4a28, 0x4207, 0x4228, 0x4228, 0x4228, 0x4a28, 
0x4228, 0x4208, 0x4228, 0x4207, 0x4228, 0x4228, 0x4228, 0x4228, 0x4228, 0x4228, 0x4228, 0x4208, 0x41e7, 0x41e7, 0x41e7, 0x41e7, 
0x39c6, 0x41e7, 0x39c6, 0x39c6, 0x39c7, 0x4207, 0x4207, 0x41e7, 0x41e7, 0x41e7, 0x41e7, 0x41e7, 0x41e7, 0x4207, 0x4207, 0x4a27, 
0x5227, 0x4a27, 0x5268, 0x5aaa, 0x62ea, 0x62ca, 0x6b0b, 0x62ea, 0x5288, 0x5268, 0x4a48, 0x4207, 0x41e7, 0x4207, 0x41e7, 0x41e7, 
0x4207, 0x4a28, 0x4227, 0x4207, 0x41e6, 0x41e6, 0x39e6, 0x39c6, 0x4207, 0x4228, 0x5248, 0x4a48, 0x4a28, 0x4a28, 0x4a28, 0x4a28, 
0x4a28, 0x4a48, 0x4a28, 0x4a48, 0x5268, 0x4a48, 0x5267, 0x5a88, 0x5aa9, 0x5289, 0x5268, 0x5288, 0x5289, 0x5268, 0x5269, 0x4a48, 
0x4228, 0x4228, 0x4228, 0x4207, 0x4207, 0x4208, 0x4207, 0x4a28, 0x4a28, 0x4227, 0x5288, 0x4a48, 0x41e7, 0x4207, 0x41e7, 0x41e7, 
0x41e7, 0x4207, 0x4207, 0x41e7, 0x39a6, 0x3185, 0x3185, 0x3165, 0x3145, 0x3145, 0x3145, 0x3145, 0x3145, 0x3165, 0x3165, 0x3185, 
0x3185, 0x3185, 0x31a5, 0x3185, 0x3185, 0x3185, 0x3185, 0x3185, 0x3185, 0x3185, 0x31a5, 0x39a5, 0x39a5, 0x3185, 0x3185, 0x3185, 
0x39a6, 0x39c6, 0x39c6, 0x39a6, 0x39a6, 0x31a5, 0x39a6, 0x39a6, 0x39a5, 0x39a6, 0x39a5, 0x39a6, 0x31a5, 0x39a6, 0x3185, 0x3185, 
0x39a5, 0x3185, 0x3185, 0x3185, 0x39a5, 0x3185, 0x3185, 0x3185, 0x39a5, 0x39a5, 0x3185, 0x3985, 0x39a6, 0x31a5, 0x39a6, 0x3185, 
0x39a5, 0x39a6, 0x31a6, 0x39a6, 0x39a6, 0x31a6, 0x39a6, 0x39a6, 0x39a6, 0x39a6, 0x39a5, 0x39a5, 0x39a6, 0x41e6, 0x52a9, 0x52aa, 
0x41e7, 0x39c6, 0x39c6, 0x4207, 0x4a69, 0x5289, 0x4a69, 0x39a6, 0x39a5, 0x39c6, 0x39c6, 0x41c6, 0x39a6, 0x39a6, 0x39a6, 0x41c5, 
0x5246, 0x4a06, 0x39c6, 0x39a6, 0x3185, 0x3185, 0x3185, 0x39a5, 0x41c6, 0x41c6, 0x41c6, 0x41c6, 0x41c6, 0x41c6, 0x4a07, 0x4a07, 
0x5268, 0x62ea, 0x6b2a, 0x630a, 0x5268, 0x5247, 0x5a67, 0x4a06, 0x4a26, 0x5247, 0x5aa9, 0x6b0b, 0x6b2b, 0x630b, 0x738c, 0x73cd, 
0x7bce, 0x738c, 0x62ea, 0x4a48, 0x4a28, 0x4a48, 0x4a48, 0x5268, 0x5268, 0x4a48, 0x4228, 0x4208, 0x4228, 0x4228, 0x4a28, 0x4228, 
0x4a48, 0x4228, 0x4a48, 0x4228, 0x4207, 0x4207, 0x4228, 0x4a48, 0x4a48, 0x4a28, 0x4a28, 0x4228, 0x41e7, 0x41e7, 0x41e7, 0x41e7, 
0x39a6, 0x39c6, 0x39c6, 0x39c6, 0x39e7, 0x4a27, 0x4207, 0x4207, 0x41e7, 0x41e7, 0x4207, 0x41e7, 0x4207, 0x4207, 0x4207, 0x4a28, 
0x5248, 0x5a68, 0x5268, 0x5289, 0x62ea, 0x62ca, 0x6b0b, 0x62ca, 0x5288, 0x5268, 0x4207, 0x41e7, 0x41e7, 0x41e7, 0x41e7, 0x41e7, 
0x4227, 0x5288, 0x4a48, 0x41e6, 0x39c6, 0x39e7, 0x41e7, 0x41e7, 0x4207, 0x4a48, 0x5268, 0x5268, 0x4a28, 0x4228, 0x4a48, 0x4a48, 
0x4a28, 0x4a48, 0x4a48, 0x4a48, 0x4a48, 0x4a27, 0x4a27, 0x4a27, 0x5268, 0x52a9, 0x4a48, 0x4a68, 0x4a68, 0x5268, 0x5269, 0x4a68, 
0x4228, 0x4227, 0x4207, 0x4207, 0x4207, 0x4a28, 0x4228, 0x4a48, 0x5268, 0x4a48, 0x5289, 0x4a48, 0x4207, 0x4207, 0x41e7, 0x4207, 
0x4207, 0x4207, 0x4228, 0x4207, 0x39a6, 0x3185, 0x3185, 0x3165, 0x3145, 0x3145, 0x3145, 0x3145, 0x3145, 0x3145, 0x3145, 0x3165, 
0x3165, 0x3185, 0x3185, 0x3185, 0x3185, 0x3185, 0x3185, 0x3185, 0x3185, 0x3185, 0x39a5, 0x3185, 0x3185, 0x3185, 0x31a5, 0x39a5, 
0x39a6, 0x39a6, 0x39a6, 0x39c6, 0x39a6, 0x3185, 0x39a6, 0x39c6, 0x41e6, 0x39a6, 0x39a6, 0x31a6, 0x39a5, 0x39a6, 0x39a6, 0x39a6, 
0x39c6, 0x39a6, 0x39a6, 0x39a5, 0x39a5, 0x31a5, 0x39a5, 0x31a5, 0x3185, 0x31a5, 0x3185, 0x39a5, 0x39a6, 0x39a6, 0x39a6, 0x39a5, 
0x39a6, 0x39a6, 0x31a6, 0x39a6, 0x39c6, 0x39a6, 0x39a6, 0x39a6, 0x31a5, 0x31a6, 0x39a5, 0x39a6, 0x39a5, 0x39a5, 0x4207, 0x4a48, 
0x39c6, 0x39a6, 0x31a6, 0x4207, 0x4a48, 0x4a69, 0x4207, 0x39a6, 0x39c6, 0x39c6, 0x4a28, 0x41e7, 0x39c6, 0x39a5, 0x39a6, 0x41c5, 
0x41c5, 0x4206, 0x4207, 0x39c6, 0x3185, 0x3185, 0x39a5, 0x49e6, 0x49e6, 0x41c6, 0x41c6, 0x41c6, 0x41c6, 0x41c6, 0x41c6, 0x4a07, 
0x5aa9, 0x5ac9, 0x5aa8, 0x5267, 0x5227, 0x5226, 0x5247, 0x41e6, 0x41e6, 0x4a27, 0x5247, 0x6b0b, 0x62ea, 0x5aa9, 0x630a, 0x6b6c, 
0x6b4b, 0x6b0a, 0x5aa9, 0x5268, 0x5268, 0x4a48, 0x4227, 0x4228, 0x4a48, 0x4a48, 0x4228, 0x4208, 0x4228, 0x4228, 0x4228, 0x4228, 
0x4a28, 0x4228, 0x4228, 0x4208, 0x4207, 0x4228, 0x4228, 0x4a28, 0x4228, 0x4a28, 0x4228, 0x4228, 0x4207, 0x41e7, 0x41e7, 0x41e7, 
0x39c6, 0x39c6, 0x39c6, 0x39c6, 0x39e7, 0x39e7, 0x41e7, 0x41e7, 0x41e7, 0x4207, 0x4207, 0x4207, 0x4207, 0x4207, 0x4207, 0x4207, 
0x4a48, 0x5289, 0x4a48, 0x5aaa, 0x62ea, 0x630a, 0x6b2b, 0x62c9, 0x5268, 0x4a48, 0x4a28, 0x4207, 0x39e6, 0x41e7, 0x4207, 0x41e7, 
0x4207, 0x4227, 0x4207, 0x39c6, 0x41e6, 0x4207, 0x41e7, 0x4207, 0x4207, 0x4a48, 0x5aa9, 0x5288, 0x4a48, 0x4228, 0x4a28, 0x4a48, 
0x4a48, 0x4a48, 0x4a48, 0x5268, 0x5247, 0x4a47, 0x4a07, 0x4a07, 0x5248, 0x5289, 0x5268, 0x4a28, 0x4a28, 0x4a28, 0x4a48, 0x4a48, 
0x4207, 0x4207, 0x4207, 0x4a28, 0x4a28, 0x5248, 0x4a28, 0x4a27, 0x5268, 0x5268, 0x5288, 0x4a27, 0x41e7, 0x41e7, 0x4207, 0x4207, 
0x4207, 0x4228, 0x4a48, 0x4207, 0x39a5, 0x3185, 0x3185, 0x3185, 0x3145, 0x3145, 0x3145, 0x3145, 0x3145, 0x3145, 0x3145, 0x3145, 
0x3145, 0x3145, 0x3165, 0x3185, 0x3185, 0x31a5, 0x3185, 0x3185, 0x31a5, 0x39a5, 0x3185, 0x3185, 0x3185, 0x3185, 0x3185, 0x31a5, 
0x39a6, 0x39a6, 0x39a5, 0x39a5, 0x39a6, 0x39a5, 0x39a5, 0x39c6, 0x39a6, 0x39a6, 0x31a6, 0x3185, 0x39a6, 0x39a6, 0x39a6, 0x31a5, 
0x39a6, 0x39a6, 0x39a5, 0x39a5, 0x39a5, 0x39a5, 0x39a5, 0x39a5, 0x39a5, 0x31a5, 0x3185, 0x39a5, 0x39a5, 0x39a6, 0x31a5, 0x39c6, 
0x39a5, 0x39a6, 0x39a6, 0x39a6, 0x39a6, 0x39a6, 0x39a6, 0x39a5, 0x39a5, 0x39a6, 0x39a6, 0x39a5, 0x39a5, 0x41e7, 0x52aa, 0x4207, 
0x4a28, 0x39c7, 0x31a5, 0x4207, 0x4248, 0x4a89, 0x4207, 0x39a5, 0x4a48, 0x5aca, 0x630c, 0x528a, 0x39c6, 0x39a5, 0x39c5, 0x39a5, 
0x39a5, 0x39c5, 0x39c6, 0x39a5, 0x3185, 0x3184, 0x41c5, 0x49e6, 0x49e6, 0x41e6, 0x41c6, 0x41c6, 0x41c6, 0x41c6, 0x41e6, 0x49e6, 
0x5227, 0x5247, 0x41e6, 0x41c6, 0x41e6, 0x4a07, 0x5247, 0x5227, 0x4a27, 0x4a27, 0x5247, 0x5aa9, 0x4a47, 0x5248, 0x5288, 0x62ea, 
0x62ea, 0x5ac9, 0x5aa9, 0x5268, 0x4a68, 0x4a48, 0x4207, 0x4207, 0x4207, 0x4228, 0x4228, 0x4228, 0x4228, 0x4228, 0x4228, 0x4228, 
0x4228, 0x4228, 0x4228, 0x4207, 0x4207, 0x4228, 0x4a28, 0x4228, 0x4228, 0x4a28, 0x4a28, 0x4228, 0x4207, 0x41e7, 0x41e7, 0x41e7, 
0x39a6, 0x39c6, 0x39c6, 0x39e6, 0x41e6, 0x39e7, 0x4207, 0x41e7, 0x4207, 0x41e7, 0x41e7, 0x4207, 0x4207, 0x4207, 0x4207, 0x4207, 
0x4a28, 0x4a48, 0x52a9, 0x5aca, 0x630a, 0x6b0b, 0x6b2b, 0x5aa9, 0x4a48, 0x4a27, 0x4207, 0x4207, 0x41e7, 0x41e7, 0x4207, 0x4207, 
0x4a27, 0x41e6, 0x39c6, 0x39e6, 0x41e6, 0x41e7, 0x4207, 0x4207, 0x4207, 0x5268, 0x5289, 0x4a28, 0x4228, 0x4228, 0x4228, 0x4228, 
0x4a48, 0x4a48, 0x4a48, 0x4a48, 0x4a48, 0x4a48, 0x4a48, 0x4a48, 0x5289, 0x5a89, 0x5288, 0x4a28, 0x4a28, 0x4228, 0x4228, 0x4208, 
0x4228, 0x4207, 0x4207, 0x4a28, 0x4a48, 0x5268, 0x4a48, 0x4228, 0x4a28, 0x5288, 0x5268, 0x41e7, 0x39e6, 0x39e7, 0x41e7, 0x4207, 
0x4207, 0x4228, 0x4a48, 0x4207, 0x39a5, 0x3185, 0x3185, 0x3185, 0x3165, 0x3145, 0x3145, 0x3145, 0x3145, 0x3145, 0x3145, 0x3145, 
0x3145, 0x3145, 0x3145, 0x3185, 0x39a5, 0x39a5, 0x39a5, 0x3185, 0x3185, 0x3185, 0x3185, 0x31a5, 0x3185, 0x3185, 0x39a6, 0x39a5, 
0x39a6, 0x3985, 0x3185, 0x3185, 0x3985, 0x39a5, 0x39a6, 0x39a6, 0x39c6, 0x39a6, 0x31a5, 0x31a5, 0x39a6, 0x39c6, 0x39a5, 0x39a5, 
0x39a5, 0x39a5, 0x31a5, 0x39a5, 0x39a5, 0x31a5, 0x3185, 0x31a5, 0x39a6, 0x39a5, 0x3185, 0x31a5, 0x39a6, 0x39a5, 0x39a5, 0x39c6, 
0x39c6, 0x39a6, 0x39a6, 0x39a5, 0x39c6, 0x39a5, 0x39a5, 0x39a5, 0x39a5, 0x39a6, 0x39c6, 0x39a6, 0x31a5, 0x4207, 0x4a48, 0x4a68, 
0x52aa, 0x39e7, 0x39c6, 0x39c6, 0x39e7, 0x39e6, 0x41e6, 0x41e6, 0x4a68, 0x5aca, 0x5aeb, 0x4207, 0x39a6, 0x3185, 0x39a5, 0x39a5, 
0x41c5, 0x39a5, 0x39c6, 0x39a5, 0x3184, 0x3984, 0x49e6, 0x49e6, 0x49e6, 0x49e6, 0x41e6, 0x41c6, 0x41e6, 0x5226, 0x4a06, 0x4a07, 
0x4a06, 0x4a07, 0x4a07, 0x4a27, 0x4a47, 0x4a06, 0x4a47, 0x5248, 0x5288, 0x4a27, 0x4a47, 0x4a27, 0x4a27, 0x4a07, 0x4207, 0x4a68, 
0x630a, 0x62ca, 0x62c9, 0x5248, 0x4a48, 0x4a28, 0x4207, 0x4207, 0x4207, 0x4207, 0x4228, 0x4a28, 0x4a28, 0x4228, 0x4a28, 0x4228, 
0x4a48, 0x4208, 0x4228, 0x4207, 0x4207, 0x4228, 0x4228, 0x4228, 0x4a48, 0x4248, 0x4228, 0x4a48, 0x4207, 0x41e7, 0x41e7, 0x41e7, 
0x3986, 0x39a6, 0x39e7, 0x39e7, 0x41e7, 0x41e7, 0x4207, 0x4207, 0x4207, 0x4207, 0x4207, 0x4207, 0x4207, 0x4207, 0x4207, 0x4207, 
0x4207, 0x4a28, 0x4a48, 0x5289, 0x62ea, 0x6b2b, 0x6b4b, 0x5aa9, 0x5268, 0x4a27, 0x4207, 0x41e7, 0x41e6, 0x41e7, 0x41e7, 0x4207, 
0x4207, 0x41e6, 0x41e6, 0x39e6, 0x39c6, 0x41e7, 0x4207, 0x4207, 0x4a28, 0x5268, 0x4a28, 0x4207, 0x4228, 0x4208, 0x4207, 0x4228, 
0x4228, 0x4228, 0x4228, 0x4a28, 0x4a48, 0x4a48, 0x4a28, 0x4a48, 0x5aca, 0x5aa9, 0x4a68, 0x4a48, 0x4a48, 0x4a48, 0x4228, 0x4228, 
0x4228, 0x4207, 0x4207, 0x4228, 0x4a28, 0x4a28, 0x4a68, 0x4a28, 0x4a28, 0x5aa9, 0x5268, 0x4207, 0x39e7, 0x39e7, 0x41e7, 0x4207, 
0x4228, 0x4a28, 0x4a48, 0x4228, 0x41c6, 0x39a5, 0x3185, 0x3185, 0x3165, 0x3145, 0x3145, 0x3145, 0x3145, 0x3145, 0x3145, 0x3145, 
0x3165, 0x3185, 0x3145, 0x3185, 0x3185, 0x3185, 0x3985, 0x39a5, 0x39a5, 0x3185, 0x39a5, 0x39a5, 0x39a6, 0x39c6, 0x39a5, 0x3185, 
0x39a5, 0x3185, 0x31a6, 0x39a6, 0x39a6, 0x39a6, 0x39a6, 0x39c6, 0x39a6, 0x39a6, 0x39a6, 0x39a6, 0x39a6, 0x39a6, 0x39a6, 0x39a6, 
0x39c6, 0x39a6, 0x31a5, 0x39a5, 0x31a5, 0x39a5, 0x39a5, 0x3185, 0x39a6, 0x39a5, 0x39a5, 0x31a5, 0x39a6, 0x3185, 0x39a6, 0x39c6, 
0x39a6, 0x39a6, 0x39a6, 0x31a6, 0x39a6, 0x39a6, 0x39a6, 0x39a5, 0x39a5, 0x39a6, 0x39a6, 0x39a6, 0x39c6, 0x39e6, 0x4228, 0x41e7, 
0x4207, 0x39c6, 0x39e6, 0x4206, 0x4a68, 0x41e7, 0x41e6, 0x4a07, 0x4207, 0x4a48, 0x4a89, 0x39c6, 0x39a6, 0x39a6, 0x39a6, 0x41e6, 
0x39c6, 0x39a5, 0x39a5, 0x3984, 0x3184, 0x39a5, 0x41c6, 0x49e6, 0x4a06, 0x4a06, 0x4a06, 0x4a06, 0x4a06, 0x4a27, 0x4a07, 0x4a27, 
0x5227, 0x4a27, 0x5248, 0x5268, 0x4a27, 0x4206, 0x4a47, 0x4a48, 0x5268, 0x4a48, 0x4207, 0x41e7, 0x4207, 0x41e6, 0x39a5, 0x41c6, 
0x5288, 0x5aa9, 0x5288, 0x5268, 0x5268, 0x4a48, 0x4207, 0x4207, 0x4207, 0x4207, 0x4228, 0x4a48, 0x4228, 0x4228, 0x4a48, 0x4a48, 
0x4a48, 0x4228, 0x4228, 0x4207, 0x4228, 0x4228, 0x4228, 0x4228, 0x4a48, 0x4a48, 0x4a48, 0x4228, 0x4207, 0x41e7, 0x41e7, 0x41e7, 
0x3986, 0x3986, 0x39a6, 0x41e7, 0x4207, 0x4207, 0x4207, 0x4207, 0x4207, 0x4207, 0x4207, 0x4207, 0x4207, 0x4207, 0x4207, 0x4207, 
0x4228, 0x4a48, 0x4a48, 0x5aaa, 0x6b0b, 0x6b2b, 0x630a, 0x5a88, 0x5268, 0x4a28, 0x4207, 0x4207, 0x41e7, 0x41e7, 0x41e6, 0x4a27, 
0x4a27, 0x4207, 0x4207, 0x41e6, 0x41e7, 0x41e7, 0x41e7, 0x41e7, 0x4a28, 0x5268, 0x4208, 0x4208, 0x4228, 0x4228, 0x4228, 0x4228, 
0x4228, 0x4228, 0x4228, 0x4228, 0x4a48, 0x4a48, 0x4207, 0x5269, 0x62ea, 0x5268, 0x4a48, 0x4a28, 0x4a48, 0x4a48, 0x4a48, 0x4228, 
0x4207, 0x4208, 0x4a28, 0x4a48, 0x4a28, 0x4a28, 0x4a48, 0x4a48, 0x4a28, 0x5aa9, 0x5268, 0x4207, 0x41e7, 0x41e7, 0x4207, 0x4228, 
0x4228, 0x4228, 0x4228, 0x4228, 0x4207, 0x39a6, 0x31a5, 0x3185, 0x3165, 0x3145, 0x3145, 0x3145, 0x3145, 0x3145, 0x3145, 0x3165, 
0x3185, 0x31a5, 0x3185, 0x3185, 0x3185, 0x3185, 0x39a6, 0x39a5, 0x31a5, 0x3185, 0x3185, 0x3185, 0x39a6, 0x39a6, 0x31a5, 0x39a5, 
0x39a6, 0x39a6, 0x39a6, 0x39a6, 0x39a6, 0x39c6, 0x39c6, 0x39a6, 0x39a6, 0x39a6, 0x39a6, 0x39c6, 0x39a6, 0x39a6, 0x39c6, 0x39a6, 
0x39a6, 0x39a5, 0x31a5, 0x31a5, 0x31a5, 0x39a5, 0x31a5, 0x3185, 0x39a5, 0x39a6, 0x39a6, 0x31a6, 0x31a5, 0x39a6, 0x39a6, 0x39a6, 
0x39a6, 0x39a6, 0x39a6, 0x39a6, 0x39c6, 0x39c6, 0x39a6, 0x39a6, 0x39a5, 0x39a6, 0x31a6, 0x31a5, 0x39c6, 0x4207, 0x52aa, 0x5aaa, 
0x4a48, 0x39c6, 0x39c6, 0x41e6, 0x39c6, 0x39c6, 0x41e6, 0x41e6, 0x4a68, 0x52aa, 0x5289, 0x4a69, 0x39c6, 0x39c6, 0x39a6, 0x39c6, 
0x39a5, 0x39a5, 0x39a4, 0x3184, 0x3984, 0x41a5, 0x41a6, 0x41c6, 0x5247, 0x5227, 0x4a06, 0x4a27, 0x4a27, 0x4207, 0x4a47, 0x5288, 
0x5268, 0x5247, 0x4a27, 0x5248, 0x5268, 0x4207, 0x4a48, 0x4a68, 0x5268, 0x4a48, 0x4227, 0x4227, 0x4207, 0x39c6, 0x39a5, 0x39a5, 
0x4a07, 0x5ac9, 0x52a9, 0x5268, 0x4a48, 0x4a48, 0x4207, 0x41e7, 0x4207, 0x4208, 0x4228, 0x4a48, 0x4a28, 0x4a28, 0x4a48, 0x4228, 
0x4228, 0x4228, 0x4228, 0x4208, 0x4228, 0x4228, 0x4a28, 0x4228, 0x4248, 0x4a48, 0x4a48, 0x4228, 0x4207, 0x4207, 0x41e7, 0x41e6, 
0x3986, 0x3986, 0x39a6, 0x41e7, 0x4207, 0x4207, 0x4208, 0x4207, 0x4207, 0x4207, 0x4207, 0x4207, 0x4207, 0x4207, 0x4207, 0x4207, 
0x4228, 0x4a48, 0x5289, 0x5aca, 0x630b, 0x6b0b, 0x5aa9, 0x5248, 0x4a27, 0x4207, 0x4207, 0x4207, 0x41e7, 0x39e7, 0x4207, 0x4a48, 
0x4a27, 0x4207, 0x41e7, 0x41e7, 0x41e7, 0x41e7, 0x39e7, 0x41e7, 0x4228, 0x4a28, 0x4228, 0x4228, 0x4228, 0x4208, 0x4228, 0x4228, 
0x4228, 0x4a48, 0x4a48, 0x4a28, 0x4a48, 0x4a48, 0x4228, 0x5289, 0x5aa9, 0x5268, 0x4a48, 0x4228, 0x4228, 0x4228, 0x4a28, 0x4208, 
0x4208, 0x4228, 0x4a48, 0x5268, 0x4a48, 0x4228, 0x4a48, 0x5269, 0x4a48, 0x5aa9, 0x5289, 0x4208, 0x4207, 0x4207, 0x4207, 0x4a28, 
0x4228, 0x4a28, 0x4228, 0x4208, 0x4228, 0x41c6, 0x3985, 0x3185, 0x3165, 0x3145, 0x3145, 0x3145, 0x3145, 0x3145, 0x3165, 0x3185, 
0x3985, 0x3185, 0x31a5, 0x39a5, 0x3185, 0x39a5, 0x39c6, 0x39c6, 0x3185, 0x3185, 0x39a5, 0x39a5, 0x39a5, 0x39a6, 0x39a5, 0x39a5, 
0x39a6, 0x39a6, 0x39a6, 0x39c6, 0x39a6, 0x39c6, 0x39c6, 0x39c6, 0x39a6, 0x31a6, 0x39a6, 0x39c6, 0x39a6, 0x39a6, 0x39a6, 0x39a6, 
0x39a6, 0x39a6, 0x39a6, 0x39a5, 0x39a5, 0x3185, 0x39a5, 0x39a6, 0x39a5, 0x31a5, 0x31a6, 0x39a6, 0x39a5, 0x39a6, 0x39a6, 0x39a6, 
0x39a6, 0x39a6, 0x39a6, 0x39c6, 0x4207, 0x41c6, 0x39a5, 0x39a6, 0x39a6, 0x39a5, 0x39a6, 0x39a6, 0x3185, 0x4228, 0x52aa, 0x4a68, 
0x5289, 0x39c6, 0x39c6, 0x41e7, 0x4227, 0x5289, 0x4207, 0x39c6, 0x39c6, 0x39c6, 0x39c6, 0x41e6, 0x41c6, 0x39c6, 0x39c6, 0x39c6, 
0x3185, 0x39c6, 0x39c5, 0x3184, 0x41c5, 0x41a5, 0x41a5, 0x41a6, 0x4a07, 0x49e6, 0x5267, 0x5288, 0x4a07, 0x41e6, 0x41e6, 0x4a27, 
0x4a27, 0x4a27, 0x41e6, 0x4a48, 0x5aa9, 0x4a48, 0x4207, 0x4a48, 0x4a27, 0x4207, 0x4207, 0x41e7, 0x41e6, 0x41c6, 0x39a5, 0x39a5, 
0x39a5, 0x4a48, 0x5aa9, 0x5268, 0x4a48, 0x4207, 0x41e7, 0x39c6, 0x41e7, 0x4228, 0x4228, 0x4228, 0x4228, 0x4228, 0x4248, 0x4a28, 
0x4a28, 0x4228, 0x4228, 0x4208, 0x4228, 0x4a28, 0x4228, 0x4a48, 0x4a48, 0x4228, 0x4228, 0x4208, 0x4207, 0x41e7, 0x41e6, 0x41e6, 
0x3986, 0x3986, 0x3986, 0x41e6, 0x4207, 0x4228, 0x4228, 0x4228, 0x4228, 0x4228, 0x4a48, 0x4a28, 0x4207, 0x4a28, 0x4207, 0x4207, 
0x4a28, 0x5269, 0x5aa9, 0x5aa9, 0x62ea, 0x62ea, 0x5aa8, 0x4a27, 0x4a27, 0x4207, 0x4207, 0x4207, 0x41e7, 0x4207, 0x5289, 0x4a48, 
0x4227, 0x41e7, 0x4207, 0x41e7, 0x41e6, 0x4207, 0x41e7, 0x4207, 0x4a48, 0x4a48, 0x4228, 0x4228, 0x4228, 0x4228, 0x4228, 0x4a48, 
0x5268, 0x5289, 0x4a48, 0x4a48, 0x4a68, 0x4a48, 0x4a28, 0x5aa9, 0x5289, 0x4a48, 0x4a28, 0x4228, 0x4228, 0x4a28, 0x4a48, 0x4228, 
0x4228, 0x4228, 0x4a28, 0x5268, 0x5268, 0x4a28, 0x4a48, 0x4a68, 0x4a48, 0x5aa9, 0x5268, 0x4227, 0x4a48, 0x4207, 0x4207, 0x4228, 
0x4228, 0x4228, 0x4a28, 0x4a28, 0x4228, 0x41e6, 0x3985, 0x3185, 0x3165, 0x3145, 0x3145, 0x3145, 0x3145, 0x3165, 0x3185, 0x3185, 
0x39a5, 0x39a5, 0x39a5, 0x39a6, 0x39c6, 0x39a6, 0x39a6, 0x39a5, 0x31a5, 0x39a6, 0x39a6, 0x3185, 0x31a5, 0x39a6, 0x39a6, 0x39a6, 
0x39a6, 0x39a6, 0x31a5, 0x39a6, 0x39a6, 0x39c6, 0x41e6, 0x39c6, 0x39a6, 0x39c6, 0x39c6, 0x41e6, 0x41e6, 0x39c6, 0x39a6, 0x39a6, 
0x39a6, 0x39a5, 0x39a5, 0x39a5, 0x39c6, 0x39a5, 0x39a5, 0x31a5, 0x39a5, 0x39c6, 0x31a5, 0x39a6, 0x39a6, 0x39a6, 0x39c6, 0x39a6, 
0x39a6, 0x39c6, 0x39a6, 0x39a6, 0x39c6, 0x39c6, 0x39a6, 0x39c6, 0x39c6, 0x39a6, 0x39c6, 0x39a6, 0x39a6, 0x39c6, 0x4227, 0x41e7, 
0x4a48, 0x39c6, 0x4a28, 0x4a69, 0x5289, 0x4a48, 0x4a48, 0x39c6, 0x39a6, 0x39a6, 0x39a5, 0x41e6, 0x41e6, 0x39a6, 0x31a5, 0x39a5, 
0x3185, 0x31a5, 0x39c6, 0x3984, 0x41e6, 0x41e6, 0x41a5, 0x41c6, 0x4a07, 0x41e6, 0x4a27, 0x5aa9, 0x62ca, 0x5aa9, 0x4a27, 0x41e7, 
0x4207, 0x4a47, 0x4a26, 0x4a27, 0x4a68, 0x4207, 0x4207, 0x4207, 0x4227, 0x4207, 0x4207, 0x41e7, 0x41e6, 0x41e6, 0x41e6, 0x41c5, 
0x39a5, 0x41e6, 0x4a48, 0x4a27, 0x4a27, 0x4a28, 0x4228, 0x41e7, 0x4207, 0x4207, 0x4228, 0x4228, 0x4228, 0x4a48, 0x4a48, 0x4228, 
0x4228, 0x4207, 0x4207, 0x4228, 0x4228, 0x4228, 0x4a28, 0x4a28, 0x4a48, 0x4a28, 0x4208, 0x4228, 0x4228, 0x4207, 0x41e6, 0x41e6, 
0x3986, 0x3986, 0x3986, 0x39c6, 0x4207, 0x4228, 0x4228, 0x4228, 0x4a48, 0x4a48, 0x4a48, 0x4a48, 0x4207, 0x4207, 0x4207, 0x4207, 
0x4a28, 0x5aa9, 0x62ea, 0x5aa9, 0x5aa9, 0x5aa9, 0x4a47, 0x4227, 0x4207, 0x4207, 0x41e7, 0x41e7, 0x39e6, 0x4a48, 0x5289, 0x4a48, 
0x4a28, 0x41e7, 0x41e7, 0x41e7, 0x41e6, 0x41e7, 0x39e7, 0x41e7, 0x4a48, 0x4a28, 0x4a28, 0x4228, 0x4228, 0x4a28, 0x4207, 0x4a68, 
0x5288, 0x5288, 0x5268, 0x4a48, 0x4a28, 0x4a48, 0x4a48, 0x62ca, 0x5289, 0x4a28, 0x4228, 0x4228, 0x4207, 0x4228, 0x4a28, 0x4207, 
0x4228, 0x4228, 0x4a28, 0x4a48, 0x5288, 0x5268, 0x4a48, 0x4a28, 0x5268, 0x62c9, 0x4a48, 0x4207, 0x4207, 0x41e7, 0x4207, 0x4228, 
0x4a28, 0x4228, 0x4228, 0x4207, 0x4228, 0x41c6, 0x39a5, 0x3185, 0x3165, 0x3145, 0x3145, 0x3145, 0x3145, 0x3165, 0x3185, 0x3185, 
0x39a5, 0x39a5, 0x31a5, 0x39c6, 0x39c6, 0x39a5, 0x39a5, 0x39a6, 0x31a5, 0x3985, 0x31a5, 0x31a5, 0x3185, 0x31a5, 0x39a6, 0x39c6, 
0x39a6, 0x39c6, 0x39a6, 0x39a6, 0x39c6, 0x39c6, 0x41e6, 0x39e6, 0x41e6, 0x41e6, 0x41e6, 0x41e7, 0x4207, 0x39e6, 0x39c6, 0x39c6, 
0x39a6, 0x39a5, 0x39a6, 0x39c6, 0x39a6, 0x39c6, 0x39c6, 0x39a6, 0x39a6, 0x39c6, 0x39a5, 0x39a6, 0x39a6, 0x39c6, 0x39c6, 0x39a6, 
0x39a6, 0x39c6, 0x39c6, 0x39c6, 0x39c6, 0x39a6, 0x39a6, 0x39a6, 0x39a6, 0x39a6, 0x39a6, 0x39c6, 0x39c6, 0x4227, 0x4a69, 0x4a69, 
0x4227, 0x39a6, 0x4207, 0x5289, 0x4a69, 0x4a27, 0x4a48, 0x39a6, 0x39a6, 0x39c6, 0x39c5, 0x41c5, 0x41e5, 0x39a5, 0x31a5, 0x39a6, 
0x3185, 0x39c6, 0x4247, 0x39a4, 0x41c6, 0x49e6, 0x41e6, 0x4a07, 0x4a07, 0x4a07, 0x4a06, 0x5a47, 0x62e9, 0x62c8, 0x4a07, 0x4207, 
0x4207, 0x4a27, 0x4a27, 0x4a06, 0x4a06, 0x4a27, 0x4207, 0x4207, 0x4207, 0x41e7, 0x4207, 0x41e7, 0x41e6, 0x41e6, 0x41e6, 0x41c6, 
0x41c6, 0x39c6, 0x4207, 0x4207, 0x4a27, 0x4227, 0x4207, 0x39e7, 0x4228, 0x4228, 0x4228, 0x4228, 0x4228, 0x4a48, 0x4a48, 0x4a48, 
0x4228, 0x4207, 0x4207, 0x4207, 0x4228, 0x4a28, 0x4228, 0x4228, 0x4228, 0x4a28, 0x4228, 0x4228, 0x4228, 0x4207, 0x41e6, 0x41e6, 
0x3986, 0x3986, 0x3986, 0x41e7, 0x4207, 0x4207, 0x4228, 0x4228, 0x4a48, 0x4a48, 0x4a48, 0x4a48, 0x4228, 0x4208, 0x4227, 0x4a48, 
0x4a28, 0x4a68, 0x5288, 0x5289, 0x5aa9, 0x5aa9, 0x4a48, 0x4a27, 0x4207, 0x39e7, 0x41e7, 0x4207, 0x4207, 0x4a28, 0x4a48, 0x5288, 
0x4a48, 0x4207, 0x4207, 0x39e6, 0x39e6, 0x41e7, 0x41e7, 0x4207, 0x4228, 0x4207, 0x4207, 0x4a68, 0x4a48, 0x4228, 0x4207, 0x4228, 
0x4a48, 0x4a48, 0x4a48, 0x4228, 0x4228, 0x4a28, 0x4a28, 0x62ca, 0x5289, 0x4a48, 0x4a48, 0x4a28, 0x4207, 0x4a28, 0x4a28, 0x4a28, 
0x4a28, 0x4a28, 0x4a48, 0x4a48, 0x4a48, 0x4a28, 0x5268, 0x4a28, 0x4a48, 0x5288, 0x4a48, 0x41e7, 0x4207, 0x4207, 0x4207, 0x4228, 
0x4a28, 0x4228, 0x4228, 0x4208, 0x4208, 0x41c6, 0x3985, 0x3185, 0x3165, 0x3145, 0x3145, 0x3145, 0x3145, 0x3165, 0x3185, 0x3185, 
0x3185, 0x3185, 0x3185, 0x39a5, 0x39a6, 0x39a6, 0x31a5, 0x31a5, 0x39a6, 0x31a5, 0x31a5, 0x31a5, 0x39a5, 0x39a6, 0x39a6, 0x39a6, 
0x39c6, 0x39a6, 0x39c6, 0x39c6, 0x39c6, 0x39c6, 0x39a6, 0x41e6, 0x41e6, 0x41e6, 0x41e6, 0x4207, 0x4207, 0x41e6, 0x4207, 0x4207, 
0x41e6, 0x39c6, 0x39c6, 0x39e6, 0x41e6, 0x39c6, 0x4207, 0x4206, 0x39e6, 0x39c6, 0x39c6, 0x39c6, 0x39a6, 0x39c6, 0x39a6, 0x39c6, 
0x39c6, 0x39c6, 0x39c6, 0x39c6, 0x39c6, 0x31a6, 0x31a5, 0x31a5, 0x39a6, 0x39c6, 0x39c6, 0x39a6, 0x39c6, 0x4207, 0x4228, 0x4a48, 
0x4207, 0x39c6, 0x39c6, 0x41e6, 0x39c6, 0x41e6, 0x39c6, 0x39a5, 0x39a5, 0x39a5, 0x39c5, 0x41c5, 0x41c5, 0x41c6, 0x41e6, 0x41e6, 
0x41c5, 0x4a06, 0x4248, 0x39a4, 0x39a4, 0x49e6, 0x4a27, 0x4a07, 0x5248, 0x5a88, 0x4a26, 0x4a06, 0x4a47, 0x5248, 0x41e7, 0x39e6, 
0x41e7, 0x4a27, 0x4a47, 0x4a27, 0x41e6, 0x4a07, 0x4a28, 0x4207, 0x4207, 0x41e7, 0x4207, 0x4207, 0x41e7, 0x41e6, 0x39c6, 0x41e6, 
0x39c6, 0x41e6, 0x4a07, 0x5248, 0x5248, 0x4a28, 0x4207, 0x4207, 0x4a48, 0x4227, 0x4207, 0x4207, 0x4228, 0x4228, 0x4228, 0x4228, 
0x4228, 0x4207, 0x4207, 0x4207, 0x4228, 0x4a28, 0x4228, 0x4228, 0x4228, 0x4228, 0x4208, 0x4208, 0x4228, 0x41e7, 0x41e6, 0x41e6, 
0x3986, 0x3986, 0x39a6, 0x39e7, 0x4207, 0x4207, 0x4207, 0x4208, 0x4228, 0x4228, 0x4a48, 0x4a48, 0x4228, 0x4208, 0x4a28, 0x4a48, 
0x4a28, 0x4207, 0x4207, 0x4a68, 0x5aca, 0x62ea, 0x5268, 0x4207, 0x4207, 0x41e7, 0x41e7, 0x41e7, 0x4227, 0x5aaa, 0x5aaa, 0x4a48, 
0x4a27, 0x4a27, 0x41e7, 0x4207, 0x41e7, 0x41e7, 0x41e7, 0x4207, 0x4228, 0x4207, 0x4208, 0x4a68, 0x4a48, 0x4228, 0x4208, 0x4207, 
0x4207, 0x4a28, 0x4a48, 0x4a48, 0x4a28, 0x4a28, 0x4a48, 0x5289, 0x4a68, 0x5289, 0x5268, 0x4228, 0x4a28, 0x4a48, 0x4a28, 0x4a28, 
0x4a28, 0x4a48, 0x4a68, 0x4a68, 0x4228, 0x4a28, 0x4a28, 0x4207, 0x4a28, 0x4a48, 0x4207, 0x41e7, 0x4207, 0x4207, 0x4207, 0x4208, 
0x4228, 0x4a28, 0x4208, 0x4228, 0x4207, 0x39a6, 0x3185, 0x3185, 0x3165, 0x3145, 0x3145, 0x3145, 0x3165, 0x3185, 0x3185, 0x3185, 
0x39a5, 0x39a5, 0x39a5, 0x39a5, 0x39a5, 0x3985, 0x39a6, 0x39a6, 0x39a6, 0x41e6, 0x39c6, 0x39a6, 0x39a6, 0x39a6, 0x39a6, 0x39c6, 
0x41e6, 0x39c6, 0x39e6, 0x4207, 0x4207, 0x4207, 0x41e6, 0x41e6, 0x4207, 0x4207, 0x4207, 0x4207, 0x4207, 0x4a27, 0x4a47, 0x4a47, 
0x4a47, 0x41e6, 0x39c6, 0x39e6, 0x41e6, 0x39c6, 0x41e6, 0x41e6, 0x4a27, 0x4207, 0x41e6, 0x39c6, 0x41e6, 0x41e6, 0x39c6, 0x39c6, 
0x4206, 0x39c6, 0x39a6, 0x39c6, 0x39a6, 0x39c6, 0x39c6, 0x39a6, 0x39a6, 0x39c6, 0x39c6, 0x39c6, 0x39a6, 0x39a5, 0x39c6, 0x41c6, 
0x39c6, 0x39c6, 0x41e6, 0x41c6, 0x41a5, 0x41c5, 0x41c5, 0x41c6, 0x39a5, 0x3185, 0x39c6, 0x41e6, 0x41c5, 0x41c5, 0x41c6, 0x39c5, 
0x41c5, 0x5a88, 0x4a48, 0x39a4, 0x3184, 0x41c5, 0x4a07, 0x4a07, 0x4a27, 0x5268, 0x5247, 0x4a27, 0x4a28, 0x4207, 0x39c6, 0x39c6, 
0x41e6, 0x4207, 0x4a27, 0x5247, 0x4206, 0x41e6, 0x4227, 0x4207, 0x4207, 0x4207, 0x4207, 0x41e7, 0x41e7, 0x41e7, 0x39e6, 0x39c6, 
0x41e6, 0x4206, 0x4206, 0x4a47, 0x4a48, 0x4227, 0x4207, 0x4227, 0x4207, 0x4207, 0x4207, 0x4207, 0x4228, 0x4228, 0x4228, 0x4228, 
0x4207, 0x4227, 0x4207, 0x4227, 0x4207, 0x4228, 0x4228, 0x4228, 0x4228, 0x4208, 0x4228, 0x4207, 0x4207, 0x41e7, 0x41e6, 0x41e6, 
0x3986, 0x3986, 0x3986, 0x39c6, 0x41e7, 0x4207, 0x4207, 0x4208, 0x4228, 0x4a48, 0x4228, 0x4a48, 0x4a48, 0x4a48, 0x4a48, 0x4228, 
0x4207, 0x4207, 0x4207, 0x4a28, 0x5288, 0x5268, 0x4207, 0x41e6, 0x41e7, 0x4207, 0x4207, 0x41e7, 0x4228, 0x630b, 0x4a48, 0x4207, 
0x4207, 0x4207, 0x4207, 0x4207, 0x41e7, 0x39c6, 0x39c7, 0x41e7, 0x4207, 0x4207, 0x4a48, 0x5268, 0x4a28, 0x4207, 0x4207, 0x4207, 
0x4207, 0x4227, 0x4a28, 0x4a48, 0x4227, 0x4a28, 0x5268, 0x5289, 0x4a68, 0x5268, 0x5269, 0x4a68, 0x4a48, 0x4a48, 0x4228, 0x4228, 
0x4a28, 0x4a48, 0x4a48, 0x4a48, 0x4a28, 0x4a48, 0x4228, 0x4a28, 0x4a48, 0x5248, 0x4207, 0x4207, 0x4207, 0x4207, 0x4228, 0x4207, 
0x4228, 0x4a28, 0x4208, 0x4207, 0x41e6, 0x39a5, 0x3185, 0x3185, 0x3165, 0x3165, 0x3165, 0x3145, 0x3165, 0x3185, 0x3185, 0x39a6, 
0x39a6, 0x39a6, 0x39a5, 0x39a6, 0x39a6, 0x39a6, 0x39a5, 0x39a6, 0x39c6, 0x4207, 0x41e6, 0x39c6, 0x39c6, 0x39c6, 0x39c6, 0x39c6, 
0x41e7, 0x41e7, 0x41e7, 0x41e7, 0x4207, 0x4207, 0x4227, 0x4207, 0x4a28, 0x4a48, 0x5268, 0x4a48, 0x4a48, 0x5268, 0x4a47, 0x4207, 
0x4207, 0x4207, 0x39e6, 0x39c6, 0x41e7, 0x41e6, 0x39c6, 0x41e6, 0x5268, 0x4a27, 0x41e6, 0x41e6, 0x4207, 0x4207, 0x4207, 0x4207, 
0x4207, 0x41e6, 0x4206, 0x4206, 0x41e6, 0x39c6, 0x39e6, 0x39c6, 0x39c6, 0x39c6, 0x39c6, 0x39c6, 0x39a6, 0x39c6, 0x41e6, 0x41e6, 
0x39c6, 0x39a6, 0x39c5, 0x41c5, 0x41c5, 0x41a5, 0x41c5, 0x41c5, 0x39a5, 0x39a5, 0x39c6, 0x41c6, 0x39c5, 0x41c5, 0x41c5, 0x49e6, 
0x4a06, 0x5a88, 0x4a48, 0x3184, 0x3184, 0x41c5, 0x4a47, 0x4a27, 0x4a47, 0x4a27, 0x4a48, 0x4a27, 0x4a27, 0x4207, 0x39c6, 0x39a6, 
0x39c6, 0x41e7, 0x41e7, 0x4a27, 0x4206, 0x41e6, 0x41e6, 0x4207, 0x4207, 0x4207, 0x41e6, 0x41e6, 0x39c6, 0x4207, 0x41e6, 0x39e6, 
0x41e6, 0x41e6, 0x41e6, 0x4207, 0x4207, 0x4207, 0x4207, 0x4207, 0x4207, 0x4207, 0x4207, 0x4207, 0x4207, 0x4228, 0x4228, 0x4228, 
0x4228, 0x4207, 0x4207, 0x4228, 0x4207, 0x4207, 0x4207, 0x4228, 0x4228, 0x4228, 0x4227, 0x4207, 0x41e7, 0x41e6, 0x39e7, 0x39e7, 
0x3986, 0x3986, 0x3986, 0x39a6, 0x41e7, 0x41e7, 0x41e7, 0x4207, 0x4228, 0x4a48, 0x4a48, 0x4a48, 0x4a48, 0x4a48, 0x4248, 0x4227, 
0x4207, 0x4228, 0x4207, 0x4a28, 0x5268, 0x4a27, 0x4207, 0x4207, 0x39e7, 0x4207, 0x41e7, 0x4227, 0x4a48, 0x4a68, 0x4207, 0x41e7, 
0x41e7, 0x4207, 0x4207, 0x39c6, 0x41e6, 0x39e7, 0x39e7, 0x41e7, 0x4207, 0x4207, 0x4a28, 0x5268, 0x4228, 0x4207, 0x4207, 0x4207, 
0x4207, 0x4207, 0x4207, 0x4207, 0x4207, 0x5289, 0x5aa9, 0x5aca, 0x5289, 0x5269, 0x52a9, 0x5268, 0x5268, 0x5268, 0x4228, 0x4a28, 
0x4a48, 0x4a28, 0x4a48, 0x4a48, 0x4a48, 0x4a48, 0x4a28, 0x4207, 0x4a48, 0x5289, 0x4207, 0x4207, 0x4207, 0x4a28, 0x4228, 0x4207, 
0x4a28, 0x4208, 0x4208, 0x4207, 0x41e7, 0x39a5, 0x3185, 0x3185, 0x3165, 0x39c6, 0x39c6, 0x3145, 0x3165, 0x3185, 0x3185, 0x39c6, 
0x39a6, 0x39a6, 0x39a6, 0x39c6, 0x39c6, 0x39c6, 0x39a6, 0x39c6, 0x41c6, 0x41e6, 0x4207, 0x4207, 0x4207, 0x4a48, 0x4a48, 0x4a48, 
0x4a48, 0x4a48, 0x4a48, 0x4a48, 0x4a48, 0x4a68, 0x4a68, 0x4a68, 0x5289, 0x5289, 0x5289, 0x5268, 0x5268, 0x4a48, 0x4207, 0x4207, 
0x4207, 0x4227, 0x4a27, 0x4a27, 0x4a27, 0x5268, 0x4a48, 0x4207, 0x4227, 0x4a68, 0x4207, 0x41e6, 0x41e6, 0x41e6, 0x4207, 0x4227, 
0x4207, 0x4206, 0x41e6, 0x41e6, 0x4207, 0x41e6, 0x41e6, 0x39e6, 0x41e6, 0x41e6, 0x41c6, 0x39c6, 0x39c6, 0x39e6, 0x41e6, 0x39c6, 
0x39a6, 0x39a6, 0x41e6, 0x41e6, 0x41c5, 0x41c5, 0x41c5, 0x41e5, 0x39c5, 0x41e6, 0x41c6, 0x41c5, 0x39c5, 0x39c6, 0x41e6, 0x41e6, 
0x4a06, 0x4a48, 0x4207, 0x3184, 0x3184, 0x41e6, 0x4a47, 0x4207, 0x4228, 0x4228, 0x4228, 0x4a28, 0x4207, 0x4207, 0x39e6, 0x39c6, 
0x39c6, 0x4207, 0x4207, 0x4207, 0x4a06, 0x4206, 0x41e6, 0x41e6, 0x4a07, 0x4207, 0x41e7, 0x41e7, 0x41e6, 0x41e7, 0x39c6, 0x39e6, 
0x39c6, 0x41e6, 0x41e6, 0x39c6, 0x41e7, 0x4207, 0x4207, 0x4227, 0x4207, 0x4207, 0x4227, 0x4a28, 0x4a28, 0x4228, 0x4228, 0x4207, 
0x4228, 0x4228, 0x4207, 0x4a28, 0x4228, 0x4207, 0x4228, 0x4228, 0x4207, 0x4207, 0x4207, 0x4207, 0x39e7, 0x39e7, 0x39e7, 0x39e7, 
0x3986, 0x3986, 0x3986, 0x39a6, 0x39e7, 0x41e7, 0x41e7, 0x39e7, 0x4228, 0x4a48, 0x4a48, 0x4a28, 0x4228, 0x4a48, 0x4a48, 0x4207, 
0x4207, 0x4227, 0x4a27, 0x4a48, 0x4a27, 0x4207, 0x4227, 0x4227, 0x4207, 0x4207, 0x4207, 0x4a27, 0x4a28, 0x4227, 0x4207, 0x41e7, 
0x41e7, 0x4207, 0x4207, 0x39e7, 0x41e7, 0x39e7, 0x41e7, 0x4207, 0x4207, 0x4207, 0x4207, 0x4a48, 0x4a28, 0x4228, 0x4208, 0x4207, 
0x4207, 0x4207, 0x4207, 0x4207, 0x4a48, 0x5289, 0x5aa9, 0x5aca, 0x5aea, 0x630b, 0x62ea, 0x630b, 0x62ea, 0x5aca, 0x5289, 0x5268, 
0x5269, 0x4a48, 0x4a69, 0x4a68, 0x5268, 0x4a68, 0x4a48, 0x4a48, 0x5289, 0x5aa9, 0x4207, 0x4207, 0x4207, 0x4207, 0x4207, 0x4228, 
0x4a48, 0x4a28, 0x4208, 0x4207, 0x4207, 0x39a6, 0x3185, 0x3165, 0x39a5, 0x41e7, 0x4207, 0x39c6, 0x3165, 0x3185, 0x3185, 0x39c6, 
0x39c6, 0x39c6, 0x39c6, 0x39e6, 0x41e6, 0x41e6, 0x41e6, 0x4207, 0x4207, 0x5268, 0x5aa9, 0x5289, 0x4a27, 0x4227, 0x4227, 0x4a48, 
0x4a28, 0x4a48, 0x5288, 0x4a48, 0x4a68, 0x5289, 0x4a68, 0x5268, 0x5289, 0x5289, 0x5269, 0x5269, 0x5a89, 0x5268, 0x4207, 0x4207, 
0x4207, 0x4a48, 0x5268, 0x5288, 0x4a48, 0x5a88, 0x5aa9, 0x5288, 0x4a48, 0x5268, 0x4a27, 0x4207, 0x4207, 0x4a27, 0x4a27, 0x4227, 
0x4a47, 0x4a27, 0x4207, 0x4207, 0x4207, 0x41e6, 0x41e6, 0x41e7, 0x41e6, 0x4206, 0x41e6, 0x41e6, 0x41e6, 0x41e6, 0x41e6, 0x41e6, 
0x39c6, 0x39c6, 0x41e6, 0x41e5, 0x41c5, 0x41a4, 0x41a4, 0x41e5, 0x4206, 0x41c6, 0x41e6, 0x41e6, 0x41e6, 0x41e6, 0x41e6, 0x39a5, 
0x41e6, 0x4227, 0x4227, 0x39a4, 0x3184, 0x41c5, 0x4207, 0x4208, 0x4a48, 0x4a48, 0x4228, 0x4228, 0x4207, 0x39e7, 0x4207, 0x39e7, 
0x39c6, 0x39c6, 0x41e7, 0x4227, 0x4a27, 0x4a27, 0x41e6, 0x41e6, 0x4207, 0x4a48, 0x4207, 0x41e7, 0x41e7, 0x41e7, 0x4207, 0x39e6, 
0x39c6, 0x39c6, 0x39c6, 0x39c6, 0x39e6, 0x41e7, 0x4207, 0x4207, 0x4207, 0x4207, 0x4207, 0x4227, 0x4a28, 0x4228, 0x4208, 0x4228, 
0x4228, 0x4207, 0x4228, 0x4228, 0x4207, 0x4207, 0x4207, 0x4228, 0x4208, 0x4228, 0x4227, 0x4207, 0x39e7, 0x39e7, 0x39e7, 0x39e7, 
0x3986, 0x3986, 0x3986, 0x39a6, 0x41e6, 0x41e7, 0x39e6, 0x39c6, 0x39e7, 0x4228, 0x4228, 0x4a48, 0x4228, 0x4a48, 0x4a28, 0x4207, 
0x4207, 0x4207, 0x4207, 0x4207, 0x41e7, 0x41e7, 0x4207, 0x4207, 0x4227, 0x4207, 0x4207, 0x4228, 0x4a48, 0x4207, 0x4207, 0x41e7, 
0x41e7, 0x41e7, 0x41e7, 0x41e7, 0x41e7, 0x41e7, 0x41e7, 0x41e7, 0x4207, 0x4207, 0x4207, 0x4227, 0x4207, 0x4207, 0x4207, 0x4a27, 
0x4a48, 0x4a48, 0x5268, 0x4a48, 0x4a48, 0x5289, 0x5aa9, 0x630b, 0x6b2b, 0x736c, 0x736c, 0x6b4b, 0x630a, 0x62c9, 0x62ea, 0x6b0a, 
0x6b0a, 0x62ea, 0x62ca, 0x5aca, 0x5aa9, 0x5289, 0x5269, 0x4a68, 0x5aa9, 0x5268, 0x4207, 0x4207, 0x4207, 0x4207, 0x4207, 0x4a28, 
0x4228, 0x4228, 0x4208, 0x4228, 0x41e7, 0x39a5, 0x3185, 0x3185, 0x39e6, 0x41e6, 0x41e7, 0x4207, 0x39c6, 0x3185, 0x3185, 0x41c6, 
0x41e6, 0x41e7, 0x41e7, 0x41e7, 0x4207, 0x41e7, 0x41e7, 0x4207, 0x4207, 0x4a27, 0x62ea, 0x62ea, 0x4207, 0x39a6, 0x39a6, 0x39c6, 
0x39c6, 0x4207, 0x4227, 0x41e7, 0x4227, 0x4a48, 0x5268, 0x5288, 0x4a68, 0x4a48, 0x4a48, 0x5268, 0x5a89, 0x4a47, 0x41e7, 0x41e6, 
0x41e6, 0x41e6, 0x4207, 0x4a27, 0x4a27, 0x4a47, 0x5268, 0x5288, 0x4a48, 0x4a48, 0x5288, 0x5268, 0x4a48, 0x4a47, 0x5268, 0x4a68, 
0x4a47, 0x5268, 0x5268, 0x4a48, 0x4a27, 0x4227, 0x4a27, 0x4a27, 0x4a27, 0x4a27, 0x4207, 0x41e6, 0x4206, 0x4207, 0x4207, 0x41e6, 
0x41e6, 0x39c6, 0x41e6, 0x41e6, 0x49e5, 0x5205, 0x41c5, 0x41c5, 0x41e6, 0x41c6, 0x41c6, 0x41e6, 0x39c6, 0x39c6, 0x39c6, 0x39c6, 
0x4207, 0x4207, 0x4a88, 0x39e5, 0x3184, 0x3184, 0x39c5, 0x4228, 0x4a28, 0x4a48, 0x4a48, 0x4a48, 0x4a28, 0x41e7, 0x4207, 0x4207, 
0x39c6, 0x39e6, 0x41e6, 0x41e7, 0x41e7, 0x41e6, 0x41e6, 0x41e6, 0x4207, 0x4a27, 0x4227, 0x41e7, 0x41e7, 0x41e7, 0x41e7, 0x39e6, 
0x39c6, 0x39c6, 0x39c6, 0x39a6, 0x39c6, 0x41e6, 0x39e7, 0x41e7, 0x41e7, 0x4207, 0x4227, 0x4207, 0x4a48, 0x4a28, 0x4228, 0x4a28, 
0x4228, 0x4208, 0x4208, 0x4228, 0x4207, 0x4207, 0x4207, 0x4228, 0x4228, 0x4228, 0x4207, 0x4207, 0x39e7, 0x39e7, 0x39e7, 0x39e7, 
0x3986, 0x3986, 0x3986, 0x3986, 0x39a6, 0x41e7, 0x39e7, 0x39e7, 0x39e7, 0x4228, 0x4a28, 0x4a28, 0x4a28, 0x4a28, 0x4a28, 0x4207, 
0x4207, 0x4207, 0x4207, 0x4207, 0x4207, 0x41e7, 0x41e7, 0x4207, 0x4207, 0x4207, 0x4228, 0x4a28, 0x4227, 0x41e7, 0x41e7, 0x41e7, 
0x41e7, 0x41e7, 0x41e7, 0x39e6, 0x39e7, 0x41e7, 0x4207, 0x41e7, 0x41e7, 0x4207, 0x4207, 0x4207, 0x4207, 0x4207, 0x4207, 0x4a27, 
0x5268, 0x5aa9, 0x62ea, 0x62c9, 0x5268, 0x5288, 0x5aa9, 0x52a9, 0x5aea, 0x6b2b, 0x62e9, 0x5268, 0x4a27, 0x4a28, 0x4a27, 0x4a27, 
0x4a48, 0x5268, 0x5aa9, 0x62ea, 0x630a, 0x5289, 0x62ea, 0x5aaa, 0x5aa9, 0x5268, 0x4207, 0x4207, 0x4207, 0x4228, 0x4a28, 0x4a28, 
0x4a48, 0x4a48, 0x4228, 0x4228, 0x4207, 0x39a5, 0x3185, 0x39a6, 0x39c6, 0x39e7, 0x41e6, 0x41e7, 0x4207, 0x41c6, 0x39a6, 0x41e7, 
0x4207, 0x4207, 0x41e7, 0x4a27, 0x4a27, 0x41e6, 0x39a6, 0x39a6, 0x39a6, 0x39c6, 0x5268, 0x5268, 0x39c6, 0x39a6, 0x39a5, 0x39a6, 
0x39a6, 0x39c6, 0x39e6, 0x39c6, 0x39e6, 0x39c6, 0x39e6, 0x4207, 0x4207, 0x41e6, 0x41e6, 0x41e6, 0x41e6, 0x41c6, 0x41e6, 0x39c6, 
0x41c6, 0x39c6, 0x39c6, 0x41e6, 0x4206, 0x4206, 0x4207, 0x41e6, 0x4207, 0x4a27, 0x4a27, 0x4207, 0x4207, 0x4207, 0x4a27, 0x4a07, 
0x4207, 0x4207, 0x4a27, 0x4a27, 0x4227, 0x4a27, 0x4a27, 0x5247, 0x5268, 0x5268, 0x5268, 0x4a27, 0x4a27, 0x4a07, 0x4207, 0x4a27, 
0x4a48, 0x4a48, 0x4a27, 0x4a27, 0x4a26, 0x5246, 0x4206, 0x4207, 0x41e6, 0x4a06, 0x4207, 0x4207, 0x4207, 0x41e6, 0x39c6, 0x39c6, 
0x4a07, 0x4228, 0x4a68, 0x4206, 0x3184, 0x3184, 0x39a4, 0x4207, 0x4a28, 0x4a48, 0x4a48, 0x4a48, 0x4228, 0x4207, 0x4207, 0x4207, 
0x39e7, 0x39e6, 0x39c6, 0x39c6, 0x41e7, 0x41e7, 0x41e6, 0x41e6, 0x41e6, 0x41e7, 0x4207, 0x41e6, 0x39c6, 0x39c6, 0x39e6, 0x39c6, 
0x39c6, 0x39c6, 0x39c6, 0x39a6, 0x39a6, 0x39c6, 0x39e7, 0x39e7, 0x41e7, 0x41e7, 0x4207, 0x4227, 0x4a48, 0x4228, 0x4228, 0x4a48, 
0x4a28, 0x4228, 0x4207, 0x4228, 0x4207, 0x4207, 0x4207, 0x4207, 0x4207, 0x4208, 0x4228, 0x4207, 0x41e7, 0x39e7, 0x39e7, 0x39e7, 
0x3986, 0x3986, 0x3986, 0x3986, 0x39a6, 0x41e7, 0x41e7, 0x41e7, 0x4207, 0x4a69, 0x4a69, 0x4a48, 0x4a48, 0x4228, 0x4a28, 0x4a28, 
0x4207, 0x4207, 0x4207, 0x4207, 0x4207, 0x41e7, 0x4207, 0x4207, 0x4207, 0x4a48, 0x4a48, 0x5289, 0x4227, 0x41e7, 0x41e7, 0x41e7, 
0x41e7, 0x39e7, 0x39e7, 0x39e6, 0x39c6, 0x39e7, 0x41e7, 0x4207, 0x41e7, 0x4207, 0x4207, 0x4228, 0x4228, 0x4207, 0x41e7, 0x4207, 
0x4a27, 0x5a88, 0x5aa9, 0x5aa9, 0x4a27, 0x4a48, 0x5aca, 0x5aca, 0x62ea, 0x5aa9, 0x5268, 0x5268, 0x4227, 0x4227, 0x4227, 0x4227, 
0x4207, 0x4228, 0x5289, 0x5268, 0x5288, 0x52a9, 0x6b0b, 0x62ea, 0x5aa9, 0x4a28, 0x4207, 0x41e7, 0x4207, 0x4207, 0x4228, 0x4a48, 
0x4a28, 0x4228, 0x4228, 0x4228, 0x41e7, 0x39a5, 0x3185, 0x39a6, 0x39c6, 0x39c6, 0x39e7, 0x41e7, 0x41e7, 0x4207, 0x4207, 0x41e7, 
0x41e7, 0x41e6, 0x41e6, 0x5247, 0x5267, 0x41e6, 0x39a6, 0x39a6, 0x31a6, 0x3186, 0x39c6, 0x41c6, 0x39a6, 0x39a6, 0x39a5, 0x39a6, 
0x39a5, 0x39a6, 0x41e6, 0x41e7, 0x41e6, 0x39c6, 0x39c6, 0x39a6, 0x39a6, 0x39a6, 0x39c6, 0x39a6, 0x39a6, 0x39c6, 0x39c6, 0x39c6, 
0x39c6, 0x39c6, 0x39a6, 0x39e6, 0x41e6, 0x39c6, 0x39c6, 0x39c6, 0x4207, 0x4a47, 0x4206, 0x39c6, 0x39a6, 0x39c6, 0x4207, 0x4207, 
0x4207, 0x4207, 0x4a27, 0x4207, 0x4207, 0x4a27, 0x4227, 0x4227, 0x4a47, 0x4a27, 0x4a27, 0x4227, 0x4a27, 0x4207, 0x4207, 0x4207, 
0x4227, 0x4a27, 0x4a48, 0x4a48, 0x5268, 0x4a48, 0x4a68, 0x5268, 0x4a47, 0x4a47, 0x4a47, 0x4a47, 0x4a48, 0x4207, 0x4a27, 0x4a27, 
0x4a48, 0x4a48, 0x5268, 0x41e6, 0x3184, 0x3184, 0x3184, 0x39c5, 0x4a48, 0x4a48, 0x4a48, 0x4a28, 0x4228, 0x4207, 0x41e7, 0x4207, 
0x41e7, 0x39c6, 0x39c6, 0x39c6, 0x41e6, 0x39e6, 0x41e7, 0x41e6, 0x41e7, 0x41e7, 0x4207, 0x4207, 0x39c6, 0x39a6, 0x41e6, 0x41e6, 
0x41e7, 0x39c6, 0x39c6, 0x39c6, 0x39c6, 0x39c6, 0x39e6, 0x39e7, 0x39e7, 0x4207, 0x4207, 0x4207, 0x4228, 0x4228, 0x4228, 0x4228, 
0x4a28, 0x4228, 0x4207, 0x4207, 0x4207, 0x4207, 0x4228, 0x4228, 0x4228, 0x4207, 0x4207, 0x4207, 0x41e7, 0x39e7, 0x39e7, 0x39c7, 
0x3986, 0x3986, 0x3986, 0x3986, 0x39a6, 0x39e7, 0x41e7, 0x41e7, 0x39e7, 0x4a48, 0x4a48, 0x4a48, 0x4a48, 0x4207, 0x4a48, 0x4a48, 
0x4207, 0x4207, 0x4207, 0x4207, 0x4207, 0x4207, 0x4207, 0x4228, 0x4228, 0x4228, 0x4a68, 0x52a9, 0x4207, 0x41e7, 0x41e7, 0x41e7, 
0x41e6, 0x39e6, 0x39c6, 0x39c6, 0x41e7, 0x41e7, 0x41e7, 0x4207, 0x4207, 0x4207, 0x4207, 0x4a68, 0x4a28, 0x39e7, 0x41e7, 0x4207, 
0x4207, 0x4207, 0x4a47, 0x4a47, 0x4227, 0x5268, 0x5289, 0x5289, 0x5aa9, 0x5268, 0x4a27, 0x4207, 0x4207, 0x4207, 0x4207, 0x4a27, 
0x4207, 0x4207, 0x4a48, 0x5268, 0x4a48, 0x5289, 0x5ac9, 0x5aa9, 0x5aa9, 0x4a27, 0x4207, 0x41e7, 0x39e7, 0x41e7, 0x4a28, 0x4a48, 
0x4a48, 0x4228, 0x4207, 0x4228, 0x41c6, 0x39a5, 0x3185, 0x39a6, 0x39c6, 0x39c6, 0x39c6, 0x41e6, 0x41e7, 0x4207, 0x4206, 0x41c6, 
0x39c6, 0x39a6, 0x39c6, 0x4206, 0x4206, 0x41c6, 0x39c6, 0x39a6, 0x39a6, 0x39a6, 0x39a6, 0x39c6, 0x39c6, 0x39a6, 0x31a5, 0x31a5, 
0x39a6, 0x39a6, 0x4207, 0x4a27, 0x39c6, 0x39c6, 0x39a6, 0x39c6, 0x39c6, 0x39a6, 0x39a6, 0x39a6, 0x39a6, 0x39a6, 0x39c6, 0x39a6, 
0x39a6, 0x39c6, 0x39c6, 0x39c6, 0x39a6, 0x39a6, 0x39a5, 0x39c6, 0x41e6, 0x39e6, 0x39c6, 0x41e6, 0x39c6, 0x39c6, 0x41e6, 0x41e6, 
0x41e6, 0x41e6, 0x41e6, 0x4206, 0x4207, 0x4a47, 0x4207, 0x41e6, 0x41e6, 0x41e6, 0x41e6, 0x41e7, 0x4207, 0x41e7, 0x4207, 0x41e6, 
0x41e6, 0x41e6, 0x4227, 0x4a27, 0x4206, 0x4207, 0x4a27, 0x4a48, 0x5268, 0x4a48, 0x5a88, 0x5289, 0x5288, 0x5268, 0x5268, 0x5aa9, 
0x6b6b, 0x5aa9, 0x5288, 0x5aa9, 0x41e5, 0x3184, 0x3184, 0x3184, 0x41e6, 0x4a48, 0x4a48, 0x4a48, 0x4a28, 0x4207, 0x4207, 0x4207, 
0x4207, 0x39e7, 0x39e6, 0x39e6, 0x41e7, 0x41e7, 0x41e6, 0x39c6, 0x39c6, 0x41e7, 0x4a27, 0x4207, 0x41e6, 0x39c6, 0x41e7, 0x41e7, 
0x41e7, 0x41e6, 0x41e6, 0x41e6, 0x41e6, 0x39c6, 0x39e6, 0x39e7, 0x4207, 0x4207, 0x4207, 0x4227, 0x4207, 0x4228, 0x4208, 0x4207, 
0x4228, 0x4228, 0x4207, 0x4207, 0x4207, 0x4207, 0x4228, 0x4227, 0x4207, 0x4207, 0x4207, 0x41e7, 0x39e7, 0x39e7, 0x39c6, 0x39c6, 
0x3986, 0x3986, 0x3986, 0x3986, 0x39a6, 0x4207, 0x39e7, 0x41e7, 0x41e7, 0x4208, 0x4a28, 0x4a48, 0x4a48, 0x4228, 0x4228, 0x4228, 
0x4207, 0x4207, 0x41e7, 0x4207, 0x4207, 0x41e7, 0x41e7, 0x4a28, 0x4a48, 0x4a48, 0x4a28, 0x4a28, 0x41e7, 0x39c7, 0x4207, 0x41e6, 
0x39e6, 0x39c6, 0x41e7, 0x39c6, 0x39e7, 0x41e7, 0x41e7, 0x4207, 0x4207, 0x4207, 0x4207, 0x4a28, 0x4227, 0x41e7, 0x4207, 0x4207, 
0x41e7, 0x39e6, 0x4207, 0x4207, 0x4227, 0x4a28, 0x4a68, 0x5aa9, 0x5289, 0x4a68, 0x4a47, 0x4a27, 0x41e7, 0x4207, 0x4207, 0x41e7, 
0x41e7, 0x4207, 0x4228, 0x4a48, 0x4227, 0x5268, 0x5aa9, 0x5aa9, 0x5aca, 0x4207, 0x41e7, 0x4207, 0x41e7, 0x39e7, 0x4207, 0x4a28, 
0x4a48, 0x4227, 0x4207, 0x4228, 0x41e6, 0x39a5, 0x3185, 0x39a6, 0x39c6, 0x39c6, 0x39c6, 0x39c6, 0x41e6, 0x4206, 0x41e6, 0x39a6, 
0x39a6, 0x39a6, 0x39c6, 0x39a6, 0x39a6, 0x41e6, 0x39a6, 0x39a6, 0x39a6, 0x39a6, 0x31a6, 0x39c6, 0x41e6, 0x39c6, 0x39a6, 0x39a6, 
0x39a6, 0x39a6, 0x39c6, 0x39c6, 0x39a6, 0x31a6, 0x39a6, 0x39c6, 0x39c6, 0x39c6, 0x39a6, 0x39c6, 0x39a6, 0x39c6, 0x39a6, 0x39a6, 
0x39a6, 0x39a6, 0x39a6, 0x39a6, 0x39c6, 0x39c6, 0x39a6, 0x39a5, 0x39a6, 0x39c6, 0x39c6, 0x39c6, 0x39c6, 0x39a6, 0x39c6, 0x39c6, 
0x39c6, 0x39e6, 0x39c6, 0x39c6, 0x39c6, 0x41e6, 0x39c6, 0x41e6, 0x39c6, 0x39c6, 0x41c6, 0x41e6, 0x41e6, 0x41e6, 0x39c6, 0x39c6, 
0x39c6, 0x39c6, 0x39c6, 0x41c6, 0x39e6, 0x39e6, 0x41e6, 0x4207, 0x4a48, 0x4a48, 0x5288, 0x5268, 0x4a48, 0x4a47, 0x5268, 0x5aa9, 
0x738d, 0x6b6c, 0x62ea, 0x5aca, 0x4a48, 0x3184, 0x3184, 0x3184, 0x3184, 0x39c5, 0x4207, 0x4228, 0x4228, 0x4228, 0x4a48, 0x4a28, 
0x4207, 0x39e7, 0x41e7, 0x39e7, 0x41e7, 0x4207, 0x41e6, 0x39c6, 0x39e6, 0x39c6, 0x41e7, 0x4207, 0x4207, 0x41e7, 0x41e7, 0x39c6, 
0x41e7, 0x39e6, 0x39e6, 0x41e7, 0x4207, 0x39e7, 0x39e6, 0x41e7, 0x41e7, 0x41e7, 0x4207, 0x4207, 0x4227, 0x4208, 0x4228, 0x4207, 
0x4228, 0x4207, 0x4208, 0x4207, 0x4207, 0x4207, 0x4207, 0x4207, 0x4207, 0x4207, 0x4207, 0x39e7, 0x39c7, 0x39c6, 0x39c6, 0x39c6, 
0x3986, 0x3986, 0x3986, 0x3986, 0x39a6, 0x4207, 0x39e7, 0x41e7, 0x4207, 0x4228, 0x4228, 0x4a48, 0x4a28, 0x4a48, 0x4a28, 0x4207, 
0x4207, 0x4207, 0x4207, 0x41e7, 0x4207, 0x4207, 0x4207, 0x4207, 0x4a68, 0x4a48, 0x4a28, 0x4207, 0x41e7, 0x41e7, 0x4207, 0x41e7, 
0x39c7, 0x39c6, 0x39c6, 0x39e7, 0x39e7, 0x41e7, 0x4207, 0x4207, 0x4207, 0x4207, 0x4207, 0x4a28, 0x4207, 0x41e7, 0x41e7, 0x4207, 
0x41e7, 0x41e7, 0x4207, 0x4207, 0x4a48, 0x5268, 0x5268, 0x5ac9, 0x4a68, 0x4a27, 0x4207, 0x4a27, 0x39e6, 0x41e6, 0x4207, 0x41e7, 
0x41e7, 0x4207, 0x4207, 0x4207, 0x4207, 0x4a48, 0x5288, 0x5a88, 0x5aa9, 0x4a27, 0x41e7, 0x41e7, 0x41e7, 0x41e7, 0x41e7, 0x4207, 
0x4a28, 0x4227, 0x4207, 0x4208, 0x41e7, 0x39a5, 0x3185, 0x3185, 0x39c6, 0x39c6, 0x39c6, 0x39c6, 0x39a6, 0x39a6, 0x39c6, 0x39a6, 
0x31a5, 0x39a6, 0x39a6, 0x39a6, 0x39c6, 0x39c6, 0x39a6, 0x39c6, 0x39a6, 0x39a6, 0x39a6, 0x39c6, 0x41e6, 0x39c6, 0x39a6, 0x39a6, 
0x31a6, 0x39a6, 0x39a6, 0x31a6, 0x31a6, 0x39a6, 0x39a6, 0x39a6, 0x39c6, 0x39c6, 0x39a6, 0x39a6, 0x39a6, 0x39a6, 0x39a6, 0x39a6, 
0x31a6, 0x39a6, 0x39c6, 0x31a6, 0x39c6, 0x39c6, 0x39a6, 0x39a6, 0x39a6, 0x39c6, 0x39c6, 0x39c6, 0x39c6, 0x39c6, 0x39a6, 0x39c6, 
0x39a6, 0x39c6, 0x39c6, 0x39c6, 0x39c6, 0x39e6, 0x39c6, 0x41e6, 0x41e6, 0x39e6, 0x39e6, 0x39c6, 0x39c6, 0x39c6, 0x41e6, 0x41e6, 
0x39a6, 0x39c6, 0x39c6, 0x39c6, 0x41c6, 0x39c6, 0x39c6, 0x41e6, 0x41e6, 0x4a07, 0x4a47, 0x4207, 0x41e6, 0x4a27, 0x4a48, 0x5288, 
0x6b4c, 0x630c, 0x6b2b, 0x630b, 0x4228, 0x3184, 0x3184, 0x3184, 0x3184, 0x3184, 0x39a4, 0x41e6, 0x4228, 0x4a48, 0x4a48, 0x4228, 
0x4207, 0x39e7, 0x41e7, 0x4207, 0x41e7, 0x41e7, 0x39e6, 0x39e6, 0x41e7, 0x39c6, 0x39c6, 0x41e6, 0x4207, 0x4a27, 0x4a27, 0x4207, 
0x4207, 0x41e7, 0x41e7, 0x4207, 0x4207, 0x4207, 0x39e7, 0x41e7, 0x41e7, 0x4207, 0x4207, 0x4207, 0x4207, 0x4a48, 0x4a28, 0x4a28, 
0x4228, 0x4207, 0x4228, 0x4207, 0x41e7, 0x41e7, 0x4207, 0x4207, 0x4207, 0x4207, 0x4207, 0x41e7, 0x39c6, 0x39c6, 0x39c6, 0x39c6, 
0x3986, 0x3986, 0x3986, 0x3986, 0x39a6, 0x39e7, 0x41e7, 0x4207, 0x4228, 0x4248, 0x4a28, 0x4a48, 0x4a28, 0x4228, 0x4207, 0x4228, 
0x4207, 0x4207, 0x4207, 0x41e7, 0x41e7, 0x4207, 0x4207, 0x4207, 0x4a48, 0x5289, 0x5289, 0x41e7, 0x41e7, 0x41e7, 0x41e7, 0x41e6, 
0x39e6, 0x41e7, 0x39e7, 0x39e7, 0x41e7, 0x41e7, 0x4207, 0x4207, 0x4207, 0x4207, 0x4228, 0x4a28, 0x4207, 0x41e7, 0x4207, 0x41e7, 
0x41e7, 0x41e7, 0x41e7, 0x4a27, 0x5289, 0x5289, 0x5268, 0x5268, 0x4227, 0x4207, 0x41e6, 0x39e6, 0x39c6, 0x41e6, 0x41e7, 0x41e7, 
0x4207, 0x4207, 0x4207, 0x4207, 0x4227, 0x4a28, 0x5268, 0x4a48, 0x5aa9, 0x4a68, 0x4207, 0x4a48, 0x41e7, 0x41e7, 0x4207, 0x4207, 
0x4227, 0x4228, 0x4228, 0x4228, 0x41e7, 0x39a5, 0x3185, 0x3185, 0x3185, 0x39a5, 0x39a5, 0x39a6, 0x39a6, 0x39a6, 0x39c6, 0x39c6, 
0x39a6, 0x39c6, 0x39a6, 0x39a6, 0x39c6, 0x41e6, 0x41e6, 0x39a6, 0x39a6, 0x39a6, 0x39c6, 0x39a6, 0x39c6, 0x39a6, 0x39a6, 0x39a6, 
0x39a6, 0x39a6, 0x39a6, 0x39a6, 0x39a6, 0x39c6, 0x39a6, 0x39c6, 0x39c6, 0x39c6, 0x39c6, 0x39a6, 0x39a6, 0x39a6, 0x39a6, 0x39a6, 
0x39a6, 0x39a6, 0x39c6, 0x39c6, 0x39c6, 0x39c6, 0x39a6, 0x39a6, 0x39c6, 0x39c6, 0x39a6, 0x39a6, 0x39c6, 0x39c6, 0x39c6, 0x39c6, 
0x39c6, 0x39c6, 0x39c6, 0x39c6, 0x39c6, 0x41e6, 0x41e6, 0x39c6, 0x41e6, 0x41e6, 0x41e6, 0x41e7, 0x41e7, 0x39c6, 0x39c6, 0x39e6, 
0x39c6, 0x39c6, 0x41e6, 0x39c6, 0x41c6, 0x39c6, 0x39c6, 0x39a6, 0x39c6, 0x39c6, 0x39c6, 0x41e6, 0x41e6, 0x4227, 0x4a48, 0x5288, 
0x6b4c, 0x6b8d, 0x6b4b, 0x5aeb, 0x41e7, 0x3984, 0x3184, 0x3184, 0x3184, 0x3184, 0x3184, 0x39a4, 0x4207, 0x4a28, 0x4a48, 0x4228, 
0x4207, 0x4207, 0x4207, 0x4207, 0x41e7, 0x39e7, 0x41e7, 0x39e6, 0x41e6, 0x39c6, 0x39c6, 0x39c6, 0x41e6, 0x4a27, 0x4227, 0x4207, 
0x4207, 0x41e7, 0x4207, 0x4a28, 0x4228, 0x4228, 0x41e7, 0x4207, 0x41e7, 0x41e7, 0x4207, 0x4207, 0x4207, 0x4a28, 0x4a48, 0x4a48, 
0x4227, 0x4a28, 0x4a28, 0x4207, 0x41e7, 0x41e7, 0x4207, 0x4207, 0x4207, 0x41e7, 0x41e7, 0x41e7, 0x39c6, 0x39c6, 0x39c6, 0x39c6, 
0x3986, 0x3986, 0x3986, 0x3986, 0x39c6, 0x4207, 0x4207, 0x4228, 0x4228, 0x4228, 0x4a48, 0x4a48, 0x4a28, 0x4207, 0x4a28, 0x4a48, 
0x4227, 0x4207, 0x4207, 0x4207, 0x41e7, 0x41e7, 0x4207, 0x4207, 0x4a28, 0x52a9, 0x5268, 0x39e6, 0x39e6, 0x39e7, 0x41e7, 0x39c6, 
0x39c6, 0x41e7, 0x4207, 0x41e7, 0x41e7, 0x41e7, 0x4207, 0x4207, 0x4207, 0x4207, 0x4207, 0x4227, 0x4207, 0x4207, 0x4a27, 0x41e7, 
0x41e7, 0x41e7, 0x41e7, 0x4207, 0x4a48, 0x5268, 0x4a47, 0x4a27, 0x4a27, 0x4207, 0x39c6, 0x39e6, 0x39c6, 0x41e6, 0x41e7, 0x4207, 
0x4207, 0x4207, 0x41e7, 0x4207, 0x41e7, 0x4a07, 0x5248, 0x4a48, 0x4a48, 0x4a48, 0x4a28, 0x5268, 0x41e7, 0x41e7, 0x4207, 0x4207, 
0x4228, 0x4a28, 0x4a28, 0x4228, 0x41e7, 0x39a5, 0x3185, 0x3185, 0x3185, 0x3185, 0x3185, 0x3185, 0x39a6, 0x39a6, 0x41e6, 0x41e7, 
0x39c6, 0x39c6, 0x39c6, 0x39a6, 0x39c6, 0x41e7, 0x41e7, 0x39c6, 0x39a6, 0x39a6, 0x39c6, 0x39c6, 0x39a6, 0x39a6, 0x39c6, 0x39a6, 
0x39a6, 0x39c6, 0x31a6, 0x39a6, 0x39c6, 0x39c6, 0x39c6, 0x39c6, 0x39a6, 0x39a6, 0x39a6, 0x39a6, 0x39c6, 0x39a6, 0x39c6, 0x39a6, 
0x39a6, 0x39c6, 0x39a6, 0x39c6, 0x39c6, 0x39c6, 0x39e6, 0x39e6, 0x39c6, 0x39c6, 0x39c6, 0x39c6, 0x39c6, 0x39c6, 0x39c6, 0x39c6, 
0x39c6, 0x39c6, 0x39c6, 0x39e6, 0x39e6, 0x41e6, 0x39e6, 0x41e6, 0x41e7, 0x41e6, 0x41e6, 0x39c6, 0x41e7, 0x41e7, 0x41e7, 0x41e6, 
0x4207, 0x41e7, 0x4207, 0x41e7, 0x39e6, 0x39e6, 0x41e6, 0x39e6, 0x39c6, 0x41e6, 0x39c6, 0x4207, 0x41e6, 0x4227, 0x4a48, 0x5289, 
0x734b, 0x736c, 0x62ea, 0x4a47, 0x41e6, 0x3184, 0x3184, 0x3184, 0x3184, 0x3184, 0x3184, 0x3184, 0x41e6, 0x4228, 0x4a48, 0x4a48, 
0x4228, 0x4207, 0x4207, 0x4207, 0x41e7, 0x41e7, 0x41e7, 0x39e6, 0x39c6, 0x39c6, 0x39c6, 0x39c6, 0x39e6, 0x41e6, 0x4207, 0x4207, 
0x4207, 0x4207, 0x4a28, 0x4a28, 0x4207, 0x4207, 0x41e7, 0x4207, 0x4207, 0x41e7, 0x41e7, 0x41e7, 0x4207, 0x4207, 0x4227, 0x4a28, 
0x4228, 0x4a28, 0x4a28, 0x4227, 0x4207, 0x41e7, 0x4207, 0x4207, 0x41e7, 0x41e7, 0x39e7, 0x39e7, 0x39c6, 0x39c6, 0x39c6, 0x39c6, 
0x3986, 0x3986, 0x3986, 0x39a6, 0x4207, 0x4207, 0x4207, 0x4228, 0x4a28, 0x4a28, 0x4228, 0x4227, 0x4228, 0x4228, 0x4a28, 0x4207, 
0x4207, 0x4207, 0x4207, 0x4207, 0x4207, 0x41e7, 0x4207, 0x4207, 0x4a28, 0x4a68, 0x4207, 0x41e7, 0x41e7, 0x39e7, 0x39e7, 0x39e7, 
0x39e7, 0x39c6, 0x41e7, 0x41e7, 0x4207, 0x4207, 0x4207, 0x41e7, 0x41e7, 0x39e7, 0x4207, 0x4207, 0x4207, 0x4a48, 0x4a27, 0x4207, 
0x41e7, 0x41e7, 0x4207, 0x4a28, 0x4a68, 0x5268, 0x4227, 0x4207, 0x4a27, 0x41e7, 0x39c6, 0x39c6, 0x39c6, 0x39c6, 0x41e6, 0x4207, 
0x41e7, 0x41e7, 0x41e7, 0x39e7, 0x39c7, 0x39c7, 0x41e7, 0x4a27, 0x4a48, 0x4a68, 0x4a28, 0x4a48, 0x4207, 0x39e7, 0x41e7, 0x4207, 
0x4207, 0x4228, 0x4a48, 0x4228, 0x41c6, 0x39a5, 0x3185, 0x3185, 0x3185, 0x3185, 0x3185, 0x3185, 0x39a5, 0x39a6, 0x39c6, 0x41e7, 
0x39e7, 0x39c6, 0x39c6, 0x39c6, 0x39c6, 0x41e7, 0x41e7, 0x39c6, 0x39a6, 0x39a6, 0x39a6, 0x39c6, 0x39a6, 0x39c6, 0x39c6, 0x39c6, 
0x39a6, 0x39a6, 0x39a6, 0x39a6, 0x39a6, 0x39c6, 0x39a6, 0x39a6, 0x39a6, 0x39a6, 0x39c6, 0x39a6, 0x39a6, 0x39a6, 0x39a6, 0x39a6, 
0x39a6, 0x39c6, 0x39c6, 0x39a6, 0x39c6, 0x39c6, 0x41e6, 0x39c6, 0x39c6, 0x41e6, 0x41e6, 0x39e7, 0x41e7, 0x39e7, 0x39e7, 0x39e6, 
0x39c6, 0x39e6, 0x39c6, 0x41e7, 0x41e7, 0x41e6, 0x39e6, 0x41e6, 0x41e7, 0x39e6, 0x39e7, 0x39e7, 0x4207, 0x4207, 0x41e7, 0x41e7, 
0x4207, 0x41e6, 0x41e7, 0x41e7, 0x39e6, 0x41e7, 0x4207, 0x4207, 0x41e7, 0x41e7, 0x39e6, 0x41e7, 0x4207, 0x4a27, 0x4a48, 0x5aa9, 
0x630a, 0x62ea, 0x5aeb, 0x4207, 0x39a4, 0x3184, 0x3184, 0x3184, 0x3184, 0x3184, 0x3184, 0x3184, 0x39c5, 0x4228, 0x4a48, 0x4a28, 
0x4228, 0x4208, 0x4208, 0x4207, 0x41e7, 0x41e7, 0x41e7, 0x41e7, 0x39c6, 0x39c6, 0x39c6, 0x39a6, 0x39c6, 0x39c6, 0x4207, 0x4207, 
0x4207, 0x41e7, 0x4207, 0x4227, 0x4227, 0x4207, 0x41e7, 0x4207, 0x4207, 0x4207, 0x41e7, 0x41e7, 0x4207, 0x41e7, 0x4207, 0x4228, 
0x4228, 0x4228, 0x4207, 0x4207, 0x4207, 0x41e7, 0x4207, 0x4207, 0x39e7, 0x39e7, 0x41e7, 0x39c6, 0x39c6, 0x39c6, 0x39c6, 0x39c6, 
0x3986, 0x3986, 0x3986, 0x39c6, 0x4207, 0x4207, 0x4207, 0x4228, 0x4a28, 0x4a28, 0x4227, 0x4227, 0x4228, 0x4208, 0x4a28, 0x4227, 
0x4207, 0x4207, 0x41e7, 0x41e7, 0x4207, 0x4227, 0x4227, 0x4207, 0x4a28, 0x4207, 0x41e6, 0x41e7, 0x41e7, 0x41e7, 0x39c6, 0x41e7, 
0x39e6, 0x39c6, 0x39e7, 0x41e7, 0x41e7, 0x4207, 0x4207, 0x41e7, 0x4207, 0x41e7, 0x4207, 0x41e7, 0x4207, 0x4a27, 0x4207, 0x41e7, 
0x41e7, 0x41e7, 0x4a27, 0x4a48, 0x5289, 0x4a27, 0x41e7, 0x39e6, 0x39c6, 0x39c6, 0x39c6, 0x39c6, 0x39a6, 0x39c6, 0x39c6, 0x41e7, 
0x41e7, 0x41e7, 0x39e7, 0x39c7, 0x39c6, 0x39c6, 0x39c6, 0x41c6, 0x5288, 0x5aa9, 0x4a48, 0x4a48, 0x4207, 0x41e7, 0x4207, 0x4207, 
0x4207, 0x4207, 0x4228, 0x4207, 0x41c6, 0x31a5, 0x3185, 0x3185, 0x3185, 0x3185, 0x3185, 0x3185, 0x39a5, 0x39c6, 0x41e7, 0x41e7, 
0x39e6, 0x41e6, 0x39c6, 0x41e7, 0x39e6, 0x39e6, 0x41e6, 0x39c6, 0x39c6, 0x39c6, 0x39c6, 0x39c6, 0x39c6, 0x39a6, 0x39c6, 0x39c6, 
0x39a6, 0x39c6, 0x39c6, 0x39a6, 0x39c6, 0x39c6, 0x39c6, 0x39a6, 0x39c6, 0x39c6, 0x39c6, 0x39c6, 0x39a6, 0x39c6, 0x39c6, 0x39c6, 
0x39c6, 0x39c6, 0x39c6, 0x39c6, 0x39c6, 0x39e6, 0x41e6, 0x39c6, 0x39e7, 0x41e7, 0x39c6, 0x39e6, 0x41e7, 0x41e7, 0x41e7, 0x39e6, 
0x41e6, 0x39e6, 0x39e6, 0x39c6, 0x39e7, 0x39e6, 0x41e7, 0x41e6, 0x39e6, 0x41e7, 0x39e7, 0x41e7, 0x4a27, 0x4227, 0x41e7, 0x41e7, 
0x41e7, 0x41e7, 0x4207, 0x4207, 0x4207, 0x4207, 0x39e7, 0x4207, 0x4207, 0x4207, 0x4207, 0x41e7, 0x4207, 0x4a48, 0x4a68, 0x5a89, 
0x5288, 0x5a88, 0x630b, 0x4207, 0x3184, 0x3184, 0x3184, 0x3184, 0x3184, 0x3184, 0x3184, 0x3184, 0x39a4, 0x41e7, 0x4208, 0x4228, 
0x4228, 0x4a48, 0x4228, 0x4207, 0x41e7, 0x39e7, 0x39e7, 0x41e7, 0x39c6, 0x39c6, 0x39c6, 0x39a6, 0x39c6, 0x39c6, 0x41e6, 0x41e7, 
0x4207, 0x41e7, 0x41e6, 0x4207, 0x4207, 0x4207, 0x41e7, 0x4207, 0x4207, 0x4207, 0x4207, 0x41e7, 0x4207, 0x4207, 0x4207, 0x4207, 
0x4228, 0x4207, 0x4207, 0x4207, 0x4207, 0x41e7, 0x4207, 0x4207, 0x4207, 0x41e7, 0x41e7, 0x39c7, 0x39c6, 0x39c6, 0x39c6, 0x39c6, 
0x3986, 0x3986, 0x3986, 0x41c6, 0x4227, 0x4207, 0x4228, 0x4a28, 0x4207, 0x4227, 0x4227, 0x4207, 0x4228, 0x4228, 0x4a28, 0x4227, 
0x4228, 0x4207, 0x4207, 0x4207, 0x4207, 0x4207, 0x4a28, 0x4227, 0x4a28, 0x41e7, 0x41e7, 0x4207, 0x41e7, 0x41e6, 0x41e6, 0x41e7, 
0x41e7, 0x41e7, 0x39e7, 0x39e7, 0x39e7, 0x41e7, 0x4207, 0x4207, 0x4207, 0x4207, 0x4207, 0x41e7, 0x41e7, 0x4207, 0x4207, 0x41e7, 
0x41e7, 0x4227, 0x4a27, 0x4a48, 0x5aca, 0x4a47, 0x4207, 0x39c6, 0x39c6, 0x39c6, 0x39c6, 0x39a6, 0x39c6, 0x39c6, 0x39c6, 0x41e6, 
0x41e7, 0x39c6, 0x39c6, 0x39c6, 0x39c6, 0x39c6, 0x39c6, 0x39c6, 0x4a27, 0x5289, 0x4a48, 0x4a28, 0x41e7, 0x41e7, 0x41e7, 0x4207, 
0x4207, 0x4207, 0x4207, 0x41e7, 0x39a6, 0x3185, 0x3185, 0x3185, 0x3185, 0x3185, 0x3185, 0x3185, 0x3985, 0x39c6, 0x41e7, 0x39c6, 
0x39c6, 0x39c6, 0x41e7, 0x41e7, 0x41e7, 0x39e6, 0x39c6, 0x39c6, 0x39c6, 0x39c6, 0x39c6, 0x39c6, 0x39c6, 0x39c6, 0x39c6, 0x39c6, 
0x39c6, 0x39c6, 0x39c6, 0x39c6, 0x39c6, 0x39c6, 0x39c6, 0x39c6, 0x39c6, 0x39c6, 0x39c6, 0x39c6, 0x39c6, 0x39c6, 0x39c6, 0x39e6, 
0x39e6, 0x39c6, 0x39c6, 0x41e6, 0x39c6, 0x39e6, 0x41e6, 0x41e6, 0x39c6, 0x41e6, 0x39e7, 0x39c6, 0x39e6, 0x41e7, 0x41e6, 0x39e6, 
0x41e7, 0x41e6, 0x41e7, 0x39e7, 0x39e6, 0x41e6, 0x41e6, 0x41e7, 0x41e7, 0x41e7, 0x41e7, 0x41e7, 0x4207, 0x4227, 0x4207, 0x41e7, 
0x4207, 0x4207, 0x4207, 0x4207, 0x4207, 0x41e7, 0x41e7, 0x4207, 0x4207, 0x41e7, 0x4207, 0x4207, 0x4a27, 0x4a48, 0x4207, 0x5248, 
0x5aa9, 0x5aa9, 0x5a88, 0x39e6, 0x3184, 0x3184, 0x3184, 0x3184, 0x3983, 0x3184, 0x3184, 0x3184, 0x3184, 0x39a5, 0x41e7, 0x4208, 
0x4a48, 0x4a48, 0x4228, 0x4207, 0x4207, 0x4207, 0x39e7, 0x39e7, 0x39e7, 0x41e6, 0x39c6, 0x39a6, 0x41e6, 0x39c6, 0x39a6, 0x39c6, 
0x4207, 0x4207, 0x41e7, 0x41e7, 0x4207, 0x4207, 0x41e7, 0x41e7, 0x41e7, 0x4227, 0x41e7, 0x39e7, 0x41e7, 0x4207, 0x4207, 0x4207, 
0x4207, 0x4a28, 0x4207, 0x4207, 0x4207, 0x41e7, 0x4207, 0x4207, 0x4207, 0x4207, 0x4207, 0x39c6, 0x39c6, 0x39c6, 0x39c6, 0x39c6, 
0x3986, 0x3986, 0x3986, 0x41c6, 0x4206, 0x41e6, 0x4207, 0x4227, 0x4207, 0x4227, 0x4a28, 0x4207, 0x4207, 0x4a28, 0x4a28, 0x4207, 
0x4228, 0x4207, 0x4207, 0x4207, 0x4207, 0x4a28, 0x4a48, 0x4a28, 0x4227, 0x41c6, 0x39c6, 0x39e6, 0x39e6, 0x39e6, 0x39e6, 0x41e7, 
0x41e7, 0x39e7, 0x41e7, 0x41e7, 0x41e7, 0x4207, 0x41e7, 0x41e7, 0x4207, 0x4207, 0x41e7, 0x41e7, 0x41e7, 0x4207, 0x4207, 0x4207, 
0x4a27, 0x4a48, 0x5288, 0x62ea, 0x5288, 0x4207, 0x41e6, 0x39c6, 0x39c6, 0x39c6, 0x39a6, 0x31a6, 0x31a6, 0x39a6, 0x41c6, 0x41e7, 
0x39e7, 0x39c6, 0x39c6, 0x39c6, 0x39c6, 0x39c6, 0x39c6, 0x39c6, 0x41c6, 0x5268, 0x5268, 0x4227, 0x41e7, 0x41e7, 0x41e7, 0x4207, 
0x4207, 0x4207, 0x4207, 0x41e7, 0x39a5, 0x3185, 0x3185, 0x3185, 0x3185, 0x3185, 0x3185, 0x3185, 0x39a6, 0x39e7, 0x39c6, 0x39e6, 
0x41e7, 0x39e6, 0x39e6, 0x39c6, 0x39c6, 0x41c6, 0x39c6, 0x39c6, 0x39a6, 0x39c6, 0x39c6, 0x39c6, 0x39c6, 0x39c6, 0x39c6, 0x39c6, 
0x39c6, 0x39c6, 0x39c6, 0x39c6, 0x39c6, 0x39c6, 0x39c6, 0x39c6, 0x39c6, 0x39c6, 0x39c6, 0x39c6, 0x39c6, 0x39c6, 0x39e6, 0x39e7, 
0x39c6, 0x39e6, 0x39c6, 0x39c6, 0x39c6, 0x39c6, 0x39e6, 0x41e6, 0x41e6, 0x41e7, 0x41e6, 0x39e6, 0x39c6, 0x39e7, 0x41e6, 0x39c6, 
0x39e7, 0x39e7, 0x41e7, 0x39e6, 0x41e6, 0x41e7, 0x41e7, 0x41e7, 0x41e7, 0x41e7, 0x4207, 0x4207, 0x41e7, 0x4207, 0x4207, 0x41e7, 
0x4207, 0x41e7, 0x41e7, 0x41e7, 0x41e7, 0x4207, 0x41e6, 0x4207, 0x41e7, 0x41e7, 0x4207, 0x4207, 0x4207, 0x4a27, 0x4a27, 0x4a27, 
0x5aca, 0x630b, 0x5288, 0x39c5, 0x3184, 0x3163, 0x3163, 0x3143, 0x3143, 0x3163, 0x3184, 0x3184, 0x3184, 0x3184, 0x39a4, 0x4207, 
0x4a68, 0x5268, 0x4a28, 0x4207, 0x41e7, 0x4207, 0x41e7, 0x39e7, 0x39e7, 0x39c6, 0x39c6, 0x39c6, 0x39c6, 0x39c6, 0x41e6, 0x39c6, 
0x41e6, 0x4207, 0x4207, 0x41e7, 0x4207, 0x4207, 0x4227, 0x4207, 0x4207, 0x4207, 0x4207, 0x4207, 0x4207, 0x4207, 0x4207, 0x4207, 
0x4207, 0x4227, 0x4207, 0x4207, 0x4207, 0x4207, 0x4207, 0x4207, 0x4207, 0x4207, 0x4207, 0x39c6, 0x39c6, 0x39c6, 0x39c6, 0x39c6, 
0x3986, 0x3986, 0x3986, 0x39a6, 0x39a6, 0x39a6, 0x4206, 0x4207, 0x4207, 0x4227, 0x4a28, 0x4207, 0x4228, 0x4a48, 0x4a28, 0x4228, 
0x4207, 0x4207, 0x4207, 0x4207, 0x4207, 0x4227, 0x4a48, 0x4a48, 0x41e6, 0x41e7, 0x41e7, 0x41e7, 0x39e7, 0x39c6, 0x39c6, 0x41e6, 
0x39e7, 0x41e7, 0x41e7, 0x41e7, 0x4207, 0x4207, 0x39e7, 0x4207, 0x4207, 0x41e7, 0x41e7, 0x41e7, 0x41e7, 0x4207, 0x4207, 0x4207, 
0x4a27, 0x5268, 0x5aa9, 0x5aa9, 0x4a47, 0x41e6, 0x39c6, 0x39c6, 0x39a6, 0x39c6, 0x39a6, 0x39a6, 0x39a6, 0x39c6, 0x41e6, 0x41e7, 
0x39c7, 0x39c6, 0x39c6, 0x39c6, 0x39c6, 0x39c6, 0x39c6, 0x39c6, 0x39c6, 0x5268, 0x5289, 0x4207, 0x41e7, 0x41e7, 0x41e7, 0x4207, 
0x4207, 0x4207, 0x4207, 0x41e7, 0x39a5, 0x3185, 0x3185, 0x3185, 0x3185, 0x3185, 0x3185, 0x3185, 0x39c6, 0x41e7, 0x39c6, 0x39e6, 
0x39e7, 0x39e6, 0x41e6, 0x41e7, 0x39c6, 0x39c6, 0x39c6, 0x39c6, 0x39e6, 0x39c6, 0x39c6, 0x39e6, 0x39c6, 0x39c6, 0x39c6, 0x39c6, 
0x39e6, 0x39c6, 0x39e6, 0x41c6, 0x39c6, 0x39c6, 0x39c6, 0x39c6, 0x39c6, 0x39c6, 0x41e6, 0x39e6, 0x41e6, 0x41e7, 0x39c6, 0x39c6, 
0x39c6, 0x39c6, 0x39e6, 0x39c6, 0x39e6, 0x41e6, 0x39e6, 0x39e6, 0x41e6, 0x4207, 0x41e6, 0x39c6, 0x39c6, 0x39e6, 0x39c6, 0x39c6, 
0x39e6, 0x39e6, 0x39c6, 0x41e7, 0x41e6, 0x39c6, 0x39c6, 0x41e7, 0x41e7, 0x41e6, 0x41e7, 0x4207, 0x4207, 0x41e7, 0x41e7, 0x41e7, 
0x41e7, 0x41e7, 0x41e7, 0x41e7, 0x4207, 0x41e7, 0x4206, 0x4206, 0x41e6, 0x4207, 0x4a27, 0x4a27, 0x4207, 0x4207, 0x4a47, 0x5268, 
0x5aea, 0x5aa9, 0x5268, 0x39a5, 0x3163, 0x3143, 0x3143, 0x3143, 0x3143, 0x3143, 0x3163, 0x3184, 0x3184, 0x3184, 0x3184, 0x39a5, 
0x4a28, 0x4a28, 0x4a48, 0x4a28, 0x4207, 0x41e7, 0x4207, 0x4207, 0x39e7, 0x39c7, 0x39c6, 0x39e6, 0x39c6, 0x4207, 0x4a27, 0x41e7, 
0x39c6, 0x41e6, 0x4a27, 0x4207, 0x4207, 0x4207, 0x4207, 0x41e7, 0x4207, 0x4207, 0x4207, 0x4207, 0x4207, 0x4207, 0x4227, 0x4207, 
0x4207, 0x4207, 0x4207, 0x4207, 0x4207, 0x4207, 0x4207, 0x4207, 0x41e7, 0x41e7, 0x4207, 0x39c6, 0x39c6, 0x39c6, 0x39c6, 0x39c6, 
0x3986, 0x3986, 0x3986, 0x3986, 0x3986, 0x3986, 0x39a6, 0x4207, 0x4207, 0x4a27, 0x4227, 0x4228, 0x4207, 0x4228, 0x4a48, 0x4227, 
0x4207, 0x4a28, 0x4a28, 0x4227, 0x4a48, 0x4228, 0x4a48, 0x4a27, 0x41e6, 0x41e7, 0x4207, 0x4207, 0x39e7, 0x39c6, 0x41e6, 0x39e6, 
0x41e7, 0x41e7, 0x41e7, 0x39e7, 0x41e7, 0x41e7, 0x41e7, 0x4207, 0x4207, 0x41e7, 0x4207, 0x4207, 0x4207, 0x41e7, 0x41e7, 0x4207, 
0x4227, 0x52a9, 0x5aca, 0x5268, 0x4207, 0x4207, 0x41e6, 0x39c6, 0x41e6, 0x41c6, 0x39a6, 0x39a6, 0x39a6, 0x39a6, 0x41e6, 0x41e7, 
0x41c7, 0x39c6, 0x39c6, 0x39c6, 0x39c6, 0x39c6, 0x39c6, 0x39c6, 0x39c6, 0x4a27, 0x5268, 0x4207, 0x39e7, 0x39e7, 0x39e7, 0x41e7, 
0x4207, 0x4207, 0x4207, 0x41e7, 0x39a5, 0x3185, 0x3185, 0x3185, 0x3185, 0x3185, 0x3185, 0x3185, 0x39a6, 0x4207, 0x41e7, 0x39e6, 
0x39e6, 0x41e7, 0x41e7, 0x41e7, 0x41e7, 0x39c6, 0x39c6, 0x39c6, 0x39c6, 0x41e6, 0x41e6, 0x39e6, 0x39e6, 0x41e7, 0x39c6, 0x39c6, 
0x39c6, 0x39c6, 0x39c6, 0x39c6, 0x39c6, 0x39c6, 0x39c6, 0x39c6, 0x39c6, 0x39c6, 0x39c6, 0x39c6, 0x39c6, 0x39e6, 0x39e7, 0x39c6, 
0x39c6, 0x39c6, 0x39c6, 0x39c6, 0x39e6, 0x39c6, 0x39c6, 0x39c6, 0x39c6, 0x41e6, 0x39c6, 0x39c6, 0x39c6, 0x39c6, 0x39c6, 0x41e6, 
0x39e6, 0x39c6, 0x39c6, 0x39c6, 0x39c6, 0x41e6, 0x41e6, 0x41e7, 0x41e6, 0x41e7, 0x39e6, 0x41e6, 0x41e7, 0x4207, 0x41e6, 0x41e7, 
0x4207, 0x41e7, 0x41e7, 0x41e7, 0x41e7, 0x4207, 0x4207, 0x4207, 0x4207, 0x4206, 0x4a07, 0x41e6, 0x41c6, 0x41c6, 0x4a27, 0x5247, 
0x4a48, 0x4a48, 0x49e5, 0x3963, 0x3143, 0x3143, 0x3143, 0x3143, 0x3143, 0x3143, 0x3143, 0x3163, 0x3184, 0x3184, 0x3184, 0x3984, 
0x41e6, 0x4228, 0x4228, 0x4a48, 0x4a48, 0x4207, 0x4207, 0x4207, 0x41e7, 0x41e7, 0x39e6, 0x39c6, 0x41e6, 0x4207, 0x4207, 0x41e6, 
0x39c6, 0x39c6, 0x41e6, 0x4207, 0x4a27, 0x4a27, 0x4207, 0x41e7, 0x41e7, 0x41e7, 0x41e7, 0x41e7, 0x4207, 0x4207, 0x4207, 0x4207, 
0x41e7, 0x4207, 0x4207, 0x4207, 0x4207, 0x4207, 0x41e7, 0x4207, 0x4207, 0x4207, 0x41e7, 0x39e7, 0x39c6, 0x39c6, 0x39c6, 0x39c6, 
0x3986, 0x3986, 0x3986, 0x3986, 0x3986, 0x3986, 0x39a6, 0x41e6, 0x4207, 0x4207, 0x4207, 0x4227, 0x4228, 0x4228, 0x4a48, 0x4a28, 
0x4228, 0x4228, 0x4a28, 0x4a28, 0x4a48, 0x4228, 0x4a28, 0x4207, 0x41e7, 0x41e7, 0x4207, 0x41e7, 0x41e7, 0x41e7, 0x39e6, 0x41e7, 
0x4207, 0x39e7, 0x39e7, 0x39e7, 0x41e7, 0x4207, 0x4207, 0x4207, 0x41e7, 0x41e7, 0x41e7, 0x4207, 0x4207, 0x4207, 0x41e7, 0x4207, 
0x4207, 0x5289, 0x5aa9, 0x5248, 0x4a27, 0x4207, 0x39c6, 0x39c6, 0x39c6, 0x39a6, 0x39a6, 0x39c6, 0x39a6, 0x39c6, 0x41e7, 0x41e6, 
0x39c6, 0x39c6, 0x39c6, 0x39c6, 0x39c6, 0x39c6, 0x39c6, 0x39c6, 0x39c6, 0x41e7, 0x4a68, 0x4a48, 0x41e7, 0x39c6, 0x39e7, 0x39e7, 
0x41e7, 0x4207, 0x4207, 0x4207, 0x39a5, 0x3185, 0x3185, 0x3185, 0x3185, 0x3185, 0x3185, 0x3185, 0x39a5, 0x39e7, 0x39e7, 0x41e7, 
0x39e7, 0x41e6, 0x4207, 0x4207, 0x39e6, 0x39c6, 0x39c6, 0x39e6, 0x39c6, 0x39c6, 0x39c6, 0x39c6, 0x39e6, 0x39c6, 0x39c6, 0x39e6, 
0x39c6, 0x39c6, 0x41c6, 0x39c6, 0x39c6, 0x39c6, 0x39c6, 0x39c6, 0x39c6, 0x39c6, 0x39c6, 0x39c6, 0x39c6, 0x39c6, 0x39c6, 0x39c6, 
0x39c6, 0x39e6, 0x39c6, 0x39c6, 0x39c6, 0x39c6, 0x39c6, 0x39a6, 0x39c6, 0x41e6, 0x41e6, 0x39e6, 0x39c6, 0x39c6, 0x39c6, 0x39c6, 
0x39c6, 0x41c6, 0x39c6, 0x39e6, 0x39c6, 0x39c6, 0x41e6, 0x4207, 0x39e6, 0x41e6, 0x41e6, 0x41e6, 0x39e6, 0x41e6, 0x41e7, 0x41e6, 
0x41e7, 0x39e7, 0x41e7, 0x4207, 0x41e7, 0x41e7, 0x4207, 0x41e6, 0x4a27, 0x4a06, 0x4a27, 0x41e7, 0x39a5, 0x3985, 0x4206, 0x4a27, 
0x5247, 0x4207, 0x4143, 0x3943, 0x3143, 0x3143, 0x3143, 0x3143, 0x3143, 0x3143, 0x3143, 0x3143, 0x3163, 0x3184, 0x3184, 0x3184, 
0x39a5, 0x4207, 0x4a28, 0x4a48, 0x4a48, 0x4228, 0x4207, 0x4207, 0x39e7, 0x41e7, 0x39e7, 0x39e6, 0x41e7, 0x41e6, 0x41e6, 0x39c6, 
0x39c6, 0x39c6, 0x41c6, 0x39e6, 0x4207, 0x4a27, 0x4207, 0x4207, 0x41e7, 0x4207, 0x4207, 0x41e7, 0x4207, 0x4207, 0x4207, 0x4207, 
0x4207, 0x4207, 0x4207, 0x4207, 0x4207, 0x4207, 0x4207, 0x4207, 0x41e7, 0x41e7, 0x4207, 0x41e7, 0x39c6, 0x39c6, 0x39c6, 0x39c6, 
0x3986, 0x3986, 0x3986, 0x3986, 0x3986, 0x3986, 0x39a6, 0x41e6, 0x4207, 0x4207, 0x4207, 0x4207, 0x4228, 0x4a68, 0x4a68, 0x4a48, 
0x4a28, 0x4a48, 0x4a48, 0x4a48, 0x4228, 0x4a28, 0x4a48, 0x39e6, 0x41e7, 0x41e7, 0x39e7, 0x4207, 0x41e7, 0x41e7, 0x41e7, 0x39e7, 
0x41e7, 0x41e7, 0x39e7, 0x41e7, 0x41e7, 0x41e7, 0x4207, 0x41e7, 0x41e7, 0x41e7, 0x4207, 0x4207, 0x4207, 0x4207, 0x4207, 0x4207, 
0x4a48, 0x5ac9, 0x5288, 0x4a27, 0x41e6, 0x39c6, 0x39c6, 0x39c6, 0x39c6, 0x39a6, 0x39a6, 0x39c6, 0x39c6, 0x39c6, 0x41e7, 0x41e6, 
0x41e7, 0x39c6, 0x39c6, 0x39c6, 0x39a6, 0x39a6, 0x39c6, 0x39c6, 0x39c6, 0x39c6, 0x4227, 0x5289, 0x4227, 0x41e7, 0x4207, 0x41e7, 
0x41e7, 0x4207, 0x4207, 0x41e7, 0x39a5, 0x3185, 0x3185, 0x3185, 0x3185, 0x3185, 0x3185, 0x3185, 0x39a5, 0x39e7, 0x39e7, 0x41e7, 
0x41e7, 0x39e7, 0x39e7, 0x39e6, 0x39c6, 0x39c6, 0x39c6, 0x39c6, 0x39c6, 0x39c6, 0x41e6, 0x41e6, 0x39c6, 0x39a6, 0x39c6, 0x39c6, 
0x39c6, 0x39c6, 0x39c6, 0x39e6, 0x39c6, 0x39c6, 0x39c6, 0x39c6, 0x39c6, 0x39c6, 0x39c6, 0x39a6, 0x39c6, 0x39c6, 0x39a6, 0x39c6, 
0x39c6, 0x39c6, 0x39c6, 0x39c6, 0x39c6, 0x39c6, 0x41e6, 0x39c6, 0x41e6, 0x41e6, 0x39c6, 0x39a6, 0x39a6, 0x39a6, 0x39c6, 0x39c6, 
0x39c6, 0x39c6, 0x39c6, 0x39c6, 0x39c6, 0x39c6, 0x41c6, 0x39c6, 0x39c6, 0x41e6, 0x41e6, 0x39c6, 0x41e6, 0x41e6, 0x4a27, 0x4227, 
0x41e7, 0x4207, 0x4207, 0x4227, 0x4207, 0x4207, 0x4a47, 0x4207, 0x4207, 0x41e6, 0x4227, 0x4a48, 0x41c6, 0x4a06, 0x4a48, 0x5a88, 
0x5aa9, 0x5227, 0x4164, 0x3943, 0x3143, 0x3143, 0x3143, 0x3143, 0x3143, 0x3143, 0x3143, 0x3143, 0x3984, 0x3984, 0x3184, 0x3184, 
0x3184, 0x39c5, 0x4228, 0x4a28, 0x4a48, 0x4a68, 0x4228, 0x4207, 0x4207, 0x39e7, 0x39e7, 0x41e7, 0x41e7, 0x41e7, 0x39c6, 0x41e6, 
0x39e6, 0x39c6, 0x39c6, 0x39a6, 0x41e6, 0x4207, 0x4a27, 0x4207, 0x4207, 0x4207, 0x4207, 0x41e7, 0x41e7, 0x4207, 0x4208, 0x4207, 
0x4207, 0x41e7, 0x4207, 0x4207, 0x4207, 0x41e7, 0x4207, 0x4207, 0x39e7, 0x41e7, 0x4207, 0x4207, 0x39c6, 0x39c6, 0x39c6, 0x39c6, 
0x3986, 0x3986, 0x3986, 0x3986, 0x3986, 0x3986, 0x39a6, 0x41e6, 0x4207, 0x4207, 0x4207, 0x4207, 0x4a28, 0x5268, 0x4a48, 0x4a28, 
0x4228, 0x4a48, 0x5268, 0x4a68, 0x4a48, 0x5268, 0x4207, 0x41e7, 0x39e7, 0x4207, 0x41e7, 0x41e7, 0x4207, 0x41e7, 0x4207, 0x39e7, 
0x39e7, 0x4207, 0x39e7, 0x4a28, 0x4207, 0x41e7, 0x4207, 0x41e7, 0x41e7, 0x41e7, 0x41e7, 0x41e7, 0x41e7, 0x41e7, 0x4207, 0x4207, 
0x5aa9, 0x5aa9, 0x4a47, 0x41e6, 0x39c6, 0x39a6, 0x39c6, 0x39c6, 0x41c6, 0x39a6, 0x39a6, 0x39c6, 0x39c6, 0x39c6, 0x41e6, 0x41e7, 
0x39c6, 0x39c6, 0x39c6, 0x39a6, 0x39a6, 0x39a6, 0x39a6, 0x39c6, 0x39c6, 0x39c6, 0x41e7, 0x5289, 0x4a48, 0x41e7, 0x41e7, 0x39e7, 
0x41e7, 0x4207, 0x4207, 0x41c6, 0x39a5, 0x3185, 0x3185, 0x3185, 0x3185, 0x3185, 0x3185, 0x3185, 0x3985, 0x41e6, 0x41e7, 0x41e7, 
0x41e7, 0x4207, 0x41e7, 0x39e6, 0x39c6, 0x39c6, 0x39c6, 0x39c6, 0x39c6, 0x39c6, 0x39c6, 0x39c6, 0x39c6, 0x39c6, 0x39c6, 0x39c6, 
0x39c6, 0x39c6, 0x39a6, 0x39c6, 0x39c6, 0x39c6, 0x39a6, 0x39c6, 0x39c6, 0x39c6, 0x39c6, 0x39a6, 0x39a6, 0x39a6, 0x39a6, 0x39a6, 
0x39a6, 0x39c6, 0x39c6, 0x39c6, 0x41e6, 0x39c6, 0x39c6, 0x39c6, 0x39c6, 0x39c6, 0x39c6, 0x39a6, 0x39c6, 0x39c6, 0x39c6, 0x39c6, 
0x39c6, 0x39c6, 0x39c6, 0x39c6, 0x39c6, 0x39e6, 0x41e6, 0x41e6, 0x39e6, 0x41e6, 0x4a27, 0x4a27, 0x4207, 0x4227, 0x4a27, 0x4207, 
0x4a27, 0x4227, 0x4227, 0x4207, 0x4207, 0x4207, 0x4207, 0x4207, 0x4207, 0x41e7, 0x4a27, 0x4a27, 0x41e6, 0x52a9, 0x5288, 0x5aa9, 
0x5aa9, 0x5a88, 0x4184, 0x3943, 0x3143, 0x3143, 0x3143, 0x3163, 0x3985, 0x3985, 0x3985, 0x39a5, 0x4a27, 0x4a27, 0x39a4, 0x3184, 
0x3184, 0x3184, 0x39c5, 0x4228, 0x4a48, 0x4a48, 0x4228, 0x4228, 0x4227, 0x39e7, 0x39c6, 0x41e7, 0x41e6, 0x39e6, 0x41e6, 0x4207, 
0x41e6, 0x39c6, 0x41c6, 0x39c6, 0x39c6, 0x41e7, 0x4207, 0x4227, 0x4a27, 0x4227, 0x4207, 0x4207, 0x4207, 0x4207, 0x4207, 0x4207, 
0x41e7, 0x4207, 0x4207, 0x4207, 0x4207, 0x4207, 0x4207, 0x4207, 0x41e7, 0x39e7, 0x4207, 0x41e7, 0x39c6, 0x39c6, 0x39c6, 0x39c6, 
0x3986, 0x3986, 0x3986, 0x3986, 0x3986, 0x3986, 0x39a6, 0x41e6, 0x4207, 0x4207, 0x4207, 0x4207, 0x4207, 0x4a28, 0x4227, 0x4207, 
0x4207, 0x5268, 0x5288, 0x4a68, 0x5269, 0x4a48, 0x4207, 0x4207, 0x4228, 0x4207, 0x4207, 0x4207, 0x4207, 0x41e7, 0x41e7, 0x41e7, 
0x4207, 0x41e7, 0x41e7, 0x4207, 0x4207, 0x4207, 0x41e7, 0x41e7, 0x41e7, 0x41e7, 0x41e7, 0x41e7, 0x41e7, 0x41e7, 0x4207, 0x4a48, 
0x5289, 0x4a48, 0x4207, 0x41c6, 0x39c6, 0x39c6, 0x39c6, 0x39c6, 0x39a6, 0x39a6, 0x39c6, 0x39c6, 0x41e6, 0x41e6, 0x41e7, 0x41e7, 
0x39c6, 0x39a6, 0x39a6, 0x39a6, 0x39a6, 0x39a6, 0x39a6, 0x39a6, 0x39c6, 0x39c6, 0x39c6, 0x5268, 0x4a48, 0x39c6, 0x41e7, 0x39c6, 
0x39e7, 0x41e7, 0x4207, 0x41c6, 0x3185, 0x3185, 0x3185, 0x3185, 0x3185, 0x3185, 0x3185, 0x3185, 0x3185, 0x39c6, 0x41e7, 0x39e7, 
0x41e7, 0x39e7, 0x39e7, 0x39e7, 0x41c6, 0x39c6, 0x39c6, 0x41e6, 0x39c6, 0x39c6, 0x39c6, 0x39c6, 0x39c6, 0x39c6, 0x39c6, 0x39c6, 
0x39a6, 0x39a6, 0x39a6, 0x39a6, 0x39c6, 0x39a6, 0x39a6, 0x39a6, 0x39a6, 0x39c6, 0x39c6, 0x39c6, 0x31a6, 0x31a6, 0x39a6, 0x39c6, 
0x39c6, 0x39a6, 0x39a6, 0x39c6, 0x41e6, 0x39c6, 0x39c6, 0x39a6, 0x39c6, 0x39c6, 0x39a6, 0x39a6, 0x39c6, 0x39a6, 0x39a6, 0x39c6, 
0x39c6, 0x39c6, 0x39c6, 0x39c6, 0x41e6, 0x4206, 0x4207, 0x4a27, 0x4a27, 0x4207, 0x4a27, 0x4a27, 0x4a27, 0x4a27, 0x4207, 0x41e7, 
0x4207, 0x4207, 0x4207, 0x4207, 0x41e7, 0x41e7, 0x4207, 0x4207, 0x4207, 0x4207, 0x4207, 0x4207, 0x4a06, 0x5aa8, 0x5247, 0x4a48, 
0x4a47, 0x4a06, 0x4163, 0x3943, 0x3143, 0x3143, 0x3984, 0x39c6, 0x39c7, 0x39c7, 0x39c7, 0x39c7, 0x4a27, 0x5248, 0x4207, 0x39a4, 
0x3184, 0x3184, 0x3184, 0x41e6, 0x4a28, 0x4228, 0x4228, 0x4208, 0x4207, 0x41e7, 0x39e7, 0x41e7, 0x39c6, 0x39c6, 0x39c6, 0x41e6, 
0x39e6, 0x39c6, 0x39c6, 0x39c6, 0x39c6, 0x41e6, 0x41e7, 0x4a27, 0x4a48, 0x4a28, 0x4207, 0x4207, 0x4207, 0x4228, 0x4207, 0x4207, 
0x4207, 0x4207, 0x4207, 0x4207, 0x4207, 0x4207, 0x4207, 0x41e7, 0x41e7, 0x4207, 0x4207, 0x41e7, 0x39c6, 0x39c6, 0x39c6, 0x39c6, 
0x3986, 0x3986, 0x3986, 0x3986, 0x3986, 0x3986, 0x3986, 0x39a6, 0x41e6, 0x4207, 0x4207, 0x4207, 0x4207, 0x4228, 0x4227, 0x4a28, 
0x4a48, 0x5289, 0x5268, 0x5289, 0x4a48, 0x41e7, 0x4207, 0x41e7, 0x4a27, 0x4207, 0x4208, 0x4228, 0x4207, 0x4207, 0x4207, 0x41e7, 
0x41e7, 0x41e7, 0x41e7, 0x39e7, 0x4207, 0x4a27, 0x4207, 0x4207, 0x4207, 0x41e7, 0x41e7, 0x39e7, 0x39e6, 0x41e7, 0x4a27, 0x5268, 
0x5268, 0x4206, 0x39c6, 0x39c6, 0x39a6, 0x39a6, 0x39c6, 0x39c6, 0x39c6, 0x39a6, 0x39a6, 0x39c6, 0x41e7, 0x41e7, 0x41e7, 0x41e6, 
0x39e6, 0x39a6, 0x39a6, 0x39a6, 0x39a6, 0x39a6, 0x39a6, 0x39a6, 0x39c6, 0x39c6, 0x39c6, 0x4a48, 0x5289, 0x39e6, 0x39e6, 0x41c6, 
0x41e7, 0x41e7, 0x4207, 0x41c6, 0x3185, 0x3185, 0x3185, 0x3185, 0x3185, 0x3185, 0x3185, 0x3185, 0x3185, 0x3185, 0x39c6, 0x39e7, 
0x41e7, 0x39e7, 0x39e6, 0x39c6, 0x39e7, 0x39e6, 0x39c6, 0x39c6, 0x39c6, 0x39c6, 0x39c6, 0x39c6, 0x39a6, 0x39a6, 0x31a6, 0x39a6, 
0x39c6, 0x39a6, 0x39c6, 0x39a6, 0x39c6, 0x39c6, 0x39a6, 0x39c6, 0x39c6, 0x39c6, 0x39a6, 0x39a6, 0x39a6, 0x39a6, 0x39a6, 0x39a5, 
0x39c6, 0x3185, 0x39a5, 0x39c6, 0x41e6, 0x39a6, 0x31a5, 0x39a6, 0x39a6, 0x39a6, 0x39a6, 0x39a6, 0x39c6, 0x39c6, 0x39c6, 0x41e6, 
0x39c6, 0x41e6, 0x4206, 0x41e6, 0x4a27, 0x4207, 0x4207, 0x4a27, 0x4207, 0x41e6, 0x4207, 0x4a27, 0x4207, 0x4207, 0x41e7, 0x4207, 
0x41e7, 0x41e7, 0x41e7, 0x41e7, 0x41e6, 0x41e7, 0x4207, 0x41e6, 0x41e7, 0x4207, 0x4227, 0x41e6, 0x4a27, 0x5247, 0x4a27, 0x4a28, 
0x4a27, 0x5226, 0x3943, 0x3943, 0x3143, 0x3163, 0x39c6, 0x39e7, 0x39c6, 0x39c6, 0x39c6, 0x39c7, 0x4a27, 0x5248, 0x4207, 0x41e6, 
0x3184, 0x3184, 0x3184, 0x39a5, 0x4228, 0x4208, 0x4228, 0x4207, 0x4207, 0x4207, 0x39e7, 0x41e7, 0x39e7, 0x39c6, 0x39c6, 0x39c6, 
0x39c6, 0x39c6, 0x39c6, 0x39c6, 0x39c6, 0x39c6, 0x39c6, 0x4207, 0x4a28, 0x4227, 0x4207, 0x4207, 0x4207, 0x4207, 0x4207, 0x4207, 
0x4207, 0x4207, 0x4207, 0x4207, 0x41e7, 0x4207, 0x4207, 0x4207, 0x41e7, 0x4207, 0x41e7, 0x39c6, 0x39c6, 0x39c6, 0x39c6, 0x39c6, 
0x3985, 0x3985, 0x3985, 0x3985, 0x3985, 0x3985, 0x3985, 0x3985, 0x39a6, 0x41c6, 0x41e6, 0x4207, 0x4a28, 0x4a27, 0x4208, 0x4a48, 
0x5288, 0x5268, 0x52a9, 0x4a68, 0x41e7, 0x41e7, 0x4a27, 0x4207, 0x4207, 0x4208, 0x4208, 0x4208, 0x4207, 0x4207, 0x4207, 0x4207, 
0x39e7, 0x41e7, 0x41e7, 0x4207, 0x4207, 0x4227, 0x4207, 0x41e7, 0x4207, 0x4207, 0x41e7, 0x41e7, 0x41e6, 0x4a27, 0x5289, 0x5aa9, 
0x5247, 0x4206, 0x41c6, 0x39a6, 0x39a5, 0x39a5, 0x39c6, 0x39c6, 0x39a6, 0x39a6, 0x39a6, 0x39c6, 0x41e6, 0x41e6, 0x39e7, 0x41e6, 
0x39c6, 0x39a6, 0x39a6, 0x39a6, 0x39a6, 0x39a6, 0x39a6, 0x39a6, 0x39c6, 0x39c6, 0x39c6, 0x4a48, 0x5289, 0x41e7, 0x39e6, 0x41e6, 
0x41e7, 0x4207, 0x4207, 0x41c6, 0x3185, 0x3185, 0x3185, 0x3185, 0x3185, 0x3185, 0x3185, 0x3185, 0x3185, 0x3185, 0x3185, 0x39c6, 
0x41e7, 0x41e7, 0x39e7, 0x39c6, 0x39e6, 0x39c6, 0x39e6, 0x39c6, 0x39c6, 0x39a6, 0x39a6, 0x39c6, 0x39a6, 0x39a6, 0x39a6, 0x39a6, 
0x39c6, 0x39c6, 0x39a6, 0x39c6, 0x39a6, 0x39a6, 0x39c6, 0x4207, 0x4206, 0x39c6, 0x39a6, 0x39a5, 0x39a6, 0x39a6, 0x39a6, 0x39a6, 
0x39a5, 0x3185, 0x3985, 0x39c6, 0x41c6, 0x39c6, 0x39a6, 0x39a5, 0x39a5, 0x39a6, 0x39c6, 0x39c6, 0x39c6, 0x41e6, 0x4206, 0x4206, 
0x41e6, 0x4207, 0x4a27, 0x4a27, 0x4207, 0x41e7, 0x41e7, 0x4207, 0x4207, 0x41e6, 0x41e7, 0x4207, 0x4207, 0x41e6, 0x41e7, 0x41e7, 
0x41e7, 0x41e7, 0x41e7, 0x41e6, 0x41e7, 0x41e7, 0x4207, 0x41e7, 0x41e7, 0x4207, 0x4207, 0x41e6, 0x4207, 0x4a27, 0x4a27, 0x4a27, 
0x4a07, 0x49e5, 0x3943, 0x3143, 0x3143, 0x3984, 0x39e7, 0x39e7, 0x39e7, 0x39c6, 0x39c6, 0x39c7, 0x4a27, 0x5248, 0x4207, 0x41e6, 
0x39c5, 0x3184, 0x3184, 0x3984, 0x41e7, 0x4228, 0x4208, 0x4207, 0x4207, 0x4207, 0x41e7, 0x39e7, 0x41e7, 0x4207, 0x41e7, 0x39c6, 
0x39c6, 0x39c6, 0x39a6, 0x39c6, 0x39c6, 0x39c6, 0x39c6, 0x41e6, 0x4207, 0x4228, 0x4207, 0x4207, 0x4207, 0x4207, 0x4207, 0x4207, 
0x4207, 0x4227, 0x4207, 0x4207, 0x4207, 0x4207, 0x4207, 0x4207, 0x4207, 0x4228, 0x39e7, 0x39c6, 0x39c6, 0x39c6, 0x39c6, 0x39c6, 
0x3144, 0x3144, 0x3144, 0x3144, 0x3144, 0x3144, 0x3144, 0x3144, 0x3144, 0x3164, 0x39a5, 0x39e6, 0x4207, 0x4a27, 0x4a48, 0x4a48, 
0x5268, 0x4a68, 0x4a48, 0x4207, 0x4207, 0x4207, 0x4207, 0x4207, 0x4207, 0x4208, 0x4228, 0x4228, 0x4207, 0x4a28, 0x4228, 0x4207, 
0x41e7, 0x41e7, 0x39e7, 0x4207, 0x4207, 0x39e6, 0x41e7, 0x39e6, 0x39e7, 0x41e7, 0x41e7, 0x41e6, 0x41e7, 0x5268, 0x5aa9, 0x5268, 
0x4a27, 0x41e6, 0x41e6, 0x39a6, 0x39a6, 0x3185, 0x39a5, 0x39a6, 0x39c6, 0x39a6, 0x39a6, 0x39c6, 0x39e7, 0x39e7, 0x41e7, 0x39c6, 
0x39c6, 0x39a6, 0x39a6, 0x39a6, 0x39a6, 0x39a6, 0x39a6, 0x39a6, 0x39c6, 0x39c6, 0x39c6, 0x4207, 0x5aa9, 0x4207, 0x39c6, 0x39e7, 
0x4207, 0x4207, 0x41e7, 0x39a6, 0x3185, 0x3185, 0x3185, 0x3185, 0x3185, 0x3185, 0x3185, 0x3185, 0x3185, 0x3185, 0x3185, 0x3185, 
0x39c6, 0x39e7, 0x39c6, 0x39e7, 0x39c6, 0x39c6, 0x39c6, 0x39c6, 0x39c6, 0x39c6, 0x39c6, 0x39c6, 0x41e7, 0x4207, 0x39c6, 0x39a6, 
0x39a6, 0x39a6, 0x31a6, 0x39a6, 0x39c6, 0x39a6, 0x39a6, 0x39c6, 0x39c6, 0x39c6, 0x39a6, 0x39a6, 0x39c6, 0x39a6, 0x39a6, 0x39a5, 
0x39a6, 0x39a6, 0x39a5, 0x39c6, 0x39c6, 0x39a6, 0x39a5, 0x39a6, 0x39c6, 0x39c6, 0x41e6, 0x41c6, 0x39a6, 0x39c6, 0x4206, 0x4a27, 
0x4227, 0x4227, 0x4207, 0x4a27, 0x4207, 0x41e6, 0x41e7, 0x41e7, 0x41e6, 0x41e6, 0x41e6, 0x4207, 0x4207, 0x4207, 0x4207, 0x4207, 
0x41e7, 0x4207, 0x39e7, 0x41e7, 0x41e6, 0x41e7, 0x4207, 0x41e7, 0x4207, 0x4207, 0x4207, 0x41e6, 0x4a07, 0x4a07, 0x41e6, 0x4a07, 
0x5227, 0x49c5, 0x3943, 0x3143, 0x3143, 0x39a5, 0x39e7, 0x39e7, 0x39e7, 0x39e7, 0x39c6, 0x39c7, 0x4a27, 0x5248, 0x4207, 0x41e6, 
0x41e7, 0x39a4, 0x3184, 0x3184, 0x39c5, 0x4207, 0x4207, 0x4228, 0x4207, 0x4207, 0x41e7, 0x41e7, 0x41e7, 0x41e7, 0x4207, 0x4207, 
0x39c6, 0x39c6, 0x39c6, 0x39c6, 0x39c6, 0x39c6, 0x39c6, 0x39e6, 0x39e7, 0x4207, 0x4228, 0x4207, 0x4207, 0x4207, 0x41e7, 0x4207, 
0x4207, 0x4207, 0x4207, 0x4207, 0x4207, 0x4207, 0x4207, 0x4207, 0x4228, 0x4228, 0x39e7, 0x39c6, 0x39c6, 0x39c6, 0x39c6, 0x39c6, 
0x3144, 0x3144, 0x3144, 0x3144, 0x3144, 0x3144, 0x3144, 0x3144, 0x3144, 0x3164, 0x3185, 0x41e6, 0x4228, 0x4227, 0x4a48, 0x4a68, 
0x4a48, 0x4a48, 0x4207, 0x41e6, 0x4207, 0x4207, 0x4207, 0x4207, 0x4207, 0x4207, 0x4227, 0x4207, 0x4207, 0x4207, 0x4a28, 0x4207, 
0x39c6, 0x39c6, 0x41e7, 0x4207, 0x41e7, 0x41e6, 0x39e6, 0x41e7, 0x39c6, 0x41e6, 0x41e7, 0x41e7, 0x4a27, 0x5aa9, 0x62c9, 0x4a27, 
0x41e6, 0x41c6, 0x39c6, 0x39c6, 0x39a6, 0x39a5, 0x39a5, 0x39a5, 0x39a5, 0x3986, 0x39c6, 0x39c6, 0x41e6, 0x41e7, 0x41e7, 0x39c6, 
0x39c6, 0x39a6, 0x39a6, 0x39a6, 0x39a6, 0x39a6, 0x39a6, 0x39a6, 0x39a6, 0x39c6, 0x39c6, 0x39c6, 0x4a48, 0x4a48, 0x41e7, 0x41e7, 
0x4207, 0x41e7, 0x41c6, 0x39a5, 0x3185, 0x3185, 0x3185, 0x3185, 0x3165, 0x3164, 0x3164, 0x3185, 0x3185, 0x3185, 0x3185, 0x3185, 
0x3185, 0x39c6, 0x41e6, 0x39e7, 0x39c6, 0x39c6, 0x39a6, 0x39c6, 0x39a6, 0x39c6, 0x39c6, 0x39a6, 0x39e6, 0x4207, 0x39e7, 0x39a6, 
0x39c6, 0x39a6, 0x39a6, 0x39a6, 0x39c6, 0x41e6, 0x39c6, 0x3185, 0x39a6, 0x39c6, 0x39a6, 0x39a6, 0x39a6, 0x39a6, 0x31a5, 0x39a5, 
0x39a5, 0x39a6, 0x39c6, 0x39a6, 0x39c6, 0x39a6, 0x39c5, 0x39c6, 0x3985, 0x39a5, 0x39c6, 0x39c6, 0x41e6, 0x4a07, 0x4a27, 0x4207, 
0x4207, 0x4a27, 0x4a27, 0x4207, 0x4206, 0x39c6, 0x39e6, 0x41e6, 0x4206, 0x41e6, 0x41e6, 0x39e6, 0x41e7, 0x41e7, 0x41e7, 0x41e7, 
0x4207, 0x41e7, 0x4207, 0x4207, 0x41e7, 0x4207, 0x4207, 0x4207, 0x4207, 0x41e7, 0x4207, 0x41e6, 0x4206, 0x4a07, 0x41c6, 0x4a07, 
0x5247, 0x41a4, 0x3143, 0x3143, 0x3964, 0x39c6, 0x39c7, 0x39e7, 0x39e7, 0x41e6, 0x39e7, 0x39c7, 0x4a07, 0x4a48, 0x4207, 0x41e6, 
0x41e7, 0x41e6, 0x39a4, 0x3184, 0x3984, 0x41e6, 0x4207, 0x4207, 0x4207, 0x4207, 0x4207, 0x39e7, 0x41e7, 0x39e7, 0x41e7, 0x4207, 
0x39c6, 0x41e7, 0x39e6, 0x39c6, 0x39c6, 0x39c6, 0x39c6, 0x39e6, 0x41e7, 0x41e7, 0x4207, 0x4a28, 0x4207, 0x4207, 0x4207, 0x4207, 
0x4207, 0x4207, 0x4207, 0x4228, 0x4207, 0x4207, 0x4207, 0x4228, 0x4a28, 0x4208, 0x39c7, 0x39c6, 0x39c6, 0x39c6, 0x39c6, 0x39c6, 
0x3144, 0x3144, 0x3144, 0x3144, 0x3144, 0x3144, 0x3144, 0x3144, 0x3144, 0x3144, 0x3144, 0x39c6, 0x4227, 0x4a27, 0x4a28, 0x4a48, 
0x4a28, 0x4207, 0x4207, 0x4207, 0x41e7, 0x41e7, 0x4207, 0x4207, 0x4207, 0x4207, 0x4207, 0x4207, 0x41e7, 0x41e7, 0x4207, 0x41e7, 
0x39c6, 0x39c6, 0x41e6, 0x41e6, 0x39c6, 0x41e7, 0x41e6, 0x41e6, 0x41e6, 0x41e7, 0x4207, 0x41e7, 0x4a48, 0x62ea, 0x5268, 0x41e6, 
0x41c6, 0x41e6, 0x39a5, 0x39a6, 0x39a5, 0x39a5, 0x39a5, 0x39a5, 0x39a5, 0x39a5, 0x39a6, 0x39c6, 0x41e7, 0x41e7, 0x41e7, 0x41e6, 
0x41e6, 0x39a6, 0x39a6, 0x39a6, 0x39a6, 0x39a6, 0x39a6, 0x39a6, 0x39a6, 0x39a6, 0x39c6, 0x39c6, 0x41c6, 0x4a27, 0x4207, 0x41e7, 
0x39e7, 0x39c6, 0x39a6, 0x39a5, 0x3185, 0x3185, 0x3185, 0x39a5, 0x3164, 0x3164, 0x3164, 0x3164, 0x3185, 0x3185, 0x3185, 0x3185, 
0x3185, 0x39a5, 0x39e6, 0x41e7, 0x39c6, 0x39c6, 0x39c6, 0x39c6, 0x39a6, 0x39e7, 0x4207, 0x39a6, 0x39a6, 0x39c6, 0x39c6, 0x39c6, 
0x39c6, 0x39a6, 0x39a6, 0x39a6, 0x39c6, 0x41e6, 0x39c6, 0x39a6, 0x39c6, 0x39a6, 0x39a6, 0x39c6, 0x39a6, 0x39a6, 0x39a5, 0x39a6, 
0x39c6, 0x39c6, 0x41e6, 0x39c6, 0x39c6, 0x39c6, 0x39c6, 0x39c6, 0x39a6, 0x39a5, 0x39a6, 0x41e6, 0x5248, 0x5268, 0x4a48, 0x4a27, 
0x4a27, 0x4a27, 0x4227, 0x41e6, 0x41e6, 0x41e6, 0x41e6, 0x4206, 0x41e6, 0x39e6, 0x41e6, 0x39e6, 0x39e6, 0x39c6, 0x41e7, 0x41e7, 
0x41e7, 0x4a27, 0x4207, 0x4207, 0x41e7, 0x41e7, 0x41e7, 0x41e7, 0x4207, 0x41e7, 0x4207, 0x41e6, 0x39a5, 0x39c6, 0x41c6, 0x4a07, 
0x41c5, 0x3963, 0x3143, 0x3143, 0x3985, 0x39c7, 0x39c6, 0x39c7, 0x41e6, 0x41e7, 0x39e7, 0x41e7, 0x4a28, 0x4207, 0x4227, 0x4a27, 
0x4206, 0x4206, 0x41e6, 0x39a4, 0x3184, 0x39a4, 0x4207, 0x4207, 0x4207, 0x4207, 0x4207, 0x4207, 0x41e7, 0x39e7, 0x41e7, 0x39c6, 
0x41e6, 0x41e7, 0x39e6, 0x41e6, 0x41c6, 0x39c6, 0x39c6, 0x41e6, 0x41e7, 0x4207, 0x4207, 0x4227, 0x4a28, 0x4228, 0x4207, 0x4207, 
0x4207, 0x4207, 0x4207, 0x4207, 0x4207, 0x4207, 0x4207, 0x4228, 0x4228, 0x4207, 0x41e7, 0x39c6, 0x39c6, 0x39c6, 0x39c6, 0x39c6, 
0x3144, 0x3144, 0x3144, 0x3144, 0x3144, 0x3144, 0x3144, 0x3144, 0x3144, 0x3144, 0x3144, 0x3164, 0x3164, 0x39a5, 0x41e7, 0x41e6, 
0x39c6, 0x39c6, 0x41e6, 0x4227, 0x4207, 0x41e7, 0x4207, 0x41e7, 0x4207, 0x41e7, 0x39e6, 0x41e7, 0x41e7, 0x39e7, 0x39e6, 0x39e6, 
0x41e7, 0x41e6, 0x41e6, 0x39e6, 0x39c6, 0x41e6, 0x41e6, 0x41e6, 0x39c6, 0x41e6, 0x41e7, 0x4a28, 0x62ca, 0x5aa9, 0x4a27, 0x4a06, 
0x41e6, 0x39c6, 0x39a6, 0x39a5, 0x39a5, 0x39a5, 0x39a5, 0x39a5, 0x39a5, 0x39a6, 0x39c6, 0x41e6, 0x4207, 0x41e7, 0x41e7, 0x41e7, 
0x41e6, 0x39a6, 0x39a6, 0x39a6, 0x39a6, 0x39a6, 0x39a6, 0x39a6, 0x39a6, 0x39a6, 0x39c6, 0x39c6, 0x39c6, 0x41e6, 0x39e6, 0x39c6, 
0x39c6, 0x39a6, 0x39a5, 0x3185, 0x3185, 0x3185, 0x3985, 0x39a5, 0x3184, 0x3164, 0x3164, 0x3164, 0x3164, 0x3165, 0x3185, 0x3185, 
0x3185, 0x3185, 0x39a6, 0x39e7, 0x39c6, 0x39c6, 0x39c6, 0x39c6, 0x39c6, 0x39e7, 0x4207, 0x39a6, 0x39a6, 0x39c6, 0x39c6, 0x31a6, 
0x39c6, 0x41e6, 0x39c6, 0x39c6, 0x4a27, 0x41e6, 0x39c6, 0x39a6, 0x39a6, 0x39c6, 0x39c6, 0x41e6, 0x39a6, 0x31a5, 0x39a6, 0x39a6, 
0x39a6, 0x39a6, 0x39a6, 0x39c6, 0x39c6, 0x39a6, 0x39a6, 0x39a6, 0x39a6, 0x39a5, 0x41e6, 0x4a48, 0x4a48, 0x4a27, 0x4227, 0x41e7, 
0x4207, 0x4207, 0x41e7, 0x41e6, 0x39c6, 0x39c6, 0x41e6, 0x39c6, 0x39c6, 0x41e6, 0x39e6, 0x41e6, 0x39e6, 0x41e7, 0x4207, 0x41e7, 
0x41e7, 0x4207, 0x41e7, 0x4207, 0x4207, 0x4207, 0x4207, 0x4207, 0x41e7, 0x41e7, 0x39e7, 0x41e6, 0x3985, 0x39a5, 0x41e6, 0x4a07, 
0x4206, 0x3143, 0x3143, 0x3143, 0x3985, 0x39c7, 0x39c6, 0x39c6, 0x39e6, 0x41e7, 0x39e7, 0x4207, 0x4207, 0x4207, 0x4207, 0x5268, 
0x4a48, 0x41e6, 0x41e7, 0x39c5, 0x3184, 0x3184, 0x39c6, 0x4228, 0x4207, 0x4207, 0x4207, 0x4207, 0x4207, 0x41e7, 0x4207, 0x41e7, 
0x39e7, 0x41e7, 0x41e7, 0x39c6, 0x41e7, 0x39c6, 0x41e6, 0x41e7, 0x41e7, 0x41e7, 0x41e7, 0x4207, 0x4a28, 0x4a48, 0x4a28, 0x4207, 
0x4207, 0x4207, 0x4207, 0x4207, 0x4227, 0x4207, 0x4207, 0x4227, 0x4228, 0x4228, 0x4228, 0x39e7, 0x39c6, 0x39c6, 0x39c6, 0x39c6, 
0x3144, 0x3144, 0x3144, 0x3144, 0x3144, 0x3144, 0x3144, 0x3144, 0x3144, 0x3144, 0x3144, 0x3144, 0x3144, 0x2944, 0x3144, 0x3144, 
0x3165, 0x39c6, 0x41e7, 0x4207, 0x39c6, 0x39e7, 0x4207, 0x41e7, 0x41e7, 0x41e7, 0x39c6, 0x39e6, 0x39e6, 0x39e6, 0x39c6, 0x41e7, 
0x4207, 0x41e6, 0x41e6, 0x39c6, 0x39e6, 0x41e6, 0x39c6, 0x39c6, 0x41e6, 0x41e6, 0x4207, 0x5aa9, 0x5a88, 0x4a47, 0x4a27, 0x4207, 
0x41e6, 0x41e6, 0x41c6, 0x41c6, 0x41c6, 0x41c6, 0x39a5, 0x39a6, 0x41c6, 0x41c6, 0x41e6, 0x41e6, 0x41e6, 0x41e6, 0x41e7, 0x41e7, 
0x41e6, 0x39a6, 0x39a6, 0x39a6, 0x39a6, 0x39a6, 0x39a6, 0x39a6, 0x39a6, 0x41c6, 0x41e6, 0x39a6, 0x39c6, 0x39c6, 0x39c6, 0x39c6, 
0x39a6, 0x39a5, 0x3185, 0x3185, 0x3985, 0x3985, 0x3985, 0x39a5, 0x3184, 0x3164, 0x3164, 0x3164, 0x3164, 0x3164, 0x3165, 0x3185, 
0x3185, 0x3185, 0x3185, 0x39a5, 0x39a6, 0x39a6, 0x39c6, 0x39c6, 0x39a6, 0x39c6, 0x39c6, 0x39a6, 0x39a6, 0x39c6, 0x39a6, 0x39a6, 
0x39c6, 0x39c6, 0x39c6, 0x39a6, 0x39c6, 0x41e6, 0x39c6, 0x39a6, 0x39a6, 0x39a6, 0x41c6, 0x39c6, 0x39a6, 0x39a6, 0x39a6, 0x31a5, 
0x3185, 0x39a5, 0x39a5, 0x41e6, 0x39c6, 0x31a5, 0x39a6, 0x39a5, 0x39c6, 0x4207, 0x4a48, 0x4a48, 0x4a27, 0x4a27, 0x41e7, 0x41e7, 
0x41e6, 0x41e7, 0x39c6, 0x41e6, 0x41e6, 0x39c6, 0x41e6, 0x41e6, 0x41e6, 0x41e7, 0x39e6, 0x39e7, 0x41e7, 0x41e7, 0x41e7, 0x4227, 
0x4207, 0x4207, 0x39e7, 0x4207, 0x4207, 0x4207, 0x4207, 0x4207, 0x4207, 0x41e7, 0x4207, 0x41e6, 0x41a5, 0x41e6, 0x4a07, 0x5268, 
0x4a06, 0x3143, 0x3143, 0x3143, 0x3985, 0x39c7, 0x39c6, 0x39c6, 0x41e7, 0x41e7, 0x41e7, 0x41e7, 0x39e7, 0x41e7, 0x41e7, 0x4207, 
0x5268, 0x4227, 0x41e6, 0x4207, 0x39c5, 0x3184, 0x3984, 0x41e6, 0x4208, 0x4208, 0x4228, 0x4227, 0x4207, 0x4207, 0x4207, 0x39e7, 
0x39c6, 0x41e6, 0x41e6, 0x39c6, 0x39c6, 0x39e6, 0x39e6, 0x39e6, 0x41e7, 0x41e7, 0x41e6, 0x41e7, 0x4207, 0x4207, 0x4a28, 0x4228, 
0x4207, 0x4207, 0x4207, 0x4207, 0x4228, 0x4207, 0x4207, 0x4228, 0x4228, 0x4228, 0x4207, 0x39c6, 0x39c6, 0x39c6, 0x39c6, 0x39c6, 
0x3144, 0x3144, 0x3144, 0x3144, 0x3144, 0x3144, 0x3144, 0x3144, 0x3144, 0x3144, 0x3144, 0x3144, 0x3144, 0x3144, 0x3144, 0x3144, 
0x3164, 0x31a6, 0x39e6, 0x41e7, 0x41e7, 0x41e7, 0x4207, 0x41e7, 0x39e7, 0x39e7, 0x39c6, 0x39e7, 0x39e6, 0x39e6, 0x39c6, 0x41e7, 
0x41e7, 0x41e7, 0x41e6, 0x41e7, 0x41e6, 0x39c6, 0x39c6, 0x41c6, 0x4206, 0x4207, 0x5288, 0x5268, 0x4a07, 0x4207, 0x4207, 0x4207, 
0x41e7, 0x4207, 0x4206, 0x41e7, 0x41e6, 0x41e6, 0x41c6, 0x39c6, 0x39c6, 0x39c6, 0x41c6, 0x41e6, 0x41e6, 0x39c6, 0x39c6, 0x39c6, 
0x39a6, 0x39a6, 0x39a6, 0x39a6, 0x39a6, 0x39a6, 0x39a6, 0x39a6, 0x39c6, 0x4a27, 0x5268, 0x4206, 0x39a5, 0x39a6, 0x39c6, 0x39a5, 
0x39a5, 0x3985, 0x3985, 0x3985, 0x3985, 0x41c5, 0x3985, 0x39a5, 0x3184, 0x3164, 0x3164, 0x3164, 0x3164, 0x3164, 0x3164, 0x3165, 
0x3185, 0x3185, 0x3185, 0x3185, 0x3185, 0x3185, 0x39a6, 0x39a6, 0x39a6, 0x39e7, 0x39c6, 0x39a6, 0x39a6, 0x39a6, 0x39a6, 0x39c6, 
0x39a6, 0x39a6, 0x39a6, 0x39a6, 0x39a6, 0x39a6, 0x39a6, 0x39a6, 0x31a6, 0x39a6, 0x39c6, 0x39a6, 0x39a6, 0x39a5, 0x39a5, 0x39a6, 
0x39a6, 0x39a6, 0x31a5, 0x39a5, 0x39a5, 0x3185, 0x3185, 0x39a5, 0x4a06, 0x5268, 0x4a48, 0x4227, 0x4207, 0x4207, 0x41e7, 0x41e7, 
0x41e6, 0x41e6, 0x41e7, 0x39c6, 0x39c6, 0x39c6, 0x41e6, 0x39c6, 0x4207, 0x41e7, 0x41e6, 0x39e7, 0x41e7, 0x41e7, 0x4207, 0x4207, 
0x4207, 0x4207, 0x4207, 0x4207, 0x4207, 0x4207, 0x4207, 0x4207, 0x41e7, 0x41e7, 0x4207, 0x41e6, 0x41e6, 0x4a27, 0x4a48, 0x5aa9, 
0x41a5, 0x3143, 0x3143, 0x3143, 0x3985, 0x39c7, 0x39c6, 0x39c6, 0x41e7, 0x4207, 0x41e7, 0x39e7, 0x41e7, 0x41e7, 0x41e7, 0x4207, 
0x4a48, 0x4a47, 0x41e6, 0x41e6, 0x41e6, 0x39a4, 0x3184, 0x39c6, 0x4208, 0x4207, 0x4227, 0x4207, 0x4207, 0x4207, 0x41e7, 0x41e7, 
0x39c6, 0x39c6, 0x39e6, 0x39c6, 0x39e6, 0x39c6, 0x41e6, 0x41e7, 0x41e6, 0x41e6, 0x4207, 0x4207, 0x41e7, 0x39c6, 0x41e7, 0x4207, 
0x4227, 0x4228, 0x4207, 0x4a28, 0x4207, 0x4207, 0x4207, 0x4207, 0x4a28, 0x4228, 0x41e7, 0x39c6, 0x39c6, 0x39c6, 0x39c6, 0x39c6, 
0x3144, 0x3144, 0x3144, 0x3144, 0x3144, 0x3144, 0x3144, 0x3144, 0x3144, 0x3144, 0x3144, 0x3144, 0x3144, 0x3185, 0x3164, 0x3144, 
0x3164, 0x31a6, 0x39c6, 0x41e6, 0x4207, 0x41e7, 0x41e7, 0x41e7, 0x39e6, 0x39c6, 0x39e6, 0x39c6, 0x39c6, 0x41e7, 0x39c6, 0x39e6, 
0x39c6, 0x41e6, 0x41e6, 0x41e6, 0x41e6, 0x39c6, 0x41e6, 0x41e6, 0x4a27, 0x5268, 0x5aa9, 0x4a27, 0x4a07, 0x4207, 0x4a27, 0x4a07, 
0x4a27, 0x4a07, 0x4206, 0x4207, 0x41e7, 0x41e6, 0x41e6, 0x41e6, 0x39c6, 0x39a6, 0x39a6, 0x39c6, 0x41c6, 0x39a6, 0x39a6, 0x39c6, 
0x39a6, 0x39a6, 0x39a6, 0x39a6, 0x39a6, 0x39a6, 0x39a6, 0x39a6, 0x39c6, 0x4206, 0x4a27, 0x4a48, 0x4206, 0x3985, 0x3985, 0x4185, 
0x4184, 0x4184, 0x3985, 0x41c5, 0x41e5, 0x4a05, 0x41a5, 0x39c6, 0x39a5, 0x3185, 0x3185, 0x3164, 0x3164, 0x3164, 0x3164, 0x3164, 
0x3165, 0x3185, 0x3185, 0x3185, 0x3185, 0x3185, 0x39a5, 0x39c6, 0x39a6, 0x41e7, 0x39c6, 0x39a6, 0x39a6, 0x39a6, 0x39a6, 0x39a6, 
0x39a6, 0x39a6, 0x39a6, 0x39a6, 0x39a6, 0x39a6, 0x39a6, 0x39a6, 0x31a5, 0x39c6, 0x39a6, 0x39a6, 0x3185, 0x39a6, 0x39a6, 0x39c6, 
0x39a6, 0x39a6, 0x31a6, 0x39a6, 0x39a6, 0x39a5, 0x3985, 0x41c6, 0x5268, 0x5268, 0x4a48, 0x4a27, 0x4207, 0x41e7, 0x41e7, 0x41e7, 
0x41e7, 0x39c6, 0x41e7, 0x41e6, 0x39c6, 0x39e6, 0x39e6, 0x39c6, 0x39e6, 0x41e6, 0x41e7, 0x41e7, 0x41e7, 0x4207, 0x4207, 0x4207, 
0x4207, 0x4227, 0x4207, 0x4207, 0x4207, 0x4207, 0x4207, 0x4207, 0x41e7, 0x4207, 0x4207, 0x4a07, 0x4a27, 0x4a47, 0x5a68, 0x5aa9, 
0x3984, 0x3143, 0x3143, 0x3143, 0x3985, 0x39c7, 0x39c6, 0x39c6, 0x41e6, 0x4207, 0x4207, 0x4207, 0x41e7, 0x41e6, 0x41e7, 0x4207, 
0x4a48, 0x5288, 0x4227, 0x41e6, 0x41e7, 0x41e6, 0x31a4, 0x39a4, 0x4207, 0x4207, 0x4207, 0x4207, 0x4207, 0x4207, 0x4207, 0x41e7, 
0x41e7, 0x39c6, 0x39e7, 0x39c6, 0x41e6, 0x39c6, 0x41e6, 0x39c6, 0x39e6, 0x41e7, 0x39e7, 0x39e7, 0x4207, 0x39e7, 0x39e7, 0x41e6, 
0x4207, 0x4a28, 0x4a48, 0x4a28, 0x4207, 0x4228, 0x4228, 0x4228, 0x4228, 0x4207, 0x39c6, 0x39c6, 0x39c6, 0x39c6, 0x39c6, 0x39c6, 
0x3144, 0x3144, 0x3144, 0x3144, 0x3144, 0x3144, 0x3144, 0x3144, 0x3144, 0x3144, 0x3144, 0x3144, 0x3144, 0x3185, 0x31a6, 0x3164, 
0x3185, 0x39c6, 0x39c6, 0x39c6, 0x41e7, 0x4207, 0x41e7, 0x39e7, 0x39e7, 0x39e7, 0x41e7, 0x39e6, 0x41e7, 0x4207, 0x4227, 0x4227, 
0x4207, 0x41e7, 0x41e6, 0x41e6, 0x41e6, 0x41e6, 0x4207, 0x4a27, 0x5268, 0x62ca, 0x5248, 0x4a27, 0x4207, 0x4227, 0x4a27, 0x4a07, 
0x4a27, 0x4a07, 0x4207, 0x4a07, 0x4206, 0x4207, 0x41e6, 0x41e6, 0x39a6, 0x39a6, 0x39c6, 0x39c6, 0x39c6, 0x39c6, 0x39a6, 0x39a6, 
0x39a6, 0x39a6, 0x39a6, 0x39a6, 0x31a6, 0x31a6, 0x31a6, 0x39c6, 0x39c6, 0x39c6, 0x4206, 0x4a27, 0x4a48, 0x4a06, 0x3984, 0x4185, 
0x41a5, 0x39a5, 0x3984, 0x41c5, 0x4a26, 0x4a27, 0x41e6, 0x41e6, 0x41e6, 0x5247, 0x4a47, 0x4207, 0x39c5, 0x3185, 0x3164, 0x3164, 
0x3164, 0x3164, 0x3185, 0x3185, 0x3185, 0x3185, 0x3985, 0x39c6, 0x39a6, 0x39c6, 0x39c6, 0x39a6, 0x39a6, 0x39a6, 0x39a6, 0x39a6, 
0x39a6, 0x39a6, 0x39a6, 0x39a6, 0x39a6, 0x39c6, 0x39a6, 0x39c6, 0x39a6, 0x39a6, 0x39a5, 0x39a6, 0x39c6, 0x39c6, 0x39c6, 0x39a6, 
0x39a6, 0x39c6, 0x39a6, 0x39a5, 0x39c6, 0x39c6, 0x41c6, 0x4227, 0x4a48, 0x4a27, 0x4a27, 0x4207, 0x41e6, 0x41e7, 0x4207, 0x41e7, 
0x41e6, 0x41e6, 0x41e6, 0x39e6, 0x39c6, 0x39c6, 0x41e7, 0x41e6, 0x41e6, 0x41e7, 0x4207, 0x39e7, 0x41e7, 0x41e7, 0x4207, 0x4207, 
0x4207, 0x4207, 0x4207, 0x4207, 0x4207, 0x4207, 0x4207, 0x41e7, 0x41e7, 0x41e7, 0x4207, 0x4206, 0x41e6, 0x5268, 0x5aa9, 0x5268, 
0x3964, 0x3143, 0x3143, 0x3143, 0x3985, 0x39c7, 0x39c6, 0x39c7, 0x41e7, 0x41e7, 0x4207, 0x4207, 0x41e7, 0x39e6, 0x41e7, 0x4207, 
0x4a48, 0x4a68, 0x4a48, 0x4206, 0x41e6, 0x41e7, 0x39c5, 0x3184, 0x39a5, 0x4207, 0x4207, 0x4207, 0x4207, 0x4207, 0x4207, 0x4207, 
0x41e7, 0x39e7, 0x39e7, 0x39c6, 0x39c6, 0x39c6, 0x39e6, 0x39c6, 0x39c6, 0x41e7, 0x39c6, 0x39e7, 0x4207, 0x41e7, 0x41e7, 0x41e7, 
0x41e7, 0x4a27, 0x5288, 0x5289, 0x4a48, 0x4a28, 0x4a48, 0x4228, 0x4207, 0x39e7, 0x39c6, 0x39c6, 0x39c6, 0x39c6, 0x39c6, 0x39c6, 
0x3144, 0x3144, 0x3144, 0x3144, 0x3144, 0x3144, 0x3144, 0x3144, 0x3144, 0x3144, 0x3144, 0x3144, 0x3164, 0x3185, 0x31a6, 0x31a6, 
0x39c6, 0x39e6, 0x41e7, 0x4207, 0x4207, 0x4207, 0x41e7, 0x39e7, 0x39e7, 0x4207, 0x4207, 0x4207, 0x4207, 0x4207, 0x5248, 0x4a27, 
0x4207, 0x4207, 0x41e6, 0x4207, 0x4207, 0x41e7, 0x4a27, 0x5248, 0x5aa9, 0x5288, 0x4207, 0x4a27, 0x4a48, 0x4207, 0x4207, 0x41e6, 
0x4207, 0x4207, 0x4227, 0x4206, 0x41e6, 0x41e6, 0x41c6, 0x39c6, 0x39c6, 0x39c6, 0x39c6, 0x39a6, 0x39a6, 0x39c6, 0x39c6, 0x39c6, 
0x39a6, 0x39a6, 0x39a6, 0x31a6, 0x31a6, 0x31a6, 0x31a6, 0x39c6, 0x39c6, 0x39c6, 0x39c6, 0x4206, 0x4a27, 0x4a48, 0x4a06, 0x41a5, 
0x41c6, 0x41c5, 0x4a06, 0x4a26, 0x4a47, 0x4207, 0x4207, 0x4a47, 0x5247, 0x5268, 0x5248, 0x5aa9, 0x5268, 0x4207, 0x39a5, 0x3164, 
0x3164, 0x3164, 0x3165, 0x3165, 0x3185, 0x3965, 0x3965, 0x3985, 0x3985, 0x39a6, 0x39a6, 0x39a6, 0x39a6, 0x39a6, 0x39a6, 0x39a6, 
0x39a6, 0x39a6, 0x39a6, 0x39a6, 0x39a6, 0x39c6, 0x39a6, 0x39a6, 0x39c6, 0x39a6, 0x31a5, 0x39a6, 0x39c6, 0x39c6, 0x39c6, 0x39a6, 
0x39c6, 0x39a6, 0x39a6, 0x39a6, 0x41e6, 0x41e6, 0x4207, 0x4a48, 0x4207, 0x4207, 0x4207, 0x41e7, 0x41e6, 0x41e7, 0x41e7, 0x41e7, 
0x41e7, 0x41e6, 0x41e6, 0x41e7, 0x39c6, 0x39e7, 0x39c6, 0x39c6, 0x39e6, 0x41e7, 0x4207, 0x4207, 0x41e7, 0x4207, 0x4207, 0x4207, 
0x4207, 0x41e7, 0x4207, 0x4207, 0x4207, 0x4207, 0x4207, 0x4207, 0x41e7, 0x4207, 0x4227, 0x4207, 0x41a5, 0x4a27, 0x5248, 0x4a06, 
0x3163, 0x3143, 0x3143, 0x3143, 0x3984, 0x39c7, 0x39c6, 0x39c6, 0x41e6, 0x41e7, 0x4207, 0x4207, 0x41e7, 0x41e7, 0x41e7, 0x4207, 
0x4a28, 0x5268, 0x4a68, 0x4a48, 0x4206, 0x41e6, 0x41e6, 0x39a4, 0x3184, 0x39c5, 0x4207, 0x4207, 0x4207, 0x4207, 0x4227, 0x4207, 
0x4207, 0x41e7, 0x4207, 0x41e7, 0x39c6, 0x39c6, 0x39c6, 0x39e6, 0x41e7, 0x39e7, 0x41e7, 0x41e7, 0x41e7, 0x41e7, 0x39e7, 0x41e7, 
0x4207, 0x41e6, 0x4207, 0x5288, 0x5aa9, 0x5289, 0x5268, 0x4207, 0x41e7, 0x39c6, 0x39c6, 0x39c6, 0x39c6, 0x39c6, 0x39c6, 0x39c6, 
0x3144, 0x3144, 0x3144, 0x3144, 0x3144, 0x3144, 0x3144, 0x3144, 0x3144, 0x3144, 0x3144, 0x3144, 0x3185, 0x31a6, 0x31a6, 0x31a6, 
0x39c6, 0x39e6, 0x41e7, 0x4207, 0x4207, 0x4207, 0x41e7, 0x41e7, 0x41e7, 0x41e7, 0x4207, 0x4227, 0x41e7, 0x41e6, 0x41e6, 0x4207, 
0x4207, 0x4207, 0x41e7, 0x4207, 0x4a27, 0x4207, 0x4a27, 0x5ac9, 0x5aa9, 0x4a27, 0x4a27, 0x5268, 0x5268, 0x41e7, 0x41c6, 0x41c6, 
0x41c6, 0x41e6, 0x41e6, 0x41e6, 0x39a6, 0x39a6, 0x39e6, 0x41e6, 0x39e7, 0x41e7, 0x41e6, 0x39a6, 0x39a6, 0x39a6, 0x39c6, 0x39c6, 
0x39a6, 0x31a6, 0x31a6, 0x31a6, 0x31a6, 0x31a6, 0x31a6, 0x39a6, 0x39c6, 0x39c6, 0x39c6, 0x39c6, 0x4206, 0x4a27, 0x5268, 0x4a47, 
0x4a27, 0x5288, 0x5268, 0x4a48, 0x4a48, 0x5268, 0x5289, 0x5288, 0x5a88, 0x4a27, 0x4a27, 0x5aa9, 0x5aa9, 0x5a88, 0x4207, 0x39a5, 
0x3164, 0x3164, 0x3164, 0x3144, 0x3164, 0x3165, 0x3965, 0x3165, 0x3185, 0x3185, 0x3185, 0x39a6, 0x39a6, 0x39a5, 0x39a6, 0x39a6, 
0x39a6, 0x39a6, 0x39a6, 0x39a6, 0x39a6, 0x39a6, 0x39a6, 0x39a6, 0x39c6, 0x39a6, 0x39a6, 0x39c6, 0x39c6, 0x39a6, 0x39a6, 0x39c6, 
0x39a6, 0x39a6, 0x39a6, 0x39a6, 0x39a6, 0x39c6, 0x4a27, 0x4a28, 0x4227, 0x4207, 0x41e7, 0x41e6, 0x41e6, 0x41e7, 0x41e7, 0x41e7, 
0x41e7, 0x41e7, 0x41e7, 0x41e6, 0x39e6, 0x41e7, 0x39e7, 0x41e6, 0x41e6, 0x41e7, 0x41e7, 0x41e7, 0x4207, 0x41e7, 0x41e7, 0x4207, 
0x4207, 0x4207, 0x4207, 0x41e7, 0x39e7, 0x41e7, 0x39e7, 0x4207, 0x41e7, 0x4207, 0x4207, 0x41e6, 0x41a5, 0x4a07, 0x4a07, 0x41a5, 
0x3143, 0x3143, 0x3143, 0x3143, 0x3964, 0x39c6, 0x39c6, 0x39c6, 0x39c6, 0x39e6, 0x41e7, 0x41e7, 0x41e7, 0x41e7, 0x41e7, 0x41e7, 
0x4207, 0x4a27, 0x4a68, 0x52a9, 0x4a27, 0x41e6, 0x41e7, 0x39c5, 0x3184, 0x39a5, 0x4207, 0x4207, 0x4207, 0x4207, 0x4207, 0x4207, 
0x4207, 0x41e7, 0x4207, 0x41e7, 0x39c6, 0x39c6, 0x39e6, 0x41e7, 0x41e7, 0x41e7, 0x4207, 0x4207, 0x41e7, 0x41e7, 0x41e7, 0x4207, 
0x41e7, 0x39e6, 0x39c6, 0x41e6, 0x4207, 0x4207, 0x4207, 0x39e6, 0x39c6, 0x39c6, 0x39c6, 0x39c6, 0x39a6, 0x31a6, 0x31a6, 0x31a6, 
0x3144, 0x3144, 0x3144, 0x3144, 0x3144, 0x3144, 0x3144, 0x3144, 0x3144, 0x3144, 0x3144, 0x3144, 0x3185, 0x31a6, 0x31a6, 0x31a6, 
0x39c6, 0x41e7, 0x41e7, 0x41e7, 0x41e7, 0x4207, 0x4207, 0x41e7, 0x41e7, 0x4207, 0x4227, 0x4207, 0x4207, 0x41e6, 0x41e6, 0x4a27, 
0x4207, 0x4207, 0x4207, 0x4207, 0x4a47, 0x5248, 0x5288, 0x62ea, 0x4a48, 0x4a27, 0x4a27, 0x4a48, 0x4a48, 0x41e6, 0x41e6, 0x41e6, 
0x41c6, 0x39c6, 0x39c6, 0x39c6, 0x39c6, 0x39c6, 0x39e6, 0x41e7, 0x41e7, 0x4207, 0x41e7, 0x39c6, 0x39c6, 0x39a6, 0x39a6, 0x39c6, 
0x39a6, 0x31a6, 0x31a6, 0x31a6, 0x31a6, 0x31a6, 0x31a6, 0x39a6, 0x39c6, 0x39c6, 0x39c6, 0x39c6, 0x39c6, 0x4207, 0x4a48, 0x4a48, 
0x4a27, 0x5268, 0x5aa8, 0x5268, 0x4a47, 0x5268, 0x5289, 0x5289, 0x5248, 0x4a27, 0x4a27, 0x5268, 0x5288, 0x5a88, 0x4a27, 0x4a07, 
0x39c5, 0x3985, 0x3164, 0x3144, 0x3144, 0x3164, 0x3185, 0x3185, 0x3185, 0x3185, 0x3185, 0x3185, 0x39a6, 0x39a6, 0x39c6, 0x39c6, 
0x39a6, 0x39a6, 0x39a6, 0x39a6, 0x31a6, 0x31a6, 0x39a6, 0x39a6, 0x39c6, 0x39a6, 0x39a6, 0x39a6, 0x39a6, 0x39a6, 0x39a6, 0x39c6, 
0x39c6, 0x39c6, 0x39a6, 0x3185, 0x39a6, 0x41e6, 0x4a48, 0x4a28, 0x4207, 0x41e7, 0x41e6, 0x41e7, 0x41e7, 0x41e7, 0x4207, 0x41e7, 
0x41e7, 0x41e7, 0x41e7, 0x39e6, 0x41e6, 0x41e6, 0x41e6, 0x41e7, 0x41e6, 0x41e7, 0x41e7, 0x41e7, 0x4207, 0x41e7, 0x41e7, 0x4207, 
0x4207, 0x4207, 0x41e7, 0x39e7, 0x4207, 0x4207, 0x4207, 0x4227, 0x4207, 0x4207, 0x4228, 0x4a48, 0x41c5, 0x4a07, 0x49e7, 0x3985, 
0x3143, 0x3143, 0x3143, 0x3143, 0x3964, 0x39a6, 0x39c6, 0x39c6, 0x39c6, 0x41e7, 0x41e7, 0x41e7, 0x4207, 0x4207, 0x4207, 0x4207, 
0x41e7, 0x4207, 0x4a48, 0x5268, 0x5289, 0x4206, 0x41e7, 0x39e6, 0x3184, 0x39a5, 0x4207, 0x41e7, 0x4207, 0x4207, 0x4207, 0x41e7, 
0x4207, 0x4a28, 0x4207, 0x41e6, 0x39c6, 0x39c6, 0x39c6, 0x39c6, 0x41e6, 0x39c6, 0x41e7, 0x4207, 0x39e7, 0x39e7, 0x41e7, 0x39e7, 
0x4207, 0x39e7, 0x39c6, 0x39c6, 0x41e6, 0x41e6, 0x39e6, 0x39c6, 0x31a6, 0x31a6, 0x31a6, 0x31a6, 0x31a6, 0x31a6, 0x31a6, 0x31a6, 
0x3144, 0x3144, 0x3144, 0x3144, 0x3144, 0x3144, 0x3144, 0x3144, 0x3144, 0x3144, 0x3144, 0x3144, 0x3185, 0x31a6, 0x31a6, 0x39c6, 
0x39c6, 0x41e6, 0x39e7, 0x41e7, 0x41e7, 0x41e7, 0x39e7, 0x41e7, 0x41e7, 0x4a27, 0x4a47, 0x4207, 0x41e7, 0x41e6, 0x41e6, 0x4a07, 
0x4a27, 0x4a27, 0x4a27, 0x4a27, 0x4a48, 0x5268, 0x5aa9, 0x52a9, 0x5268, 0x4a27, 0x41e6, 0x41e6, 0x41e6, 0x41c6, 0x39c6, 0x39c6, 
0x39c6, 0x39a6, 0x39c6, 0x39c6, 0x39c6, 0x39e6, 0x39c6, 0x39c6, 0x41e7, 0x41e7, 0x39c6, 0x39c6, 0x39a6, 0x39c6, 0x39a6, 0x41e6, 
0x41e7, 0x39c6, 0x39a6, 0x31a6, 0x31a6, 0x31a6, 0x31a6, 0x39a6, 0x39c6, 0x39c6, 0x39c6, 0x39c6, 0x39c6, 0x4206, 0x4a48, 0x5268, 
0x5a88, 0x5a89, 0x5268, 0x5289, 0x5268, 0x4a48, 0x5268, 0x5268, 0x4a48, 0x5248, 0x5268, 0x5268, 0x5268, 0x5268, 0x5aa9, 0x5aa8, 
0x5aa8, 0x5267, 0x39a5, 0x3144, 0x3144, 0x3144, 0x3164, 0x3185, 0x3185, 0x3185, 0x3185, 0x3185, 0x3185, 0x39c6, 0x39c6, 0x39c6, 
0x39a6, 0x39a6, 0x39a6, 0x39a6, 0x39a6, 0x39c6, 0x39c6, 0x39c6, 0x39a6, 0x39c6, 0x39a6, 0x39a6, 0x39c6, 0x39a6, 0x39c6, 0x39c6, 
0x39a6, 0x41e6, 0x39a6, 0x39a5, 0x41e6, 0x4a48, 0x4a48, 0x4227, 0x4207, 0x41e7, 0x39e6, 0x39c6, 0x39e7, 0x41e7, 0x41e7, 0x4207, 
0x41e7, 0x41e7, 0x41e7, 0x41e7, 0x39e6, 0x41e7, 0x41e6, 0x41e6, 0x41c6, 0x41e7, 0x41e7, 0x4207, 0x4227, 0x41e7, 0x4207, 0x4207, 
0x4207, 0x41e7, 0x4207, 0x41e7, 0x41e7, 0x4207, 0x4207, 0x4207, 0x4227, 0x4a48, 0x4a68, 0x5268, 0x41e6, 0x4a47, 0x41e6, 0x3984, 
0x3143, 0x3143, 0x3143, 0x3143, 0x3964, 0x39a6, 0x39a6, 0x39a6, 0x39c6, 0x39c6, 0x39e7, 0x41e7, 0x41e7, 0x4207, 0x41e7, 0x4207, 
0x4207, 0x4207, 0x4a27, 0x4a48, 0x5aa9, 0x4a47, 0x41e6, 0x41e6, 0x39a4, 0x39a5, 0x39e7, 0x39e7, 0x4207, 0x41e7, 0x41e7, 0x39e7, 
0x41e7, 0x4207, 0x41e7, 0x39c6, 0x39c6, 0x39c6, 0x41e6, 0x41e6, 0x39c6, 0x39c6, 0x39c6, 0x39c6, 0x39e7, 0x39e7, 0x41e7, 0x41e7, 
0x41e6, 0x39c6, 0x39e7, 0x39c6, 0x41e6, 0x41e7, 0x39c7, 0x31a6, 0x31a6, 0x31a6, 0x31a6, 0x31a6, 0x31a6, 0x31a6, 0x31a6, 0x31a6, 
0x3144, 0x3144, 0x3144, 0x3144, 0x3144, 0x3144, 0x3144, 0x3144, 0x3144, 0x3144, 0x3144, 0x3144, 0x3185, 0x31a6, 0x31a6, 0x39c6, 
0x39c6, 0x41e7, 0x41e7, 0x41e7, 0x4207, 0x4207, 0x41e7, 0x41e7, 0x41e7, 0x4207, 0x4207, 0x4207, 0x41e6, 0x39c6, 0x41e6, 0x41e6, 
0x4207, 0x4227, 0x4207, 0x4a27, 0x4a48, 0x5268, 0x5aa9, 0x5268, 0x5268, 0x4206, 0x41c6, 0x41c6, 0x41c6, 0x41c6, 0x39a6, 0x39a6, 
0x39c6, 0x39a6, 0x39c6, 0x39e6, 0x39e6, 0x41e6, 0x39c6, 0x39e6, 0x39e6, 0x39c6, 0x39c6, 0x39c6, 0x39a6, 0x39a6, 0x39a6, 0x39e6, 
0x4207, 0x4207, 0x39c6, 0x31a6, 0x31a6, 0x31a6, 0x31a6, 0x31a6, 0x39c6, 0x39c6, 0x39c6, 0x39c6, 0x4a27, 0x5268, 0x5a88, 0x5aa9, 
0x62c9, 0x5ac9, 0x5288, 0x4a48, 0x4a48, 0x4a48, 0x5aa9, 0x5289, 0x5269, 0x5268, 0x5288, 0x5268, 0x4a27, 0x5248, 0x5268, 0x5248, 
0x5226, 0x5267, 0x4a27, 0x3985, 0x41a5, 0x3164, 0x3144, 0x3164, 0x3165, 0x3185, 0x3185, 0x3185, 0x3185, 0x3185, 0x39a6, 0x39c6, 
0x39c6, 0x39a6, 0x39a6, 0x39a6, 0x41e6, 0x39c6, 0x39a6, 0x39c6, 0x39a6, 0x39c6, 0x39c6, 0x39c6, 0x41c6, 0x39c6, 0x39a6, 0x39a6, 
0x39c6, 0x39c6, 0x39c6, 0x41e6, 0x4207, 0x4a48, 0x4227, 0x4207, 0x4207, 0x39e7, 0x39e6, 0x39e7, 0x41e7, 0x41e7, 0x41e7, 0x4207, 
0x4207, 0x4207, 0x4207, 0x41e7, 0x39e6, 0x39c6, 0x39c6, 0x41e7, 0x41e7, 0x41e7, 0x39e7, 0x41e7, 0x4227, 0x4227, 0x41e7, 0x4207, 
0x4207, 0x4207, 0x4207, 0x41e7, 0x41e7, 0x4207, 0x4207, 0x4207, 0x4a48, 0x4a69, 0x4a28, 0x41e6, 0x41c5, 0x41e6, 0x41a5, 0x3963, 
0x3143, 0x3143, 0x3143, 0x3143, 0x3985, 0x39a6, 0x39a6, 0x39a6, 0x39c6, 0x39c6, 0x39c6, 0x41e7, 0x4207, 0x41e7, 0x41e7, 0x4207, 
0x4207, 0x41e7, 0x4207, 0x4a48, 0x5268, 0x5289, 0x5248, 0x41e7, 0x39e6, 0x39e6, 0x41e7, 0x41e7, 0x41e7, 0x4207, 0x4207, 0x4207, 
0x41e7, 0x41e7, 0x39e6, 0x39e7, 0x41e7, 0x39c6, 0x41e7, 0x39e6, 0x39c6, 0x39c6, 0x39c6, 0x39c6, 0x39c6, 0x39e7, 0x39e7, 0x41e6, 
0x41e7, 0x39c6, 0x39e6, 0x41e6, 0x41e6, 0x41e7, 0x39a6, 0x31a6, 0x31a6, 0x31a6, 0x31a6, 0x31a6, 0x31a6, 0x31a6, 0x31a6, 0x31a6, 
0x3144, 0x3144, 0x3144, 0x3144, 0x3144, 0x3144, 0x3144, 0x3144, 0x3144, 0x3144, 0x3144, 0x3144, 0x3185, 0x31a6, 0x31a6, 0x39c6, 
0x39c6, 0x41e7, 0x41e7, 0x4207, 0x4207, 0x41e7, 0x41e7, 0x4207, 0x4207, 0x41e7, 0x41e7, 0x4207, 0x4207, 0x41e6, 0x41e6, 0x41e6, 
0x41e6, 0x41e7, 0x4207, 0x4a27, 0x4a48, 0x5268, 0x5268, 0x5268, 0x4a27, 0x41c6, 0x39c6, 0x39c6, 0x39a6, 0x39a6, 0x39a6, 0x39a6, 
0x39c6, 0x39c6, 0x39c6, 0x41e6, 0x39c6, 0x39e6, 0x39e6, 0x39c6, 0x39c6, 0x39c6, 0x39a6, 0x39a6, 0x39a6, 0x31a6, 0x39a6, 0x39c6, 
0x41e7, 0x4207, 0x4207, 0x31a6, 0x31a6, 0x31a6, 0x31a6, 0x3185, 0x39c5, 0x39c6, 0x39c6, 0x41e6, 0x62ea, 0x5aa9, 0x5aa9, 0x5aca, 
0x5268, 0x5268, 0x5289, 0x5268, 0x4a48, 0x4a27, 0x5268, 0x5289, 0x5289, 0x5288, 0x5268, 0x5268, 0x5247, 0x4a27, 0x5248, 0x41e6, 
0x4a06, 0x41c5, 0x3985, 0x41e6, 0x41c6, 0x3964, 0x3144, 0x3144, 0x3144, 0x3164, 0x3185, 0x3185, 0x3185, 0x3185, 0x3185, 0x3185, 
0x3185, 0x3185, 0x3185, 0x3185, 0x39c6, 0x39c6, 0x39c6, 0x39c6, 0x39c6, 0x39c6, 0x39c6, 0x39a6, 0x39a6, 0x39c6, 0x39a6, 0x39a6, 
0x39a6, 0x39c6, 0x41e6, 0x4a27, 0x4227, 0x4a28, 0x4207, 0x4207, 0x4207, 0x41e7, 0x41e7, 0x41e7, 0x41e7, 0x41e7, 0x41e7, 0x41e7, 
0x41e7, 0x4207, 0x41e7, 0x41e7, 0x41e7, 0x39c6, 0x39c6, 0x39e6, 0x39c6, 0x39c6, 0x41e7, 0x41e7, 0x4207, 0x4207, 0x4227, 0x4207, 
0x4207, 0x4207, 0x41e7, 0x39e7, 0x41e7, 0x4207, 0x4207, 0x4207, 0x4207, 0x4a48, 0x4207, 0x41e6, 0x49e6, 0x41e6, 0x41a6, 0x3963, 
0x3143, 0x3143, 0x3963, 0x3964, 0x39a6, 0x39a6, 0x39a6, 0x39a6, 0x39c6, 0x41e6, 0x39c6, 0x41e7, 0x41e7, 0x41e7, 0x41e7, 0x41e7, 
0x4207, 0x4207, 0x4207, 0x4a28, 0x4a48, 0x5268, 0x5aa9, 0x4a27, 0x39e7, 0x4207, 0x41e7, 0x41e7, 0x4207, 0x4207, 0x4228, 0x4207, 
0x4207, 0x41e7, 0x41e7, 0x41e7, 0x41e7, 0x39e7, 0x39e6, 0x39c6, 0x39c6, 0x39c6, 0x39c6, 0x39c6, 0x39c6, 0x41e6, 0x39c6, 0x39e6, 
0x39e6, 0x39e7, 0x41e6, 0x39c6, 0x41e7, 0x41e7, 0x39a6, 0x31a6, 0x31a6, 0x31a6, 0x31a6, 0x31a6, 0x31a6, 0x31a6, 0x31a6, 0x31a6, 
0x3144, 0x3144, 0x3144, 0x3144, 0x3144, 0x3144, 0x3144, 0x3144, 0x3144, 0x3144, 0x3144, 0x3144, 0x3185, 0x31a6, 0x31a6, 0x39c6, 
0x41e7, 0x41e7, 0x41e7, 0x4207, 0x4207, 0x41e7, 0x41e7, 0x4207, 0x41e7, 0x39e7, 0x4207, 0x41e7, 0x4207, 0x41e6, 0x39c6, 0x39e6, 
0x39e6, 0x41e7, 0x4207, 0x4227, 0x4a48, 0x5288, 0x5288, 0x4a27, 0x41e6, 0x41c6, 0x39a6, 0x39a6, 0x39a5, 0x39c6, 0x39a6, 0x39c6, 
0x39c6, 0x39c6, 0x39e6, 0x41e7, 0x39c6, 0x39c6, 0x39c6, 0x39c6, 0x39a6, 0x39a6, 0x39a6, 0x39a6, 0x31a6, 0x31a5, 0x39a6, 0x39c6, 
0x41e7, 0x41e7, 0x41e7, 0x39a6, 0x31a6, 0x31a6, 0x3185, 0x3185, 0x39c5, 0x39c6, 0x39c5, 0x4207, 0x632b, 0x62ca, 0x5aa9, 0x5268, 
0x4a47, 0x5268, 0x5288, 0x5268, 0x4a48, 0x4a47, 0x4a48, 0x4a48, 0x5288, 0x62ca, 0x5aa9, 0x5248, 0x4a07, 0x4206, 0x5267, 0x4a06, 
0x4a27, 0x41e6, 0x41a5, 0x41c6, 0x41a6, 0x4185, 0x3985, 0x3164, 0x3144, 0x3144, 0x3164, 0x3165, 0x3185, 0x3185, 0x3185, 0x3185, 
0x3185, 0x3185, 0x3185, 0x3185, 0x39a6, 0x41e7, 0x41e7, 0x39e7, 0x39c6, 0x39c6, 0x39c6, 0x39a6, 0x39c6, 0x39a6, 0x39a6, 0x39c6, 
0x31a5, 0x39c6, 0x41e7, 0x4a27, 0x5268, 0x4207, 0x4a28, 0x4207, 0x4207, 0x41e7, 0x4207, 0x41e7, 0x41e7, 0x4207, 0x4207, 0x4207, 
0x41e7, 0x4207, 0x41e7, 0x39e7, 0x41e7, 0x41e7, 0x39c6, 0x39c6, 0x39c6, 0x39c6, 0x39c6, 0x39e7, 0x41e7, 0x4207, 0x4207, 0x4207, 
0x4207, 0x4207, 0x41e7, 0x39e6, 0x41e6, 0x41e6, 0x4207, 0x4a27, 0x4a28, 0x4a48, 0x4207, 0x4207, 0x41a5, 0x41e6, 0x41c6, 0x3963, 
0x3143, 0x3143, 0x3984, 0x41e6, 0x39a6, 0x39a6, 0x39a6, 0x39a6, 0x39c6, 0x39c6, 0x39e6, 0x41e7, 0x41e7, 0x4207, 0x41e7, 0x39c6, 
0x41e7, 0x4a27, 0x4207, 0x41e7, 0x5248, 0x4a48, 0x5a89, 0x5aa9, 0x4a48, 0x4207, 0x41e7, 0x41e7, 0x4207, 0x4207, 0x4207, 0x4207, 
0x4207, 0x4207, 0x41e7, 0x41e7, 0x41e7, 0x41e7, 0x41e7, 0x39c6, 0x39c6, 0x39c6, 0x39a6, 0x39c6, 0x39c6, 0x39e7, 0x41e7, 0x41e7, 
0x39e7, 0x39c6, 0x39c6, 0x39c6, 0x41e7, 0x39e7, 0x31a6, 0x31a6, 0x31a6, 0x31a6, 0x31a6, 0x31a6, 0x31a6, 0x31a6, 0x31a6, 0x31a6, 
0x3144, 0x3144, 0x3144, 0x3144, 0x3144, 0x3144, 0x3144, 0x3144, 0x3144, 0x3144, 0x3144, 0x3144, 0x3164, 0x31a6, 0x31a6, 0x39c6, 
0x41e6, 0x41e7, 0x4207, 0x4207, 0x41e7, 0x41e7, 0x4207, 0x4207, 0x41e6, 0x4207, 0x4a27, 0x39c6, 0x41e6, 0x39c6, 0x39a6, 0x41e6, 
0x41e6, 0x41e7, 0x4a27, 0x4a47, 0x4a27, 0x5248, 0x5268, 0x41e6, 0x41c6, 0x39a5, 0x39a6, 0x39a5, 0x39a6, 0x39c6, 0x39c6, 0x39c6, 
0x41e6, 0x41e6, 0x41e7, 0x41e7, 0x41e7, 0x41e6, 0x39c6, 0x39c6, 0x39a6, 0x39a6, 0x39a6, 0x39a6, 0x39a6, 0x31a6, 0x39a6, 0x39a6, 
0x39c6, 0x4207, 0x41e7, 0x39a6, 0x31a6, 0x3185, 0x3185, 0x3185, 0x39c5, 0x39c6, 0x39c5, 0x4227, 0x6b2b, 0x6b2b, 0x5aa9, 0x5268, 
0x5268, 0x5288, 0x5268, 0x5268, 0x4a48, 0x4a27, 0x4a27, 0x4a48, 0x4a27, 0x5289, 0x5248, 0x4a06, 0x41c6, 0x41e6, 0x4a26, 0x4a27, 
0x4206, 0x4a27, 0x4a27, 0x4a27, 0x5248, 0x4206, 0x41a6, 0x3986, 0x3985, 0x3984, 0x3144, 0x3144, 0x3164, 0x3164, 0x3165, 0x3165, 
0x3165, 0x3165, 0x3185, 0x3185, 0x3185, 0x39a6, 0x39c6, 0x39c6, 0x39a6, 0x39a6, 0x39a6, 0x39c6, 0x39c6, 0x39a6, 0x39c6, 0x39a6, 
0x39a6, 0x39a6, 0x39c6, 0x41e6, 0x4a27, 0x4a68, 0x4a28, 0x41e7, 0x41e7, 0x41e7, 0x4207, 0x4207, 0x4207, 0x4207, 0x4207, 0x41e7, 
0x41e7, 0x41e7, 0x41e7, 0x41e7, 0x39c6, 0x41e7, 0x41e7, 0x39c6, 0x39c6, 0x39c6, 0x39c6, 0x39c6, 0x39c7, 0x41e7, 0x4207, 0x4227, 
0x4a27, 0x4227, 0x4207, 0x41e7, 0x41e7, 0x41e7, 0x4207, 0x4a68, 0x4a68, 0x4a48, 0x5247, 0x4a47, 0x4a27, 0x41a5, 0x3944, 0x3143, 
0x3143, 0x3963, 0x39a6, 0x39c6, 0x41e6, 0x39a6, 0x39a6, 0x39a6, 0x39c6, 0x39c6, 0x39c6, 0x39c7, 0x41e7, 0x41e7, 0x41e7, 0x41e7, 
0x4207, 0x4207, 0x41e7, 0x41e7, 0x4207, 0x4207, 0x4a27, 0x5288, 0x5aa9, 0x5288, 0x4207, 0x41e7, 0x4207, 0x4207, 0x4207, 0x4207, 
0x4207, 0x4207, 0x4207, 0x41e7, 0x41e7, 0x41e7, 0x41e6, 0x39c6, 0x39c6, 0x39c6, 0x39c6, 0x39c6, 0x39c6, 0x41e6, 0x41e7, 0x41e7, 
0x41e7, 0x41e7, 0x39e7, 0x39e7, 0x41e7, 0x39e7, 0x31a6, 0x31a6, 0x31a6, 0x31a6, 0x31a6, 0x31a6, 0x31a6, 0x31a6, 0x31a6, 0x31a6, 
0x3144, 0x3144, 0x3144, 0x3144, 0x3144, 0x3144, 0x3144, 0x3144, 0x3144, 0x3144, 0x3144, 0x3164, 0x3185, 0x3185, 0x31a6, 0x31a6, 
0x41e7, 0x4207, 0x4207, 0x4a27, 0x4207, 0x41e7, 0x4207, 0x41e7, 0x4207, 0x4207, 0x4a27, 0x4207, 0x41e6, 0x39a6, 0x39a6, 0x41e6, 
0x4a07, 0x4a07, 0x4a27, 0x4227, 0x4a27, 0x5227, 0x4a06, 0x41c6, 0x41c6, 0x39c6, 0x39a6, 0x39c6, 0x39c6, 0x41c6, 0x39c6, 0x39e6, 
0x41e7, 0x41e7, 0x41e7, 0x4207, 0x4207, 0x41e7, 0x39c6, 0x39a6, 0x3185, 0x3185, 0x39a5, 0x3185, 0x31a6, 0x39a6, 0x39c6, 0x39c6, 
0x39c6, 0x39c6, 0x39c6, 0x39a6, 0x3185, 0x3185, 0x3185, 0x3185, 0x39c5, 0x39c6, 0x39c5, 0x4a47, 0x6b4b, 0x5aa9, 0x4a47, 0x5a88, 
0x5a89, 0x5268, 0x4a48, 0x5268, 0x4a48, 0x4a27, 0x4a48, 0x4a47, 0x4a48, 0x5247, 0x4a06, 0x41e5, 0x41c5, 0x41e6, 0x41e6, 0x41c5, 
0x39c5, 0x41e6, 0x41e6, 0x4207, 0x5aa9, 0x5aa9, 0x5aa9, 0x5268, 0x5268, 0x4a27, 0x49e6, 0x3984, 0x3144, 0x3144, 0x3144, 0x3144, 
0x3144, 0x3144, 0x3165, 0x3185, 0x3185, 0x3185, 0x3185, 0x3185, 0x3185, 0x3185, 0x3185, 0x31a6, 0x39c6, 0x39c6, 0x39e6, 0x39c6, 
0x39a6, 0x39a6, 0x39c6, 0x4227, 0x4a48, 0x4a68, 0x4a28, 0x41e7, 0x4207, 0x4207, 0x4207, 0x4207, 0x4207, 0x4207, 0x4207, 0x41e7, 
0x4207, 0x41e7, 0x41e7, 0x41e7, 0x39e6, 0x39e6, 0x39c6, 0x39c6, 0x39c6, 0x39c6, 0x39c6, 0x39c6, 0x39c6, 0x41e6, 0x41e7, 0x4207, 
0x4207, 0x4207, 0x4a27, 0x4a48, 0x4207, 0x41e7, 0x4a27, 0x5aa9, 0x4a48, 0x41e7, 0x4a27, 0x5248, 0x5247, 0x41a5, 0x3943, 0x3143, 
0x3143, 0x3984, 0x39a6, 0x39a6, 0x39c6, 0x41e6, 0x39a6, 0x39c6, 0x41e7, 0x39c6, 0x41e6, 0x41e7, 0x41e7, 0x41e7, 0x41e7, 0x39e7, 
0x39e6, 0x41e7, 0x41e7, 0x41e7, 0x4207, 0x4207, 0x4207, 0x5248, 0x5288, 0x5268, 0x4a28, 0x4207, 0x4207, 0x4207, 0x4207, 0x4207, 
0x4207, 0x41e7, 0x41e7, 0x41e7, 0x41e7, 0x41e7, 0x41e7, 0x41e7, 0x39e6, 0x39c6, 0x39e6, 0x39c6, 0x39c6, 0x39c6, 0x41e7, 0x39e7, 
0x39e7, 0x39e7, 0x39e7, 0x39c6, 0x39c6, 0x41e6, 0x39a6, 0x31a6, 0x31a6, 0x31a6, 0x31a6, 0x31a6, 0x31a6, 0x31a6, 0x31a6, 0x31a6, 
0x3144, 0x3144, 0x3144, 0x3144, 0x3144, 0x3144, 0x3144, 0x3144, 0x3144, 0x3144, 0x3144, 0x39a6, 0x39c7, 0x39a6, 0x31a6, 0x31a6, 
0x39e7, 0x4207, 0x4207, 0x4207, 0x4207, 0x41e7, 0x41e7, 0x41e7, 0x4207, 0x4227, 0x4a27, 0x4207, 0x39c6, 0x39a5, 0x39c6, 0x41e6, 
0x4206, 0x4a06, 0x4a26, 0x4206, 0x4a07, 0x41e6, 0x41e5, 0x41e6, 0x41c6, 0x41c6, 0x39a6, 0x39c6, 0x39c6, 0x41c6, 0x39c6, 0x39e7, 
0x41e7, 0x4207, 0x4207, 0x4207, 0x41e7, 0x41e6, 0x39c6, 0x31a5, 0x3185, 0x3185, 0x39a6, 0x39a6, 0x39c6, 0x39c6, 0x39c6, 0x39c6, 
0x39a5, 0x3185, 0x3185, 0x39a6, 0x3185, 0x3185, 0x3185, 0x3185, 0x39c5, 0x39c6, 0x39c6, 0x4a26, 0x6ae9, 0x5aa9, 0x5248, 0x5289, 
0x5268, 0x5247, 0x4a47, 0x5288, 0x4a48, 0x4a48, 0x4a48, 0x4a06, 0x4a06, 0x4a06, 0x4a06, 0x41e5, 0x39c5, 0x41c5, 0x39a4, 0x39a5, 
0x4206, 0x5289, 0x52a9, 0x4a68, 0x4227, 0x4a07, 0x4a27, 0x4a48, 0x5268, 0x4a48, 0x5288, 0x41c6, 0x41a5, 0x4184, 0x3164, 0x3144, 
0x3144, 0x3144, 0x3144, 0x3165, 0x3185, 0x3185, 0x3185, 0x3185, 0x3185, 0x3185, 0x3185, 0x3185, 0x39a6, 0x39c6, 0x39c6, 0x39c6, 
0x39a6, 0x39a6, 0x4207, 0x5268, 0x4a48, 0x4a48, 0x4a28, 0x4207, 0x41e7, 0x4207, 0x41e7, 0x41e7, 0x4207, 0x41e7, 0x4207, 0x4207, 
0x41e7, 0x41e7, 0x39e6, 0x39e7, 0x39c6, 0x39c6, 0x39c6, 0x39c6, 0x39a6, 0x39c6, 0x39a6, 0x39c6, 0x39c6, 0x39c6, 0x41e6, 0x41e7, 
0x4207, 0x4207, 0x4a47, 0x5a88, 0x4a27, 0x4207, 0x41e7, 0x4a27, 0x4a27, 0x41e6, 0x41c5, 0x4a26, 0x5268, 0x41e6, 0x3944, 0x3143, 
0x3164, 0x39a6, 0x39a6, 0x39a6, 0x39a6, 0x39c6, 0x41e6, 0x4227, 0x4207, 0x41e7, 0x41e7, 0x4207, 0x41e7, 0x39c6, 0x41e6, 0x41e7, 
0x39c6, 0x41e6, 0x41e7, 0x41e6, 0x41e7, 0x4207, 0x4207, 0x4a27, 0x4a47, 0x4a48, 0x5268, 0x4a68, 0x4227, 0x4207, 0x4228, 0x4207, 
0x4207, 0x4207, 0x4207, 0x41e7, 0x4207, 0x41e7, 0x41e7, 0x41e7, 0x39c6, 0x39c6, 0x39e6, 0x39c6, 0x39c6, 0x39c6, 0x39e6, 0x41e7, 
0x39e7, 0x41e7, 0x41e7, 0x41e7, 0x41e7, 0x39e7, 0x39c6, 0x31a6, 0x31a6, 0x31a6, 0x31a6, 0x31a6, 0x31a6, 0x31a6, 0x31a6, 0x31a6, 
0x3144, 0x3144, 0x3144, 0x3144, 0x3144, 0x3144, 0x3144, 0x3144, 0x3144, 0x3144, 0x3164, 0x31a6, 0x39c6, 0x39c6, 0x39a6, 0x31a6, 
0x41e7, 0x4207, 0x4207, 0x4207, 0x41e7, 0x39e7, 0x41e7, 0x4207, 0x4207, 0x41e6, 0x41e6, 0x41c6, 0x39c6, 0x39c6, 0x41e6, 0x4206, 
0x41e6, 0x41e6, 0x41e6, 0x4a06, 0x41c5, 0x41c5, 0x41c6, 0x4a27, 0x41e6, 0x39c6, 0x39c6, 0x39c6, 0x39c6, 0x39c6, 0x39c6, 0x41e7, 
0x4207, 0x4207, 0x41e7, 0x4207, 0x41e7, 0x39c6, 0x39a6, 0x39a5, 0x39a5, 0x31a5, 0x39a6, 0x39a6, 0x41e6, 0x39a6, 0x39a5, 0x3185, 
0x3985, 0x39a6, 0x41e7, 0x39c6, 0x3185, 0x3185, 0x3185, 0x39a5, 0x39c6, 0x39c6, 0x39c6, 0x49e5, 0x6ae9, 0x6b2b, 0x5a88, 0x5aa8, 
0x5288, 0x5268, 0x5268, 0x5288, 0x4a47, 0x4a27, 0x4a27, 0x41e6, 0x41e6, 0x41e6, 0x41e5, 0x41c5, 0x39a5, 0x39a5, 0x41a5, 0x4a26, 
0x52a9, 0x52a9, 0x5aca, 0x52aa, 0x5268, 0x5289, 0x4207, 0x41e6, 0x39c6, 0x41e7, 0x4a48, 0x4a27, 0x5248, 0x5268, 0x41a5, 0x3964, 
0x3964, 0x3144, 0x3144, 0x3144, 0x3164, 0x3164, 0x3164, 0x3164, 0x3164, 0x3165, 0x3185, 0x3185, 0x3185, 0x3185, 0x39a6, 0x39c6, 
0x39c6, 0x39c6, 0x4207, 0x4a48, 0x4a28, 0x4a28, 0x4207, 0x4207, 0x41e7, 0x41e7, 0x41e7, 0x4207, 0x4207, 0x41e7, 0x41e7, 0x4207, 
0x4207, 0x41e7, 0x39c6, 0x41e7, 0x39e6, 0x39e7, 0x39c6, 0x39c6, 0x39c6, 0x39c6, 0x39c6, 0x39c6, 0x39c6, 0x39c6, 0x41e6, 0x39c6, 
0x41e7, 0x41e7, 0x41e7, 0x41e7, 0x4207, 0x4207, 0x4207, 0x4207, 0x4207, 0x4207, 0x4207, 0x62ea, 0x6b0b, 0x4a06, 0x3943, 0x3143, 
0x3984, 0x39a6, 0x39a6, 0x39a6, 0x39a6, 0x41e6, 0x41e6, 0x4207, 0x4207, 0x4207, 0x41e7, 0x4207, 0x41e7, 0x41e6, 0x41e6, 0x41e6, 
0x39c6, 0x39c6, 0x39c6, 0x39c6, 0x39e6, 0x41e7, 0x41e7, 0x4207, 0x4207, 0x4a27, 0x5268, 0x5288, 0x5268, 0x4227, 0x4227, 0x4227, 
0x4227, 0x4207, 0x4207, 0x4207, 0x4207, 0x4207, 0x41e6, 0x41e7, 0x39c6, 0x39e7, 0x39c6, 0x39c6, 0x39c6, 0x39c6, 0x39c6, 0x41e7, 
0x41e7, 0x4207, 0x4207, 0x39e7, 0x39e7, 0x4207, 0x39e7, 0x31a6, 0x31a6, 0x31a6, 0x31a6, 0x31a6, 0x31a6, 0x31a6, 0x31a6, 0x31a6, 
0x3144, 0x3144, 0x3144, 0x3144, 0x3144, 0x3144, 0x3144, 0x3144, 0x3144, 0x3144, 0x3164, 0x31a6, 0x31a6, 0x39c6, 0x39c6, 0x39c6, 
0x41e7, 0x4207, 0x4207, 0x41e7, 0x41e7, 0x4207, 0x4207, 0x4207, 0x4207, 0x39c6, 0x41e6, 0x39c6, 0x39c6, 0x41e6, 0x4a06, 0x41e6, 
0x41e6, 0x41e6, 0x41e6, 0x41e6, 0x3985, 0x39a5, 0x4a27, 0x4a27, 0x41c6, 0x39c6, 0x39c6, 0x39c6, 0x39c6, 0x39c6, 0x39c6, 0x41e7, 
0x4207, 0x4207, 0x4207, 0x41e7, 0x41c6, 0x39c6, 0x39a6, 0x3185, 0x3185, 0x3185, 0x39a6, 0x41e7, 0x4a07, 0x41e6, 0x41c6, 0x3985, 
0x3185, 0x39a6, 0x41e7, 0x3185, 0x3185, 0x3185, 0x3185, 0x39a5, 0x39c6, 0x39c6, 0x39c6, 0x41c5, 0x62c8, 0x736b, 0x62ea, 0x5268, 
0x4a47, 0x5268, 0x4a27, 0x5247, 0x4a27, 0x4207, 0x4a07, 0x4a27, 0x41e6, 0x4a48, 0x4a48, 0x41c5, 0x39a5, 0x41e6, 0x5247, 0x5288, 
0x52a9, 0x5aca, 0x5aaa, 0x5289, 0x5289, 0x52aa, 0x52a9, 0x4207, 0x3985, 0x41e6, 0x4a27, 0x4207, 0x4207, 0x5268, 0x41e6, 0x5247, 
0x5226, 0x4184, 0x3144, 0x3144, 0x3144, 0x3143, 0x3143, 0x3143, 0x3144, 0x3144, 0x3165, 0x3185, 0x3185, 0x3185, 0x3185, 0x39a6, 
0x39c6, 0x39c6, 0x41e7, 0x4a27, 0x4227, 0x4207, 0x4207, 0x41e7, 0x41e7, 0x41e7, 0x41e7, 0x4207, 0x4207, 0x4207, 0x41e7, 0x4207, 
0x4207, 0x41e7, 0x41e7, 0x39e7, 0x41e7, 0x39e7, 0x39c6, 0x41e6, 0x41e6, 0x39c6, 0x39a6, 0x39c6, 0x39c6, 0x39c6, 0x41e6, 0x39c6, 
0x39c6, 0x41e6, 0x41e7, 0x41e7, 0x4207, 0x4227, 0x4207, 0x39e7, 0x41e7, 0x41e7, 0x4228, 0x4a48, 0x5289, 0x41e5, 0x3143, 0x3143, 
0x3985, 0x39a6, 0x39a6, 0x39a6, 0x39c6, 0x39c6, 0x39c6, 0x41e6, 0x41e7, 0x4207, 0x41e7, 0x41e6, 0x39c6, 0x39c6, 0x41e6, 0x41e6, 
0x41e6, 0x39c6, 0x39c6, 0x41e6, 0x41c6, 0x41e7, 0x41e7, 0x41e7, 0x4207, 0x4207, 0x4207, 0x4a48, 0x5268, 0x5268, 0x4a48, 0x4228, 
0x4227, 0x4227, 0x4227, 0x4a28, 0x4a48, 0x4207, 0x41e7, 0x41e7, 0x41e7, 0x39e7, 0x39c6, 0x39c6, 0x39a6, 0x41e6, 0x39c6, 0x41e7, 
0x41e7, 0x41e7, 0x4207, 0x39e7, 0x41e7, 0x4207, 0x4207, 0x39c6, 0x31a6, 0x31a6, 0x31a6, 0x31a6, 0x31a6, 0x31a6, 0x31a6, 0x31a6, 
0x3144, 0x3144, 0x3144, 0x3144, 0x3144, 0x3144, 0x3144, 0x3144, 0x3144, 0x3144, 0x3164, 0x31a6, 0x31a6, 0x31a6, 0x39c6, 0x41e7, 
0x41e7, 0x4207, 0x4207, 0x4207, 0x41e7, 0x4207, 0x4a27, 0x4207, 0x41e6, 0x41e6, 0x41c6, 0x39a6, 0x41c6, 0x4206, 0x4206, 0x41c6, 
0x39a5, 0x39a6, 0x39a6, 0x39a5, 0x3165, 0x39a5, 0x4206, 0x41e6, 0x39c6, 0x41c6, 0x39c6, 0x39c6, 0x39c6, 0x39e6, 0x41e6, 0x4207, 
0x4207, 0x4207, 0x4207, 0x39e7, 0x39c6, 0x39a6, 0x39a6, 0x3185, 0x3185, 0x3185, 0x39a6, 0x41e7, 0x4a48, 0x5268, 0x4a27, 0x41c6, 
0x39a5, 0x39a5, 0x39a5, 0x3185, 0x3185, 0x3185, 0x3185, 0x39a5, 0x39c6, 0x39c6, 0x39c6, 0x4a06, 0x62a8, 0x6ae9, 0x62c9, 0x5248, 
0x5247, 0x5247, 0x4a47, 0x4a27, 0x4a27, 0x4207, 0x4a27, 0x4206, 0x41c6, 0x4a27, 0x4207, 0x39a5, 0x41e6, 0x5247, 0x5267, 0x5289, 
0x5289, 0x5aca, 0x62ea, 0x5ac9, 0x5ac9, 0x4a89, 0x52a9, 0x5aa9, 0x4206, 0x39a5, 0x41c6, 0x4207, 0x4207, 0x41e7, 0x4228, 0x4a28, 
0x4a48, 0x5268, 0x4a26, 0x3984, 0x3164, 0x3163, 0x3143, 0x3143, 0x3143, 0x3144, 0x3144, 0x3164, 0x3165, 0x3185, 0x3185, 0x39a6, 
0x39a6, 0x39c6, 0x41e7, 0x4207, 0x41e7, 0x39c6, 0x39c6, 0x39e6, 0x39c6, 0x39c6, 0x39c6, 0x39e7, 0x41e7, 0x4207, 0x4207, 0x4207, 
0x4207, 0x4207, 0x4207, 0x4207, 0x41e7, 0x41e7, 0x39c6, 0x39e6, 0x39e6, 0x39c6, 0x39c6, 0x39a6, 0x39a6, 0x39a6, 0x39a6, 0x39c6, 
0x39c6, 0x41e6, 0x41e7, 0x41e7, 0x4207, 0x4207, 0x4207, 0x41e7, 0x41e7, 0x4207, 0x4228, 0x4a28, 0x4228, 0x41c5, 0x3943, 0x3143, 
0x3185, 0x39a6, 0x39a6, 0x39a6, 0x39e6, 0x41e7, 0x41e7, 0x41e7, 0x41e7, 0x41e7, 0x41e7, 0x41e6, 0x39c6, 0x39c6, 0x39e6, 0x41e7, 
0x41e6, 0x39c6, 0x39c6, 0x39c6, 0x41e6, 0x41e6, 0x41e7, 0x41e7, 0x39c6, 0x41e6, 0x4207, 0x4207, 0x4a48, 0x5288, 0x5268, 0x4a48, 
0x4a48, 0x4a28, 0x4a48, 0x5268, 0x4a27, 0x4207, 0x41e7, 0x41e7, 0x41e7, 0x41e7, 0x39c6, 0x39c6, 0x39c6, 0x39c6, 0x39c6, 0x41e6, 
0x41e7, 0x41e7, 0x4207, 0x4207, 0x4207, 0x41e7, 0x41e7, 0x39e7, 0x31a6, 0x31a6, 0x31a6, 0x31a6, 0x31a6, 0x31a6, 0x31a6, 0x31a6, 
0x3144, 0x3144, 0x3144, 0x3144, 0x3144, 0x3144, 0x3144, 0x3144, 0x3144, 0x3144, 0x3164, 0x31a6, 0x31a6, 0x31a6, 0x39c6, 0x41e7, 
0x41e7, 0x4207, 0x41e7, 0x4207, 0x4207, 0x39e6, 0x41e7, 0x41e6, 0x41e6, 0x41e6, 0x41e6, 0x39c6, 0x41e6, 0x41c6, 0x41c6, 0x39a5, 
0x39a6, 0x39a6, 0x31a5, 0x39a5, 0x39a5, 0x39a5, 0x4207, 0x41e6, 0x39c6, 0x41c6, 0x41e6, 0x39c6, 0x39c6, 0x39e6, 0x39c6, 0x4207, 
0x4207, 0x4207, 0x4207, 0x41e6, 0x39c6, 0x39a6, 0x31a6, 0x3185, 0x3185, 0x3185, 0x3185, 0x39c6, 0x41e6, 0x41c6, 0x39c6, 0x39c6, 
0x39a6, 0x3185, 0x39a6, 0x3185, 0x3185, 0x3185, 0x3985, 0x39a6, 0x39c6, 0x39c6, 0x41c6, 0x5247, 0x62c9, 0x5288, 0x4a07, 0x5a89, 
0x4a47, 0x4a27, 0x4a27, 0x4a48, 0x5289, 0x4a27, 0x41e6, 0x39c6, 0x39a5, 0x4a48, 0x52a9, 0x4a47, 0x5288, 0x5aa9, 0x5289, 0x52a9, 
0x5289, 0x5aca, 0x5aa9, 0x62ea, 0x5ac9, 0x62c9, 0x5289, 0x5289, 0x4a89, 0x4207, 0x39a5, 0x41c6, 0x4206, 0x41e6, 0x4207, 0x4a27, 
0x4207, 0x4a48, 0x4a06, 0x41c5, 0x41c5, 0x3984, 0x41e4, 0x41e4, 0x3163, 0x3143, 0x3143, 0x3144, 0x3144, 0x3165, 0x3185, 0x3185, 
0x3185, 0x3185, 0x31a6, 0x31a6, 0x31a6, 0x3185, 0x31a5, 0x31a5, 0x39a6, 0x39a6, 0x31a5, 0x39a5, 0x39c6, 0x41e7, 0x4207, 0x4207, 
0x4207, 0x4207, 0x4207, 0x4207, 0x4207, 0x4207, 0x41e7, 0x41e6, 0x4207, 0x41e6, 0x39a6, 0x39a6, 0x39a6, 0x39a6, 0x39c6, 0x39a6, 
0x39a6, 0x39c6, 0x39c6, 0x41e7, 0x41e7, 0x4207, 0x4207, 0x4207, 0x4227, 0x4228, 0x4a48, 0x4a68, 0x4a28, 0x41a5, 0x3143, 0x3143, 
0x3185, 0x31a6, 0x39a6, 0x39c6, 0x41e7, 0x41e7, 0x41e7, 0x41e7, 0x41e7, 0x41e7, 0x41e6, 0x41e6, 0x39e6, 0x41e6, 0x41e6, 0x41e6, 
0x41e6, 0x39c6, 0x39c6, 0x39c6, 0x39c6, 0x41c6, 0x41c6, 0x39e6, 0x41e6, 0x39c6, 0x41e7, 0x4207, 0x4a48, 0x5288, 0x4a48, 0x4a48, 
0x4a48, 0x4a27, 0x5268, 0x5268, 0x4207, 0x4207, 0x4207, 0x41e7, 0x41e7, 0x41e7, 0x39e6, 0x41e6, 0x41e6, 0x39c6, 0x39c6, 0x39c6, 
0x41e7, 0x41e7, 0x4207, 0x4207, 0x4207, 0x4207, 0x41e7, 0x41e7, 0x39c6, 0x31a6, 0x31a6, 0x31a6, 0x31a6, 0x31a6, 0x31a6, 0x31a6, 
0x3144, 0x3144, 0x3144, 0x3144, 0x3144, 0x3144, 0x3144, 0x3144, 0x3144, 0x3144, 0x3164, 0x39a6, 0x31a6, 0x39a6, 0x39a6, 0x39c6, 
0x41e7, 0x4207, 0x41e7, 0x4207, 0x4207, 0x41e7, 0x4207, 0x4207, 0x39c6, 0x39c6, 0x4207, 0x4207, 0x41e6, 0x41c6, 0x39c6, 0x41e7, 
0x4207, 0x39c6, 0x31a5, 0x39a5, 0x41c6, 0x41e6, 0x41e6, 0x39c6, 0x39c6, 0x39a6, 0x39c6, 0x39c6, 0x39c6, 0x39c6, 0x41e7, 0x4207, 
0x4207, 0x41e7, 0x39e6, 0x39c6, 0x39a6, 0x39a6, 0x3185, 0x3185, 0x3185, 0x3185, 0x3185, 0x39a6, 0x41c6, 0x39a6, 0x39a6, 0x39a6, 
0x3185, 0x3185, 0x31a5, 0x3185, 0x3185, 0x3165, 0x39a6, 0x4a07, 0x41c6, 0x39c6, 0x41e6, 0x5247, 0x5aa9, 0x5aa9, 0x62ca, 0x62ca, 
0x4a27, 0x4a47, 0x4a27, 0x4a27, 0x5268, 0x5aaa, 0x41e6, 0x39a5, 0x4207, 0x52a9, 0x5aaa, 0x5aca, 0x5aaa, 0x5289, 0x62eb, 0x5aea, 
0x5aca, 0x5aa9, 0x62c9, 0x62ea, 0x6b0a, 0x62ea, 0x5288, 0x52a9, 0x5aca, 0x5aca, 0x4a48, 0x39a5, 0x3985, 0x39a5, 0x39c6, 0x4227, 
0x4a27, 0x41e6, 0x41e6, 0x4a48, 0x5248, 0x41a5, 0x5a87, 0x5a88, 0x4a25, 0x3983, 0x3143, 0x3163, 0x41e6, 0x39c6, 0x3185, 0x3185, 
0x3165, 0x3185, 0x3185, 0x3185, 0x3185, 0x31a5, 0x31a4, 0x31a4, 0x3984, 0x41a6, 0x39c6, 0x39a5, 0x39c5, 0x4206, 0x41e6, 0x4207, 
0x4207, 0x4207, 0x4207, 0x41e7, 0x4207, 0x4207, 0x41e7, 0x41e6, 0x4207, 0x39c6, 0x39c6, 0x39c6, 0x39a6, 0x39a6, 0x39c6, 0x39a6, 
0x39a6, 0x39c6, 0x39c6, 0x39c6, 0x41e7, 0x4207, 0x4207, 0x4a27, 0x4227, 0x4a48, 0x4a48, 0x4228, 0x4207, 0x3984, 0x3143, 0x3143, 
0x3185, 0x31a6, 0x39a6, 0x41e7, 0x4207, 0x41e7, 0x41e7, 0x41e7, 0x41e6, 0x39c6, 0x41e6, 0x41e6, 0x41e7, 0x41e7, 0x41e6, 0x39c6, 
0x39e6, 0x39c6, 0x41e6, 0x39c6, 0x39a6, 0x39c6, 0x39c6, 0x39c6, 0x39e6, 0x39c6, 0x39c6, 0x4207, 0x4a27, 0x5268, 0x5268, 0x4a68, 
0x5289, 0x5268, 0x5248, 0x4a48, 0x4207, 0x41e7, 0x41e7, 0x41e7, 0x41e7, 0x39e6, 0x39c6, 0x39c6, 0x39c6, 0x39c6, 0x39c6, 0x39c6, 
0x4207, 0x4207, 0x4207, 0x4207, 0x4207, 0x4207, 0x4207, 0x41e7, 0x39c6, 0x31a6, 0x31a6, 0x31a6, 0x31a6, 0x31a6, 0x31a6, 0x31a6, 
0x3144, 0x3144, 0x3144, 0x3144, 0x3144, 0x3144, 0x3144, 0x3144, 0x3144, 0x3144, 0x3144, 0x3165, 0x39a6, 0x3986, 0x3986, 0x39c6, 
0x39e7, 0x41e7, 0x4207, 0x4227, 0x39e7, 0x41e6, 0x4207, 0x4207, 0x41e6, 0x4a07, 0x41e6, 0x41c6, 0x41c6, 0x41e7, 0x4207, 0x4207, 
0x4207, 0x41c6, 0x39c6, 0x39c6, 0x4a27, 0x4206, 0x41e6, 0x41e6, 0x39c6, 0x39a6, 0x39c6, 0x39c6, 0x39c6, 0x39e6, 0x41e7, 0x41e7, 
0x41e7, 0x39e7, 0x39c6, 0x39c6, 0x39a6, 0x39a6, 0x3185, 0x3185, 0x3185, 0x31a5, 0x39a5, 0x39a5, 0x39a6, 0x39a5, 0x39a5, 0x39a5, 
0x39a5, 0x3185, 0x3185, 0x3985, 0x3965, 0x3985, 0x41e6, 0x4a27, 0x4a07, 0x41c6, 0x4a26, 0x5aa8, 0x5268, 0x5289, 0x5aa9, 0x5a88, 
0x4a27, 0x4a47, 0x4a27, 0x4a07, 0x4a27, 0x4a68, 0x41e6, 0x4a48, 0x5aca, 0x5aea, 0x5aca, 0x5aaa, 0x62eb, 0x5aca, 0x52aa, 0x52aa, 
0x62ea, 0x62c9, 0x6b0a, 0x62ea, 0x62ea, 0x62e9, 0x5aa9, 0x62ea, 0x5aca, 0x5aea, 0x5aca, 0x4a48, 0x39a5, 0x3185, 0x39a5, 0x39c6, 
0x39a5, 0x41c5, 0x4227, 0x4a48, 0x5268, 0x4a48, 0x5288, 0x5aa9, 0x5288, 0x4a46, 0x39c4, 0x4a27, 0x4a07, 0x52a9, 0x4a47, 0x39c6, 
0x31a6, 0x31c6, 0x4207, 0x41e7, 0x31a6, 0x39a6, 0x39c6, 0x39c5, 0x39a5, 0x4a27, 0x4a07, 0x49e6, 0x4a26, 0x4a47, 0x41e6, 0x41e6, 
0x41e6, 0x41e6, 0x39e6, 0x39c6, 0x41e7, 0x41e7, 0x41e7, 0x41e7, 0x41e7, 0x39c6, 0x39c6, 0x39c6, 0x39c6, 0x39c6, 0x39a6, 0x39a6, 
0x39c6, 0x39a6, 0x39a6, 0x39c6, 0x39c6, 0x39e6, 0x41e7, 0x41e7, 0x41e7, 0x4207, 0x4248, 0x4a48, 0x4a27, 0x3964, 0x3143, 0x3143, 
0x3164, 0x31a6, 0x39c6, 0x4207, 0x41e7, 0x41e6, 0x39c6, 0x39c6, 0x39c6, 0x41e6, 0x41e6, 0x41e7, 0x41e7, 0x41e7, 0x41e7, 0x41e7, 
0x39e6, 0x41e6, 0x41e6, 0x39e6, 0x39c6, 0x39e6, 0x39c6, 0x39c6, 0x39c6, 0x39c6, 0x39c6, 0x41e6, 0x4227, 0x4a48, 0x5248, 0x4a48, 
0x4a47, 0x4a48, 0x4a48, 0x4a48, 0x4227, 0x4207, 0x4207, 0x39c7, 0x41e7, 0x41e7, 0x39c6, 0x39c6, 0x39c6, 0x39c6, 0x39c6, 0x39c6, 
0x41e6, 0x41e7, 0x41e7, 0x4207, 0x4207, 0x4228, 0x4207, 0x41e7, 0x39e7, 0x31a6, 0x31a6, 0x31a6, 0x31a6, 0x31a6, 0x31a6, 0x31a6, 
0x3144, 0x3144, 0x3144, 0x3144, 0x3144, 0x3144, 0x3144, 0x3144, 0x3144, 0x3144, 0x3144, 0x3164, 0x39a6, 0x3986, 0x3986, 0x39c6, 
0x4207, 0x41e7, 0x4207, 0x4a48, 0x4207, 0x41e6, 0x41e6, 0x41e6, 0x41e6, 0x4a07, 0x4206, 0x39a6, 0x41e7, 0x4227, 0x4227, 0x4a27, 
0x4207, 0x4a27, 0x4207, 0x4206, 0x5268, 0x4207, 0x4207, 0x41e6, 0x39e6, 0x39c6, 0x39c6, 0x39c6, 0x39c6, 0x39e6, 0x39e7, 0x39e7, 
0x41e7, 0x39e6, 0x41c6, 0x39a6, 0x31a5, 0x3185, 0x3185, 0x3185, 0x31a6, 0x31a5, 0x39a5, 0x39a5, 0x39a5, 0x39a5, 0x3985, 0x39a5, 
0x3985, 0x39a5, 0x3985, 0x3965, 0x3165, 0x41c6, 0x5227, 0x4a26, 0x4a27, 0x4a07, 0x41e6, 0x5268, 0x5268, 0x4a27, 0x4a27, 0x4a27, 
0x5247, 0x4a27, 0x4207, 0x4a27, 0x41c5, 0x39c6, 0x5289, 0x5aea, 0x5aaa, 0x5aaa, 0x5aaa, 0x5289, 0x5aca, 0x5aea, 0x5aea, 0x5aca, 
0x62e9, 0x630a, 0x6b2a, 0x62ea, 0x5289, 0x5268, 0x5ac9, 0x5aa9, 0x62ea, 0x5aea, 0x52a9, 0x5aaa, 0x4a27, 0x3985, 0x39a5, 0x3984, 
0x3164, 0x3164, 0x41e6, 0x4a48, 0x4a48, 0x5268, 0x5268, 0x6b0b, 0x6aea, 0x62ca, 0x4a48, 0x4a68, 0x5268, 0x4a07, 0x52a9, 0x4a67, 
0x39e6, 0x39c6, 0x39e7, 0x4a48, 0x4a48, 0x4206, 0x4206, 0x4a27, 0x5288, 0x5aa9, 0x5aa9, 0x5247, 0x5227, 0x5267, 0x5288, 0x5247, 
0x41c5, 0x39c6, 0x3185, 0x39a6, 0x41e7, 0x4207, 0x4207, 0x41e7, 0x41e7, 0x39c6, 0x39c6, 0x39c6, 0x39c6, 0x39a6, 0x39c6, 0x39c6, 
0x39a6, 0x39a6, 0x39a6, 0x39c6, 0x39c6, 0x39c6, 0x39c6, 0x41e7, 0x41e6, 0x39e7, 0x4207, 0x4207, 0x41e6, 0x3943, 0x3143, 0x3143, 
0x3143, 0x3185, 0x31a6, 0x39c6, 0x4207, 0x39c7, 0x39c6, 0x39c6, 0x39c6, 0x41e6, 0x41e7, 0x41e6, 0x41e7, 0x41e7, 0x41e7, 0x41e7, 
0x41e6, 0x39c6, 0x39c6, 0x41e6, 0x39c6, 0x39c6, 0x39e6, 0x41c6, 0x39c6, 0x39c6, 0x39c6, 0x41e6, 0x4207, 0x4a47, 0x4a27, 0x4a48, 
0x4a48, 0x4a27, 0x4a27, 0x4a27, 0x4a28, 0x4207, 0x41e7, 0x41e6, 0x4207, 0x4207, 0x41e7, 0x39c6, 0x39c6, 0x39c6, 0x39a6, 0x39c6, 
0x39e6, 0x41e6, 0x41e7, 0x4207, 0x4a28, 0x4228, 0x4207, 0x41e7, 0x39c6, 0x31a6, 0x31a6, 0x31a6, 0x31a6, 0x31a6, 0x31a6, 0x31a6, 
0x3144, 0x3144, 0x3144, 0x3144, 0x3144, 0x3144, 0x3144, 0x3144, 0x3144, 0x3144, 0x3144, 0x3164, 0x3986, 0x3986, 0x3986, 0x39c6, 
0x4207, 0x41e7, 0x4207, 0x4207, 0x41e7, 0x39c6, 0x41e7, 0x41e7, 0x4206, 0x4a27, 0x4a07, 0x41e7, 0x4207, 0x4207, 0x4a27, 0x4207, 
0x4a27, 0x4a06, 0x4207, 0x4a47, 0x4a27, 0x4207, 0x41e7, 0x41e6, 0x39c6, 0x39c6, 0x39e6, 0x39c6, 0x41c6, 0x39c6, 0x41e7, 0x39e6, 
0x41e6, 0x39c6, 0x39a6, 0x39a6, 0x3185, 0x3185, 0x3185, 0x3185, 0x39a5, 0x39a6, 0x39a6, 0x39a5, 0x3985, 0x3165, 0x3185, 0x39a6, 
0x39a5, 0x39a6, 0x39a5, 0x3985, 0x3165, 0x39a5, 0x4a06, 0x4a27, 0x4a26, 0x5247, 0x4a27, 0x4207, 0x4a27, 0x4a47, 0x5247, 0x4a27, 
0x4a27, 0x4a27, 0x4a27, 0x41e6, 0x39c6, 0x4a69, 0x52a9, 0x5289, 0x52a9, 0x5aca, 0x52a9, 0x5aca, 0x5aaa, 0x5aca, 0x630b, 0x62ea, 
0x62c9, 0x62ca, 0x630a, 0x62e9, 0x5aa9, 0x5268, 0x5aa9, 0x5aa9, 0x5aa9, 0x630b, 0x5aca, 0x5aaa, 0x5268, 0x41c6, 0x3984, 0x3164, 
0x3163, 0x3163, 0x39a5, 0x41e6, 0x5289, 0x4207, 0x5248, 0x630b, 0x6b2b, 0x62eb, 0x4a47, 0x4a27, 0x52a9, 0x5268, 0x4a28, 0x52ea, 
0x4a68, 0x4207, 0x5268, 0x6b2b, 0x62ca, 0x5a87, 0x5a88, 0x62c9, 0x5a88, 0x6b2a, 0x62e9, 0x5248, 0x5a68, 0x5a47, 0x5a67, 0x5227, 
0x41a5, 0x41c6, 0x41c6, 0x41c6, 0x39c6, 0x41e7, 0x41e7, 0x41e7, 0x41e7, 0x39e6, 0x39e7, 0x39c6, 0x39e6, 0x39c6, 0x39a6, 0x39c6, 
0x39a6, 0x39a6, 0x39a6, 0x39a6, 0x39c6, 0x39c6, 0x39a6, 0x39c6, 0x41e7, 0x41e7, 0x41e7, 0x4206, 0x3984, 0x3143, 0x3143, 0x3143, 
0x3143, 0x3185, 0x31a6, 0x39c6, 0x41e7, 0x39c6, 0x39c6, 0x41e7, 0x39c6, 0x41e7, 0x41e7, 0x41e7, 0x41e7, 0x41e7, 0x41e7, 0x41e6, 
0x39e6, 0x39e6, 0x39e6, 0x41e6, 0x39c6, 0x39c6, 0x39c6, 0x39c6, 0x39c6, 0x39c6, 0x39a6, 0x39c6, 0x4206, 0x4a27, 0x4a27, 0x4a27, 
0x4a27, 0x4a48, 0x4207, 0x41e6, 0x4a07, 0x4207, 0x41e6, 0x39c6, 0x4207, 0x4227, 0x39e7, 0x41e7, 0x41e6, 0x41c6, 0x39c6, 0x39a6, 
0x39c6, 0x39c6, 0x41e7, 0x4207, 0x4228, 0x4227, 0x4207, 0x39c6, 0x39c6, 0x31a6, 0x31a6, 0x31a6, 0x31a6, 0x31a6, 0x31a6, 0x31a6, 
0x3144, 0x3144, 0x3144, 0x3144, 0x3144, 0x3144, 0x3144, 0x3144, 0x3144, 0x3144, 0x3144, 0x3164, 0x3986, 0x3986, 0x3986, 0x39c6, 
0x41e7, 0x41e7, 0x4207, 0x41e7, 0x39c6, 0x39e6, 0x41e6, 0x39c6, 0x41e6, 0x4a27, 0x4a27, 0x4a27, 0x4207, 0x4a07, 0x4207, 0x4a27, 
0x4a27, 0x4a27, 0x4a27, 0x4a47, 0x4a07, 0x41e6, 0x4207, 0x41e6, 0x41e6, 0x41e6, 0x39c6, 0x39c6, 0x39c6, 0x39c6, 0x39c6, 0x39c6, 
0x39c6, 0x39c6, 0x39a6, 0x3185, 0x3185, 0x3185, 0x3185, 0x39a6, 0x39a6, 0x39a6, 0x39a6, 0x3985, 0x3165, 0x3144, 0x3185, 0x41e6, 
0x41c6, 0x41c6, 0x41c6, 0x39a6, 0x3165, 0x39a5, 0x4206, 0x4a47, 0x5aa9, 0x4a27, 0x4a27, 0x4a27, 0x4a07, 0x4a27, 0x4a27, 0x5247, 
0x4a06, 0x41e6, 0x41e6, 0x39c6, 0x5289, 0x62ea, 0x5289, 0x5289, 0x62ea, 0x630b, 0x5aaa, 0x62eb, 0x5aea, 0x52a9, 0x62c9, 0x62e9, 
0x62ea, 0x630a, 0x5ac9, 0x62c9, 0x5ac9, 0x5aa9, 0x62ca, 0x62ea, 0x62ea, 0x630a, 0x5aaa, 0x5aaa, 0x5289, 0x4207, 0x39a5, 0x3164, 
0x3163, 0x3163, 0x3143, 0x3164, 0x41e6, 0x41e7, 0x41e6, 0x4a07, 0x5a89, 0x62c8, 0x5267, 0x4a68, 0x5aca, 0x5aca, 0x62eb, 0x6b6d, 
0x6b4c, 0x5289, 0x5268, 0x5aa9, 0x5a68, 0x5a88, 0x6b2a, 0x62ea, 0x62c9, 0x5a89, 0x5268, 0x5268, 0x5248, 0x5268, 0x4a07, 0x4a07, 
0x41c5, 0x41a5, 0x4a48, 0x4a06, 0x3985, 0x39c6, 0x39e7, 0x4207, 0x39e7, 0x41e7, 0x41e7, 0x39c6, 0x39e6, 0x39c6, 0x39c6, 0x39a6, 
0x39a6, 0x39a6, 0x39a6, 0x39a6, 0x39c6, 0x39c6, 0x39c6, 0x39c6, 0x39e6, 0x39e6, 0x41e7, 0x4207, 0x3964, 0x3143, 0x3143, 0x3143, 
0x3143, 0x3185, 0x31a6, 0x39c6, 0x39e7, 0x39c6, 0x39c6, 0x39c6, 0x39c6, 0x41e6, 0x41e7, 0x41e7, 0x41e7, 0x41e7, 0x41e7, 0x41e6, 
0x39e6, 0x39c6, 0x39c6, 0x41e6, 0x41e6, 0x39e6, 0x39c6, 0x39c6, 0x39c6, 0x39a6, 0x39c6, 0x41c6, 0x41e6, 0x41e7, 0x4207, 0x4a27, 
0x4a27, 0x4207, 0x41e6, 0x4a07, 0x4a47, 0x4a47, 0x4207, 0x41e6, 0x41e6, 0x41e6, 0x4207, 0x41e7, 0x41e6, 0x39c6, 0x39e6, 0x39a6, 
0x39a6, 0x41c6, 0x41e6, 0x4207, 0x4228, 0x4207, 0x4207, 0x39e6, 0x39a6, 0x31a6, 0x31a6, 0x31a6, 0x31a6, 0x31a6, 0x31a6, 0x3185, 
0x3144, 0x3144, 0x3144, 0x3144, 0x3144, 0x3144, 0x3144, 0x3144, 0x3144, 0x3144, 0x3144, 0x3144, 0x3185, 0x3986, 0x3986, 0x39a6, 
0x4207, 0x41e7, 0x4207, 0x41e7, 0x39e6, 0x39c6, 0x39c6, 0x41e7, 0x41e6, 0x5247, 0x4a27, 0x4a27, 0x4227, 0x4207, 0x4a07, 0x4a06, 
0x4207, 0x4206, 0x4a27, 0x4a27, 0x4a27, 0x41e6, 0x41e6, 0x41e6, 0x39e6, 0x39e6, 0x39c6, 0x39c6, 0x39c6, 0x39e6, 0x39c6, 0x39c6, 
0x39a6, 0x39a6, 0x3185, 0x3185, 0x3185, 0x3185, 0x3185, 0x39a6, 0x39a6, 0x39a6, 0x39a6, 0x39a5, 0x3985, 0x39a5, 0x39c6, 0x4207, 
0x41e7, 0x39c6, 0x39c6, 0x39a6, 0x39a6, 0x41a6, 0x5267, 0x5268, 0x4a28, 0x4a48, 0x4a48, 0x4a47, 0x4a47, 0x4a27, 0x4a27, 0x4207, 
0x41c5, 0x39a5, 0x41c6, 0x5268, 0x52aa, 0x52a9, 0x52a9, 0x5aaa, 0x5aca, 0x5aca, 0x52a9, 0x5289, 0x5aca, 0x62eb, 0x5aa9, 0x5aa9, 
0x62ea, 0x62ea, 0x62ea, 0x62c9, 0x62c9, 0x62ea, 0x62ca, 0x5ac9, 0x630a, 0x630b, 0x5aca, 0x5aca, 0x5aca, 0x5aca, 0x4a48, 0x39a5, 
0x3985, 0x3164, 0x3164, 0x3164, 0x3984, 0x41e6, 0x5268, 0x4a27, 0x41e6, 0x5268, 0x4a68, 0x4228, 0x4a89, 0x52a9, 0x5aaa, 0x62eb, 
0x630b, 0x62ea, 0x62ea, 0x5ac9, 0x5ac9, 0x62c9, 0x630a, 0x62ea, 0x62c9, 0x5a88, 0x5a88, 0x5aa9, 0x5aa9, 0x4a27, 0x5a68, 0x5227, 
0x4a06, 0x41c6, 0x41c6, 0x39a5, 0x3185, 0x39a5, 0x39c6, 0x41e7, 0x4207, 0x41e7, 0x41e7, 0x39e6, 0x41e7, 0x39e6, 0x39c6, 0x39c6, 
0x39c6, 0x39a6, 0x39a6, 0x39a6, 0x39c6, 0x39a6, 0x39c6, 0x39c6, 0x41e6, 0x39c6, 0x39e7, 0x39e6, 0x3163, 0x3143, 0x3143, 0x3143, 
0x3163, 0x3185, 0x31a6, 0x39a6, 0x39c6, 0x39c6, 0x39c6, 0x41e6, 0x41e6, 0x41c6, 0x39c6, 0x39c6, 0x41e6, 0x41e7, 0x41e7, 0x39e6, 
0x39c6, 0x39c6, 0x39c6, 0x39c6, 0x39e6, 0x39c6, 0x39c6, 0x39c6, 0x39c6, 0x39c6, 0x39e6, 0x39c6, 0x41e6, 0x4207, 0x4207, 0x4207, 
0x4207, 0x41e6, 0x4207, 0x4a27, 0x4a07, 0x4a07, 0x4207, 0x4227, 0x4207, 0x4a27, 0x4a27, 0x4207, 0x41c6, 0x39a6, 0x39c6, 0x39c6, 
0x39a6, 0x39a6, 0x39c6, 0x4207, 0x4207, 0x4207, 0x41e7, 0x39e6, 0x39c6, 0x31a6, 0x31a6, 0x31a6, 0x31a6, 0x31a6, 0x3185, 0x3185, 
0x3144, 0x3144, 0x3144, 0x3144, 0x3144, 0x3144, 0x3144, 0x3144, 0x3144, 0x3144, 0x3144, 0x3144, 0x3185, 0x3986, 0x3986, 0x39a6, 
0x41e7, 0x41e7, 0x41e7, 0x4207, 0x39e7, 0x41e7, 0x41e6, 0x4a27, 0x4a27, 0x62c9, 0x5247, 0x41e6, 0x4a07, 0x41e7, 0x41e6, 0x4206, 
0x4a06, 0x4207, 0x41e6, 0x4a27, 0x4a27, 0x4206, 0x41c6, 0x39c6, 0x41e6, 0x39c6, 0x41c6, 0x39c6, 0x39c6, 0x39e6, 0x39e6, 0x39c6, 
0x39c6, 0x39a6, 0x31a5, 0x39a6, 0x31a6, 0x39a6, 0x39a6, 0x39c6, 0x39c6, 0x39c6, 0x39c6, 0x39c6, 0x39a5, 0x39a6, 0x39c6, 0x41e7, 
0x41e7, 0x41e6, 0x39c6, 0x39c6, 0x39e6, 0x41c6, 0x41e6, 0x41e6, 0x4a27, 0x4a48, 0x4a48, 0x5268, 0x5268, 0x4a47, 0x4206, 0x41c6, 
0x39c5, 0x39a5, 0x4a27, 0x52aa, 0x5aca, 0x5aca, 0x5aa9, 0x5ac9, 0x62ea, 0x5aa9, 0x5aa9, 0x52a9, 0x5289, 0x52aa, 0x5289, 0x5aca, 
0x52a9, 0x630a, 0x62ea, 0x62c9, 0x62ea, 0x5ac9, 0x5aa9, 0x5aaa, 0x5aca, 0x5aeb, 0x62ea, 0x5aca, 0x5289, 0x5aea, 0x5aa9, 0x39c5, 
0x39a5, 0x39c6, 0x41c6, 0x4a26, 0x4a47, 0x5289, 0x6b2b, 0x5aca, 0x4a27, 0x5248, 0x4a48, 0x5268, 0x4a68, 0x62ca, 0x5248, 0x5ac9, 
0x6b4c, 0x62ea, 0x6aea, 0x62ea, 0x62ea, 0x630a, 0x62ea, 0x630a, 0x5aa9, 0x5a88, 0x5a88, 0x5288, 0x5268, 0x4a27, 0x5268, 0x5248, 
0x49e6, 0x4a07, 0x39a5, 0x3185, 0x3185, 0x3185, 0x39a5, 0x39c6, 0x39e7, 0x39c6, 0x41e6, 0x41e7, 0x41e7, 0x39e6, 0x39c6, 0x39c6, 
0x39c6, 0x39c6, 0x39c6, 0x39c6, 0x39a6, 0x39a6, 0x31a6, 0x39a6, 0x39c6, 0x39a6, 0x39a6, 0x3184, 0x3143, 0x3143, 0x3143, 0x3143, 
0x3985, 0x3986, 0x3986, 0x3986, 0x39a6, 0x39c6, 0x41c6, 0x41e6, 0x41e7, 0x41e6, 0x41e6, 0x41e7, 0x41e6, 0x41e7, 0x41e7, 0x41e7, 
0x39c6, 0x39c6, 0x39a6, 0x39c6, 0x39c6, 0x39c6, 0x41e6, 0x39c6, 0x39c6, 0x39c6, 0x39e7, 0x41e6, 0x39c6, 0x41e6, 0x4207, 0x41e6, 
0x41e6, 0x41e6, 0x41e6, 0x41e6, 0x39c6, 0x41c6, 0x4a27, 0x4a47, 0x4a48, 0x4a28, 0x4a28, 0x4a27, 0x39c6, 0x39c6, 0x39c6, 0x39c6, 
0x39c6, 0x39c6, 0x39c6, 0x41e7, 0x4207, 0x41e7, 0x41e7, 0x39c6, 0x39c6, 0x39a6, 0x31a6, 0x31a6, 0x31a6, 0x3185, 0x3185, 0x3185, 
0x3144, 0x3144, 0x3144, 0x3144, 0x3144, 0x3144, 0x3144, 0x3144, 0x3144, 0x3144, 0x3144, 0x3144, 0x3185, 0x3986, 0x3986, 0x39a6, 
0x41e7, 0x4207, 0x41e7, 0x41e7, 0x41e6, 0x39e6, 0x41e6, 0x39c6, 0x4a47, 0x6b0a, 0x5268, 0x4206, 0x4a27, 0x4207, 0x41e6, 0x41c6, 
0x4a06, 0x4a27, 0x4a48, 0x4a48, 0x4207, 0x4207, 0x39c6, 0x39c6, 0x41c6, 0x41c6, 0x39c6, 0x41c6, 0x39c6, 0x41e6, 0x39c6, 0x39c6, 
0x39c6, 0x39a6, 0x39c6, 0x39c6, 0x39c6, 0x39c6, 0x39c6, 0x39e6, 0x39c6, 0x39e6, 0x39c6, 0x41e6, 0x39c6, 0x39c6, 0x39c6, 0x41e6, 
0x4207, 0x41e6, 0x39c6, 0x41e7, 0x41e7, 0x41e6, 0x41c6, 0x5268, 0x4a48, 0x4a48, 0x4a27, 0x5247, 0x4a47, 0x4a27, 0x41e6, 0x39c5, 
0x39a5, 0x41e6, 0x5aaa, 0x5aaa, 0x5aca, 0x5aa9, 0x5a88, 0x4a27, 0x4a47, 0x4a47, 0x5aa9, 0x5aaa, 0x52aa, 0x52aa, 0x5289, 0x5aeb, 
0x52a9, 0x5aca, 0x62ca, 0x5ac9, 0x5ac9, 0x5ac9, 0x5289, 0x5aea, 0x5aeb, 0x5aca, 0x5aca, 0x5aea, 0x52a9, 0x5aca, 0x5aa9, 0x41c6, 
0x39a5, 0x39c5, 0x5247, 0x62c9, 0x5aa9, 0x5aca, 0x736d, 0x52a9, 0x41e6, 0x4a27, 0x5268, 0x4a48, 0x5aaa, 0x5aaa, 0x4a68, 0x62ea, 
0x6b4c, 0x736c, 0x6b2b, 0x62ca, 0x62ea, 0x62ca, 0x62ea, 0x62ca, 0x5aa9, 0x5a89, 0x5289, 0x5ac9, 0x5aa9, 0x5aa9, 0x5248, 0x5268, 
0x5a88, 0x4a07, 0x39a5, 0x3185, 0x3184, 0x3164, 0x3185, 0x39a5, 0x39a5, 0x39c6, 0x39c6, 0x39c6, 0x39e6, 0x39c6, 0x39c6, 0x39c6, 
0x39c6, 0x39c6, 0x39c6, 0x39a6, 0x39a6, 0x39a6, 0x39a6, 0x39a6, 0x39a6, 0x3185, 0x3185, 0x3163, 0x3143, 0x3143, 0x3163, 0x3963, 
0x3185, 0x3986, 0x3986, 0x39a6, 0x39a6, 0x39c6, 0x39c6, 0x41e6, 0x41e6, 0x41e6, 0x41e7, 0x41e7, 0x41e7, 0x41e7, 0x41e7, 0x39c6, 
0x39c6, 0x39a6, 0x39a6, 0x39a6, 0x39c6, 0x39c6, 0x39c6, 0x39c6, 0x39c6, 0x39c6, 0x41e6, 0x39e6, 0x41e6, 0x4207, 0x4227, 0x41e6, 
0x4206, 0x41e6, 0x41c6, 0x39a6, 0x39a6, 0x39c6, 0x41e6, 0x41e6, 0x4a27, 0x4207, 0x4207, 0x4207, 0x41e6, 0x39c6, 0x39c6, 0x39c6, 
0x39c6, 0x39c6, 0x39c6, 0x39e7, 0x41e7, 0x4207, 0x41e7, 0x41e7, 0x39c6, 0x39c6, 0x39a6, 0x31a6, 0x3185, 0x3185, 0x3185, 0x3185, 
0x3144, 0x3144, 0x3144, 0x3144, 0x3144, 0x3144, 0x3144, 0x3144, 0x3144, 0x3144, 0x3144, 0x3144, 0x3165, 0x3986, 0x3986, 0x39a6, 
0x39e7, 0x4207, 0x41e7, 0x41e7, 0x41e6, 0x41e6, 0x39e6, 0x41e7, 0x4207, 0x6b09, 0x5268, 0x4207, 0x4a07, 0x4207, 0x41e6, 0x41e6, 
0x41e6, 0x41e6, 0x4207, 0x4a47, 0x4207, 0x41e6, 0x39c6, 0x39c6, 0x39c6, 0x39c6, 0x39c6, 0x39c6, 0x39c6, 0x41e7, 0x39e6, 0x39c6, 
0x39e6, 0x39e7, 0x41e6, 0x39c6, 0x39c6, 0x39a6, 0x39c6, 0x41e6, 0x41e7, 0x4207, 0x4207, 0x4207, 0x41e6, 0x41e6, 0x41e6, 0x41e6, 
0x41e6, 0x41e6, 0x39c6, 0x41e7, 0x5268, 0x4a27, 0x41e6, 0x5268, 0x5a89, 0x4a27, 0x5248, 0x5248, 0x4a27, 0x4206, 0x41e6, 0x39a5, 
0x39c5, 0x4a47, 0x5aea, 0x6b2c, 0x6b4b, 0x5aa9, 0x41e6, 0x39c5, 0x41c6, 0x41e6, 0x5268, 0x62e9, 0x630a, 0x5aca, 0x630b, 0x630b, 
0x5aea, 0x5aaa, 0x5aca, 0x630b, 0x630b, 0x5aca, 0x5aea, 0x5aeb, 0x5aca, 0x5aca, 0x52ca, 0x52aa, 0x5289, 0x5aca, 0x5288, 0x41e6, 
0x39c6, 0x41e6, 0x5aa8, 0x6b2b, 0x630a, 0x5aca, 0x6b6c, 0x5289, 0x3985, 0x39c5, 0x4207, 0x5289, 0x62ec, 0x5b0c, 0x52cb, 0x52aa, 
0x5aca, 0x6b4c, 0x6b2b, 0x5aaa, 0x5268, 0x5a89, 0x5aa9, 0x62c9, 0x5a68, 0x5247, 0x5aa9, 0x52a9, 0x5a89, 0x5288, 0x5247, 0x5288, 
0x5aa9, 0x4a27, 0x41a5, 0x3985, 0x3164, 0x3164, 0x3164, 0x3184, 0x3185, 0x3985, 0x39a6, 0x39c6, 0x39c6, 0x39c6, 0x41e7, 0x41e7, 
0x39c6, 0x39c6, 0x39e6, 0x39c6, 0x39a6, 0x39a6, 0x39a6, 0x39a6, 0x3185, 0x39a6, 0x39a5, 0x3143, 0x3984, 0x5267, 0x5a88, 0x5247, 
0x39a5, 0x3185, 0x39c6, 0x4207, 0x39c6, 0x39c6, 0x39c6, 0x39c6, 0x4a27, 0x4a27, 0x41e6, 0x41e7, 0x41e7, 0x4207, 0x41e7, 0x39c7, 
0x39c6, 0x39a6, 0x39a6, 0x39a6, 0x39a6, 0x39a6, 0x39c6, 0x39c6, 0x39c6, 0x41e6, 0x41e7, 0x41e6, 0x41e6, 0x4207, 0x4207, 0x4207, 
0x4206, 0x41e6, 0x41c6, 0x41e6, 0x39c6, 0x39c6, 0x39c6, 0x39a6, 0x41e6, 0x4207, 0x4207, 0x4a27, 0x4207, 0x4207, 0x41e6, 0x39a6, 
0x39c6, 0x39c6, 0x39c6, 0x39c6, 0x41e7, 0x41e7, 0x41e7, 0x39c6, 0x39c6, 0x39a6, 0x31a6, 0x3185, 0x3185, 0x3185, 0x3185, 0x3185, 
0x3144, 0x3144, 0x3144, 0x3144, 0x3144, 0x3144, 0x3144, 0x3144, 0x3144, 0x3144, 0x3144, 0x3144, 0x3164, 0x3986, 0x3986, 0x3986, 
0x39c6, 0x4207, 0x39e7, 0x41e7, 0x4207, 0x4207, 0x4a27, 0x4207, 0x4207, 0x62c8, 0x5aa8, 0x4207, 0x41e6, 0x4a06, 0x41c5, 0x39a5, 
0x39c5, 0x41c6, 0x41e6, 0x4a27, 0x41e6, 0x41e6, 0x41c6, 0x39c6, 0x39c6, 0x39c6, 0x39c6, 0x39e6, 0x41e7, 0x41e7, 0x41e7, 0x4a27, 
0x4207, 0x39c6, 0x39c6, 0x39c6, 0x39a6, 0x31a6, 0x39a6, 0x39c6, 0x4207, 0x4a07, 0x4a27, 0x4207, 0x4207, 0x41e6, 0x41e7, 0x41e6, 
0x41e6, 0x39e6, 0x39c6, 0x4a47, 0x5aa8, 0x5248, 0x4a27, 0x5289, 0x5288, 0x4207, 0x5247, 0x4a47, 0x4a27, 0x4227, 0x4207, 0x39c5, 
0x39c5, 0x62a7, 0x6b29, 0x6b2a, 0x62e9, 0x5247, 0x3184, 0x3985, 0x39c5, 0x39a5, 0x41e6, 0x5a88, 0x5aa8, 0x62c9, 0x62ea, 0x632b, 
0x52aa, 0x5aaa, 0x5aca, 0x630b, 0x630b, 0x5aaa, 0x62ea, 0x630b, 0x5aca, 0x52aa, 0x5aca, 0x5aca, 0x5aca, 0x62eb, 0x4a48, 0x4207, 
0x41e6, 0x4207, 0x5268, 0x52a9, 0x5aca, 0x5ac9, 0x5aca, 0x4a48, 0x3164, 0x3984, 0x41e6, 0x5268, 0x52a9, 0x5aeb, 0x5b0b, 0x62eb, 
0x5aca, 0x6b4d, 0x6b4c, 0x5aca, 0x5268, 0x62ca, 0x62ca, 0x5aa9, 0x4a27, 0x4a06, 0x4a27, 0x4206, 0x4a27, 0x5247, 0x5268, 0x5268, 
0x5268, 0x5248, 0x41c5, 0x41c5, 0x3164, 0x3164, 0x3164, 0x3164, 0x3164, 0x3985, 0x3185, 0x3185, 0x39a5, 0x39c6, 0x39e6, 0x41e7, 
0x41e7, 0x4207, 0x41e7, 0x41e6, 0x39c6, 0x39c6, 0x39a6, 0x39a6, 0x39a5, 0x41e6, 0x3985, 0x3143, 0x5227, 0x6ae9, 0x6ae9, 0x5a88, 
0x41e7, 0x3185, 0x39c6, 0x4207, 0x39c6, 0x41e6, 0x41e6, 0x41e6, 0x5268, 0x5247, 0x4207, 0x41e7, 0x41e7, 0x4207, 0x41e7, 0x41e7, 
0x39c6, 0x39c6, 0x39a6, 0x31a6, 0x39a6, 0x39c6, 0x39a6, 0x39c6, 0x39c6, 0x41e6, 0x41e7, 0x41e6, 0x41e7, 0x41e7, 0x41e7, 0x4207, 
0x4207, 0x4207, 0x41e6, 0x4a27, 0x4207, 0x4a07, 0x4a48, 0x41e6, 0x39a5, 0x41c6, 0x4207, 0x4a27, 0x4a27, 0x4a27, 0x39c6, 0x39a6, 
0x39c6, 0x41e6, 0x39c6, 0x39c6, 0x41e7, 0x41e6, 0x41e6, 0x39c6, 0x39c6, 0x39a6, 0x3185, 0x3185, 0x3185, 0x3185, 0x3185, 0x3185, 
0x3144, 0x3144, 0x3144, 0x3144, 0x3144, 0x3144, 0x3144, 0x3144, 0x3144, 0x3144, 0x3144, 0x3144, 0x3164, 0x3986, 0x3986, 0x3986, 
0x39c6, 0x41e7, 0x41e7, 0x4207, 0x4207, 0x4a27, 0x4a48, 0x4207, 0x39e6, 0x4a27, 0x62c8, 0x5247, 0x41e7, 0x39c6, 0x39a5, 0x39a5, 
0x41e6, 0x41e6, 0x4a06, 0x4a47, 0x4206, 0x41e6, 0x41e6, 0x41c6, 0x41c6, 0x39c6, 0x41e6, 0x4207, 0x4207, 0x4207, 0x39e7, 0x4207, 
0x4207, 0x41e6, 0x41e6, 0x41e6, 0x41e6, 0x41e7, 0x41e7, 0x4207, 0x4207, 0x4207, 0x41e7, 0x4207, 0x4207, 0x41e6, 0x41e6, 0x41c6, 
0x39c6, 0x39c6, 0x4207, 0x62c8, 0x4a27, 0x5289, 0x5268, 0x5268, 0x4a27, 0x4a27, 0x5248, 0x5268, 0x4a27, 0x4207, 0x41e6, 0x39c5, 
0x39c5, 0x5a67, 0x62a7, 0x5a87, 0x5246, 0x41c4, 0x3163, 0x3984, 0x39a5, 0x39a5, 0x3984, 0x41e5, 0x5247, 0x5aa8, 0x5aa9, 0x5aa9, 
0x5aca, 0x5aca, 0x5aca, 0x5aaa, 0x5aca, 0x5aca, 0x5aca, 0x62eb, 0x62eb, 0x630b, 0x5aca, 0x5aca, 0x5aca, 0x52aa, 0x4a48, 0x4a47, 
0x4207, 0x4a27, 0x5248, 0x5288, 0x5289, 0x52a9, 0x5268, 0x41c6, 0x3984, 0x39a4, 0x39a4, 0x4207, 0x5289, 0x5268, 0x5268, 0x5289, 
0x632b, 0x6b4d, 0x632c, 0x62ea, 0x62e9, 0x5aca, 0x5aca, 0x4a48, 0x4227, 0x5247, 0x5247, 0x4a27, 0x5289, 0x4a27, 0x5247, 0x5288, 
0x4a68, 0x5288, 0x41e6, 0x41c6, 0x39a5, 0x3164, 0x3164, 0x2944, 0x2944, 0x3164, 0x3164, 0x3184, 0x3185, 0x39a5, 0x39c6, 0x39c6, 
0x39c6, 0x39e7, 0x39c6, 0x39c6, 0x39a6, 0x39c6, 0x39a6, 0x39a6, 0x41e6, 0x41c5, 0x3164, 0x41e5, 0x62e9, 0x62a9, 0x6ae9, 0x5a88, 
0x4a27, 0x39a6, 0x3985, 0x39c6, 0x39c6, 0x41e6, 0x41e6, 0x39c6, 0x41e6, 0x41e7, 0x41e7, 0x41e7, 0x4207, 0x4207, 0x4207, 0x41e7, 
0x39c6, 0x39c6, 0x39a6, 0x3185, 0x3185, 0x39a6, 0x39c6, 0x39c6, 0x39e6, 0x39e6, 0x41e7, 0x39e6, 0x41e7, 0x41e7, 0x4207, 0x4207, 
0x4207, 0x4207, 0x41e6, 0x4a27, 0x4a27, 0x4a27, 0x4a27, 0x5268, 0x39c6, 0x39a6, 0x41e6, 0x41e6, 0x4207, 0x41e6, 0x39c6, 0x39a6, 
0x39a6, 0x39a6, 0x39a6, 0x39e6, 0x41e7, 0x39e6, 0x39c6, 0x39c6, 0x39c6, 0x39c6, 0x3185, 0x3185, 0x3185, 0x3185, 0x3185, 0x3185, 
0x3144, 0x3144, 0x3144, 0x3144, 0x3144, 0x3144, 0x3144, 0x3144, 0x3144, 0x3144, 0x3144, 0x3144, 0x3164, 0x3986, 0x3986, 0x3986, 
0x39c6, 0x41e7, 0x41e7, 0x41e7, 0x41e7, 0x4207, 0x4227, 0x4227, 0x4207, 0x41e7, 0x4a07, 0x5a68, 0x4a27, 0x39c6, 0x39c6, 0x41e6, 
0x41e6, 0x4a06, 0x4206, 0x4a27, 0x4206, 0x41e6, 0x41e6, 0x41e6, 0x41e6, 0x39c6, 0x41c6, 0x41e7, 0x4207, 0x4207, 0x41e7, 0x41e7, 
0x39c6, 0x41c6, 0x39a6, 0x39a6, 0x39a6, 0x39a6, 0x39c6, 0x4227, 0x5268, 0x5248, 0x4a28, 0x41e7, 0x41e7, 0x39a6, 0x39a6, 0x39c6, 
0x39a6, 0x3186, 0x5267, 0x62c9, 0x4a07, 0x4207, 0x4a07, 0x41e6, 0x4207, 0x4a27, 0x4a48, 0x5268, 0x5247, 0x41e6, 0x39c6, 0x39c5, 
0x39a4, 0x41c4, 0x41c4, 0x41a4, 0x39a4, 0x3143, 0x3163, 0x3985, 0x39a5, 0x3184, 0x3163, 0x3143, 0x3984, 0x4a06, 0x5aa8, 0x5aa9, 
0x630b, 0x52a9, 0x52a9, 0x5aca, 0x5aaa, 0x5aea, 0x5aca, 0x5aaa, 0x5aca, 0x62ea, 0x5aca, 0x5aaa, 0x52aa, 0x52aa, 0x5aaa, 0x5268, 
0x4a47, 0x4a27, 0x5268, 0x5268, 0x4a48, 0x4a48, 0x4a27, 0x41e6, 0x39a5, 0x39a5, 0x3984, 0x39a5, 0x41e6, 0x39c5, 0x4206, 0x4207, 
0x5268, 0x4a48, 0x4a48, 0x4a48, 0x4a48, 0x5289, 0x5269, 0x4a48, 0x4a28, 0x4a68, 0x4a27, 0x4a07, 0x5289, 0x5227, 0x4a26, 0x5247, 
0x5289, 0x5aa9, 0x4a47, 0x41e6, 0x39c6, 0x3164, 0x2944, 0x2944, 0x2944, 0x2944, 0x2944, 0x3164, 0x3184, 0x3185, 0x3185, 0x39a5, 
0x39c6, 0x39c6, 0x39a6, 0x39a6, 0x39a6, 0x39a6, 0x39c6, 0x4a27, 0x4a26, 0x41e5, 0x3164, 0x4207, 0x62c9, 0x6aea, 0x62c9, 0x62c9, 
0x5268, 0x39c6, 0x39a6, 0x41e7, 0x39c7, 0x41e7, 0x39e6, 0x39c6, 0x41e7, 0x41e7, 0x41e7, 0x41e7, 0x41e7, 0x4207, 0x4207, 0x41e7, 
0x41e7, 0x39c6, 0x39a6, 0x39a5, 0x39a6, 0x39a6, 0x39c6, 0x39c6, 0x41e6, 0x41e7, 0x41e6, 0x39c6, 0x41e7, 0x4207, 0x41e7, 0x4207, 
0x4207, 0x4207, 0x4207, 0x4207, 0x4207, 0x4a48, 0x4a48, 0x5248, 0x5268, 0x39a6, 0x39a6, 0x39c6, 0x4207, 0x41e7, 0x39c6, 0x39c6, 
0x39a6, 0x39a6, 0x39a6, 0x39c6, 0x39e7, 0x39e7, 0x39e6, 0x39c6, 0x39a6, 0x31a5, 0x3185, 0x3185, 0x3185, 0x3185, 0x3185, 0x3185, 
0x3144, 0x3144, 0x3144, 0x3144, 0x3144, 0x3144, 0x3144, 0x3144, 0x3144, 0x3144, 0x3144, 0x3144, 0x3144, 0x3165, 0x3986, 0x3986, 
0x39a6, 0x39c6, 0x41e7, 0x41e7, 0x4207, 0x4207, 0x4207, 0x41e7, 0x41e7, 0x4207, 0x41e7, 0x4207, 0x4a47, 0x5247, 0x4a27, 0x4a47, 
0x4a27, 0x41e6, 0x41e6, 0x4207, 0x4a27, 0x4a06, 0x4206, 0x41e6, 0x39c6, 0x39c6, 0x4207, 0x4207, 0x4207, 0x4207, 0x41e6, 0x41e6, 
0x41e6, 0x41e6, 0x39a6, 0x3185, 0x3185, 0x3185, 0x39a6, 0x41c6, 0x4a27, 0x4a28, 0x4a48, 0x5248, 0x4207, 0x39c6, 0x39a6, 0x39a6, 
0x3185, 0x3165, 0x4a46, 0x62c9, 0x41c6, 0x41c6, 0x5a68, 0x49e6, 0x4a07, 0x4a47, 0x5248, 0x4a48, 0x4a47, 0x41e6, 0x41c6, 0x39c5, 
0x39a4, 0x3963, 0x3983, 0x3984, 0x3964, 0x3164, 0x3163, 0x39a5, 0x39a5, 0x3164, 0x3143, 0x3143, 0x3143, 0x3985, 0x4206, 0x4a47, 
0x5aa9, 0x5269, 0x5289, 0x5aca, 0x5aca, 0x5aca, 0x5aea, 0x5aea, 0x5aca, 0x5aca, 0x5289, 0x52aa, 0x5aca, 0x5289, 0x52a9, 0x5289, 
0x5268, 0x4a48, 0x4a47, 0x4a47, 0x4a47, 0x4a27, 0x4207, 0x41e6, 0x39c5, 0x39a5, 0x3985, 0x39a5, 0x3984, 0x39a5, 0x39a5, 0x39a5, 
0x39a5, 0x39a5, 0x39c5, 0x41e6, 0x41e6, 0x4206, 0x4207, 0x4a48, 0x5aaa, 0x4a27, 0x41c5, 0x3984, 0x41c5, 0x4a07, 0x49e6, 0x4a07, 
0x62c9, 0x62ea, 0x62a8, 0x5aa9, 0x39c6, 0x2944, 0x2944, 0x2944, 0x2944, 0x2944, 0x2944, 0x2944, 0x3164, 0x3164, 0x3184, 0x3185, 
0x3185, 0x3985, 0x3185, 0x3185, 0x3986, 0x3986, 0x4207, 0x5268, 0x5267, 0x4a47, 0x39c6, 0x41e7, 0x4a28, 0x62c9, 0x5aa9, 0x62c9, 
0x5268, 0x39c6, 0x39a5, 0x39c6, 0x39c6, 0x39e6, 0x39c6, 0x39c6, 0x41e6, 0x41e7, 0x4207, 0x4207, 0x4207, 0x41e7, 0x4207, 0x41e7, 
0x4207, 0x39e7, 0x39c6, 0x31a6, 0x39a6, 0x39a6, 0x39a6, 0x39c6, 0x41e7, 0x41e6, 0x39e6, 0x39e6, 0x41e6, 0x41c6, 0x41e6, 0x41e6, 
0x41e6, 0x4207, 0x4207, 0x4a07, 0x41e6, 0x4207, 0x4207, 0x41e7, 0x5248, 0x41e7, 0x39a6, 0x39c6, 0x41e6, 0x41e7, 0x39c6, 0x39a6, 
0x39a6, 0x39a6, 0x39c6, 0x39c6, 0x39e7, 0x39e7, 0x41e7, 0x39e6, 0x39a6, 0x3185, 0x3185, 0x3185, 0x3185, 0x3185, 0x3185, 0x3185, 
0x3144, 0x3144, 0x3144, 0x3144, 0x3144, 0x3144, 0x3144, 0x3144, 0x3144, 0x3144, 0x3144, 0x3144, 0x3144, 0x3144, 0x3165, 0x3986, 
0x3986, 0x3186, 0x39c6, 0x41e7, 0x41e7, 0x4207, 0x4227, 0x4207, 0x4207, 0x4207, 0x41e7, 0x41e7, 0x4207, 0x5247, 0x4a27, 0x4a27, 
0x4a27, 0x4a27, 0x4207, 0x4207, 0x4207, 0x5247, 0x4206, 0x41e6, 0x39c6, 0x39c6, 0x4207, 0x4207, 0x41e7, 0x41e7, 0x39c6, 0x41c6, 
0x41c6, 0x41c6, 0x41e7, 0x39e6, 0x39a5, 0x3185, 0x39a6, 0x39c6, 0x41c6, 0x41e6, 0x4207, 0x4a27, 0x41e6, 0x41c6, 0x39a6, 0x39c6, 
0x3185, 0x3165, 0x4a26, 0x5a88, 0x41e6, 0x41e6, 0x62a8, 0x5a67, 0x5268, 0x4a47, 0x4a47, 0x4a27, 0x4206, 0x41e6, 0x41e6, 0x39a5, 
0x3984, 0x3984, 0x3984, 0x3963, 0x39a5, 0x3984, 0x3163, 0x3184, 0x3984, 0x3184, 0x3143, 0x3143, 0x3143, 0x39a5, 0x4206, 0x4207, 
0x5268, 0x5aa9, 0x5268, 0x5289, 0x5aca, 0x5aca, 0x630b, 0x5aea, 0x52aa, 0x5aaa, 0x52aa, 0x52aa, 0x62eb, 0x5aca, 0x5289, 0x5289, 
0x52a9, 0x5aa9, 0x5289, 0x5289, 0x5268, 0x4a47, 0x4a27, 0x4207, 0x41e6, 0x41c6, 0x39a5, 0x39a5, 0x39a5, 0x39a4, 0x39a5, 0x41c5, 
0x39c5, 0x39a4, 0x39a5, 0x39c5, 0x39a5, 0x41e5, 0x41c5, 0x5268, 0x632c, 0x4a27, 0x41a4, 0x41c5, 0x41c5, 0x41e6, 0x41a5, 0x4a27, 
0x5aa9, 0x6aea, 0x6ae9, 0x736d, 0x5289, 0x3165, 0x2944, 0x2944, 0x2944, 0x2944, 0x2944, 0x2944, 0x2944, 0x2944, 0x3164, 0x3164, 
0x3164, 0x3164, 0x3164, 0x3184, 0x3185, 0x3985, 0x41c6, 0x5267, 0x5205, 0x4a26, 0x41e7, 0x41e7, 0x41e7, 0x4a27, 0x5268, 0x4a48, 
0x4207, 0x39a6, 0x3185, 0x41e7, 0x41c6, 0x41e7, 0x4a27, 0x4a47, 0x4a27, 0x4a28, 0x4227, 0x4227, 0x4207, 0x4207, 0x4207, 0x4207, 
0x41e7, 0x41e7, 0x39c6, 0x31a6, 0x31a6, 0x39c6, 0x39a6, 0x39c6, 0x41e6, 0x41c6, 0x41e6, 0x41e6, 0x39c6, 0x39c6, 0x41e6, 0x41e6, 
0x4207, 0x41e6, 0x41e6, 0x41e7, 0x41e6, 0x4207, 0x41e6, 0x39c6, 0x4207, 0x4a47, 0x39a6, 0x39a6, 0x39c6, 0x41e6, 0x39c6, 0x39c6, 
0x39a6, 0x39a6, 0x39a6, 0x39c6, 0x39c6, 0x39e6, 0x41e7, 0x39c6, 0x31a5, 0x3185, 0x3185, 0x3185, 0x3185, 0x3185, 0x3185, 0x3185, 
0x3144, 0x3144, 0x3144, 0x3144, 0x3144, 0x3144, 0x3144, 0x3144, 0x3144, 0x3144, 0x3144, 0x3144, 0x3144, 0x3144, 0x3144, 0x3185, 
0x3986, 0x3986, 0x39a6, 0x41e7, 0x41e7, 0x4227, 0x4a48, 0x41e7, 0x4207, 0x4207, 0x4207, 0x4a07, 0x4a27, 0x4a27, 0x4a27, 0x4207, 
0x5268, 0x5248, 0x4207, 0x41e7, 0x4207, 0x4a47, 0x4a47, 0x4207, 0x41e7, 0x41e7, 0x41e7, 0x4207, 0x4207, 0x41e7, 0x41e7, 0x39c6, 
0x39c6, 0x41c6, 0x41e6, 0x39e6, 0x39c6, 0x39c6, 0x39c6, 0x39c6, 0x39e6, 0x4207, 0x4a27, 0x4a07, 0x41e6, 0x39a6, 0x39a6, 0x39c6, 
0x3185, 0x3165, 0x41e5, 0x5a88, 0x5248, 0x4a07, 0x5a68, 0x5227, 0x4a27, 0x4a48, 0x4a27, 0x4206, 0x41e6, 0x41e5, 0x39a5, 0x3984, 
0x3984, 0x3984, 0x39a4, 0x39a5, 0x3984, 0x3984, 0x3164, 0x3984, 0x3184, 0x3164, 0x3143, 0x3143, 0x3184, 0x39c5, 0x41e6, 0x4207, 
0x4a68, 0x5aa8, 0x5247, 0x4a47, 0x52a9, 0x5aea, 0x5aaa, 0x5aca, 0x5aca, 0x52aa, 0x5aaa, 0x52a9, 0x52aa, 0x5aaa, 0x5289, 0x5289, 
0x5289, 0x52a9, 0x52a9, 0x52a9, 0x52a9, 0x5268, 0x4a48, 0x4a48, 0x5247, 0x4a48, 0x4a27, 0x41e6, 0x39c5, 0x3984, 0x41c5, 0x5aa9, 
0x5288, 0x4206, 0x41c5, 0x39c5, 0x39a5, 0x39c5, 0x41e6, 0x5268, 0x5aa9, 0x4a48, 0x5a88, 0x5205, 0x3983, 0x3963, 0x3984, 0x41e6, 
0x5a88, 0x736b, 0x6b0b, 0x738d, 0x630b, 0x5268, 0x31a5, 0x2944, 0x2944, 0x2944, 0x2944, 0x2944, 0x2944, 0x2944, 0x2944, 0x2944, 
0x2944, 0x2944, 0x2944, 0x3164, 0x3184, 0x3185, 0x3985, 0x41e6, 0x4a06, 0x4a07, 0x41e7, 0x41e7, 0x4207, 0x5288, 0x5288, 0x4a27, 
0x4a27, 0x41e6, 0x3985, 0x39c6, 0x39c6, 0x41e7, 0x4207, 0x41e6, 0x41e6, 0x4a27, 0x5268, 0x4a27, 0x4207, 0x41e7, 0x4207, 0x4a27, 
0x4207, 0x41e7, 0x39c6, 0x39a6, 0x39a6, 0x39a6, 0x39a6, 0x39a6, 0x41e6, 0x39e6, 0x39c6, 0x39e6, 0x39e6, 0x39c6, 0x39e6, 0x41e6, 
0x4207, 0x4207, 0x41e6, 0x41c6, 0x41e6, 0x41e6, 0x41e7, 0x41e7, 0x41e6, 0x4a27, 0x39a6, 0x39a6, 0x41e6, 0x4207, 0x41e6, 0x39c6, 
0x39a6, 0x39a6, 0x39a6, 0x39c6, 0x39e7, 0x41e7, 0x41e6, 0x39a6, 0x3185, 0x3185, 0x3185, 0x3185, 0x3185, 0x3185, 0x3185, 0x3185, 
0x3144, 0x3144, 0x3144, 0x3144, 0x3144, 0x3144, 0x3144, 0x3144, 0x3144, 0x3144, 0x3144, 0x3144, 0x3144, 0x3144, 0x3144, 0x3165, 
0x3986, 0x3986, 0x39a6, 0x41e7, 0x41e7, 0x4207, 0x4227, 0x4207, 0x41e7, 0x41e7, 0x41e7, 0x4207, 0x4a27, 0x4a27, 0x5248, 0x4a27, 
0x4a27, 0x4a47, 0x41e7, 0x41e7, 0x41e7, 0x4206, 0x4a27, 0x4207, 0x4207, 0x4207, 0x41e7, 0x4207, 0x4207, 0x39e6, 0x39e6, 0x4207, 
0x41e6, 0x39a6, 0x39a6, 0x41e6, 0x39c6, 0x39c6, 0x39e7, 0x39c6, 0x41e6, 0x41e6, 0x4207, 0x41e6, 0x41c6, 0x39c6, 0x41e7, 0x3185, 
0x3185, 0x3165, 0x39a5, 0x62c8, 0x5268, 0x41e7, 0x4a28, 0x4a27, 0x4a07, 0x4207, 0x4a27, 0x4a27, 0x41e6, 0x41a5, 0x39a5, 0x3984, 
0x41c5, 0x3984, 0x39a4, 0x3985, 0x3984, 0x3985, 0x3984, 0x3184, 0x3985, 0x3164, 0x3143, 0x3163, 0x39a5, 0x39c6, 0x41e6, 0x4207, 
0x4a27, 0x5268, 0x5288, 0x5247, 0x5288, 0x528a, 0x52aa, 0x52a9, 0x52aa, 0x52a9, 0x5aa9, 0x5aaa, 0x5aaa, 0x5aea, 0x52aa, 0x52aa, 
0x4a69, 0x5289, 0x528a, 0x5269, 0x52a9, 0x5aa9, 0x5268, 0x5268, 0x62c9, 0x5ac9, 0x5289, 0x5268, 0x4207, 0x41e6, 0x41e6, 0x5ac9, 
0x62ea, 0x5ac9, 0x5268, 0x4a48, 0x41e6, 0x41e6, 0x5288, 0x5a89, 0x5289, 0x5aaa, 0x62ea, 0x6aa7, 0x5204, 0x4a05, 0x41e5, 0x41a5, 
0x4a27, 0x630a, 0x630a, 0x6b6d, 0x6b6d, 0x5248, 0x39c5, 0x2965, 0x2944, 0x2944, 0x2944, 0x2944, 0x2944, 0x2944, 0x2945, 0x2945, 
0x2944, 0x2944, 0x2944, 0x2944, 0x3164, 0x3185, 0x39a5, 0x4207, 0x4a28, 0x4207, 0x4207, 0x4207, 0x4228, 0x5268, 0x4a48, 0x4a68, 
0x5288, 0x5aa8, 0x41c6, 0x39c6, 0x41e6, 0x41e6, 0x39c6, 0x39a6, 0x41e6, 0x41e7, 0x4a48, 0x4a27, 0x4207, 0x4207, 0x41e7, 0x4207, 
0x4207, 0x4207, 0x39e7, 0x39c6, 0x39c6, 0x3186, 0x39a6, 0x39c6, 0x39c6, 0x39c6, 0x41e6, 0x41e6, 0x39c6, 0x39c6, 0x41e6, 0x41e6, 
0x4207, 0x4207, 0x41e6, 0x39c6, 0x41e6, 0x41c6, 0x41e7, 0x41c6, 0x41e6, 0x41e6, 0x39a6, 0x39a6, 0x41e6, 0x4207, 0x41e6, 0x39a6, 
0x39a6, 0x39a6, 0x39c6, 0x39e7, 0x39e7, 0x41e7, 0x39c6, 0x39a6, 0x3185, 0x3185, 0x3185, 0x3185, 0x3185, 0x3185, 0x3185, 0x3185, 
0x3144, 0x3144, 0x3144, 0x3144, 0x3144, 0x3144, 0x3144, 0x3144, 0x3144, 0x3144, 0x3144, 0x3144, 0x3144, 0x3144, 0x3144, 0x3164, 
0x3185, 0x3986, 0x3986, 0x39c6, 0x4207, 0x4207, 0x4a28, 0x4a27, 0x4207, 0x4227, 0x4207, 0x41e7, 0x4a27, 0x4207, 0x4a07, 0x4a27, 
0x4a47, 0x4a07, 0x4207, 0x41e7, 0x41e6, 0x41e6, 0x4a07, 0x4a27, 0x4a27, 0x4a27, 0x4207, 0x41e7, 0x41e7, 0x41e7, 0x41e7, 0x41e7, 
0x41e7, 0x4207, 0x41e6, 0x39c6, 0x39c6, 0x39e7, 0x41e7, 0x41e7, 0x41e7, 0x41e6, 0x41e6, 0x39a6, 0x39a5, 0x41e6, 0x4207, 0x3185, 
0x3185, 0x3165, 0x3985, 0x5aa7, 0x5248, 0x5269, 0x5aaa, 0x5aca, 0x4a48, 0x41e7, 0x4a27, 0x4a27, 0x41e6, 0x39a5, 0x3984, 0x3984, 
0x4206, 0x41e6, 0x3984, 0x3984, 0x39a5, 0x3184, 0x3984, 0x3985, 0x3984, 0x3984, 0x3143, 0x3164, 0x39a5, 0x41e6, 0x4206, 0x4207, 
0x4a27, 0x4a27, 0x5268, 0x5aa8, 0x5aa9, 0x5289, 0x52aa, 0x52aa, 0x52aa, 0x5aca, 0x52a9, 0x5289, 0x52a9, 0x52a9, 0x5aca, 0x52aa, 
0x52aa, 0x52aa, 0x5289, 0x5289, 0x5289, 0x5289, 0x5289, 0x5aca, 0x6b2b, 0x630b, 0x5aca, 0x5aa9, 0x5248, 0x5248, 0x4a48, 0x5a88, 
0x630a, 0x5aca, 0x52a9, 0x5289, 0x4a27, 0x5247, 0x62c9, 0x5aea, 0x52a9, 0x52aa, 0x52a9, 0x62c9, 0x5aa9, 0x5a46, 0x51e4, 0x49c4, 
0x4a27, 0x62ca, 0x6b0b, 0x6b0b, 0x62ca, 0x41c5, 0x41c6, 0x31a5, 0x2944, 0x2944, 0x2944, 0x2944, 0x2944, 0x39a6, 0x41c6, 0x41c6, 
0x39a6, 0x3185, 0x2965, 0x2944, 0x2944, 0x3185, 0x39a6, 0x41e7, 0x4228, 0x4228, 0x4228, 0x4227, 0x4a28, 0x4a28, 0x4207, 0x4a28, 
0x5289, 0x4a68, 0x4207, 0x41c6, 0x4a07, 0x4a27, 0x39c6, 0x39a6, 0x39c6, 0x39c6, 0x4a27, 0x4a27, 0x4207, 0x4207, 0x4207, 0x4207, 
0x4207, 0x4208, 0x4207, 0x39e7, 0x39a6, 0x39a6, 0x39a6, 0x39a6, 0x39c6, 0x41e7, 0x39e6, 0x39e6, 0x39c6, 0x39c6, 0x41e6, 0x41e6, 
0x41e6, 0x39c6, 0x39c6, 0x41c6, 0x41c6, 0x39a6, 0x41e6, 0x41e6, 0x41e6, 0x41e6, 0x39a6, 0x41c6, 0x41e6, 0x41e6, 0x39c6, 0x39a5, 
0x39a6, 0x39a6, 0x39c6, 0x39e7, 0x39e6, 0x41e7, 0x39c6, 0x31a5, 0x3185, 0x3185, 0x3185, 0x3185, 0x3185, 0x3185, 0x3185, 0x3185, 
0x3144, 0x3144, 0x3144, 0x3144, 0x3144, 0x3144, 0x3144, 0x3144, 0x3144, 0x3144, 0x3144, 0x3144, 0x3144, 0x3144, 0x3144, 0x3144, 
0x3164, 0x3185, 0x3986, 0x3986, 0x39c6, 0x4207, 0x4207, 0x4207, 0x4207, 0x4a27, 0x4207, 0x4227, 0x4207, 0x41e7, 0x4207, 0x4207, 
0x4207, 0x4a07, 0x4207, 0x41e6, 0x41e6, 0x41e7, 0x41e7, 0x4207, 0x4a07, 0x4a07, 0x4a27, 0x4207, 0x41e7, 0x41e7, 0x41e7, 0x41e7, 
0x41e7, 0x39e6, 0x41e7, 0x4207, 0x41e7, 0x41e7, 0x39c6, 0x39c6, 0x41c6, 0x39c6, 0x39c6, 0x39a6, 0x39a6, 0x41e7, 0x41e6, 0x3185, 
0x3185, 0x3185, 0x3985, 0x49e6, 0x4a28, 0x5aaa, 0x5aaa, 0x62ea, 0x5289, 0x4207, 0x4207, 0x4a27, 0x41c6, 0x39a5, 0x3984, 0x39a5, 
0x39a5, 0x39a5, 0x3984, 0x3184, 0x39a5, 0x3184, 0x3985, 0x3985, 0x3984, 0x3984, 0x3984, 0x3164, 0x39c6, 0x4207, 0x4207, 0x4207, 
0x4a48, 0x5268, 0x4a68, 0x5aa8, 0x5aca, 0x52a9, 0x5289, 0x5aca, 0x5aaa, 0x5aca, 0x5aa9, 0x52aa, 0x52aa, 0x5289, 0x5289, 0x5aca, 
0x5aca, 0x5aca, 0x5aca, 0x5289, 0x52aa, 0x5289, 0x52aa, 0x5aea, 0x62ea, 0x630b, 0x5aea, 0x5aca, 0x62c9, 0x62c9, 0x5aa9, 0x5aa9, 
0x5288, 0x630a, 0x5aca, 0x5aca, 0x52a9, 0x5aa9, 0x5aa9, 0x5aca, 0x5aea, 0x5aca, 0x52a9, 0x52a9, 0x5289, 0x5a66, 0x5a04, 0x49c4, 
0x5268, 0x6b2c, 0x6b2b, 0x5a67, 0x49c5, 0x4206, 0x4a27, 0x39a5, 0x2944, 0x2944, 0x2944, 0x2944, 0x2965, 0x41e6, 0x41e7, 0x41e7, 
0x41e7, 0x41e7, 0x41e6, 0x39c6, 0x2965, 0x3164, 0x3185, 0x39c6, 0x4207, 0x4a28, 0x4228, 0x4a28, 0x4a48, 0x4a48, 0x4a48, 0x4a48, 
0x5289, 0x4a68, 0x4a28, 0x4207, 0x4a47, 0x4a27, 0x39c6, 0x39c6, 0x39e7, 0x4207, 0x4a48, 0x4207, 0x4207, 0x41e7, 0x39e7, 0x4207, 
0x4207, 0x4228, 0x4228, 0x41e7, 0x41e7, 0x39c6, 0x39c6, 0x39c6, 0x39c6, 0x41e7, 0x41e7, 0x41e7, 0x41e7, 0x39e6, 0x39c6, 0x41e6, 
0x41e6, 0x41e7, 0x41c6, 0x39c6, 0x41c6, 0x41e6, 0x41c6, 0x4206, 0x41e6, 0x39a6, 0x39a6, 0x41e6, 0x41e6, 0x41e6, 0x39a6, 0x39a5, 
0x39a6, 0x39a6, 0x39c6, 0x39c6, 0x39e6, 0x39e7, 0x39c6, 0x31a5, 0x3185, 0x3185, 0x3185, 0x3185, 0x3185, 0x3185, 0x3185, 0x3185, 
0x3144, 0x3144, 0x3144, 0x3144, 0x3144, 0x3144, 0x3144, 0x3144, 0x3144, 0x3144, 0x3144, 0x3144, 0x3144, 0x3144, 0x3144, 0x3144, 
0x3144, 0x3164, 0x3986, 0x3986, 0x3986, 0x41e7, 0x4207, 0x4207, 0x4207, 0x4207, 0x41e7, 0x41e7, 0x4207, 0x4207, 0x4207, 0x4207, 
0x41e7, 0x41e6, 0x41e6, 0x39c6, 0x39e6, 0x41e6, 0x41e6, 0x39c6, 0x39c6, 0x41e6, 0x4a27, 0x4a27, 0x4207, 0x4207, 0x41e7, 0x41e7, 
0x41e7, 0x41e7, 0x39c6, 0x39c6, 0x4a27, 0x4a27, 0x4207, 0x4207, 0x41e7, 0x41e7, 0x39c6, 0x41e7, 0x4207, 0x4207, 0x39a6, 0x3165, 
0x3185, 0x3185, 0x3985, 0x41a6, 0x4207, 0x4a28, 0x630b, 0x5aa9, 0x5a89, 0x4a48, 0x41e6, 0x4207, 0x41e6, 0x39a5, 0x39a5, 0x39a5, 
0x39a5, 0x3984, 0x39a5, 0x39a5, 0x39a5, 0x39a5, 0x39a5, 0x3984, 0x3984, 0x3985, 0x3164, 0x3184, 0x41c6, 0x4206, 0x4227, 0x4227, 
0x4a48, 0x5288, 0x5a89, 0x5aa9, 0x5aca, 0x5aaa, 0x5aaa, 0x52aa, 0x52aa, 0x52aa, 0x52a9, 0x52a9, 0x5289, 0x52aa, 0x5289, 0x5289, 
0x62ea, 0x6b4c, 0x5aea, 0x5acb, 0x52a9, 0x5aca, 0x52aa, 0x4a69, 0x52aa, 0x5aca, 0x630b, 0x630b, 0x630b, 0x5aca, 0x62ea, 0x62c9, 
0x5ac9, 0x6b2a, 0x62ea, 0x5aca, 0x5aa9, 0x5289, 0x5269, 0x5aa9, 0x6b2b, 0x5aca, 0x5aaa, 0x5aca, 0x5ac9, 0x6ae8, 0x5a66, 0x4a05, 
0x4a27, 0x62c9, 0x6268, 0x5206, 0x49e6, 0x4a48, 0x4207, 0x39c5, 0x2964, 0x2944, 0x2944, 0x2944, 0x2965, 0x41c6, 0x41e6, 0x41e7, 
0x41e7, 0x41e7, 0x41e7, 0x41e7, 0x39c6, 0x3985, 0x3185, 0x3985, 0x41e7, 0x4a28, 0x4228, 0x4a48, 0x4a48, 0x4a48, 0x4a28, 0x4a28, 
0x4a48, 0x4a28, 0x4a28, 0x41e7, 0x41e7, 0x41e6, 0x39c6, 0x41e7, 0x4207, 0x41e7, 0x41e7, 0x4207, 0x4207, 0x41e7, 0x39e7, 0x4207, 
0x41e7, 0x4207, 0x4207, 0x41e7, 0x41e7, 0x41e7, 0x39c6, 0x39e6, 0x39c6, 0x39c6, 0x41e7, 0x4207, 0x4207, 0x41e7, 0x39c6, 0x4207, 
0x41e7, 0x41e6, 0x41e6, 0x39c6, 0x41c6, 0x39c6, 0x39c6, 0x41e6, 0x39c6, 0x39a6, 0x41c6, 0x41e6, 0x41e6, 0x41e6, 0x39a6, 0x39a6, 
0x39a6, 0x39c6, 0x39c6, 0x39c6, 0x39e6, 0x39e7, 0x39c6, 0x31a5, 0x3185, 0x3185, 0x3185, 0x3185, 0x3185, 0x3185, 0x3185, 0x3185, 
0x41c6, 0x3184, 0x2944, 0x2944, 0x3144, 0x3144, 0x3144, 0x3144, 0x3144, 0x3144, 0x3144, 0x3144, 0x3144, 0x3144, 0x3144, 0x3144, 
0x3144, 0x3144, 0x3185, 0x3986, 0x3986, 0x39c6, 0x41e7, 0x4207, 0x4207, 0x41e7, 0x41e7, 0x41e7, 0x41e7, 0x41e7, 0x4207, 0x4207, 
0x41e7, 0x39e7, 0x39e6, 0x39e6, 0x39c6, 0x39c6, 0x39c6, 0x39c6, 0x39c6, 0x39c6, 0x39c6, 0x41e6, 0x4a27, 0x4a27, 0x4227, 0x4207, 
0x4207, 0x41e7, 0x41e7, 0x39e7, 0x39e7, 0x4207, 0x4227, 0x4227, 0x4207, 0x4207, 0x4207, 0x4207, 0x4207, 0x41e7, 0x3185, 0x3185, 
0x3185, 0x3185, 0x3185, 0x41a6, 0x4a07, 0x41e7, 0x5aca, 0x5aca, 0x5a88, 0x62ea, 0x4a27, 0x41e6, 0x41e6, 0x41c6, 0x41c6, 0x39c5, 
0x3984, 0x3985, 0x3985, 0x39a5, 0x3164, 0x3984, 0x39a5, 0x3985, 0x3184, 0x39a5, 0x3984, 0x3184, 0x39c6, 0x4206, 0x4a47, 0x4a27, 
0x4207, 0x5268, 0x5268, 0x5288, 0x5aca, 0x62eb, 0x52aa, 0x52a9, 0x52aa, 0x5aaa, 0x52aa, 0x5289, 0x5289, 0x5289, 0x52aa, 0x5aa9, 
0x5aa9, 0x5aca, 0x62eb, 0x630b, 0x5aaa, 0x52aa, 0x5aca, 0x52aa, 0x5aca, 0x5aca, 0x5aca, 0x5aea, 0x5aca, 0x5aaa, 0x6b2b, 0x630b, 
0x630a, 0x6b2b, 0x62ea, 0x5aca, 0x52a9, 0x4a68, 0x5289, 0x5289, 0x52a9, 0x5aaa, 0x5aca, 0x5aeb, 0x6b2b, 0x5a87, 0x5225, 0x49e5, 
0x41c4, 0x49e4, 0x51e6, 0x5206, 0x5247, 0x4a07, 0x4207, 0x41e6, 0x3185, 0x2944, 0x2944, 0x2944, 0x3165, 0x39a5, 0x41c6, 0x41e6, 
0x41e7, 0x41e7, 0x41e7, 0x41e6, 0x41e7, 0x41e6, 0x3985, 0x39a5, 0x41e7, 0x4228, 0x4228, 0x4a28, 0x4a28, 0x4a28, 0x4207, 0x4a28, 
0x4a28, 0x4228, 0x4207, 0x41e6, 0x39c6, 0x41e7, 0x39c6, 0x39c6, 0x41e6, 0x41e7, 0x41e6, 0x4207, 0x41e7, 0x41e7, 0x41e7, 0x41e7, 
0x39e7, 0x4207, 0x41e7, 0x39c6, 0x39c6, 0x39c6, 0x39c6, 0x39a6, 0x41e6, 0x4207, 0x4227, 0x4227, 0x4207, 0x4207, 0x41e6, 0x41e7, 
0x41e7, 0x41e7, 0x41c6, 0x41e6, 0x41e6, 0x41e6, 0x39c6, 0x39c6, 0x39c6, 0x41c6, 0x4207, 0x41e6, 0x41e6, 0x39c6, 0x39a6, 0x39a6, 
0x39a6, 0x39c6, 0x39e7, 0x39e7, 0x41e6, 0x39c6, 0x39c6, 0x31a5, 0x3185, 0x3185, 0x3185, 0x3185, 0x3185, 0x3185, 0x3185, 0x3185, 
0x4a07, 0x4a07, 0x41c6, 0x3164, 0x2944, 0x3144, 0x3144, 0x3144, 0x3144, 0x3144, 0x3144, 0x3144, 0x3144, 0x3144, 0x3144, 0x3144, 
0x3144, 0x3144, 0x3164, 0x3185, 0x3986, 0x3986, 0x39c6, 0x41e7, 0x4207, 0x4207, 0x4207, 0x4207, 0x39e7, 0x41e7, 0x4207, 0x41e7, 
0x39e6, 0x41e7, 0x39e6, 0x39c6, 0x39c6, 0x39c6, 0x39c6, 0x39e6, 0x39c6, 0x39c6, 0x39c6, 0x39c6, 0x39a6, 0x41e6, 0x4a07, 0x4a27, 
0x4227, 0x4a27, 0x4207, 0x4207, 0x41e7, 0x41e7, 0x41e7, 0x41e7, 0x41e7, 0x4207, 0x41e7, 0x41e7, 0x41e7, 0x39e7, 0x3185, 0x3165, 
0x3185, 0x3185, 0x3185, 0x3985, 0x4a07, 0x4a27, 0x5248, 0x5aaa, 0x62a9, 0x62c9, 0x5a89, 0x41e6, 0x4a27, 0x41e6, 0x41e6, 0x41e6, 
0x41c6, 0x3184, 0x3984, 0x39a5, 0x3984, 0x3163, 0x39a5, 0x39a5, 0x39a5, 0x3184, 0x3184, 0x3985, 0x39c5, 0x4207, 0x4a47, 0x4206, 
0x4207, 0x5268, 0x5289, 0x5aa9, 0x5aa9, 0x5aca, 0x5289, 0x52a9, 0x5289, 0x5289, 0x5aaa, 0x5aeb, 0x52aa, 0x5269, 0x5289, 0x5268, 
0x5268, 0x5268, 0x5a88, 0x5aa9, 0x5aca, 0x5aca, 0x5aaa, 0x5aaa, 0x5aca, 0x5aca, 0x5aca, 0x5aeb, 0x52aa, 0x52aa, 0x62eb, 0x62eb, 
0x6b2b, 0x736c, 0x630b, 0x5aca, 0x52a9, 0x4a48, 0x4a68, 0x4a69, 0x52a9, 0x5aa9, 0x5289, 0x5289, 0x734b, 0x6ac8, 0x49e4, 0x41a4, 
0x41a5, 0x41c5, 0x4a06, 0x5227, 0x5227, 0x41e6, 0x4207, 0x4207, 0x3185, 0x2944, 0x2944, 0x2944, 0x2944, 0x39a5, 0x39a5, 0x41c6, 
0x41e6, 0x41e7, 0x41e7, 0x39c6, 0x41e6, 0x41e7, 0x41e6, 0x41e6, 0x4207, 0x4a27, 0x4207, 0x4207, 0x4207, 0x4a27, 0x4207, 0x4207, 
0x4a28, 0x4a28, 0x4a28, 0x4207, 0x39c6, 0x39e7, 0x39c6, 0x39c6, 0x41e7, 0x41e6, 0x41e7, 0x4207, 0x4207, 0x41e7, 0x41e7, 0x41e7, 
0x41e7, 0x41e7, 0x4207, 0x4a28, 0x5288, 0x4207, 0x39a6, 0x41e7, 0x5268, 0x4a28, 0x4a27, 0x4a28, 0x4207, 0x4207, 0x4207, 0x41e7, 
0x41e7, 0x41e7, 0x41e6, 0x4207, 0x4207, 0x4207, 0x4a07, 0x4a27, 0x4a27, 0x4207, 0x4a07, 0x39c6, 0x39c6, 0x39a6, 0x39a6, 0x39a6, 
0x39c6, 0x41e7, 0x41e7, 0x39e6, 0x39c6, 0x39c6, 0x39a6, 0x3185, 0x3185, 0x3185, 0x3185, 0x3185, 0x3185, 0x3185, 0x3185, 0x3185, 
0x4207, 0x4a07, 0x4a27, 0x4a27, 0x39c6, 0x3164, 0x2944, 0x3144, 0x3144, 0x3144, 0x3144, 0x3144, 0x3144, 0x3144, 0x3144, 0x3144, 
0x3144, 0x3144, 0x3144, 0x3164, 0x3186, 0x3986, 0x3986, 0x39e6, 0x39e7, 0x41e7, 0x4207, 0x4207, 0x4207, 0x4207, 0x41e7, 0x41e7, 
0x41e7, 0x41e7, 0x41e6, 0x39c6, 0x39c6, 0x41e6, 0x41e6, 0x39c6, 0x39c6, 0x39c6, 0x41e6, 0x39c6, 0x39c6, 0x39a6, 0x3985, 0x41c6, 
0x41e7, 0x4a27, 0x4a27, 0x4a28, 0x4a28, 0x4207, 0x41e7, 0x39e7, 0x39e7, 0x39e7, 0x4207, 0x41e7, 0x41e7, 0x39e7, 0x3185, 0x3165, 
0x3185, 0x3185, 0x3185, 0x3985, 0x41e6, 0x41e6, 0x41e6, 0x41e6, 0x5248, 0x5aca, 0x6b2b, 0x5248, 0x4a07, 0x4a27, 0x4a06, 0x41c6, 
0x39c5, 0x39a5, 0x3985, 0x39a4, 0x3984, 0x3984, 0x39a5, 0x39a5, 0x39a5, 0x39a5, 0x3985, 0x39a5, 0x41e6, 0x4206, 0x41e6, 0x41e7, 
0x4206, 0x4a48, 0x5288, 0x5aa9, 0x5ac9, 0x5289, 0x52a9, 0x5289, 0x5aca, 0x5aaa, 0x4a89, 0x52aa, 0x5aaa, 0x5289, 0x52aa, 0x5268, 
0x5247, 0x5268, 0x5288, 0x5268, 0x5268, 0x5289, 0x5289, 0x528a, 0x52aa, 0x52aa, 0x52aa, 0x5aeb, 0x5aeb, 0x5aca, 0x62eb, 0x5aea, 
0x6b2b, 0x6b4b, 0x62ea, 0x5aaa, 0x5aa9, 0x5289, 0x5aaa, 0x5aca, 0x5289, 0x5aa9, 0x5aa9, 0x52a9, 0x630b, 0x6b4b, 0x6287, 0x49c4, 
0x41a4, 0x41a5, 0x4a07, 0x5aa9, 0x62ca, 0x4a27, 0x5268, 0x4a07, 0x39a5, 0x2944, 0x2944, 0x39e6, 0x4207, 0x4207, 0x39c5, 0x39a5, 
0x41c6, 0x41e6, 0x41e7, 0x41c6, 0x39c6, 0x41e7, 0x41e6, 0x41e7, 0x5268, 0x5288, 0x4227, 0x41e7, 0x4207, 0x4207, 0x41e7, 0x4207, 
0x4228, 0x4227, 0x4a28, 0x4a28, 0x41e7, 0x39c6, 0x41e7, 0x39c6, 0x39c6, 0x39c6, 0x39c6, 0x4207, 0x4a27, 0x4a27, 0x4a28, 0x5289, 
0x4207, 0x41c6, 0x39c6, 0x39c6, 0x41e7, 0x39c6, 0x5268, 0x5a88, 0x41e7, 0x39c6, 0x41e7, 0x4a27, 0x4207, 0x4207, 0x4207, 0x41e7, 
0x4207, 0x4a27, 0x4207, 0x41e6, 0x4a27, 0x4207, 0x41e6, 0x4a07, 0x4a27, 0x41e6, 0x39c6, 0x39a6, 0x39a6, 0x31a6, 0x39a6, 0x39a6, 
0x39e6, 0x4207, 0x41e7, 0x39e7, 0x39c6, 0x39a6, 0x3185, 0x3185, 0x3185, 0x3185, 0x3185, 0x3185, 0x3185, 0x3185, 0x3185, 0x3185, 
0x4207, 0x4207, 0x4a07, 0x4a27, 0x4a27, 0x4a07, 0x39a5, 0x3164, 0x2944, 0x3144, 0x3144, 0x3144, 0x3144, 0x3144, 0x3144, 0x3144, 
0x3144, 0x3144, 0x3144, 0x3144, 0x3164, 0x3186, 0x3986, 0x3986, 0x3986, 0x39a6, 0x39a6, 0x41e7, 0x41e7, 0x4207, 0x4207, 0x41e7, 
0x39e7, 0x41e7, 0x41e7, 0x41e7, 0x41e6, 0x41e6, 0x4207, 0x41e6, 0x39a6, 0x39c6, 0x39c6, 0x39c6, 0x39a6, 0x39c6, 0x39a6, 0x31a5, 
0x3185, 0x39c6, 0x41e6, 0x4207, 0x4a27, 0x4a27, 0x4207, 0x4207, 0x41e7, 0x4207, 0x41e7, 0x41e7, 0x41e7, 0x39c6, 0x3185, 0x3185, 
0x3185, 0x3185, 0x3185, 0x3185, 0x41c6, 0x5a88, 0x4a07, 0x41e6, 0x41c6, 0x5aa9, 0x630b, 0x5268, 0x4a07, 0x4a06, 0x4a26, 0x4206, 
0x41c5, 0x39a5, 0x3985, 0x39a4, 0x3184, 0x3984, 0x39a5, 0x39c6, 0x41c6, 0x41c6, 0x41e6, 0x41e6, 0x41e6, 0x4207, 0x4a07, 0x4206, 
0x4206, 0x4207, 0x5268, 0x5aa9, 0x630a, 0x6b0a, 0x5ac9, 0x5289, 0x52a9, 0x52a9, 0x4a68, 0x4a48, 0x5268, 0x62ea, 0x5aa9, 0x5248, 
0x4a47, 0x5268, 0x5288, 0x5288, 0x5288, 0x5288, 0x5ac9, 0x5aca, 0x5aca, 0x5aeb, 0x5aca, 0x62eb, 0x5aeb, 0x6b4c, 0x62eb, 0x5aca, 
0x632b, 0x6b2b, 0x6b4b, 0x5aaa, 0x52a9, 0x6b4b, 0x736b, 0x736b, 0x630a, 0x5aca, 0x52a9, 0x5289, 0x5aea, 0x6b4c, 0x62c9, 0x49c4, 
0x4a06, 0x4a07, 0x4a07, 0x5aa9, 0x6b0b, 0x62c9, 0x62e9, 0x5248, 0x41c6, 0x2965, 0x2965, 0x41e7, 0x4228, 0x4a48, 0x4206, 0x39a5, 
0x39a5, 0x4207, 0x4207, 0x41e7, 0x4207, 0x41e7, 0x41e6, 0x41e6, 0x4a07, 0x5268, 0x4a27, 0x39c7, 0x41e7, 0x4207, 0x4207, 0x4227, 
0x4a28, 0x4228, 0x4228, 0x4207, 0x41e7, 0x39c6, 0x39c6, 0x39c6, 0x39c6, 0x39c6, 0x39c6, 0x41e7, 0x5288, 0x62c9, 0x5ac9, 0x4a27, 
0x39c6, 0x39c7, 0x41e7, 0x41e6, 0x39c6, 0x4207, 0x4a07, 0x39c6, 0x39c6, 0x41e7, 0x4207, 0x4a27, 0x4227, 0x4207, 0x41e7, 0x41e7, 
0x4a07, 0x4a07, 0x4207, 0x4a27, 0x4a27, 0x4a27, 0x4a27, 0x41e6, 0x41e6, 0x39c6, 0x39a6, 0x39c6, 0x39a6, 0x39a6, 0x39a6, 0x39c6, 
0x39e7, 0x41e7, 0x39e7, 0x41e7, 0x39c6, 0x3186, 0x3185, 0x3185, 0x3185, 0x3185, 0x3185, 0x3185, 0x3185, 0x3185, 0x3185, 0x3185, 
0x4207, 0x4207, 0x4207, 0x4a07, 0x4a27, 0x4a27, 0x4a27, 0x4a07, 0x39c5, 0x3164, 0x2944, 0x3144, 0x3144, 0x3144, 0x3144, 0x3144, 
0x3144, 0x3144, 0x3144, 0x3144, 0x3144, 0x3164, 0x3186, 0x3986, 0x3986, 0x3986, 0x3986, 0x39a6, 0x39a6, 0x39a6, 0x41e7, 0x41e7, 
0x41e7, 0x39e6, 0x41e6, 0x41e7, 0x41e7, 0x41e6, 0x39c6, 0x39c6, 0x39c6, 0x39c6, 0x39c6, 0x39c6, 0x39c6, 0x39c6, 0x39c6, 0x39a6, 
0x39c6, 0x39e6, 0x41e6, 0x41e6, 0x41c6, 0x41e6, 0x4207, 0x4207, 0x41e7, 0x41e7, 0x41e7, 0x41e7, 0x4207, 0x39a6, 0x3185, 0x3185, 
0x3185, 0x3185, 0x3185, 0x3185, 0x41a5, 0x5268, 0x4a27, 0x41e6, 0x41e7, 0x41e6, 0x4a48, 0x4a07, 0x41e6, 0x4a06, 0x4206, 0x41e6, 
0x41c5, 0x39a5, 0x3984, 0x3184, 0x3184, 0x3143, 0x3984, 0x41e6, 0x41e6, 0x41e6, 0x41e6, 0x4206, 0x4206, 0x4206, 0x4206, 0x4206, 
0x4207, 0x4207, 0x5268, 0x6b0a, 0x62c9, 0x5ac9, 0x5ac9, 0x5aa8, 0x4a48, 0x4a48, 0x4a68, 0x5268, 0x5aa8, 0x6b09, 0x6b09, 0x5a88, 
0x5268, 0x5a88, 0x5288, 0x5268, 0x5268, 0x5268, 0x5288, 0x5aca, 0x630b, 0x5aca, 0x5aca, 0x62eb, 0x5aeb, 0x5aca, 0x5aca, 0x52aa, 
0x5aca, 0x6b2b, 0x6b4c, 0x6b4c, 0x6b6c, 0x73ad, 0x6b4c, 0x6b2b, 0x62ca, 0x5289, 0x52a9, 0x5289, 0x5aca, 0x630b, 0x5288, 0x41c5, 
0x5a87, 0x5a88, 0x4a48, 0x5aa9, 0x6b2b, 0x734b, 0x6b4b, 0x5aa9, 0x4a07, 0x3185, 0x2965, 0x39c7, 0x41e7, 0x4a28, 0x4a27, 0x39c6, 
0x39a6, 0x41c6, 0x4207, 0x41e6, 0x41e6, 0x41c6, 0x41c6, 0x41e6, 0x4a27, 0x4a27, 0x4207, 0x41e7, 0x41e7, 0x4227, 0x4a28, 0x4a48, 
0x4a48, 0x4a28, 0x4228, 0x4207, 0x4207, 0x39e7, 0x31a6, 0x39c6, 0x39c6, 0x39a6, 0x39a6, 0x39c7, 0x5268, 0x5248, 0x4a27, 0x41e6, 
0x39c6, 0x39c6, 0x4207, 0x4227, 0x4207, 0x39e6, 0x41e7, 0x39c6, 0x4207, 0x41e6, 0x4207, 0x4a27, 0x4207, 0x4207, 0x4207, 0x4a07, 
0x4a07, 0x4207, 0x4a27, 0x4a27, 0x4207, 0x4a47, 0x4a27, 0x41e7, 0x41e6, 0x41e6, 0x39c6, 0x39c6, 0x39c6, 0x41c6, 0x39c6, 0x39c6, 
0x41e7, 0x41e7, 0x39e7, 0x41e7, 0x39c6, 0x3185, 0x3185, 0x3185, 0x3185, 0x3185, 0x3185, 0x3185, 0x3185, 0x3185, 0x3185, 0x3185, 
0x4207, 0x4207, 0x4207, 0x4207, 0x4a07, 0x4a27, 0x4a27, 0x4a27, 0x4a27, 0x4a07, 0x39a5, 0x3164, 0x2944, 0x3144, 0x3144, 0x3144, 
0x3144, 0x3144, 0x3144, 0x3144, 0x3144, 0x3144, 0x3164, 0x3186, 0x3986, 0x3986, 0x3986, 0x3986, 0x3986, 0x3186, 0x39a6, 0x41e6, 
0x39e7, 0x41e7, 0x41e7, 0x41e7, 0x39e7, 0x41e6, 0x41e7, 0x41e7, 0x39e7, 0x39e7, 0x39c6, 0x41e7, 0x39e6, 0x41e7, 0x4207, 0x4a27, 
0x4207, 0x39e7, 0x39c6, 0x39e6, 0x39c6, 0x39c6, 0x39c6, 0x41e6, 0x41e6, 0x4207, 0x4a28, 0x4a28, 0x39c6, 0x3185, 0x3185, 0x3185, 
0x3185, 0x3185, 0x3185, 0x3185, 0x41c5, 0x5288, 0x4a27, 0x4a06, 0x41c6, 0x41e6, 0x4207, 0x41e6, 0x41e6, 0x41c6, 0x41e6, 0x41c5, 
0x41e6, 0x41e5, 0x39a5, 0x39a5, 0x3985, 0x3143, 0x3985, 0x41c6, 0x41e6, 0x41e6, 0x41e6, 0x41e6, 0x4206, 0x41e6, 0x41e6, 0x4207, 
0x4207, 0x4207, 0x5268, 0x62c9, 0x5aa9, 0x5aa8, 0x5288, 0x5268, 0x4a48, 0x4a68, 0x4a27, 0x5288, 0x62e9, 0x6b09, 0x6b09, 0x62c9, 
0x62c9, 0x62e9, 0x5a88, 0x5268, 0x5aa9, 0x5aa9, 0x5aa9, 0x5aa9, 0x5aca, 0x5aaa, 0x5aca, 0x5aeb, 0x5aca, 0x5aeb, 0x5aeb, 0x5aca, 
0x52aa, 0x5aca, 0x630b, 0x736c, 0x738d, 0x738d, 0x6b2b, 0x62ea, 0x5aa9, 0x4a68, 0x52a9, 0x5aca, 0x52a9, 0x736c, 0x5a67, 0x41c5, 
0x5247, 0x5248, 0x4a07, 0x5248, 0x62ea, 0x6b4b, 0x6b4b, 0x62ea, 0x5268, 0x39a5, 0x3185, 0x39a6, 0x39e7, 0x41e7, 0x4228, 0x4207, 
0x41e6, 0x39c6, 0x41e6, 0x41e6, 0x41e6, 0x4207, 0x41e7, 0x4207, 0x4a28, 0x4a27, 0x41e7, 0x41e7, 0x39c6, 0x4207, 0x4207, 0x4227, 
0x4227, 0x4227, 0x4207, 0x4207, 0x4207, 0x41e7, 0x39a6, 0x3185, 0x39a6, 0x39c6, 0x39a6, 0x39c6, 0x4a27, 0x5268, 0x4a48, 0x41e7, 
0x39e6, 0x41e7, 0x41e7, 0x4207, 0x4207, 0x4207, 0x4207, 0x41e7, 0x4206, 0x41e7, 0x41e7, 0x41e7, 0x41e7, 0x4207, 0x4a48, 0x4a27, 
0x41e6, 0x41e7, 0x41e7, 0x41e7, 0x41e7, 0x4207, 0x41e7, 0x4207, 0x4207, 0x41e6, 0x41c6, 0x39a6, 0x39c6, 0x39c6, 0x41e7, 0x41e7, 
0x41e7, 0x39e7, 0x4207, 0x41e7, 0x39a6, 0x3185, 0x3185, 0x3185, 0x3185, 0x3185, 0x3185, 0x3185, 0x3185, 0x3185, 0x3185, 0x3185, 
0x4207, 0x4207, 0x4207, 0x4207, 0x4207, 0x4a07, 0x4a27, 0x4a27, 0x4a27, 0x4a27, 0x4a27, 0x4a07, 0x39c5, 0x3164, 0x2944, 0x3144, 
0x3144, 0x3144, 0x3144, 0x3144, 0x3144, 0x3144, 0x3144, 0x3164, 0x3186, 0x3986, 0x3986, 0x3986, 0x3986, 0x3986, 0x3986, 0x39a6, 
0x39e7, 0x4207, 0x41e7, 0x39e6, 0x39e7, 0x41e7, 0x4207, 0x4207, 0x4207, 0x4207, 0x39e7, 0x4207, 0x4207, 0x39e6, 0x4207, 0x4207, 
0x4207, 0x41e7, 0x41e7, 0x39e7, 0x41e7, 0x41e7, 0x41c6, 0x39c6, 0x41e6, 0x41e7, 0x4207, 0x4207, 0x39c6, 0x3165, 0x3185, 0x3185, 
0x3185, 0x3185, 0x3185, 0x3185, 0x41e6, 0x5288, 0x5a68, 0x5248, 0x5248, 0x41e6, 0x41c6, 0x39a6, 0x4a07, 0x4a06, 0x4a06, 0x41c5, 
0x41c6, 0x39c6, 0x39a5, 0x39a5, 0x39c6, 0x3184, 0x3184, 0x3184, 0x39a5, 0x39c6, 0x4207, 0x4207, 0x4207, 0x41e6, 0x41e6, 0x41e6, 
0x41e6, 0x4a27, 0x5268, 0x5a88, 0x5268, 0x5248, 0x5268, 0x5288, 0x4a47, 0x5268, 0x5268, 0x62c9, 0x62c9, 0x62e9, 0x62c9, 0x62c9, 
0x62c9, 0x5268, 0x5268, 0x5268, 0x5288, 0x62c9, 0x62ea, 0x5aaa, 0x5289, 0x52aa, 0x5aca, 0x5aaa, 0x5aeb, 0x62eb, 0x52aa, 0x5aca, 
0x5aeb, 0x62eb, 0x62eb, 0x6b2b, 0x736c, 0x738d, 0x5aca, 0x62ea, 0x5ac9, 0x5aa9, 0x62e9, 0x5ac9, 0x5aaa, 0x6b2b, 0x5226, 0x5247, 
0x5247, 0x5288, 0x5a88, 0x5288, 0x6b4b, 0x6b4c, 0x6b0b, 0x62c9, 0x5248, 0x41a6, 0x3185, 0x39a6, 0x39e7, 0x39e7, 0x4207, 0x4a28, 
0x5268, 0x4a27, 0x41e6, 0x41e6, 0x4207, 0x4207, 0x4207, 0x4207, 0x4a28, 0x4a27, 0x4207, 0x39c6, 0x39c6, 0x39c6, 0x39c6, 0x41e7, 
0x4207, 0x4207, 0x4207, 0x4207, 0x4207, 0x4207, 0x39c6, 0x3185, 0x3165, 0x39a6, 0x41e7, 0x39a6, 0x4207, 0x4a27, 0x4a27, 0x4a07, 
0x39e6, 0x39e6, 0x41e7, 0x4207, 0x4207, 0x4207, 0x41e6, 0x39c6, 0x39e7, 0x39e7, 0x41e7, 0x39c6, 0x4207, 0x5a88, 0x5247, 0x39c6, 
0x39c6, 0x39c6, 0x39c6, 0x41e6, 0x39c6, 0x41e6, 0x41e6, 0x41c6, 0x39c6, 0x39c6, 0x41e6, 0x39c6, 0x39a6, 0x41e7, 0x4207, 0x39c7, 
0x39e7, 0x41e7, 0x41e7, 0x41e7, 0x39a6, 0x3185, 0x3185, 0x3185, 0x3185, 0x3185, 0x3185, 0x3185, 0x3185, 0x3185, 0x3185, 0x3185, 
0x4207, 0x4207, 0x4207, 0x4207, 0x4207, 0x4207, 0x4a07, 0x4a27, 0x4a27, 0x4a27, 0x4a27, 0x4a27, 0x4a27, 0x4a07, 0x39a5, 0x3164, 
0x2944, 0x3144, 0x3144, 0x3144, 0x3144, 0x3144, 0x3144, 0x3144, 0x3164, 0x3165, 0x3185, 0x3986, 0x3986, 0x3986, 0x3986, 0x3986, 
0x39a6, 0x39e7, 0x39c6, 0x39c6, 0x39c6, 0x4207, 0x4207, 0x4228, 0x4a28, 0x4207, 0x4207, 0x41e7, 0x39e7, 0x41e7, 0x41e7, 0x4207, 
0x4207, 0x41e7, 0x41e7, 0x4207, 0x41e7, 0x41e6, 0x41e6, 0x41c6, 0x4207, 0x39c6, 0x41e6, 0x41e6, 0x3985, 0x3185, 0x3185, 0x3185, 
0x3185, 0x3185, 0x3185, 0x3185, 0x41e6, 0x5aa9, 0x62a9, 0x62a8, 0x630a, 0x4a07, 0x4207, 0x41e7, 0x41e7, 0x4a07, 0x4a27, 0x4207, 
0x39a5, 0x41c5, 0x39a5, 0x39c6, 0x41e6, 0x39a5, 0x3163, 0x3164, 0x3185, 0x39c6, 0x4207, 0x4207, 0x4207, 0x4206, 0x41e6, 0x41c6, 
0x41e6, 0x4a27, 0x5247, 0x5a88, 0x5288, 0x5268, 0x5268, 0x62e9, 0x62e9, 0x5aa9, 0x62c9, 0x6b0a, 0x6b2a, 0x6b2a, 0x62e9, 0x62c9, 
0x5aa8, 0x5268, 0x5268, 0x5288, 0x5aa9, 0x5aca, 0x5aca, 0x5aaa, 0x52aa, 0x62eb, 0x5aeb, 0x5aeb, 0x5aeb, 0x5aca, 0x5aca, 0x5aeb, 
0x5aca, 0x5aeb, 0x630b, 0x630b, 0x6b2b, 0x6b2b, 0x62e9, 0x6b09, 0x6b2a, 0x6b09, 0x6ae9, 0x5a88, 0x4a48, 0x5aa9, 0x6ae9, 0x6ae9, 
0x5a88, 0x5248, 0x5248, 0x5aa9, 0x6b4b, 0x6b4c, 0x6b0b, 0x62eb, 0x5268, 0x41c6, 0x3185, 0x39a6, 0x41e7, 0x41e7, 0x4207, 0x5268, 
0x5a88, 0x5248, 0x41e6, 0x41e6, 0x4a27, 0x4a27, 0x4a27, 0x4a27, 0x4a28, 0x4a27, 0x41e6, 0x41e7, 0x39c7, 0x41e7, 0x4207, 0x41e7, 
0x4207, 0x4207, 0x4207, 0x4207, 0x4207, 0x4207, 0x41e7, 0x39a6, 0x3185, 0x3185, 0x41e6, 0x39c6, 0x41c6, 0x4207, 0x4207, 0x41e6, 
0x41e7, 0x41e6, 0x4207, 0x4207, 0x41e7, 0x41e7, 0x39c6, 0x41e7, 0x4207, 0x39c6, 0x39c6, 0x4207, 0x5268, 0x4a27, 0x39a6, 0x39a6, 
0x39c6, 0x39c6, 0x39c6, 0x39c6, 0x39c6, 0x39c6, 0x39c6, 0x39c6, 0x39c6, 0x39c6, 0x39c6, 0x39c6, 0x39c6, 0x41e7, 0x41e7, 0x39e6, 
0x39e7, 0x41e7, 0x39e6, 0x39a6, 0x3185, 0x3185, 0x3185, 0x3185, 0x3185, 0x3185, 0x3185, 0x3185, 0x3185, 0x3185, 0x3185, 0x3185, 
0x4207, 0x4207, 0x4207, 0x4207, 0x4207, 0x4207, 0x4207, 0x4a07, 0x4a27, 0x4a27, 0x4a27, 0x4a27, 0x4a27, 0x4a27, 0x4a27, 0x4a07, 
0x39c5, 0x3164, 0x2944, 0x3144, 0x3144, 0x3144, 0x3144, 0x3144, 0x3144, 0x2944, 0x3164, 0x3185, 0x3986, 0x3986, 0x3986, 0x3986, 
0x3986, 0x3986, 0x3986, 0x39a6, 0x39c6, 0x4207, 0x4228, 0x4228, 0x4228, 0x4228, 0x4208, 0x4207, 0x41e7, 0x4207, 0x4207, 0x4227, 
0x4227, 0x4227, 0x41e7, 0x39e7, 0x41e7, 0x41e6, 0x4207, 0x41e7, 0x41e7, 0x39a6, 0x39c6, 0x39c6, 0x3185, 0x3185, 0x3185, 0x3185, 
0x3185, 0x3185, 0x3185, 0x3185, 0x39a5, 0x5227, 0x62a9, 0x6ac8, 0x736c, 0x5289, 0x4207, 0x4a27, 0x41e6, 0x41e7, 0x49e7, 0x41e6, 
0x41e7, 0x41e6, 0x39c6, 0x39a5, 0x39a5, 0x39a5, 0x3984, 0x3164, 0x3184, 0x3985, 0x41e6, 0x4206, 0x4207, 0x4206, 0x41e6, 0x41e6, 
0x41c6, 0x4a06, 0x5268, 0x5aa8, 0x5288, 0x4a27, 0x5268, 0x62c9, 0x5aa9, 0x5288, 0x6b4b, 0x736b, 0x736b, 0x734a, 0x6b2a, 0x5ac9, 
0x5a88, 0x5a88, 0x5aa9, 0x5aca, 0x5aaa, 0x5acb, 0x5aca, 0x5aeb, 0x5aca, 0x630b, 0x5aeb, 0x5aeb, 0x630b, 0x62eb, 0x5aca, 0x630b, 
0x6b2c, 0x630b, 0x630b, 0x630b, 0x5aaa, 0x62ea, 0x6b09, 0x6ae9, 0x62c8, 0x5226, 0x49c4, 0x4a06, 0x4a27, 0x4a48, 0x6b09, 0x6b2a, 
0x62a9, 0x5a89, 0x5288, 0x6b2b, 0x5289, 0x62ca, 0x6b4b, 0x736d, 0x5aaa, 0x41e6, 0x39c6, 0x41e7, 0x4207, 0x4207, 0x4207, 0x4a48, 
0x5268, 0x4a27, 0x4207, 0x4a27, 0x5247, 0x5268, 0x4a27, 0x4a28, 0x4a27, 0x41e7, 0x41c6, 0x4a28, 0x4207, 0x4207, 0x4207, 0x41e7, 
0x41e7, 0x4207, 0x4207, 0x4a28, 0x4228, 0x4207, 0x4207, 0x39e7, 0x3185, 0x3165, 0x3165, 0x39a6, 0x39c6, 0x41e6, 0x41c6, 0x39c6, 
0x39c6, 0x41e7, 0x4207, 0x4207, 0x4207, 0x4207, 0x4207, 0x4207, 0x39e6, 0x39e6, 0x5289, 0x5aa9, 0x41e7, 0x39a6, 0x39a6, 0x39a6, 
0x39a6, 0x39c6, 0x39c6, 0x39c6, 0x39a6, 0x39a6, 0x39c6, 0x39c6, 0x39c6, 0x39c6, 0x39c6, 0x39c6, 0x39c6, 0x41e7, 0x39e6, 0x41e7, 
0x39a6, 0x39a6, 0x39a6, 0x3186, 0x3185, 0x3185, 0x3185, 0x3185, 0x3185, 0x3185, 0x3185, 0x3185, 0x3185, 0x3185, 0x3185, 0x3185, 
0x4207, 0x4207, 0x4207, 0x4207, 0x4207, 0x4207, 0x4207, 0x4207, 0x4a07, 0x4a27, 0x4a27, 0x4a27, 0x4a27, 0x4a27, 0x4a27, 0x4a27, 
0x4a27, 0x4a07, 0x39a5, 0x3164, 0x2944, 0x3144, 0x3144, 0x3144, 0x3144, 0x3144, 0x3144, 0x3144, 0x3185, 0x3986, 0x3986, 0x3986, 
0x3986, 0x3986, 0x3986, 0x39a6, 0x39c6, 0x4207, 0x4228, 0x4228, 0x4208, 0x4208, 0x4228, 0x4207, 0x4207, 0x4227, 0x4207, 0x4207, 
0x4207, 0x4a27, 0x41e7, 0x39e7, 0x39a6, 0x41e7, 0x4a27, 0x41e7, 0x39c6, 0x39a6, 0x41c6, 0x39e6, 0x3185, 0x3185, 0x3185, 0x3185, 
0x3185, 0x3185, 0x3185, 0x3185, 0x3165, 0x41a5, 0x5a47, 0x6288, 0x6b0a, 0x6b6c, 0x62ea, 0x4a48, 0x4a27, 0x4a48, 0x4a27, 0x4a07, 
0x41e6, 0x41e6, 0x39a5, 0x39c5, 0x39a5, 0x39a5, 0x39a5, 0x3985, 0x3143, 0x3164, 0x39a5, 0x41e6, 0x41e6, 0x41e6, 0x41e6, 0x39c5, 
0x39a5, 0x4206, 0x5267, 0x5aa8, 0x5aa9, 0x4a47, 0x5a88, 0x5aa8, 0x5aa9, 0x62ea, 0x736c, 0x738c, 0x736b, 0x736a, 0x734a, 0x6b09, 
0x5aa9, 0x5aa9, 0x5aca, 0x5aca, 0x52aa, 0x5aeb, 0x52aa, 0x5aca, 0x52aa, 0x52a9, 0x5aca, 0x5aca, 0x5aeb, 0x5aeb, 0x52aa, 0x630b, 
0x630b, 0x6b2b, 0x6b2c, 0x62ea, 0x5289, 0x52a9, 0x5aa9, 0x5247, 0x4a26, 0x41c5, 0x3984, 0x3985, 0x5268, 0x4a48, 0x62ea, 0x6b6c, 
0x5aa9, 0x5aa9, 0x62ea, 0x5aaa, 0x4a27, 0x62a9, 0x6b2b, 0x62eb, 0x5268, 0x41c6, 0x4a27, 0x5268, 0x4a48, 0x4228, 0x4207, 0x4227, 
0x4a28, 0x4207, 0x41e6, 0x4207, 0x4a07, 0x4a27, 0x4a27, 0x4a27, 0x41e6, 0x39a6, 0x39c6, 0x41e7, 0x41e7, 0x41e7, 0x4207, 0x4207, 
0x41e7, 0x4207, 0x4207, 0x4207, 0x4228, 0x4207, 0x4207, 0x41e7, 0x39a6, 0x3185, 0x3185, 0x3985, 0x41e6, 0x39e6, 0x39e7, 0x39e7, 
0x39e7, 0x4207, 0x4a28, 0x4207, 0x4228, 0x4207, 0x41e7, 0x41e7, 0x4a28, 0x5268, 0x4a28, 0x39a6, 0x39a6, 0x39a6, 0x39a6, 0x39a6, 
0x39c6, 0x39c6, 0x39a6, 0x39c6, 0x39c6, 0x39c6, 0x39c6, 0x39c6, 0x39c6, 0x39c6, 0x39c6, 0x39e6, 0x4207, 0x39c6, 0x39a6, 0x39a6, 
0x39a6, 0x39a6, 0x3186, 0x3185, 0x3185, 0x3185, 0x3185, 0x3185, 0x3185, 0x3185, 0x3185, 0x3185, 0x3185, 0x3185, 0x3185, 0x3185, 
0x4207, 0x4207, 0x4207, 0x4207, 0x4207, 0x4207, 0x4207, 0x4207, 0x4207, 0x4a07, 0x4a27, 0x4a27, 0x4a27, 0x4a27, 0x4a27, 0x4a27, 
0x4a27, 0x4a27, 0x4a27, 0x4a07, 0x39c5, 0x3164, 0x2944, 0x3144, 0x3144, 0x3144, 0x3144, 0x3144, 0x3144, 0x3185, 0x3986, 0x3986, 
0x3986, 0x3986, 0x3986, 0x3986, 0x39c6, 0x39e7, 0x4207, 0x4228, 0x4208, 0x4207, 0x4227, 0x4207, 0x4207, 0x4207, 0x4227, 0x4207, 
0x4207, 0x4207, 0x39e7, 0x41e6, 0x4207, 0x4207, 0x41e7, 0x39c6, 0x39c6, 0x39e6, 0x41e7, 0x39c6, 0x3185, 0x3185, 0x3185, 0x3185, 
0x3185, 0x3185, 0x3185, 0x3185, 0x3185, 0x3165, 0x41a5, 0x49e6, 0x5a67, 0x6b4b, 0x62ea, 0x5aa9, 0x4a27, 0x4207, 0x62eb, 0x632c, 
0x4a07, 0x41e6, 0x39a5, 0x39a5, 0x39a5, 0x39a5, 0x39a5, 0x39a5, 0x3164, 0x3143, 0x3984, 0x41c6, 0x41e6, 0x41e6, 0x41e6, 0x39a5, 
0x39a5, 0x39c5, 0x4a47, 0x5268, 0x5aa8, 0x5a88, 0x5aa9, 0x6b0a, 0x6b4a, 0x736c, 0x738c, 0x738b, 0x738c, 0x736b, 0x6b4a, 0x6ae9, 
0x5aca, 0x52aa, 0x52aa, 0x5aca, 0x52aa, 0x5aea, 0x52aa, 0x5aaa, 0x5aca, 0x5aca, 0x52aa, 0x5289, 0x52aa, 0x52aa, 0x5aca, 0x5aaa, 
0x5aca, 0x5aea, 0x62eb, 0x5289, 0x5289, 0x5269, 0x5288, 0x4207, 0x39a5, 0x39a5, 0x39a5, 0x39a5, 0x4a06, 0x4206, 0x5288, 0x62ca, 
0x5aa9, 0x62ea, 0x62ea, 0x5248, 0x4a27, 0x62ea, 0x5aea, 0x5aa9, 0x5289, 0x4a28, 0x41e7, 0x4a48, 0x4a48, 0x4a28, 0x4228, 0x4a27, 
0x4a28, 0x4a48, 0x4207, 0x41e6, 0x41e6, 0x4207, 0x4a27, 0x4a07, 0x4207, 0x4207, 0x4207, 0x4207, 0x4207, 0x4a28, 0x4a27, 0x4207, 
0x4207, 0x4207, 0x4207, 0x4207, 0x4207, 0x4207, 0x4207, 0x4207, 0x39e7, 0x39c6, 0x41e7, 0x39c6, 0x39c6, 0x41e7, 0x41e7, 0x39e7, 
0x39e7, 0x39e7, 0x39e7, 0x4207, 0x4207, 0x41e7, 0x4207, 0x4a68, 0x5aa9, 0x4207, 0x39a6, 0x39e6, 0x39c6, 0x39a6, 0x39a6, 0x39c6, 
0x39a6, 0x39c6, 0x39c6, 0x39a6, 0x39a6, 0x39c6, 0x39a6, 0x39c6, 0x39c6, 0x39e7, 0x41e7, 0x41e7, 0x41e6, 0x39a6, 0x39a6, 0x39a6, 
0x39a6, 0x3186, 0x3185, 0x3185, 0x3185, 0x3185, 0x3185, 0x3185, 0x3185, 0x3185, 0x3185, 0x3185, 0x3185, 0x3185, 0x3185, 0x3185, 
0x4207, 0x4207, 0x4207, 0x4207, 0x4207, 0x4207, 0x4207, 0x4207, 0x4207, 0x4207, 0x4a07, 0x4a27, 0x4a27, 0x4a27, 0x4a27, 0x4a27, 
0x4a27, 0x4a27, 0x4a27, 0x4a27, 0x4a27, 0x4a07, 0x39a5, 0x3144, 0x2944, 0x3144, 0x3144, 0x3144, 0x3144, 0x3144, 0x3164, 0x3164, 
0x3164, 0x3185, 0x39a6, 0x3986, 0x3986, 0x39a6, 0x39c6, 0x41e7, 0x4207, 0x4207, 0x4207, 0x4207, 0x4207, 0x4207, 0x4228, 0x4207, 
0x41e7, 0x39e7, 0x39c6, 0x41c6, 0x4a27, 0x4207, 0x41c6, 0x39c6, 0x41e7, 0x4207, 0x41e6, 0x41e6, 0x31a6, 0x3185, 0x3185, 0x3185, 
0x3185, 0x3185, 0x3185, 0x3185, 0x3185, 0x3185, 0x3185, 0x3965, 0x49e5, 0x6b2b, 0x630b, 0x5aa9, 0x4a07, 0x4a07, 0x62eb, 0x6b4d, 
0x4a07, 0x39a6, 0x39c6, 0x39c6, 0x39a5, 0x39a5, 0x3985, 0x3184, 0x3164, 0x3164, 0x3163, 0x3985, 0x39c6, 0x41e6, 0x41e6, 0x41e6, 
0x39c6, 0x39a5, 0x5247, 0x5aa8, 0x5ac9, 0x5aa9, 0x6b09, 0x6b2a, 0x736a, 0x738c, 0x738c, 0x738c, 0x738c, 0x738c, 0x736b, 0x6b0a, 
0x630b, 0x5aaa, 0x5269, 0x52a9, 0x52aa, 0x52aa, 0x5289, 0x5289, 0x5aeb, 0x5aca, 0x5289, 0x52aa, 0x5289, 0x5289, 0x5aca, 0x52aa, 
0x5aca, 0x5aaa, 0x5aca, 0x5aaa, 0x5289, 0x4a69, 0x52a9, 0x5247, 0x39c6, 0x39a5, 0x41e6, 0x41e6, 0x41e6, 0x5248, 0x5268, 0x5288, 
0x62c9, 0x5aa9, 0x5268, 0x5268, 0x5268, 0x5aa9, 0x4227, 0x5aa9, 0x62e9, 0x52a8, 0x41e7, 0x4207, 0x4a48, 0x4a48, 0x4a48, 0x4a27, 
0x4a48, 0x4a28, 0x4207, 0x4207, 0x41e6, 0x4206, 0x4207, 0x4207, 0x4207, 0x4207, 0x41e7, 0x41e7, 0x41e7, 0x4a47, 0x4a28, 0x4207, 
0x4a28, 0x4a28, 0x4207, 0x4207, 0x4207, 0x4207, 0x4207, 0x4207, 0x4207, 0x41e7, 0x4207, 0x4207, 0x39c6, 0x39c6, 0x39e6, 0x39c6, 
0x39e6, 0x41e7, 0x41e7, 0x4207, 0x4207, 0x4a27, 0x4a48, 0x4228, 0x41e7, 0x41e7, 0x41e7, 0x41e6, 0x39c6, 0x39c6, 0x39a6, 0x39a6, 
0x39c6, 0x39a6, 0x39a6, 0x39a6, 0x39c6, 0x39c6, 0x39c6, 0x39c6, 0x39e7, 0x41e7, 0x41e7, 0x41e7, 0x39c6, 0x39a6, 0x39a6, 0x39a6, 
0x3186, 0x3185, 0x3185, 0x3185, 0x3185, 0x3185, 0x3185, 0x3185, 0x3185, 0x3185, 0x3185, 0x3185, 0x3185, 0x3185, 0x3185, 0x3185, 
0x4207, 0x4207, 0x4207, 0x4207, 0x4207, 0x4207, 0x4207, 0x4207, 0x4207, 0x4207, 0x4207, 0x4a07, 0x4a27, 0x4a27, 0x4a27, 0x4a27, 
0x4a27, 0x4a27, 0x4a27, 0x4a27, 0x4a27, 0x4a27, 0x4a27, 0x41e7, 0x3185, 0x2944, 0x2944, 0x3144, 0x3144, 0x3144, 0x3144, 0x3144, 
0x3144, 0x3144, 0x3185, 0x3986, 0x3986, 0x3986, 0x39a6, 0x39c6, 0x39c6, 0x39e7, 0x4207, 0x4207, 0x4207, 0x4207, 0x4207, 0x4207, 
0x41e7, 0x4207, 0x41e7, 0x4a07, 0x4a07, 0x41e6, 0x39c6, 0x39c6, 0x4207, 0x41e7, 0x4a27, 0x41e6, 0x39a6, 0x3185, 0x3185, 0x3185, 
0x3185, 0x3185, 0x3185, 0x3185, 0x3185, 0x3185, 0x3185, 0x3165, 0x41e6, 0x62ea, 0x6b2b, 0x4a48, 0x4a07, 0x41e6, 0x62eb, 0x5aca, 
0x41c6, 0x39a5, 0x41c6, 0x39c5, 0x39a5, 0x39a5, 0x3185, 0x3985, 0x39a5, 0x3184, 0x3163, 0x3164, 0x39a5, 0x39a5, 0x39a5, 0x41e6, 
0x39c5, 0x3984, 0x4206, 0x5288, 0x5aa9, 0x6ae9, 0x6b2a, 0x6b4a, 0x734b, 0x736b, 0x738c, 0x738c, 0x738b, 0x738c, 0x738c, 0x736b, 
0x6b2b, 0x52aa, 0x4a69, 0x5289, 0x52a9, 0x5289, 0x5269, 0x5289, 0x52aa, 0x5289, 0x52aa, 0x5acb, 0x52aa, 0x5aaa, 0x5aca, 0x52aa, 
0x5aca, 0x5aca, 0x5aca, 0x4a69, 0x4a69, 0x5aaa, 0x5289, 0x4207, 0x41e6, 0x41e6, 0x41e6, 0x41e6, 0x4a47, 0x630a, 0x5aa9, 0x5248, 
0x5aa9, 0x5268, 0x5248, 0x5247, 0x5288, 0x52a9, 0x4a48, 0x5a47, 0x5a67, 0x41e7, 0x4207, 0x4207, 0x4a48, 0x4a48, 0x4a48, 0x4207, 
0x4227, 0x41e7, 0x4227, 0x5268, 0x4a27, 0x41e6, 0x4207, 0x4207, 0x4207, 0x41e7, 0x41c6, 0x39c6, 0x4206, 0x4a27, 0x4a27, 0x4227, 
0x4207, 0x4a28, 0x4a28, 0x4207, 0x4207, 0x4207, 0x41e7, 0x4207, 0x4207, 0x4207, 0x4207, 0x4207, 0x41e7, 0x39c6, 0x39c6, 0x39e6, 
0x41e7, 0x41e7, 0x4207, 0x4a27, 0x4a27, 0x4207, 0x4207, 0x4207, 0x4207, 0x4207, 0x4207, 0x41e7, 0x39e6, 0x39e7, 0x39e6, 0x39c6, 
0x39c6, 0x39a6, 0x39a6, 0x39c6, 0x39e6, 0x41e7, 0x39e7, 0x41e7, 0x41e7, 0x41e7, 0x39c7, 0x39c6, 0x39a6, 0x39a6, 0x39a6, 0x31a6, 
0x3185, 0x3185, 0x3185, 0x3185, 0x3185, 0x3185, 0x3185, 0x3185, 0x3185, 0x3185, 0x3185, 0x3185, 0x3185, 0x3185, 0x3185, 0x3185, 
0x4207, 0x4207, 0x4207, 0x4207, 0x4207, 0x4207, 0x4207, 0x4207, 0x4207, 0x4207, 0x4207, 0x4207, 0x4a07, 0x4a27, 0x4a27, 0x4a27, 
0x4a27, 0x4a27, 0x4a27, 0x4a27, 0x4a27, 0x4a27, 0x4a27, 0x4228, 0x4207, 0x39c6, 0x3985, 0x3144, 0x2944, 0x3144, 0x3144, 0x3144, 
0x3144, 0x3144, 0x3144, 0x3185, 0x39a6, 0x3986, 0x3986, 0x39a6, 0x39a6, 0x39a6, 0x39c6, 0x39e7, 0x4207, 0x4207, 0x39e7, 0x4207, 
0x41e7, 0x4207, 0x4a27, 0x41e6, 0x41e6, 0x39c6, 0x39c6, 0x39e6, 0x4207, 0x41e7, 0x4a27, 0x39c6, 0x39a6, 0x3185, 0x3185, 0x3185, 
0x3185, 0x3185, 0x3185, 0x3185, 0x3185, 0x3185, 0x3185, 0x3165, 0x4a06, 0x6b2b, 0x62ea, 0x4a27, 0x4a27, 0x4a27, 0x62eb, 0x52a9, 
0x41c5, 0x39a6, 0x39c6, 0x39c5, 0x39a5, 0x3985, 0x3985, 0x3985, 0x39a5, 0x3184, 0x3164, 0x3184, 0x39a5, 0x3985, 0x39a5, 0x39c6, 
0x3185, 0x3164, 0x39c5, 0x4a27, 0x62a8, 0x6b09, 0x6b29, 0x736b, 0x736b, 0x736b, 0x738c, 0x738c, 0x736b, 0x6b6b, 0x6b4b, 0x6b2b, 
0x6b4b, 0x5aea, 0x5289, 0x52a9, 0x5289, 0x4a69, 0x52aa, 0x5aca, 0x5aaa, 0x5aca, 0x5aaa, 0x5aca, 0x630b, 0x5aeb, 0x5aca, 0x5aea, 
0x5aaa, 0x52aa, 0x6b2b, 0x62eb, 0x4a69, 0x52a9, 0x4a48, 0x4207, 0x4207, 0x41e6, 0x41e7, 0x4a27, 0x5268, 0x5aa9, 0x5289, 0x5289, 
0x5268, 0x4a27, 0x4a28, 0x4a27, 0x5aa9, 0x62ea, 0x5aa9, 0x5247, 0x41e6, 0x4207, 0x4207, 0x4207, 0x4a28, 0x5268, 0x4a48, 0x4a27, 
0x4207, 0x41e7, 0x4207, 0x4a27, 0x4207, 0x41e6, 0x4207, 0x4a27, 0x4227, 0x41e6, 0x41e6, 0x4207, 0x4207, 0x4207, 0x4a27, 0x4227, 
0x4207, 0x4228, 0x4207, 0x41e7, 0x41e7, 0x4207, 0x4207, 0x4207, 0x4207, 0x4207, 0x4207, 0x4207, 0x4207, 0x39c6, 0x41e6, 0x41e7, 
0x41e7, 0x4207, 0x41e7, 0x41e7, 0x41e7, 0x41e7, 0x39e7, 0x41e7, 0x41e7, 0x4207, 0x4207, 0x41e7, 0x39e7, 0x39e7, 0x41e7, 0x39e6, 
0x39e7, 0x39c6, 0x39c6, 0x39c7, 0x39e7, 0x41e7, 0x41e7, 0x39e7, 0x39c6, 0x39c6, 0x39c6, 0x39a6, 0x39a6, 0x39a6, 0x31a6, 0x3185, 
0x3185, 0x3185, 0x3185, 0x3185, 0x3185, 0x3185, 0x3185, 0x3185, 0x3185, 0x3185, 0x3185, 0x3185, 0x3185, 0x3185, 0x3185, 0x3185, 
0x4207, 0x4207, 0x4207, 0x4207, 0x4207, 0x4207, 0x4207, 0x4207, 0x4207, 0x4207, 0x4207, 0x4207, 0x4207, 0x4a07, 0x4a27, 0x4a27, 
0x4a27, 0x4a27, 0x4a27, 0x4a27, 0x4a27, 0x4a27, 0x4a27, 0x4207, 0x4207, 0x4227, 0x4a27, 0x41e6, 0x39a5, 0x3164, 0x3164, 0x2944, 
0x3144, 0x3144, 0x3144, 0x3144, 0x3185, 0x3986, 0x3986, 0x3986, 0x3986, 0x3986, 0x39a6, 0x39c6, 0x39c6, 0x4207, 0x41e7, 0x4207, 
0x41e7, 0x41e7, 0x4207, 0x41e6, 0x41c6, 0x39c6, 0x39c6, 0x4207, 0x41e7, 0x4a27, 0x4207, 0x39c6, 0x3185, 0x3185, 0x3185, 0x3185, 
0x3185, 0x3185, 0x3185, 0x3185, 0x3185, 0x3185, 0x3185, 0x3165, 0x41e6, 0x5288, 0x630a, 0x5248, 0x4a07, 0x5aa9, 0x6b2b, 0x4a27, 
0x41e6, 0x39c6, 0x39c6, 0x39c5, 0x39a5, 0x39a5, 0x39a5, 0x3985, 0x39a5, 0x3985, 0x3984, 0x39a5, 0x39a5, 0x39a5, 0x3185, 0x39a6, 
0x39a5, 0x3984, 0x41e6, 0x41e6, 0x41e5, 0x6ae9, 0x6b2a, 0x734a, 0x736b, 0x736b, 0x736c, 0x6b6b, 0x6b2b, 0x6b0a, 0x5ac9, 0x5288, 
0x630b, 0x630b, 0x62eb, 0x5289, 0x5aca, 0x5aca, 0x5aca, 0x5aaa, 0x52aa, 0x5aca, 0x5aaa, 0x5aca, 0x62ea, 0x5aca, 0x52aa, 0x5aca, 
0x5aca, 0x5aaa, 0x62ca, 0x5aca, 0x4a69, 0x5289, 0x41e6, 0x41e6, 0x41e6, 0x41e6, 0x4a27, 0x4a27, 0x5268, 0x5aa9, 0x5aa9, 0x5a89, 
0x5a89, 0x5aa9, 0x5ac9, 0x630a, 0x62e9, 0x62c9, 0x630a, 0x5268, 0x41e6, 0x4a48, 0x4207, 0x4207, 0x4a27, 0x5268, 0x4a68, 0x4a48, 
0x39e7, 0x39e7, 0x4207, 0x4207, 0x41e7, 0x39c6, 0x4207, 0x4207, 0x4207, 0x4207, 0x4207, 0x4207, 0x39c6, 0x4a28, 0x4a48, 0x4207, 
0x4a28, 0x4207, 0x41e7, 0x41e7, 0x41e7, 0x4207, 0x4207, 0x4207, 0x4207, 0x4207, 0x4207, 0x4207, 0x4207, 0x41e7, 0x41e7, 0x4207, 
0x41e7, 0x39e6, 0x4207, 0x4207, 0x4207, 0x4207, 0x4207, 0x41e7, 0x4207, 0x4207, 0x4207, 0x41e7, 0x41e7, 0x39e7, 0x39e7, 0x39e7, 
0x41e7, 0x41e7, 0x41e7, 0x4207, 0x39c7, 0x39c6, 0x39c6, 0x39c6, 0x39c6, 0x39c6, 0x39a6, 0x39a6, 0x39a6, 0x39a6, 0x3185, 0x3185, 
0x3185, 0x3185, 0x3185, 0x3185, 0x3185, 0x3185, 0x3185, 0x3185, 0x3185, 0x3185, 0x3185, 0x3185, 0x3185, 0x3185, 0x3185, 0x3185, 
0x4207, 0x4207, 0x4207, 0x4207, 0x4207, 0x4207, 0x4207, 0x4207, 0x4207, 0x4207, 0x4207, 0x4207, 0x4207, 0x4207, 0x4a07, 0x4a27, 
0x4a27, 0x4a27, 0x4a27, 0x4a27, 0x4a27, 0x4a27, 0x4a27, 0x4207, 0x4207, 0x4207, 0x4a27, 0x4a27, 0x4a07, 0x39e7, 0x4227, 0x39c5, 
0x3164, 0x2944, 0x2944, 0x2944, 0x3144, 0x3185, 0x3186, 0x3986, 0x3986, 0x3986, 0x3986, 0x39a6, 0x39c6, 0x41e7, 0x4207, 0x4a28, 
0x4207, 0x4207, 0x41e7, 0x4207, 0x41e7, 0x4207, 0x4a27, 0x4207, 0x4207, 0x4a27, 0x39c6, 0x39a6, 0x3185, 0x3185, 0x3185, 0x3185, 
0x3185, 0x3185, 0x3185, 0x3185, 0x3185, 0x3185, 0x3185, 0x3165, 0x41e6, 0x4a07, 0x5aca, 0x630c, 0x4207, 0x5a89, 0x5268, 0x41e6, 
0x41e6, 0x39c5, 0x41e6, 0x41c6, 0x39a5, 0x39a5, 0x39a5, 0x39a5, 0x39a5, 0x39a5, 0x39a5, 0x3985, 0x3984, 0x3985, 0x39a5, 0x39c6, 
0x39a5, 0x3963, 0x39c5, 0x41e6, 0x39a5, 0x5aa8, 0x6b0a, 0x734a, 0x6b4b, 0x6b2a, 0x6b0a, 0x6b0a, 0x630a, 0x630a, 0x62c9, 0x5aa9, 
0x5ac9, 0x5aca, 0x62ea, 0x5aca, 0x5aea, 0x5aaa, 0x52a9, 0x5aaa, 0x5aca, 0x5aeb, 0x5aeb, 0x5aea, 0x62ea, 0x5289, 0x5289, 0x5aaa, 
0x5aeb, 0x5aeb, 0x5289, 0x5289, 0x5248, 0x41e6, 0x39c6, 0x41e6, 0x4206, 0x4a27, 0x4a48, 0x5268, 0x5ac9, 0x62c9, 0x5288, 0x4a07, 
0x5268, 0x62e9, 0x5a88, 0x5a88, 0x5267, 0x5247, 0x4a27, 0x4227, 0x4a28, 0x5268, 0x4207, 0x4207, 0x4a48, 0x5289, 0x5268, 0x5268, 
0x41e7, 0x41e7, 0x4a28, 0x4207, 0x41e7, 0x39c6, 0x41e7, 0x4a48, 0x4a27, 0x4a27, 0x41e7, 0x41e6, 0x41e6, 0x4a27, 0x4a48, 0x4a07, 
0x4a28, 0x4207, 0x4207, 0x41e7, 0x41e7, 0x4207, 0x4207, 0x41e7, 0x4207, 0x4207, 0x4207, 0x4207, 0x4207, 0x41e7, 0x41e6, 0x41c6, 
0x39c6, 0x41e6, 0x41e7, 0x41e7, 0x4207, 0x4a07, 0x4207, 0x41e7, 0x4207, 0x4207, 0x4207, 0x41e7, 0x4207, 0x4207, 0x41e7, 0x41e7, 
0x4207, 0x4207, 0x4207, 0x4207, 0x41e7, 0x39c6, 0x39c6, 0x39c6, 0x39c6, 0x39a6, 0x39a6, 0x39a6, 0x39a6, 0x3185, 0x3185, 0x3185, 
0x3185, 0x3185, 0x3185, 0x3185, 0x3185, 0x3185, 0x3185, 0x3185, 0x3185, 0x3185, 0x3185, 0x3185, 0x3185, 0x3185, 0x3185, 0x3185, 
0x4207, 0x4207, 0x4207, 0x4207, 0x4207, 0x4207, 0x4207, 0x4207, 0x4207, 0x4207, 0x4207, 0x4207, 0x4207, 0x4207, 0x4207, 0x4a07, 
0x4a27, 0x4a27, 0x4a27, 0x4a27, 0x4a27, 0x4a27, 0x4a27, 0x4207, 0x4207, 0x4207, 0x4a27, 0x4a27, 0x4a07, 0x39e7, 0x4a48, 0x4227, 
0x4206, 0x39c5, 0x39a5, 0x3164, 0x3144, 0x2944, 0x3164, 0x3164, 0x3185, 0x3986, 0x3986, 0x3986, 0x39a6, 0x39c6, 0x39e7, 0x41e7, 
0x4228, 0x4207, 0x4207, 0x4a28, 0x4207, 0x4a48, 0x6ae9, 0x5289, 0x4a48, 0x4207, 0x39a6, 0x3185, 0x3185, 0x3185, 0x3185, 0x3185, 
0x3185, 0x3185, 0x3185, 0x3185, 0x3185, 0x3185, 0x3185, 0x3165, 0x41a6, 0x4a27, 0x5aca, 0x738d, 0x5289, 0x41e6, 0x41c6, 0x41e6, 
0x41e6, 0x41e6, 0x39c6, 0x39c6, 0x39c5, 0x39a5, 0x3985, 0x39a5, 0x39a5, 0x39a5, 0x39a5, 0x3985, 0x3184, 0x3985, 0x39c5, 0x39a5, 
0x3164, 0x3143, 0x3984, 0x4206, 0x41c5, 0x5247, 0x62e9, 0x6b0a, 0x6b2a, 0x6b2a, 0x6b4b, 0x62ea, 0x5ac9, 0x62ea, 0x6b2a, 0x6b2b, 
0x630a, 0x632b, 0x630b, 0x62ea, 0x5aca, 0x5aea, 0x5aaa, 0x5aca, 0x5aca, 0x5aca, 0x5aa9, 0x5aa9, 0x62ea, 0x5aa9, 0x5288, 0x5288, 
0x5aa9, 0x5aca, 0x5aca, 0x5268, 0x4206, 0x39c6, 0x4a27, 0x4207, 0x4207, 0x4227, 0x4a48, 0x4a68, 0x5aca, 0x62ca, 0x4a06, 0x41e6, 
0x41c6, 0x41e6, 0x41e6, 0x41e6, 0x41e6, 0x39c6, 0x39c6, 0x4207, 0x4227, 0x4a28, 0x4a28, 0x4a48, 0x5288, 0x5a89, 0x5269, 0x5269, 
0x4a48, 0x41e7, 0x4227, 0x4a48, 0x4a48, 0x4a48, 0x4207, 0x4a28, 0x4a27, 0x4207, 0x4207, 0x4207, 0x4207, 0x4207, 0x4a47, 0x4a27, 
0x4227, 0x4207, 0x41e7, 0x41e7, 0x41e7, 0x39e7, 0x41e7, 0x41e7, 0x4207, 0x4207, 0x4207, 0x4207, 0x4207, 0x41e7, 0x41e7, 0x39c6, 
0x39c6, 0x39c6, 0x39c6, 0x41e7, 0x4207, 0x41e7, 0x41e7, 0x4207, 0x41e7, 0x41e7, 0x4207, 0x41e7, 0x41e7, 0x41e7, 0x4207, 0x4207, 
0x4207, 0x4207, 0x4207, 0x41e7, 0x39e7, 0x39c6, 0x39c6, 0x39c6, 0x39a6, 0x39a6, 0x39a6, 0x39a6, 0x3185, 0x3185, 0x3185, 0x3185, 
0x3185, 0x3185, 0x3185, 0x3185, 0x3185, 0x3185, 0x3185, 0x3185, 0x3185, 0x3185, 0x3185, 0x3185, 0x3185, 0x3185, 0x3185, 0x3185, 
0x4207, 0x4207, 0x4207, 0x4207, 0x4207, 0x4207, 0x4207, 0x4207, 0x4207, 0x4207, 0x4207, 0x4207, 0x4207, 0x4207, 0x4207, 0x4207, 
0x4a07, 0x4a27, 0x4a27, 0x4a27, 0x4a27, 0x4a27, 0x4a27, 0x4207, 0x4207, 0x4207, 0x4a27, 0x4a27, 0x4a07, 0x39e7, 0x4a48, 0x4227, 
0x4227, 0x4227, 0x4227, 0x4207, 0x39c6, 0x3185, 0x3144, 0x3144, 0x3164, 0x3185, 0x3986, 0x3986, 0x3986, 0x39a6, 0x39a6, 0x39c6, 
0x4207, 0x4a48, 0x4a28, 0x4a48, 0x4a68, 0x4a28, 0x62c9, 0x6ae9, 0x5a88, 0x5268, 0x39c6, 0x3185, 0x3185, 0x3185, 0x3185, 0x3185, 
0x3185, 0x3185, 0x3185, 0x3185, 0x3185, 0x3185, 0x3185, 0x3165, 0x39a5, 0x4207, 0x5aa9, 0x6b2c, 0x5289, 0x41e6, 0x4206, 0x4206, 
0x41e6, 0x41e6, 0x39c6, 0x39a5, 0x39a5, 0x39c5, 0x39a5, 0x3984, 0x39a5, 0x39a5, 0x39a5, 0x39a5, 0x39a5, 0x39a5, 0x3985, 0x3164, 
0x3143, 0x3143, 0x3163, 0x3984, 0x4a26, 0x5267, 0x5aa8, 0x5268, 0x62e9, 0x736b, 0x6b4b, 0x6b0a, 0x5ac9, 0x62c9, 0x62c9, 0x630a, 
0x5aca, 0x5ac9, 0x5aca, 0x632b, 0x62eb, 0x52aa, 0x5aca, 0x630b, 0x5aca, 0x5aaa, 0x5aca, 0x5aa9, 0x5ac9, 0x5aa9, 0x5aa8, 0x5288, 
0x5288, 0x5268, 0x4207, 0x39c6, 0x39a5, 0x41c6, 0x4a27, 0x4a28, 0x4a48, 0x4a28, 0x4a68, 0x4a48, 0x5289, 0x5288, 0x41e6, 0x41e6, 
0x41e6, 0x41e6, 0x41c6, 0x39c6, 0x39c6, 0x39c7, 0x41e7, 0x4207, 0x4a48, 0x4227, 0x4207, 0x4a28, 0x5a89, 0x4a48, 0x4a48, 0x4a48, 
0x4207, 0x4207, 0x4207, 0x4a48, 0x4a48, 0x4a48, 0x4207, 0x41e7, 0x41e7, 0x4207, 0x4a07, 0x4207, 0x4a28, 0x4a27, 0x4a48, 0x5248, 
0x4227, 0x4228, 0x4207, 0x41e7, 0x41e7, 0x41e7, 0x4207, 0x4207, 0x4207, 0x4207, 0x4207, 0x4207, 0x4207, 0x4207, 0x39c6, 0x39c6, 
0x41e6, 0x39a6, 0x39a6, 0x41e6, 0x4a28, 0x4207, 0x41e7, 0x4207, 0x41e7, 0x41e7, 0x41e7, 0x41e7, 0x39e7, 0x39e7, 0x4207, 0x4207, 
0x4207, 0x4207, 0x39e7, 0x39c6, 0x39c6, 0x39c6, 0x39c6, 0x39a6, 0x39a6, 0x39a6, 0x39a6, 0x3185, 0x3185, 0x3185, 0x3185, 0x3185, 
0x3185, 0x3185, 0x3185, 0x3185, 0x3185, 0x3185, 0x3185, 0x3185, 0x3185, 0x3185, 0x3185, 0x3185, 0x3185, 0x3185, 0x3185, 0x3185, 
0x4207, 0x4207, 0x4207, 0x4207, 0x4207, 0x4207, 0x4207, 0x4207, 0x4207, 0x4207, 0x4207, 0x4207, 0x4207, 0x4207, 0x4207, 0x4207, 
0x4207, 0x4a07, 0x4a27, 0x4a27, 0x4a27, 0x4a27, 0x4a27, 0x4207, 0x4207, 0x4207, 0x4a27, 0x4a27, 0x4a07, 0x39e7, 0x4a48, 0x4227, 
0x4227, 0x4227, 0x4227, 0x4207, 0x4207, 0x41e6, 0x3184, 0x3164, 0x3144, 0x3164, 0x3185, 0x3986, 0x3986, 0x3986, 0x3986, 0x39a6, 
0x4a48, 0x5268, 0x4a48, 0x4a48, 0x4a48, 0x4a28, 0x62e9, 0x62a9, 0x5248, 0x5288, 0x4207, 0x3185, 0x3185, 0x3185, 0x3185, 0x3185, 
0x3185, 0x3185, 0x3185, 0x3185, 0x3185, 0x3185, 0x3185, 0x3165, 0x39a5, 0x4a47, 0x5aa9, 0x4207, 0x4a27, 0x4207, 0x4a27, 0x4206, 
0x39c6, 0x39c6, 0x39a5, 0x39a5, 0x41c5, 0x39c5, 0x39a5, 0x39a5, 0x39a5, 0x3984, 0x3184, 0x39a5, 0x3984, 0x3963, 0x3164, 0x3163, 
0x3143, 0x3143, 0x3163, 0x3164, 0x39a5, 0x41e5, 0x5267, 0x5a88, 0x62e9, 0x6b4b, 0x736b, 0x6b0a, 0x62ea, 0x5289, 0x5289, 0x5aa9, 
0x5aa9, 0x5aa9, 0x5289, 0x62e9, 0x62ea, 0x5aca, 0x632b, 0x62ea, 0x5aca, 0x5aea, 0x5aa9, 0x5aa9, 0x5268, 0x5268, 0x4a48, 0x4a27, 
0x4206, 0x39a5, 0x39a5, 0x39c5, 0x39c5, 0x4207, 0x4a68, 0x4a68, 0x5268, 0x4a68, 0x5269, 0x4a48, 0x4a47, 0x4206, 0x41e6, 0x41e6, 
0x41e6, 0x41c6, 0x39a6, 0x39a6, 0x39c6, 0x4207, 0x4227, 0x4a27, 0x4a28, 0x4207, 0x4207, 0x4a48, 0x5aa9, 0x4a28, 0x4207, 0x4207, 
0x4207, 0x4208, 0x4228, 0x4a28, 0x4207, 0x41e7, 0x41e7, 0x4a27, 0x4207, 0x4207, 0x4207, 0x4a48, 0x4a48, 0x4a48, 0x4a48, 0x5248, 
0x4a48, 0x4208, 0x4207, 0x41e7, 0x41e7, 0x4207, 0x4207, 0x41e7, 0x4207, 0x4207, 0x4207, 0x4207, 0x4207, 0x4207, 0x39e7, 0x39c6, 
0x39c6, 0x39c6, 0x3185, 0x39a6, 0x41e6, 0x4a48, 0x4207, 0x4207, 0x4207, 0x41e7, 0x39e7, 0x4207, 0x4207, 0x41e7, 0x4207, 0x4207, 
0x39e7, 0x39e7, 0x39c6, 0x39c6, 0x39c6, 0x39c6, 0x39c6, 0x39a6, 0x39a6, 0x39a6, 0x3185, 0x3185, 0x3185, 0x3185, 0x3185, 0x3185, 
0x3185, 0x3185, 0x3185, 0x3185, 0x3185, 0x3185, 0x3185, 0x3185, 0x3185, 0x3185, 0x3185, 0x3185, 0x3185, 0x3185, 0x3185, 0x3185, 
0x4207, 0x4207, 0x4207, 0x4207, 0x4207, 0x4207, 0x4207, 0x4207, 0x4207, 0x4207, 0x4207, 0x4207, 0x4207, 0x4207, 0x4207, 0x4207, 
0x4207, 0x4207, 0x4a07, 0x4a27, 0x4a27, 0x4a27, 0x4a27, 0x4207, 0x4207, 0x4a27, 0x4a27, 0x4a27, 0x4a07, 0x39e7, 0x4a48, 0x4206, 
0x4207, 0x4227, 0x4227, 0x4207, 0x41e7, 0x41c6, 0x3985, 0x3184, 0x3164, 0x3144, 0x3164, 0x3185, 0x3986, 0x3986, 0x3986, 0x39a6, 
0x4228, 0x4a28, 0x4a28, 0x4227, 0x4207, 0x4207, 0x5a88, 0x5268, 0x4a27, 0x4207, 0x39c6, 0x3185, 0x3185, 0x3185, 0x3185, 0x3185, 
0x3185, 0x3185, 0x3185, 0x3185, 0x3185, 0x3185, 0x3185, 0x3165, 0x3985, 0x5268, 0x5aa9, 0x4207, 0x4207, 0x4207, 0x4206, 0x41e6, 
0x39c6, 0x39c6, 0x41c6, 0x39c5, 0x39a5, 0x39a5, 0x3985, 0x39a5, 0x3984, 0x3984, 0x3984, 0x3964, 0x3143, 0x3143, 0x3163, 0x3984, 
0x3163, 0x3984, 0x39a5, 0x39c5, 0x39c5, 0x39a4, 0x41c5, 0x5267, 0x5267, 0x5aa9, 0x62e9, 0x5aa9, 0x5288, 0x5ac9, 0x5aa9, 0x5289, 
0x52a9, 0x5ac9, 0x630a, 0x62e9, 0x62c9, 0x6b0a, 0x62ea, 0x5ac9, 0x5288, 0x5aa9, 0x5288, 0x5268, 0x4a27, 0x4207, 0x41e7, 0x39c6, 
0x3184, 0x3164, 0x39a5, 0x39a5, 0x41e6, 0x4a47, 0x4a48, 0x4a48, 0x4a48, 0x5289, 0x4a48, 0x4227, 0x4206, 0x41e6, 0x41e6, 0x41e6, 
0x41c6, 0x39a6, 0x39a6, 0x39a6, 0x39c6, 0x39e7, 0x39e7, 0x4207, 0x4228, 0x4227, 0x4a48, 0x5268, 0x5aa9, 0x5a89, 0x5aa9, 0x5289, 
0x5268, 0x5268, 0x5268, 0x4a28, 0x4207, 0x4207, 0x41e7, 0x4207, 0x4207, 0x4207, 0x4227, 0x4a48, 0x4a48, 0x4a27, 0x4a27, 0x4a28, 
0x4a48, 0x4207, 0x4207, 0x4207, 0x4207, 0x4207, 0x4207, 0x4207, 0x41e7, 0x41e7, 0x39e7, 0x4207, 0x4207, 0x4207, 0x41e7, 0x41e7, 
0x39a6, 0x39a6, 0x39c6, 0x3185, 0x39a6, 0x39c6, 0x4a48, 0x4207, 0x4a28, 0x4a28, 0x4207, 0x4207, 0x4207, 0x39e7, 0x39e7, 0x39e7, 
0x39e7, 0x39c6, 0x39c6, 0x39c6, 0x39c6, 0x39c6, 0x39c6, 0x39a6, 0x39a6, 0x31a6, 0x3185, 0x31a6, 0x31a6, 0x31a6, 0x3185, 0x3185, 
0x3185, 0x3185, 0x3185, 0x3185, 0x3185, 0x3185, 0x3185, 0x3185, 0x3185, 0x3185, 0x3185, 0x3185, 0x3185, 0x3185, 0x3185, 0x3185, 
0x4207, 0x4207, 0x4207, 0x4207, 0x4207, 0x4207, 0x4207, 0x4207, 0x4207, 0x4207, 0x4207, 0x4207, 0x4207, 0x4207, 0x4207, 0x4207, 
0x4207, 0x4207, 0x4207, 0x4a07, 0x4a07, 0x4a27, 0x4a07, 0x4207, 0x4a27, 0x4a27, 0x4a27, 0x4a27, 0x5268, 0x41e7, 0x4a68, 0x4a27, 
0x4207, 0x4227, 0x4227, 0x4207, 0x41e7, 0x41c6, 0x3985, 0x3184, 0x3184, 0x3164, 0x3144, 0x3144, 0x3164, 0x3185, 0x3986, 0x39a6, 
0x39c7, 0x41e7, 0x4207, 0x39e7, 0x39c6, 0x39e7, 0x39c6, 0x39c6, 0x39c6, 0x39a6, 0x3186, 0x3185, 0x3185, 0x3185, 0x3185, 0x3185, 
0x3185, 0x3185, 0x3185, 0x3185, 0x3185, 0x3185, 0x3185, 0x3165, 0x3985, 0x4206, 0x5aa9, 0x4a48, 0x4207, 0x4a27, 0x41e5, 0x41e6, 
0x41c5, 0x4a68, 0x52a9, 0x4206, 0x39a5, 0x39a5, 0x39a5, 0x39c5, 0x39a5, 0x39a5, 0x3984, 0x3143, 0x3123, 0x3123, 0x3143, 0x3984, 
0x3984, 0x39a5, 0x39c5, 0x39a5, 0x39c6, 0x39c6, 0x41c5, 0x5247, 0x5267, 0x5a88, 0x5a88, 0x5aa9, 0x5ac9, 0x62ea, 0x5288, 0x5aa9, 
0x5aa9, 0x62ea, 0x630a, 0x62c9, 0x62e9, 0x62e9, 0x5ac9, 0x5288, 0x4a47, 0x62c9, 0x5268, 0x4a48, 0x4207, 0x41e6, 0x39a5, 0x3985, 
0x3984, 0x3985, 0x39c5, 0x41c5, 0x4207, 0x4227, 0x4a27, 0x4227, 0x4207, 0x4227, 0x4227, 0x4206, 0x41e6, 0x41e6, 0x41e6, 0x41e6, 
0x39c6, 0x39a6, 0x39a6, 0x39a6, 0x39c6, 0x39c6, 0x41e7, 0x41e7, 0x4207, 0x4207, 0x4227, 0x5288, 0x4a48, 0x4a28, 0x4a48, 0x5268, 
0x4a28, 0x4a48, 0x5268, 0x4a48, 0x4207, 0x4207, 0x39c6, 0x41e7, 0x4207, 0x4207, 0x41e6, 0x41e7, 0x4a07, 0x5247, 0x5a88, 0x5268, 
0x4a48, 0x4207, 0x4207, 0x4207, 0x4207, 0x41e7, 0x41e7, 0x4207, 0x4207, 0x4207, 0x41e7, 0x41e7, 0x4207, 0x4207, 0x4207, 0x4207, 
0x41e7, 0x39a6, 0x39c6, 0x41e7, 0x39a6, 0x39a6, 0x39c6, 0x41e7, 0x4a28, 0x4a28, 0x4207, 0x4207, 0x39e7, 0x39e7, 0x39e7, 0x39e7, 
0x39c7, 0x39c6, 0x39c6, 0x39c6, 0x39c6, 0x39c6, 0x39c6, 0x39a6, 0x39a6, 0x31a6, 0x31a6, 0x31a6, 0x31a6, 0x31a6, 0x31a6, 0x31a6, 
0x3185, 0x3185, 0x3185, 0x3185, 0x3185, 0x3185, 0x3185, 0x3185, 0x3185, 0x3185, 0x3185, 0x3185, 0x3185, 0x3185, 0x3185, 0x3185, 
0x4207, 0x4207, 0x4207, 0x4207, 0x4207, 0x4207, 0x4207, 0x4207, 0x4207, 0x4207, 0x4207, 0x4207, 0x4207, 0x4207, 0x4207, 0x4207, 
0x4207, 0x4207, 0x4a07, 0x4a07, 0x4a48, 0x4a48, 0x4a48, 0x4207, 0x4a27, 0x4a27, 0x4a27, 0x5248, 0x5288, 0x4227, 0x4a68, 0x4a27, 
0x49e6, 0x4227, 0x4227, 0x4227, 0x41e7, 0x41c6, 0x3985, 0x3184, 0x3184, 0x3184, 0x3144, 0x3144, 0x3144, 0x3164, 0x3185, 0x3986, 
0x39a6, 0x39a6, 0x39a6, 0x39a6, 0x39a6, 0x39a6, 0x39a6, 0x39a6, 0x39a6, 0x3186, 0x3185, 0x3185, 0x3185, 0x3185, 0x3185, 0x3185, 
0x3164, 0x3164, 0x3185, 0x3185, 0x3185, 0x3185, 0x3185, 0x3165, 0x3985, 0x5268, 0x630b, 0x5268, 0x4207, 0x4a27, 0x4a26, 0x4a26, 
0x41e6, 0x5268, 0x52aa, 0x4a68, 0x39c6, 0x39a5, 0x39c5, 0x39c6, 0x3185, 0x39a5, 0x39a5, 0x3143, 0x3143, 0x3164, 0x3964, 0x3985, 
0x3985, 0x39a5, 0x39c5, 0x39a5, 0x39a5, 0x39a5, 0x39c6, 0x4a27, 0x5267, 0x5268, 0x4a27, 0x5aa9, 0x62c9, 0x5ac9, 0x5289, 0x5ac9, 
0x5aa9, 0x6b4b, 0x6b4b, 0x6b0a, 0x6b09, 0x6b0a, 0x6b0a, 0x5aa9, 0x5267, 0x5aa8, 0x5268, 0x4207, 0x41e6, 0x39c5, 0x39a5, 0x39a5, 
0x3164, 0x39a5, 0x4207, 0x5268, 0x4a48, 0x41e7, 0x41e7, 0x41e7, 0x41e7, 0x41e7, 0x41e6, 0x41e6, 0x41e6, 0x41e6, 0x41e6, 0x39c6, 
0x31a6, 0x39a6, 0x39a6, 0x39a6, 0x41c6, 0x39c6, 0x41e7, 0x41e7, 0x4207, 0x4227, 0x4227, 0x5248, 0x5268, 0x5268, 0x4a48, 0x5268, 
0x5289, 0x5289, 0x4a48, 0x4a68, 0x4a48, 0x5248, 0x4a27, 0x4207, 0x41e7, 0x4206, 0x41e6, 0x4a27, 0x4a27, 0x5248, 0x5268, 0x4a48, 
0x4a48, 0x4227, 0x4207, 0x4207, 0x41e7, 0x4207, 0x39e7, 0x39e7, 0x4207, 0x4207, 0x4207, 0x4207, 0x4207, 0x4207, 0x41e7, 0x4207, 
0x4207, 0x41e7, 0x39c6, 0x39e7, 0x41e7, 0x39c6, 0x41e6, 0x4207, 0x4207, 0x41e7, 0x41e7, 0x39e7, 0x39e7, 0x39e7, 0x39e7, 0x39c6, 
0x39c6, 0x39c6, 0x39c6, 0x39c6, 0x39c6, 0x39c6, 0x39a6, 0x31a6, 0x31a6, 0x31a6, 0x31a6, 0x31a6, 0x31a6, 0x31a6, 0x31a6, 0x31a6, 
0x31a6, 0x3185, 0x3185, 0x3185, 0x3185, 0x3185, 0x3185, 0x3185, 0x3185, 0x3185, 0x3185, 0x3185, 0x3185, 0x3185, 0x3185, 0x3185, 
0x4207, 0x4207, 0x4207, 0x4207, 0x4207, 0x4207, 0x4207, 0x4207, 0x4207, 0x4207, 0x4207, 0x4207, 0x4207, 0x4207, 0x4207, 0x4207, 
0x4207, 0x4a07, 0x5288, 0x62ea, 0x632b, 0x630b, 0x5288, 0x5268, 0x5288, 0x5aa8, 0x5aa9, 0x5aa9, 0x5289, 0x4207, 0x4207, 0x41e6, 
0x41c6, 0x4207, 0x41e7, 0x4227, 0x4207, 0x41e6, 0x3984, 0x3184, 0x3184, 0x3184, 0x3144, 0x3144, 0x3144, 0x3144, 0x3163, 0x3185, 
0x3986, 0x3986, 0x3986, 0x3986, 0x3986, 0x3986, 0x3986, 0x3986, 0x3986, 0x3185, 0x3185, 0x3185, 0x3185, 0x3185, 0x3165, 0x3164, 
0x3143, 0x3163, 0x3185, 0x3185, 0x3185, 0x3185, 0x3185, 0x3165, 0x39a5, 0x52a8, 0x4a68, 0x4a48, 0x4207, 0x41e6, 0x4a26, 0x4a26, 
0x4206, 0x4a48, 0x5289, 0x5289, 0x41e6, 0x41e6, 0x39c6, 0x39c5, 0x3984, 0x3985, 0x39c5, 0x39a5, 0x3984, 0x3984, 0x3984, 0x39a5, 
0x3184, 0x39a5, 0x39a5, 0x3185, 0x39a5, 0x3184, 0x3185, 0x41e6, 0x4a47, 0x5aa8, 0x4a48, 0x5aa9, 0x62ea, 0x62c9, 0x5288, 0x5288, 
0x6b4a, 0x738c, 0x736b, 0x736b, 0x736b, 0x734b, 0x6b0a, 0x5ac9, 0x5288, 0x4a48, 0x4a27, 0x41e6, 0x39a5, 0x39a5, 0x39a5, 0x39a5, 
0x41e6, 0x39a5, 0x4207, 0x5248, 0x4a28, 0x41e7, 0x41e7, 0x41e7, 0x41e7, 0x41e6, 0x41e6, 0x41e6, 0x41e6, 0x41e6, 0x39c6, 0x31a6, 
0x31a6, 0x31a6, 0x39a6, 0x39a6, 0x39c6, 0x41e7, 0x4a28, 0x4a28, 0x4207, 0x4207, 0x4a28, 0x4a48, 0x4a28, 0x4a48, 0x4a28, 0x4a28, 
0x4a48, 0x5268, 0x5268, 0x4a48, 0x5268, 0x62a9, 0x5aa8, 0x39e6, 0x39e6, 0x41e6, 0x4207, 0x4227, 0x4a27, 0x4a48, 0x4a28, 0x4a48, 
0x4a48, 0x4227, 0x4207, 0x4207, 0x4207, 0x4207, 0x4207, 0x4207, 0x41e7, 0x41e7, 0x4207, 0x4207, 0x4207, 0x4207, 0x4207, 0x4207, 
0x4207, 0x4207, 0x41e7, 0x39c6, 0x41e7, 0x4227, 0x4a27, 0x62c9, 0x5268, 0x41e7, 0x39e7, 0x39e7, 0x39e7, 0x39e7, 0x39c7, 0x39c6, 
0x39c6, 0x39c6, 0x39c6, 0x39c6, 0x39a6, 0x39c6, 0x39c6, 0x31a6, 0x31a6, 0x31a6, 0x31a6, 0x31a6, 0x31a6, 0x31a6, 0x31a6, 0x31a6, 
0x31a6, 0x31a6, 0x3185, 0x3185, 0x3185, 0x3185, 0x3185, 0x3185, 0x3185, 0x3185, 0x3185, 0x3185, 0x3185, 0x3185, 0x3185, 0x3185, 
0x4207, 0x4207, 0x4207, 0x4207, 0x4207, 0x4207, 0x4207, 0x4207, 0x4207, 0x4207, 0x4207, 0x4207, 0x4207, 0x4207, 0x4207, 0x4207, 
0x41e7, 0x5248, 0x5288, 0x5aa9, 0x5aa9, 0x5aa9, 0x5268, 0x4a48, 0x4a48, 0x4a48, 0x4a27, 0x4a48, 0x4228, 0x41e7, 0x41e6, 0x41e6, 
0x41c6, 0x39e6, 0x39a6, 0x39c6, 0x41c6, 0x41e6, 0x41e6, 0x3184, 0x3184, 0x3184, 0x3144, 0x3144, 0x3144, 0x3144, 0x3143, 0x3143, 
0x3163, 0x3164, 0x3164, 0x3164, 0x3164, 0x3164, 0x3164, 0x3164, 0x3164, 0x3164, 0x3164, 0x3164, 0x3164, 0x3164, 0x3163, 0x3143, 
0x3143, 0x3163, 0x3185, 0x3185, 0x3185, 0x3185, 0x3185, 0x3185, 0x41c6, 0x5aa9, 0x4a68, 0x4a48, 0x4a27, 0x41e6, 0x41c5, 0x41c5, 
0x41e6, 0x4a68, 0x52a9, 0x5289, 0x41e7, 0x41e6, 0x4206, 0x39c6, 0x3185, 0x3985, 0x39c5, 0x41c6, 0x3984, 0x3143, 0x3143, 0x3964, 
0x3984, 0x39a5, 0x3185, 0x39a5, 0x39c5, 0x3185, 0x39a5, 0x41e6, 0x4207, 0x5268, 0x62e9, 0x630a, 0x4a68, 0x4a48, 0x4a48, 0x62e9, 
0x6b6b, 0x736b, 0x6b4b, 0x736b, 0x734b, 0x6b2a, 0x6b0a, 0x62ea, 0x5aa9, 0x4a47, 0x4207, 0x39a5, 0x3985, 0x39a5, 0x39a5, 0x41c5, 
0x41e6, 0x41e6, 0x5268, 0x5268, 0x5aaa, 0x5248, 0x41e6, 0x41e7, 0x41e6, 0x41e6, 0x41e6, 0x41e6, 0x41e6, 0x39c6, 0x31a6, 0x31a6, 
0x31a6, 0x31a6, 0x31a6, 0x39c6, 0x39c6, 0x39e6, 0x41e7, 0x41e7, 0x4207, 0x4a28, 0x4a48, 0x5268, 0x5268, 0x5268, 0x5268, 0x5268, 
0x5268, 0x4a48, 0x5268, 0x4228, 0x4a28, 0x4a27, 0x41e6, 0x41e6, 0x41e6, 0x41c6, 0x41e6, 0x4207, 0x4207, 0x4207, 0x4a28, 0x4a48, 
0x4a27, 0x4227, 0x4207, 0x4207, 0x39e7, 0x4207, 0x4207, 0x4207, 0x4207, 0x4207, 0x4207, 0x41e7, 0x41e7, 0x4207, 0x4207, 0x4207, 
0x4207, 0x4207, 0x41e7, 0x39c6, 0x41e7, 0x4207, 0x4227, 0x5a89, 0x5aa8, 0x4207, 0x39e7, 0x39e7, 0x39e7, 0x39e7, 0x39c6, 0x39c6, 
0x39c6, 0x39c6, 0x39c6, 0x39a6, 0x3986, 0x39a6, 0x39c6, 0x39c6, 0x31a6, 0x31a6, 0x31a6, 0x31a6, 0x31a6, 0x31a6, 0x31a6, 0x31a6, 
0x31a6, 0x31a6, 0x31a6, 0x3185, 0x3185, 0x3185, 0x3185, 0x3185, 0x3185, 0x3185, 0x3185, 0x3185, 0x3185, 0x3185, 0x3185, 0x3185, 
0x4207, 0x4207, 0x4207, 0x4207, 0x4207, 0x4207, 0x4207, 0x4207, 0x4207, 0x4207, 0x4207, 0x4207, 0x4207, 0x4207, 0x4207, 0x4207, 
0x4207, 0x5248, 0x5268, 0x4a28, 0x4207, 0x4207, 0x4207, 0x4207, 0x4207, 0x4a28, 0x4228, 0x4a48, 0x4207, 0x39e7, 0x39e7, 0x41e7, 
0x4207, 0x39e7, 0x39c6, 0x41c6, 0x39a5, 0x41c6, 0x41e6, 0x41e6, 0x39c5, 0x39a5, 0x3144, 0x3144, 0x3144, 0x3144, 0x3143, 0x3143, 
0x3143, 0x3143, 0x3143, 0x3143, 0x3143, 0x3143, 0x3143, 0x3143, 0x3143, 0x3143, 0x3143, 0x3143, 0x3143, 0x3143, 0x3143, 0x3143, 
0x2943, 0x3143, 0x3185, 0x3185, 0x3185, 0x3185, 0x3185, 0x3985, 0x41a5, 0x4a27, 0x4a27, 0x4a28, 0x4a48, 0x4a28, 0x41c5, 0x41c5, 
0x39a4, 0x4a48, 0x5289, 0x5289, 0x4a48, 0x4207, 0x4206, 0x39c6, 0x39a5, 0x39c5, 0x41e6, 0x41e6, 0x39a5, 0x3963, 0x3143, 0x3984, 
0x39a5, 0x39c5, 0x39a5, 0x39c6, 0x39a5, 0x3984, 0x39a5, 0x39c6, 0x4206, 0x5288, 0x62ea, 0x5268, 0x4a27, 0x4a27, 0x5288, 0x630a, 
0x6b4b, 0x6b0a, 0x6b2a, 0x6b2a, 0x6b2a, 0x6b0a, 0x6b0a, 0x62e9, 0x5aa9, 0x4a48, 0x4a27, 0x39c6, 0x39a5, 0x39a5, 0x39c6, 0x39a5, 
0x39c6, 0x4a48, 0x5269, 0x5a89, 0x5aa9, 0x62ca, 0x41e7, 0x41e7, 0x41e6, 0x41e6, 0x41e6, 0x41c6, 0x39c6, 0x31a6, 0x31a6, 0x31a6, 
0x31a6, 0x31a6, 0x39a6, 0x39c6, 0x41e7, 0x4207, 0x4207, 0x41e7, 0x4207, 0x4a28, 0x5268, 0x4207, 0x4207, 0x4207, 0x4228, 0x4a28, 
0x4a48, 0x4a48, 0x5268, 0x4207, 0x4207, 0x4207, 0x39a6, 0x41e6, 0x41e6, 0x39e6, 0x41e6, 0x41e7, 0x39e7, 0x4207, 0x4a27, 0x4a48, 
0x4207, 0x4207, 0x4207, 0x4227, 0x4207, 0x41e7, 0x41e7, 0x4207, 0x41e7, 0x41e7, 0x4207, 0x4207, 0x41e7, 0x41e7, 0x4207, 0x41e7, 
0x41e7, 0x41e7, 0x4207, 0x39c6, 0x39c6, 0x39c6, 0x41e7, 0x4a48, 0x5288, 0x4207, 0x39e7, 0x39c6, 0x39a6, 0x39a6, 0x39a6, 0x39a6, 
0x39a6, 0x39a6, 0x39a6, 0x3986, 0x3986, 0x3986, 0x39a6, 0x39c6, 0x39c6, 0x31a6, 0x31a6, 0x39a6, 0x39c6, 0x39a6, 0x31a6, 0x31a6, 
0x31a6, 0x31a6, 0x31a6, 0x31a6, 0x3185, 0x3185, 0x3185, 0x3185, 0x3185, 0x3185, 0x3185, 0x3185, 0x3185, 0x3185, 0x3185, 0x3185, 
0x4207, 0x4207, 0x4207, 0x4207, 0x4207, 0x4207, 0x4207, 0x4207, 0x4207, 0x4207, 0x4207, 0x4207, 0x4207, 0x4207, 0x4207, 0x4207, 
0x4207, 0x4a27, 0x4a28, 0x4207, 0x4228, 0x4228, 0x4228, 0x4207, 0x4228, 0x4228, 0x4a28, 0x4228, 0x4207, 0x39e7, 0x41e7, 0x4207, 
0x4228, 0x4207, 0x39c6, 0x39c6, 0x39a6, 0x39a6, 0x39a5, 0x39a5, 0x39a5, 0x3985, 0x3144, 0x3164, 0x41c5, 0x3985, 0x3143, 0x3143, 
0x3163, 0x3184, 0x3184, 0x39a5, 0x3164, 0x3143, 0x3143, 0x3143, 0x3143, 0x3143, 0x3143, 0x3143, 0x2923, 0x2923, 0x2923, 0x2923, 
0x2923, 0x3143, 0x3185, 0x3185, 0x3185, 0x3185, 0x3185, 0x41c5, 0x4a27, 0x4a06, 0x4a28, 0x4a28, 0x4a48, 0x5289, 0x4a27, 0x41e6, 
0x4206, 0x41e6, 0x4a48, 0x5289, 0x5289, 0x4a27, 0x41e6, 0x41e6, 0x39c6, 0x39a5, 0x39c6, 0x4206, 0x4a48, 0x41c5, 0x39a4, 0x39c5, 
0x39c5, 0x39a5, 0x3985, 0x39a5, 0x39c6, 0x3185, 0x3184, 0x3184, 0x3984, 0x5247, 0x5288, 0x4a27, 0x4a27, 0x4a68, 0x630a, 0x630a, 
0x5ac9, 0x5268, 0x5aa8, 0x6b09, 0x6b09, 0x6b2a, 0x62e9, 0x5aa8, 0x5268, 0x4a27, 0x4207, 0x41c6, 0x3985, 0x39c5, 0x4207, 0x4207, 
0x4a68, 0x5289, 0x4a48, 0x5a89, 0x5269, 0x4a48, 0x41e7, 0x41e7, 0x41e6, 0x41e6, 0x41e6, 0x39c6, 0x31a6, 0x31a6, 0x31a6, 0x31a6, 
0x31a6, 0x39a6, 0x41e7, 0x4207, 0x4207, 0x41e7, 0x41e7, 0x41e7, 0x4207, 0x5268, 0x5268, 0x4a48, 0x4a48, 0x4a48, 0x4a48, 0x4a48, 
0x4a48, 0x5268, 0x4a68, 0x4207, 0x4207, 0x41e7, 0x41c6, 0x41e6, 0x41e6, 0x41e6, 0x39c6, 0x41e7, 0x4207, 0x4207, 0x4207, 0x4a27, 
0x4207, 0x4207, 0x41e7, 0x4207, 0x4228, 0x4207, 0x39e7, 0x41e7, 0x39e7, 0x39e7, 0x39e7, 0x4207, 0x4207, 0x41e7, 0x41e7, 0x41e7, 
0x41e7, 0x39e7, 0x41e7, 0x39e7, 0x3986, 0x3186, 0x3986, 0x4a27, 0x5288, 0x4207, 0x39c6, 0x3986, 0x3986, 0x3986, 0x3986, 0x3986, 
0x3986, 0x3986, 0x3986, 0x3986, 0x3986, 0x3986, 0x3986, 0x39a6, 0x39c6, 0x39c6, 0x39a6, 0x39a6, 0x39c6, 0x39c6, 0x39c6, 0x39c6, 
0x31a6, 0x31a6, 0x31a6, 0x31a6, 0x31a6, 0x3185, 0x3185, 0x3185, 0x3185, 0x3185, 0x3185, 0x3185, 0x3185, 0x3185, 0x3185, 0x3185, 
0x4207, 0x4207, 0x4207, 0x4207, 0x4207, 0x4207, 0x4207, 0x4207, 0x4207, 0x4207, 0x4207, 0x4207, 0x4207, 0x4207, 0x4207, 0x4207, 
0x4207, 0x4207, 0x4207, 0x4207, 0x4207, 0x4207, 0x4207, 0x4207, 0x4228, 0x4228, 0x4228, 0x4208, 0x4207, 0x41e7, 0x4207, 0x41e7, 
0x4207, 0x4207, 0x4207, 0x39e7, 0x41e7, 0x39e6, 0x41c6, 0x39a6, 0x3185, 0x3185, 0x3164, 0x3164, 0x41c5, 0x3985, 0x3164, 0x3985, 
0x4207, 0x4207, 0x4a07, 0x5289, 0x41e7, 0x3985, 0x3143, 0x3143, 0x3143, 0x3143, 0x3143, 0x3143, 0x2923, 0x2923, 0x2923, 0x2923, 
0x2923, 0x2943, 0x3165, 0x3185, 0x3185, 0x3185, 0x3185, 0x5a67, 0x734a, 0x5247, 0x4207, 0x5289, 0x4a48, 0x4a68, 0x5289, 0x4a28, 
0x5268, 0x5289, 0x4a69, 0x5269, 0x5289, 0x4227, 0x41e6, 0x41e6, 0x41e6, 0x3185, 0x39a5, 0x3185, 0x41e6, 0x4a48, 0x4a28, 0x4a48, 
0x39c6, 0x39a5, 0x39a5, 0x39c5, 0x39c6, 0x39a5, 0x3984, 0x3184, 0x3984, 0x4a06, 0x5a88, 0x5288, 0x4a48, 0x5288, 0x5aa9, 0x5aa9, 
0x5288, 0x5aa9, 0x5aa8, 0x62c9, 0x5aa9, 0x5aa9, 0x5288, 0x4a48, 0x4a47, 0x4a47, 0x41e6, 0x3184, 0x39a5, 0x41e6, 0x4a48, 0x5268, 
0x4a68, 0x4a48, 0x4a27, 0x4206, 0x4206, 0x41e6, 0x41e7, 0x41e7, 0x41e6, 0x41e6, 0x39c6, 0x39e7, 0x39e7, 0x31a6, 0x31a6, 0x31a6, 
0x31a6, 0x39a6, 0x39e7, 0x41e7, 0x41e7, 0x41e7, 0x4207, 0x4207, 0x4a28, 0x5268, 0x4a48, 0x4207, 0x4207, 0x4207, 0x4a28, 0x4a48, 
0x5268, 0x4a48, 0x4a48, 0x4a48, 0x4a27, 0x4207, 0x41e6, 0x41e6, 0x41e6, 0x41c6, 0x41c6, 0x41c6, 0x41e6, 0x4207, 0x4207, 0x4a27, 
0x4207, 0x41e7, 0x41e7, 0x4207, 0x4207, 0x4207, 0x41e7, 0x39e7, 0x41e7, 0x39e7, 0x39e7, 0x4207, 0x41e7, 0x41e7, 0x4207, 0x41e7, 
0x41e7, 0x41e7, 0x39e7, 0x41e7, 0x39a6, 0x3986, 0x3986, 0x39a6, 0x39c6, 0x39a6, 0x3986, 0x3986, 0x3986, 0x3986, 0x3986, 0x3986, 
0x3986, 0x3986, 0x3986, 0x3986, 0x3986, 0x3986, 0x3986, 0x3986, 0x39a6, 0x39c6, 0x39c6, 0x39a6, 0x39a6, 0x39c6, 0x39c6, 0x39c6, 
0x31a6, 0x31a6, 0x31a6, 0x31a6, 0x31a6, 0x31a6, 0x3185, 0x3185, 0x3185, 0x3185, 0x3185, 0x3185, 0x3185, 0x3185, 0x3185, 0x3185, 
0x39e7, 0x39e7, 0x39e7, 0x39e7, 0x39e7, 0x39e7, 0x39e7, 0x39e7, 0x39e7, 0x39e7, 0x39e7, 0x39e7, 0x39e7, 0x39e7, 0x39e7, 0x39e7, 
0x39e7, 0x39e7, 0x39e7, 0x39e7, 0x4207, 0x4207, 0x41e7, 0x39e7, 0x4207, 0x4a28, 0x4228, 0x4228, 0x4207, 0x4207, 0x39e7, 0x39e7, 
0x4207, 0x4207, 0x4207, 0x41e7, 0x41e7, 0x41e7, 0x39c6, 0x39c6, 0x39a6, 0x3185, 0x3185, 0x3984, 0x3164, 0x3144, 0x3144, 0x3985, 
0x41e6, 0x4207, 0x4a27, 0x5268, 0x5268, 0x4a27, 0x41a5, 0x3163, 0x3143, 0x3143, 0x3143, 0x3143, 0x2923, 0x2923, 0x2923, 0x2923, 
0x2923, 0x2923, 0x3164, 0x3185, 0x3185, 0x3185, 0x3985, 0x5247, 0x5268, 0x4a07, 0x41e7, 0x5aaa, 0x5aaa, 0x5aaa, 0x52aa, 0x52a9, 
0x5aea, 0x5aca, 0x4a68, 0x4a68, 0x4a69, 0x4a27, 0x39c6, 0x41e6, 0x41e6, 0x39c5, 0x3185, 0x3184, 0x3185, 0x3164, 0x3185, 0x39c6, 
0x3985, 0x3984, 0x3184, 0x39c5, 0x39c5, 0x3984, 0x3985, 0x39a5, 0x3984, 0x4a27, 0x4a27, 0x5247, 0x62e9, 0x5aa8, 0x5268, 0x62e9, 
0x5ac9, 0x62e9, 0x6b0a, 0x6b0a, 0x62e9, 0x5268, 0x5288, 0x5288, 0x4a28, 0x41e7, 0x39a5, 0x3184, 0x39c6, 0x41e6, 0x4a48, 0x4a48, 
0x4a68, 0x4a48, 0x4227, 0x41e6, 0x41e7, 0x41e7, 0x41e7, 0x41e7, 0x41e6, 0x41e6, 0x39e7, 0x39e7, 0x41e7, 0x39e7, 0x31a6, 0x31a6, 
0x31a6, 0x39a6, 0x4207, 0x4227, 0x4207, 0x41e7, 0x41e7, 0x4207, 0x4a48, 0x4a48, 0x5268, 0x4a48, 0x4a48, 0x4a48, 0x4228, 0x4207, 
0x4228, 0x4a48, 0x4a48, 0x5248, 0x5a88, 0x5a88, 0x4a27, 0x41e6, 0x41e6, 0x41e6, 0x41e6, 0x41e6, 0x41e6, 0x4207, 0x4a27, 0x4a27, 
0x4207, 0x41e7, 0x4207, 0x4207, 0x41e7, 0x4207, 0x41e7, 0x39e7, 0x41e7, 0x39e7, 0x39e7, 0x4207, 0x39e7, 0x39e7, 0x41e7, 0x41e7, 
0x39e6, 0x41e7, 0x41e7, 0x39e7, 0x39c6, 0x3986, 0x3986, 0x3186, 0x3186, 0x3986, 0x3986, 0x3986, 0x3986, 0x3986, 0x3986, 0x3986, 
0x3986, 0x3986, 0x3986, 0x3986, 0x3986, 0x3986, 0x3986, 0x3986, 0x39a6, 0x39c6, 0x39c6, 0x39a6, 0x39c6, 0x41e6, 0x39e6, 0x39c6, 
0x31a6, 0x31a6, 0x31a6, 0x31a6, 0x31a6, 0x31a6, 0x31a5, 0x3185, 0x3185, 0x3185, 0x3185, 0x3185, 0x3185, 0x3185, 0x3185, 0x3185, 
0x39e7, 0x39e7, 0x39e7, 0x39e7, 0x39e7, 0x39e7, 0x39e7, 0x39e7, 0x39e7, 0x39e7, 0x39e7, 0x39e7, 0x39e7, 0x39e7, 0x39e7, 0x39e7, 
0x39e7, 0x39e7, 0x39e7, 0x39e7, 0x4207, 0x4207, 0x41e7, 0x4207, 0x4a28, 0x4a28, 0x4228, 0x4208, 0x4207, 0x4207, 0x41e7, 0x39e7, 
0x4207, 0x4207, 0x39e7, 0x41e7, 0x41e7, 0x41e7, 0x41e6, 0x39a6, 0x39c6, 0x39c6, 0x39a5, 0x39a5, 0x3985, 0x3164, 0x3164, 0x3965, 
0x41c6, 0x4a27, 0x5248, 0x5247, 0x5247, 0x5a89, 0x5227, 0x41c6, 0x39a5, 0x41a5, 0x39a4, 0x3143, 0x2923, 0x2923, 0x2923, 0x2923, 
0x2923, 0x2923, 0x2923, 0x3165, 0x3185, 0x3185, 0x3985, 0x4a26, 0x4a27, 0x5248, 0x41e6, 0x5aaa, 0x632c, 0x5aaa, 0x5acb, 0x5aca, 
0x6b2c, 0x5aca, 0x4a48, 0x5268, 0x41e7, 0x39a5, 0x3184, 0x39c5, 0x39c5, 0x39c6, 0x3985, 0x39a5, 0x39a5, 0x3184, 0x39a5, 0x39c6, 
0x39a5, 0x39a5, 0x3164, 0x39a5, 0x39a5, 0x3184, 0x39c5, 0x39c5, 0x39c5, 0x41e6, 0x39a5, 0x39c5, 0x4a47, 0x62c9, 0x5a88, 0x62e9, 
0x62e9, 0x5268, 0x5a88, 0x6b0a, 0x62e9, 0x5288, 0x5268, 0x5268, 0x4a27, 0x39c6, 0x3164, 0x39c5, 0x4207, 0x4a27, 0x5268, 0x5288, 
0x5268, 0x4a48, 0x4206, 0x41e6, 0x41e7, 0x41e7, 0x41e7, 0x41e6, 0x41e6, 0x41e7, 0x39e7, 0x39e7, 0x39e7, 0x41e7, 0x39e7, 0x31a6, 
0x31a6, 0x39c6, 0x4207, 0x4207, 0x4a27, 0x4a27, 0x4a28, 0x4a28, 0x4a48, 0x4207, 0x4207, 0x4207, 0x4207, 0x4207, 0x4207, 0x4227, 
0x4a28, 0x4a48, 0x4228, 0x4a27, 0x4a48, 0x5247, 0x4207, 0x41e6, 0x41e6, 0x4207, 0x41e6, 0x4207, 0x4207, 0x4a07, 0x4a48, 0x4a48, 
0x4207, 0x4207, 0x41e7, 0x4207, 0x4207, 0x4a28, 0x4207, 0x39e7, 0x39e7, 0x39e7, 0x39e7, 0x41e7, 0x41e7, 0x39e7, 0x39e7, 0x41e7, 
0x39e7, 0x39c6, 0x41e7, 0x41e7, 0x39c6, 0x3986, 0x3986, 0x3986, 0x3986, 0x3986, 0x3986, 0x3986, 0x3986, 0x3986, 0x3986, 0x3986, 
0x3986, 0x3986, 0x3986, 0x3986, 0x3986, 0x3986, 0x3986, 0x3986, 0x39a6, 0x39c6, 0x39c6, 0x39a6, 0x39a6, 0x41e6, 0x4207, 0x39c6, 
0x31a6, 0x31a6, 0x31a6, 0x31a6, 0x31a6, 0x31a6, 0x31a5, 0x3185, 0x3185, 0x3185, 0x3185, 0x3185, 0x3185, 0x3185, 0x3185, 0x3185, 
0x39e7, 0x39e7, 0x39e7, 0x39e7, 0x39e7, 0x39e7, 0x39e7, 0x39e7, 0x39e7, 0x39e7, 0x39e7, 0x39e7, 0x39e7, 0x39e7, 0x39e7, 0x39e7, 
0x39e7, 0x39e7, 0x39e7, 0x39e7, 0x39e7, 0x4207, 0x4207, 0x4207, 0x4207, 0x4228, 0x4208, 0x4208, 0x4208, 0x4207, 0x4207, 0x4207, 
0x4207, 0x4207, 0x4207, 0x41e7, 0x41e7, 0x41e7, 0x41e6, 0x41c6, 0x41e6, 0x41e6, 0x39c6, 0x39c6, 0x3985, 0x3164, 0x3184, 0x39a5, 
0x41e6, 0x4a48, 0x5268, 0x5268, 0x4a27, 0x4207, 0x4207, 0x41e7, 0x4a07, 0x4a07, 0x4a06, 0x3985, 0x2923, 0x2923, 0x2923, 0x2923, 
0x2923, 0x2923, 0x2923, 0x3144, 0x3185, 0x3185, 0x3985, 0x4a06, 0x4a07, 0x5247, 0x4a07, 0x4a27, 0x62eb, 0x5aca, 0x5aca, 0x5aca, 
0x5aca, 0x630b, 0x5aca, 0x4a27, 0x39a5, 0x3985, 0x3164, 0x3984, 0x3185, 0x39a5, 0x39c6, 0x39c5, 0x39c5, 0x39a5, 0x41e6, 0x39c6, 
0x39a5, 0x39a5, 0x3984, 0x39a5, 0x39a5, 0x39a5, 0x39a5, 0x3984, 0x39c5, 0x39c6, 0x39a5, 0x41e6, 0x41c5, 0x5246, 0x5aa8, 0x5aa8, 
0x5aa8, 0x5aa8, 0x5288, 0x5288, 0x5aa9, 0x52a9, 0x4a68, 0x4a28, 0x41e6, 0x3984, 0x39a4, 0x4a27, 0x4a07, 0x5268, 0x5288, 0x5268, 
0x5268, 0x4a27, 0x41e6, 0x41e6, 0x41e6, 0x41c6, 0x3985, 0x39a5, 0x39e7, 0x39e7, 0x39e7, 0x39e7, 0x39e7, 0x39e7, 0x41e7, 0x39e7, 
0x31a6, 0x39e7, 0x4227, 0x4207, 0x4227, 0x4207, 0x4a48, 0x5268, 0x4a48, 0x4a48, 0x4a48, 0x4a48, 0x4a48, 0x4a28, 0x4207, 0x4a28, 
0x4a48, 0x4a48, 0x4207, 0x4207, 0x4207, 0x41e6, 0x39c6, 0x39c6, 0x41e6, 0x41e7, 0x41e6, 0x4207, 0x4207, 0x4a28, 0x4a48, 0x4a47, 
0x4207, 0x41e7, 0x4207, 0x4207, 0x4207, 0x39e7, 0x39e7, 0x41e7, 0x39e7, 0x39e7, 0x41e7, 0x4207, 0x41e7, 0x41e7, 0x41e7, 0x41e7, 
0x39e7, 0x39e7, 0x41e7, 0x39e7, 0x39c6, 0x39c6, 0x39a6, 0x39a6, 0x3986, 0x3986, 0x3986, 0x3986, 0x3986, 0x3986, 0x3986, 0x3986, 
0x3986, 0x3986, 0x3986, 0x3986, 0x3986, 0x3986, 0x3986, 0x3986, 0x39c6, 0x39c6, 0x39a6, 0x39a6, 0x39c6, 0x39c6, 0x39e6, 0x39c6, 
0x39c6, 0x31a6, 0x31a6, 0x31a6, 0x31a6, 0x31a6, 0x31a5, 0x3185, 0x3185, 0x3185, 0x3185, 0x3185, 0x3185, 0x3185, 0x3185, 0x3185, 
0x39e7, 0x39e7, 0x39e7, 0x39e7, 0x39e7, 0x39e7, 0x39e7, 0x39e7, 0x39e7, 0x39e7, 0x39e7, 0x39e7, 0x39e7, 0x39e7, 0x39e7, 0x39e7, 
0x39e7, 0x39e7, 0x39e7, 0x39e7, 0x39e7, 0x41e7, 0x4207, 0x4207, 0x4207, 0x4228, 0x4207, 0x4228, 0x4228, 0x4207, 0x41e7, 0x4207, 
0x4207, 0x4207, 0x4207, 0x41e7, 0x41e7, 0x41e7, 0x41e7, 0x41e6, 0x41e7, 0x39c6, 0x39c6, 0x39a6, 0x39a5, 0x39a5, 0x3185, 0x39a5, 
0x41e6, 0x4206, 0x4a06, 0x4a27, 0x4a07, 0x41e6, 0x4a27, 0x5289, 0x4a27, 0x5268, 0x4a27, 0x4207, 0x4a07, 0x3164, 0x3144, 0x3143, 
0x2923, 0x2923, 0x2923, 0x2923, 0x3165, 0x3185, 0x3185, 0x41e6, 0x41e7, 0x41e6, 0x41e6, 0x4a07, 0x5268, 0x62eb, 0x5289, 0x5aca, 
0x5aeb, 0x5aca, 0x5aca, 0x41e6, 0x39a5, 0x39a4, 0x3984, 0x3185, 0x39a5, 0x39c5, 0x39a5, 0x39c5, 0x39a5, 0x39c5, 0x39a5, 0x3185, 
0x3185, 0x39a5, 0x39c5, 0x41e6, 0x3984, 0x39a5, 0x3984, 0x3164, 0x3164, 0x39c5, 0x39a4, 0x39a5, 0x4206, 0x41e6, 0x4206, 0x5267, 
0x4a47, 0x5aa9, 0x62c9, 0x5268, 0x5268, 0x5288, 0x5289, 0x4227, 0x39a5, 0x3984, 0x4a06, 0x41e6, 0x4206, 0x4a47, 0x4a48, 0x4a27, 
0x4a27, 0x41e6, 0x39c6, 0x3985, 0x3165, 0x2924, 0x3144, 0x39c6, 0x39e7, 0x39e7, 0x39e7, 0x39e7, 0x39e7, 0x39e7, 0x39e7, 0x39e7, 
0x39e7, 0x4207, 0x4207, 0x4207, 0x4a28, 0x4a28, 0x5268, 0x4a48, 0x4207, 0x41e7, 0x4207, 0x4a28, 0x4a28, 0x4227, 0x4207, 0x4a28, 
0x4a48, 0x4a28, 0x4207, 0x4227, 0x4227, 0x41e6, 0x39c6, 0x41e6, 0x41e6, 0x39c6, 0x41e7, 0x41e7, 0x4227, 0x4a48, 0x4a48, 0x4a27, 
0x4207, 0x4207, 0x4207, 0x41e7, 0x41e7, 0x41e7, 0x39e7, 0x39e7, 0x39e7, 0x41e7, 0x39e7, 0x41e7, 0x41e7, 0x39e7, 0x41e7, 0x41e7, 
0x39e7, 0x39e7, 0x39e7, 0x39e6, 0x39c6, 0x39e7, 0x39e7, 0x39c6, 0x39c6, 0x3986, 0x3986, 0x3986, 0x3986, 0x3986, 0x3986, 0x3986, 
0x3986, 0x3986, 0x3986, 0x3986, 0x3986, 0x3986, 0x3986, 0x39a6, 0x39c6, 0x39c6, 0x39c6, 0x39c6, 0x41e6, 0x39c6, 0x39c6, 0x39c6, 
0x39c6, 0x39a6, 0x31a6, 0x31a6, 0x31a6, 0x31a6, 0x31a5, 0x3185, 0x3185, 0x3185, 0x3185, 0x3185, 0x3185, 0x3185, 0x3185, 0x3185, 
0x39e7, 0x39e7, 0x39e7, 0x39e7, 0x39e7, 0x39e7, 0x39e7, 0x39e7, 0x39e7, 0x39e7, 0x39e7, 0x39e7, 0x39e7, 0x39e7, 0x39e7, 0x39e7, 
0x39e7, 0x39e7, 0x39e7, 0x39e7, 0x39e7, 0x41e7, 0x4207, 0x4207, 0x4207, 0x4a28, 0x4228, 0x4228, 0x4208, 0x4228, 0x4208, 0x4207, 
0x4207, 0x4207, 0x4207, 0x4207, 0x39e7, 0x41e7, 0x41e7, 0x41e7, 0x41e6, 0x39a6, 0x39c6, 0x39a5, 0x39a6, 0x39a6, 0x39a5, 0x3985, 
0x39c5, 0x41e6, 0x41e6, 0x4207, 0x41e6, 0x41e6, 0x41e6, 0x4a48, 0x5268, 0x4a27, 0x41e6, 0x4207, 0x5288, 0x4a48, 0x4a48, 0x4a27, 
0x39e5, 0x3184, 0x2943, 0x2923, 0x3164, 0x3185, 0x3185, 0x41a5, 0x41e6, 0x41c6, 0x4a07, 0x5a89, 0x5aca, 0x630b, 0x632c, 0x630b, 
0x5aeb, 0x5aaa, 0x52a9, 0x41e6, 0x39a5, 0x3185, 0x3984, 0x39a5, 0x39a5, 0x39a5, 0x39c5, 0x39a5, 0x3985, 0x39a5, 0x39c5, 0x3185, 
0x39a5, 0x39c5, 0x39a5, 0x39c6, 0x39a5, 0x39c5, 0x41c6, 0x39c5, 0x3184, 0x39a5, 0x41c6, 0x39c5, 0x4207, 0x4a27, 0x4a27, 0x4a27, 
0x4a68, 0x4a28, 0x4a48, 0x5268, 0x4a48, 0x4a48, 0x4227, 0x41e6, 0x3984, 0x3984, 0x41e6, 0x39c6, 0x4a27, 0x4a48, 0x39a6, 0x3144, 
0x2944, 0x2944, 0x2924, 0x2924, 0x2924, 0x3165, 0x39c6, 0x39c6, 0x39e6, 0x39e7, 0x39e7, 0x39e7, 0x39e7, 0x39e7, 0x39e7, 0x4207, 
0x4207, 0x4228, 0x4207, 0x4a27, 0x4a48, 0x5268, 0x5268, 0x4a48, 0x4a28, 0x4227, 0x4a27, 0x4a28, 0x4a28, 0x4207, 0x4207, 0x4a28, 
0x4a48, 0x4a28, 0x4a48, 0x4a48, 0x41e6, 0x39c6, 0x39c6, 0x41e6, 0x41e6, 0x4207, 0x4207, 0x4207, 0x4227, 0x4a27, 0x4a68, 0x4a48, 
0x41e7, 0x41e7, 0x41e7, 0x41e7, 0x39e7, 0x41e7, 0x41e7, 0x39e7, 0x39e7, 0x39e7, 0x41e7, 0x41e7, 0x39e7, 0x41e7, 0x41e7, 0x39e7, 
0x39e7, 0x39e7, 0x39e7, 0x41e7, 0x39e6, 0x39e7, 0x39e7, 0x39e7, 0x41e6, 0x39c6, 0x39a6, 0x3986, 0x3986, 0x3986, 0x3986, 0x3986, 
0x3986, 0x3986, 0x3986, 0x3986, 0x3986, 0x3986, 0x3986, 0x39a6, 0x39c6, 0x39c6, 0x39c6, 0x39c6, 0x39c6, 0x39c6, 0x39c6, 0x39c6, 
0x39c6, 0x31a6, 0x31a6, 0x31a6, 0x31a6, 0x31a6, 0x31a5, 0x3185, 0x3185, 0x3185, 0x3185, 0x3185, 0x3185, 0x3185, 0x3185, 0x3185, 
0x39e7, 0x39e7, 0x39e7, 0x39e7, 0x39e7, 0x39e7, 0x39e7, 0x39e7, 0x39e7, 0x39e7, 0x39e7, 0x39e7, 0x39e7, 0x39e7, 0x39e7, 0x39e7, 
0x39e7, 0x39e7, 0x39e7, 0x39e7, 0x39e7, 0x39e7, 0x4207, 0x4207, 0x4207, 0x4228, 0x4228, 0x4228, 0x4207, 0x4207, 0x4207, 0x4207, 
0x4207, 0x41e7, 0x4207, 0x4207, 0x39e7, 0x41e7, 0x41e7, 0x41e7, 0x39c6, 0x39c6, 0x39a6, 0x39a5, 0x39a6, 0x39a6, 0x39c6, 0x39a5, 
0x39a5, 0x41e6, 0x41e6, 0x41e6, 0x41e6, 0x41e6, 0x41e6, 0x4207, 0x4227, 0x4207, 0x4a07, 0x4207, 0x4207, 0x4207, 0x4228, 0x5269, 
0x4a28, 0x4227, 0x39c5, 0x2943, 0x41e6, 0x5248, 0x4a27, 0x39a5, 0x39a5, 0x41a6, 0x41e6, 0x5ac9, 0x62c9, 0x630c, 0x6b6d, 0x52aa, 
0x5289, 0x5aca, 0x5aaa, 0x4a48, 0x4206, 0x39c6, 0x39c6, 0x39a5, 0x39a5, 0x39a5, 0x39c6, 0x39a5, 0x39a5, 0x39a5, 0x41e6, 0x41e6, 
0x41e6, 0x39a5, 0x39a5, 0x39a5, 0x39c5, 0x41e6, 0x39c5, 0x39c5, 0x41e6, 0x39a5, 0x39c5, 0x41e6, 0x41e6, 0x4207, 0x4a27, 0x4a27, 
0x4a47, 0x4227, 0x4207, 0x4a47, 0x4a27, 0x4207, 0x4207, 0x41c6, 0x39c5, 0x4206, 0x4207, 0x4a07, 0x4a27, 0x41e6, 0x2924, 0x2924, 
0x2924, 0x2924, 0x2924, 0x2924, 0x3185, 0x39c6, 0x39c6, 0x39c6, 0x39c6, 0x39e6, 0x39e7, 0x39e7, 0x39e7, 0x39e7, 0x41e7, 0x4a28, 
0x4a28, 0x4a28, 0x4a28, 0x4a48, 0x5268, 0x4a48, 0x41e7, 0x4207, 0x4207, 0x4207, 0x41e7, 0x41e7, 0x4207, 0x41e7, 0x4207, 0x4a28, 
0x4a28, 0x4207, 0x5268, 0x5aa9, 0x4a47, 0x4207, 0x41c6, 0x41e6, 0x41e6, 0x41e6, 0x41e6, 0x4a06, 0x4a27, 0x5247, 0x5268, 0x4a27, 
0x41e7, 0x41e7, 0x4207, 0x41e7, 0x39e7, 0x39e7, 0x39e7, 0x39e7, 0x39c7, 0x39e7, 0x41e7, 0x4207, 0x39e7, 0x39c6, 0x41e7, 0x39e7, 
0x39e7, 0x39e7, 0x41e7, 0x39c6, 0x39c6, 0x39e7, 0x39e6, 0x39c6, 0x39c6, 0x39c6, 0x39c6, 0x39a6, 0x3986, 0x3986, 0x3986, 0x3986, 
0x3986, 0x3986, 0x3986, 0x3986, 0x3986, 0x3986, 0x3986, 0x39a6, 0x39c6, 0x41e6, 0x39c6, 0x39a6, 0x39a6, 0x39c6, 0x39c6, 0x39c6, 
0x39c6, 0x31a6, 0x31a6, 0x31a6, 0x31a6, 0x31a6, 0x31a5, 0x3185, 0x3185, 0x3185, 0x3185, 0x3185, 0x3185, 0x3185, 0x3185, 0x3185, 
0x39e7, 0x39e7, 0x39e7, 0x39e7, 0x39e7, 0x39e7, 0x39e7, 0x39e7, 0x39e7, 0x39e7, 0x39e7, 0x39e7, 0x39e7, 0x39e7, 0x39e7, 0x39e7, 
0x39e7, 0x39e7, 0x39e7, 0x39e7, 0x39e7, 0x39e7, 0x39e7, 0x4207, 0x4228, 0x4228, 0x4a48, 0x4228, 0x4207, 0x4208, 0x4227, 0x4207, 
0x4207, 0x41e7, 0x4207, 0x4207, 0x4207, 0x41e7, 0x41e7, 0x41e7, 0x41e6, 0x41c6, 0x39c6, 0x39a6, 0x39a6, 0x39c6, 0x39c6, 0x41e6, 
0x41e6, 0x41e6, 0x41e6, 0x41e6, 0x41e6, 0x39e6, 0x41e6, 0x41e7, 0x4207, 0x4207, 0x4a28, 0x4a48, 0x5268, 0x4a68, 0x5aca, 0x6b2b, 
0x5268, 0x41e7, 0x4a28, 0x4a07, 0x41a5, 0x5268, 0x5288, 0x41e7, 0x39a6, 0x39a5, 0x41a5, 0x5a68, 0x6b2a, 0x632b, 0x6b2c, 0x5289, 
0x4a68, 0x5aeb, 0x5aaa, 0x5289, 0x4a48, 0x4207, 0x4207, 0x39c5, 0x39a5, 0x39a5, 0x39a5, 0x39a5, 0x39a5, 0x39a5, 0x39c6, 0x39c6, 
0x41e6, 0x39a5, 0x39a5, 0x39a5, 0x39a5, 0x41c6, 0x39a5, 0x3164, 0x39a5, 0x39a5, 0x39a5, 0x39c5, 0x41e6, 0x39c6, 0x39c6, 0x41e6, 
0x4206, 0x4207, 0x4207, 0x4207, 0x4a07, 0x39c6, 0x39c6, 0x39a5, 0x4206, 0x4a68, 0x4a68, 0x4a48, 0x4a27, 0x41c5, 0x2924, 0x2924, 
0x2924, 0x2924, 0x2944, 0x3985, 0x39c6, 0x39c6, 0x39c6, 0x39c6, 0x41e6, 0x39e6, 0x39e6, 0x41e7, 0x4207, 0x4207, 0x41e7, 0x4a28, 
0x5268, 0x4a48, 0x4a48, 0x4a28, 0x4a28, 0x4227, 0x4207, 0x4a28, 0x4227, 0x4207, 0x4207, 0x4207, 0x4207, 0x4207, 0x4a28, 0x4a28, 
0x4a28, 0x4207, 0x4a28, 0x5268, 0x4a47, 0x4a07, 0x41e6, 0x41e6, 0x41e6, 0x41e6, 0x41e6, 0x4206, 0x4a06, 0x5247, 0x5248, 0x4a27, 
0x4207, 0x39e7, 0x4207, 0x4207, 0x41e7, 0x41e7, 0x39e7, 0x39e7, 0x39e7, 0x41e7, 0x41e7, 0x4207, 0x41e7, 0x39e7, 0x39e7, 0x41e7, 
0x41e7, 0x41e7, 0x39e7, 0x39c6, 0x41e7, 0x39e6, 0x39e7, 0x39e7, 0x39c6, 0x39c6, 0x39e7, 0x39c6, 0x39a6, 0x3986, 0x39a6, 0x3986, 
0x3986, 0x3986, 0x3986, 0x3986, 0x3986, 0x3986, 0x3986, 0x3986, 0x39a6, 0x39c6, 0x39c6, 0x39c6, 0x39a6, 0x39c6, 0x39c6, 0x39c6, 
0x39c6, 0x31a6, 0x31a6, 0x31a6, 0x31a6, 0x31a6, 0x31a6, 0x31a5, 0x3185, 0x3185, 0x3185, 0x3185, 0x3185, 0x3185, 0x3185, 0x3185, 
0x39e7, 0x39e7, 0x39e7, 0x39e7, 0x39e7, 0x39e7, 0x39e7, 0x39e7, 0x39e7, 0x39e7, 0x39e7, 0x39e7, 0x39e7, 0x39e7, 0x39e7, 0x39e7, 
0x39e7, 0x39e7, 0x39e7, 0x39e7, 0x39e7, 0x39e7, 0x39e7, 0x4207, 0x4207, 0x4228, 0x4228, 0x4207, 0x4207, 0x4207, 0x4207, 0x41e7, 
0x41e7, 0x39e7, 0x39e7, 0x41e7, 0x41e7, 0x41e7, 0x41e7, 0x4207, 0x41e7, 0x39e6, 0x39c6, 0x39a5, 0x39a5, 0x39c6, 0x39a5, 0x41e6, 
0x41e6, 0x4207, 0x4207, 0x4206, 0x41e6, 0x41e6, 0x4207, 0x4207, 0x4207, 0x4207, 0x4227, 0x4a48, 0x4a48, 0x5289, 0x5aea, 0x5ac9, 
0x5a88, 0x5a88, 0x6b2c, 0x62eb, 0x5a89, 0x5248, 0x5248, 0x4a07, 0x4a08, 0x4207, 0x39a5, 0x49e6, 0x6b0a, 0x5268, 0x62eb, 0x5aeb, 
0x4a68, 0x5289, 0x5289, 0x5289, 0x5289, 0x4a27, 0x4207, 0x41e6, 0x39c6, 0x39c6, 0x39a5, 0x39a5, 0x39a5, 0x3985, 0x39a5, 0x39a5, 
0x39c6, 0x39c6, 0x39a5, 0x39c5, 0x39c5, 0x39c6, 0x4206, 0x39a5, 0x39a5, 0x3985, 0x39a5, 0x39c6, 0x39c6, 0x39a5, 0x3184, 0x39a5, 
0x41c6, 0x41e6, 0x41e6, 0x39c6, 0x41c6, 0x39a5, 0x39c5, 0x5268, 0x5aa9, 0x62ea, 0x5a89, 0x5a88, 0x41e6, 0x3164, 0x2924, 0x2924, 
0x2924, 0x3144, 0x39c6, 0x41e6, 0x39c6, 0x39c6, 0x39c6, 0x41e6, 0x41e7, 0x41e7, 0x41c6, 0x41e7, 0x4a27, 0x4227, 0x4207, 0x4a27, 
0x5288, 0x4a48, 0x4a48, 0x4a48, 0x4a48, 0x4a68, 0x4a48, 0x4a48, 0x4a48, 0x4a48, 0x4a48, 0x4a48, 0x4a28, 0x4a28, 0x4228, 0x4227, 
0x4207, 0x41e7, 0x4207, 0x4a28, 0x41e6, 0x39c6, 0x41e6, 0x41e6, 0x41e6, 0x4207, 0x4207, 0x4207, 0x4227, 0x4a47, 0x5248, 0x4a27, 
0x4207, 0x41e7, 0x4207, 0x4207, 0x41e7, 0x41e7, 0x39c6, 0x39e7, 0x39e7, 0x41e7, 0x41e7, 0x4207, 0x4207, 0x41e6, 0x39e7, 0x39c7, 
0x39e7, 0x41e7, 0x39e7, 0x39e7, 0x41e7, 0x39e7, 0x41e7, 0x39e7, 0x39c7, 0x39e7, 0x41e7, 0x41e7, 0x39e7, 0x39c6, 0x39c6, 0x39a6, 
0x39a6, 0x3986, 0x3986, 0x3986, 0x3986, 0x3986, 0x3986, 0x3986, 0x31a6, 0x39c6, 0x41e6, 0x4207, 0x39c6, 0x39c6, 0x39c6, 0x39c6, 
0x39a6, 0x31a6, 0x31a6, 0x31a6, 0x31a6, 0x31a6, 0x31a6, 0x31a6, 0x31a5, 0x3185, 0x3185, 0x3185, 0x3185, 0x3185, 0x3185, 0x3185, 
0x39e7, 0x39e7, 0x39e7, 0x39e7, 0x39e7, 0x39e7, 0x39e7, 0x39e7, 0x39e7, 0x39e7, 0x39e7, 0x39e7, 0x39e7, 0x39e7, 0x39e7, 0x39e7, 
0x39e7, 0x39e7, 0x39e7, 0x39e7, 0x39e7, 0x39e7, 0x39e7, 0x4207, 0x4207, 0x4228, 0x4228, 0x4228, 0x4207, 0x4207, 0x4207, 0x41e7, 
0x4207, 0x41e7, 0x39e7, 0x41e7, 0x41e7, 0x39e7, 0x39e7, 0x41e7, 0x41e7, 0x39c6, 0x39a6, 0x39a6, 0x39a5, 0x39c6, 0x39a5, 0x39c6, 
0x41e6, 0x4207, 0x4207, 0x4207, 0x4207, 0x4207, 0x4227, 0x4a27, 0x4207, 0x4207, 0x4207, 0x4207, 0x4207, 0x5288, 0x5288, 0x4a27, 
0x4a27, 0x4a06, 0x5288, 0x6b4c, 0x7bad, 0x6b2b, 0x4a27, 0x4207, 0x4a48, 0x4a68, 0x4227, 0x41e6, 0x5226, 0x4a27, 0x5268, 0x630b, 
0x5aa9, 0x4a68, 0x4a48, 0x5269, 0x52a9, 0x5268, 0x5268, 0x4a27, 0x41e6, 0x41e6, 0x39c6, 0x39a5, 0x39a5, 0x39a5, 0x3985, 0x39a5, 
0x39c6, 0x39c6, 0x39a5, 0x39a5, 0x39a5, 0x39a5, 0x4206, 0x41e6, 0x39c5, 0x39a5, 0x3985, 0x3185, 0x3184, 0x3164, 0x3184, 0x3184, 
0x3984, 0x39a5, 0x39c6, 0x39a6, 0x39a5, 0x3984, 0x41a4, 0x62e9, 0x6b2c, 0x6b2b, 0x62c9, 0x5268, 0x3984, 0x2924, 0x2924, 0x2924, 
0x3144, 0x39c6, 0x39c6, 0x39c6, 0x41e6, 0x39c6, 0x39c6, 0x39c6, 0x4207, 0x4207, 0x41e7, 0x41e7, 0x4a27, 0x4a48, 0x4228, 0x4a28, 
0x4a48, 0x5248, 0x4a48, 0x5268, 0x5289, 0x5268, 0x5268, 0x5268, 0x5268, 0x4a48, 0x4a48, 0x4a48, 0x4a48, 0x4228, 0x4228, 0x4207, 
0x41e7, 0x41e7, 0x4207, 0x4207, 0x39c6, 0x39a6, 0x41e6, 0x41e6, 0x4207, 0x4207, 0x4207, 0x4207, 0x4228, 0x4a48, 0x5248, 0x4227, 
0x41e7, 0x4207, 0x41e7, 0x41e7, 0x4207, 0x41e7, 0x41e7, 0x39e7, 0x41e7, 0x4207, 0x4207, 0x4207, 0x4207, 0x41e7, 0x41e7, 0x39e7, 
0x39c6, 0x41e7, 0x41e7, 0x4207, 0x41e7, 0x41e7, 0x41e7, 0x39e7, 0x41e7, 0x41e7, 0x41e7, 0x39e7, 0x39e7, 0x41e6, 0x41e6, 0x39c6, 
0x39c6, 0x39a6, 0x39a6, 0x39a6, 0x3986, 0x3986, 0x3986, 0x3986, 0x39a6, 0x39c6, 0x4a07, 0x4207, 0x39c6, 0x39c6, 0x39c6, 0x39c6, 
0x39c6, 0x31a6, 0x31a6, 0x31a6, 0x31a6, 0x31a6, 0x31a6, 0x31a6, 0x31a5, 0x3185, 0x3185, 0x3185, 0x3185, 0x3185, 0x3185, 0x3185, 
0x39e7, 0x39e7, 0x39e7, 0x39e7, 0x39e7, 0x39e7, 0x39e7, 0x39e7, 0x39e7, 0x39e7, 0x39e7, 0x39e7, 0x39e7, 0x39e7, 0x39e7, 0x39e7, 
0x39e7, 0x39e7, 0x39e7, 0x39e7, 0x39e7, 0x39e7, 0x39e7, 0x4207, 0x4207, 0x4207, 0x4228, 0x4a28, 0x4207, 0x41e7, 0x39e7, 0x41e7, 
0x4207, 0x41e7, 0x41e7, 0x41e7, 0x41e7, 0x39e7, 0x39e7, 0x41e6, 0x41e7, 0x39e7, 0x39c6, 0x39a6, 0x39a5, 0x39a5, 0x39c6, 0x41c6, 
0x4207, 0x4207, 0x4227, 0x4207, 0x4a27, 0x4207, 0x4207, 0x4207, 0x4207, 0x4207, 0x4207, 0x4207, 0x41e7, 0x41e7, 0x4207, 0x4207, 
0x4a48, 0x4a07, 0x5a88, 0x62a8, 0x5a67, 0x4a06, 0x4206, 0x4a07, 0x4a07, 0x4a68, 0x5268, 0x5289, 0x4a48, 0x4a06, 0x49e6, 0x5248, 
0x6b0a, 0x5ac9, 0x5aca, 0x5aaa, 0x5aaa, 0x5289, 0x4a48, 0x4a27, 0x4227, 0x41e6, 0x39c6, 0x39c5, 0x39a6, 0x39a5, 0x39a5, 0x39a5, 
0x3985, 0x39a5, 0x39c6, 0x39c5, 0x39c6, 0x39a6, 0x39c6, 0x41e6, 0x39c5, 0x3985, 0x3184, 0x3985, 0x3184, 0x3164, 0x39a5, 0x3984, 
0x3964, 0x3984, 0x39a5, 0x39a5, 0x39a5, 0x3985, 0x3144, 0x4a06, 0x62c9, 0x62ea, 0x62ca, 0x5a88, 0x3164, 0x2924, 0x2924, 0x2924, 
0x39a5, 0x39c6, 0x39c6, 0x39c6, 0x39c6, 0x41e6, 0x39c6, 0x39c6, 0x4a27, 0x4a27, 0x4227, 0x4207, 0x4a07, 0x5248, 0x4a68, 0x4a48, 
0x4a28, 0x5268, 0x5268, 0x4a68, 0x5268, 0x5268, 0x5268, 0x5289, 0x5268, 0x5268, 0x4a68, 0x4a48, 0x4a48, 0x4a28, 0x4227, 0x4207, 
0x4207, 0x4207, 0x4207, 0x41e6, 0x39c6, 0x39c6, 0x41e6, 0x4207, 0x4207, 0x4207, 0x4207, 0x4207, 0x4228, 0x5268, 0x5268, 0x4227, 
0x41e7, 0x41e7, 0x39e7, 0x4207, 0x4207, 0x4207, 0x41e7, 0x41e7, 0x41e7, 0x4207, 0x4207, 0x4207, 0x41e7, 0x41e7, 0x39e7, 0x39e7, 
0x39e7, 0x41e7, 0x41e7, 0x41e7, 0x4207, 0x41e7, 0x41e7, 0x41e7, 0x41e7, 0x39e7, 0x39e7, 0x39e6, 0x39e6, 0x39c6, 0x41e6, 0x39c6, 
0x41e6, 0x39c6, 0x39c6, 0x39c6, 0x39a6, 0x39a6, 0x3185, 0x39c6, 0x41e6, 0x41e6, 0x41e6, 0x41e6, 0x39c6, 0x39c6, 0x39c6, 0x39c6, 
0x39c6, 0x31a6, 0x31a6, 0x31a6, 0x31a6, 0x31a6, 0x31a6, 0x31a6, 0x31a6, 0x3185, 0x3185, 0x3185, 0x3185, 0x3185, 0x3185, 0x3185, 
0x39e7, 0x39e7, 0x39e7, 0x39e7, 0x39e7, 0x39e7, 0x39e7, 0x39e7, 0x39e7, 0x39e7, 0x39e7, 0x39e7, 0x39e7, 0x39e7, 0x39e7, 0x39e7, 
0x39e7, 0x39e7, 0x39e7, 0x39e7, 0x39e7, 0x39e7, 0x41e7, 0x4207, 0x4207, 0x4207, 0x4207, 0x4228, 0x4207, 0x4207, 0x4207, 0x41e7, 
0x41e7, 0x41e7, 0x4207, 0x41e7, 0x39e7, 0x39c7, 0x39c6, 0x41e6, 0x41e7, 0x41e6, 0x39c6, 0x39a6, 0x39a6, 0x39a5, 0x39c6, 0x41e6, 
0x41e6, 0x4207, 0x4207, 0x4227, 0x4227, 0x4207, 0x4207, 0x41e7, 0x41e7, 0x41e7, 0x4207, 0x4207, 0x41e7, 0x4207, 0x4207, 0x4227, 
0x4a47, 0x4a27, 0x4a27, 0x5a87, 0x5a46, 0x49e6, 0x4a26, 0x5268, 0x41e6, 0x4a48, 0x5289, 0x5289, 0x5289, 0x4a28, 0x4a06, 0x49e6, 
0x5268, 0x5268, 0x62ca, 0x6b2c, 0x62eb, 0x5a89, 0x5289, 0x4a68, 0x4a48, 0x4a28, 0x4207, 0x39c5, 0x39a5, 0x39c6, 0x39a5, 0x3985, 
0x3985, 0x39a5, 0x39a5, 0x39a5, 0x39a5, 0x39c6, 0x41e6, 0x41e6, 0x39c5, 0x39a5, 0x3164, 0x39a5, 0x3184, 0x3185, 0x39a5, 0x3984, 
0x3964, 0x3985, 0x3984, 0x3984, 0x39a5, 0x3984, 0x3144, 0x4a26, 0x6b2b, 0x630b, 0x62ea, 0x4a06, 0x3144, 0x2924, 0x2924, 0x2924, 
0x39a6, 0x39c6, 0x39c6, 0x39c6, 0x39c6, 0x41c6, 0x41e7, 0x41e6, 0x4a27, 0x5268, 0x4a28, 0x4a28, 0x4a28, 0x5268, 0x5289, 0x4a48, 
0x4a48, 0x4a48, 0x5268, 0x4a48, 0x4a48, 0x4a68, 0x4a48, 0x5269, 0x5269, 0x5268, 0x5289, 0x5268, 0x4a48, 0x4228, 0x4207, 0x4207, 
0x4a28, 0x5268, 0x5247, 0x4a27, 0x39c6, 0x41e6, 0x41e6, 0x4207, 0x4207, 0x4207, 0x4207, 0x4207, 0x4228, 0x5268, 0x4a48, 0x4207, 
0x41e7, 0x41e7, 0x41e7, 0x4207, 0x4207, 0x41e7, 0x41e7, 0x4207, 0x41e7, 0x4207, 0x4207, 0x4207, 0x41e7, 0x4207, 0x41e7, 0x39e7, 
0x41e7, 0x41e7, 0x4207, 0x4207, 0x4207, 0x4207, 0x39e7, 0x39c6, 0x39e7, 0x39e7, 0x39e7, 0x39e7, 0x39e6, 0x39c6, 0x41e7, 0x39c6, 
0x41e6, 0x39c6, 0x39c6, 0x39c6, 0x39c6, 0x39a6, 0x39a6, 0x39a6, 0x39a6, 0x39a6, 0x39c6, 0x39c6, 0x39c6, 0x39c6, 0x39a6, 0x39c6, 
0x39e6, 0x39a6, 0x31a6, 0x31a6, 0x31a6, 0x31a6, 0x31a6, 0x31a6, 0x31a6, 0x3185, 0x3185, 0x3185, 0x3185, 0x3185, 0x3185, 0x3185, 
0x39e7, 0x39e7, 0x39e7, 0x39e7, 0x39e7, 0x39e7, 0x39e7, 0x39e7, 0x39e7, 0x39e7, 0x39e7, 0x39e7, 0x39e7, 0x39e7, 0x39e7, 0x39e7, 
0x39e7, 0x39e7, 0x39e7, 0x39e7, 0x39e7, 0x39e7, 0x4207, 0x41e7, 0x4207, 0x4207, 0x4227, 0x4228, 0x4207, 0x4207, 0x4207, 0x41e7, 
0x41e7, 0x41e7, 0x41e7, 0x41e7, 0x39e7, 0x39e7, 0x39c6, 0x41e7, 0x41e6, 0x39e6, 0x41e6, 0x39a6, 0x39c6, 0x39c6, 0x39a6, 0x41e6, 
0x4207, 0x4207, 0x4228, 0x4207, 0x4207, 0x4207, 0x4207, 0x41e7, 0x41e7, 0x41e7, 0x4207, 0x41e7, 0x4207, 0x4207, 0x4207, 0x4207, 
0x4a06, 0x41e6, 0x5247, 0x5267, 0x5a67, 0x5a46, 0x5226, 0x4a27, 0x41c6, 0x41e7, 0x4207, 0x4207, 0x4207, 0x4a27, 0x4a47, 0x5289, 
0x5247, 0x41c5, 0x4a27, 0x62ea, 0x62ea, 0x62ca, 0x62eb, 0x6b2c, 0x630b, 0x5aa9, 0x5289, 0x4a68, 0x4207, 0x4206, 0x41c6, 0x3985, 
0x3185, 0x39a5, 0x39a5, 0x39a5, 0x39a5, 0x41e6, 0x4206, 0x41c6, 0x39a5, 0x39c6, 0x39a5, 0x39a5, 0x41e6, 0x4a27, 0x39c6, 0x3184, 
0x3163, 0x3164, 0x39a4, 0x3984, 0x3984, 0x3143, 0x3144, 0x3985, 0x5248, 0x5288, 0x5aa9, 0x41c5, 0x2924, 0x2924, 0x2924, 0x2924, 
0x39a6, 0x39c6, 0x39c6, 0x41e6, 0x41c6, 0x41e7, 0x4207, 0x41e7, 0x41e7, 0x5268, 0x5288, 0x4a68, 0x5268, 0x5289, 0x5289, 0x5268, 
0x4a48, 0x4a48, 0x4a48, 0x4a28, 0x4a48, 0x4a48, 0x5269, 0x5289, 0x5289, 0x5269, 0x5288, 0x4a48, 0x4a48, 0x4207, 0x4207, 0x4207, 
0x4207, 0x4a27, 0x4a27, 0x4a27, 0x41e6, 0x41e6, 0x4207, 0x4a27, 0x4206, 0x41e6, 0x4a27, 0x4a27, 0x4a48, 0x5268, 0x4a27, 0x4207, 
0x41e7, 0x4207, 0x4207, 0x41e7, 0x41e7, 0x39e7, 0x41e7, 0x41e7, 0x41e7, 0x4207, 0x4207, 0x4207, 0x41e7, 0x4207, 0x41e7, 0x41e7, 
0x41e7, 0x4207, 0x4207, 0x4207, 0x4207, 0x4207, 0x41e7, 0x39e7, 0x39e7, 0x39e7, 0x39e7, 0x39e7, 0x39e7, 0x39e6, 0x39c6, 0x39c6, 
0x39c6, 0x39c6, 0x39c6, 0x39c6, 0x39c6, 0x39c6, 0x39a6, 0x39a6, 0x39c6, 0x39c6, 0x39c6, 0x39c6, 0x39c6, 0x39c6, 0x39a6, 0x39c6, 
0x39c6, 0x39c6, 0x31a6, 0x31a6, 0x31a6, 0x31a6, 0x31a6, 0x31a6, 0x31a6, 0x3185, 0x3185, 0x3185, 0x3185, 0x3185, 0x3185, 0x3185, 
0x39e7, 0x39e7, 0x39e7, 0x39e7, 0x39e7, 0x39e7, 0x39e7, 0x39e7, 0x39e7, 0x39e7, 0x39e7, 0x39e7, 0x39e7, 0x39e7, 0x39e7, 0x39e7, 
0x39e7, 0x39e7, 0x39e7, 0x39e7, 0x39e7, 0x39e7, 0x4207, 0x41e7, 0x4207, 0x4207, 0x4227, 0x4228, 0x4207, 0x4207, 0x4207, 0x41e7, 
0x41e7, 0x4207, 0x41e7, 0x41e7, 0x41e7, 0x41e7, 0x39e6, 0x39c6, 0x39c6, 0x39e6, 0x39c6, 0x39c6, 0x39a6, 0x39c6, 0x39a6, 0x39c6, 
0x4207, 0x4228, 0x4a28, 0x4228, 0x4207, 0x41e7, 0x41e7, 0x41e7, 0x41e7, 0x41e7, 0x4207, 0x4207, 0x4207, 0x4227, 0x4207, 0x4207, 
0x39c6, 0x4206, 0x5267, 0x5247, 0x41e6, 0x5246, 0x5227, 0x4a47, 0x4a27, 0x41e7, 0x41e6, 0x41e6, 0x41c6, 0x41c6, 0x4207, 0x52aa, 
0x4a07, 0x4a07, 0x41e6, 0x4a27, 0x4a47, 0x4a27, 0x5268, 0x62eb, 0x62ea, 0x630a, 0x62c9, 0x5aca, 0x4a47, 0x4a26, 0x41e6, 0x41c6, 
0x39a5, 0x39a5, 0x39c5, 0x39c6, 0x41e6, 0x4207, 0x4207, 0x41e6, 0x39c6, 0x4207, 0x4207, 0x4227, 0x4a48, 0x4a48, 0x41e6, 0x3184, 
0x3163, 0x3184, 0x39a5, 0x39a5, 0x3964, 0x3143, 0x3964, 0x41c6, 0x4a48, 0x5268, 0x4a28, 0x39a5, 0x2924, 0x2924, 0x2924, 0x2924, 
0x39a6, 0x39c6, 0x41c6, 0x5248, 0x4a48, 0x4a48, 0x4207, 0x4207, 0x4207, 0x5268, 0x5aa9, 0x5aa9, 0x5aa9, 0x5289, 0x5289, 0x5289, 
0x5268, 0x4a48, 0x4a48, 0x5268, 0x5288, 0x5268, 0x5269, 0x5289, 0x5289, 0x4a68, 0x5268, 0x5268, 0x4a28, 0x4207, 0x4207, 0x4207, 
0x4207, 0x4227, 0x41e6, 0x41e6, 0x39c6, 0x41e6, 0x41e7, 0x4207, 0x4a27, 0x41e6, 0x4a27, 0x5247, 0x5267, 0x5268, 0x4207, 0x4207, 
0x4207, 0x4207, 0x4207, 0x41e7, 0x39e7, 0x41e7, 0x41e7, 0x39e7, 0x41e7, 0x4207, 0x4207, 0x4207, 0x4207, 0x4207, 0x39e7, 0x39e7, 
0x41e7, 0x41e7, 0x4228, 0x4228, 0x4207, 0x4207, 0x39e7, 0x41e7, 0x41e7, 0x39e7, 0x39e7, 0x39e7, 0x39e7, 0x39e7, 0x39c6, 0x39c6, 
0x39c6, 0x39c6, 0x39c6, 0x39a6, 0x39a6, 0x39a6, 0x39a6, 0x39a6, 0x39c6, 0x41e6, 0x39a6, 0x39a6, 0x39c6, 0x39c6, 0x39c6, 0x39c6, 
0x39c6, 0x39e6, 0x41e7, 0x39c6, 0x31a6, 0x31a6, 0x31a6, 0x31a6, 0x31a6, 0x3185, 0x3185, 0x3185, 0x3185, 0x3185, 0x3185, 0x3185, 
0x39e7, 0x39e7, 0x39e7, 0x39e7, 0x39e7, 0x39e7, 0x39e7, 0x39e7, 0x39e7, 0x39e7, 0x39e7, 0x39e7, 0x39e7, 0x39e7, 0x39e7, 0x39e7, 
0x39e7, 0x39e7, 0x39e7, 0x39e7, 0x39e7, 0x39e7, 0x41e7, 0x4207, 0x4207, 0x4207, 0x4228, 0x4228, 0x4207, 0x4207, 0x41e7, 0x41e7, 
0x41e7, 0x41e7, 0x4207, 0x41e7, 0x4207, 0x39c7, 0x39e6, 0x39e6, 0x39e6, 0x39c6, 0x39c6, 0x39a6, 0x39a6, 0x39c6, 0x39a6, 0x39c6, 
0x4207, 0x4207, 0x4a28, 0x4207, 0x41e7, 0x41e7, 0x41e7, 0x41e7, 0x41e7, 0x4207, 0x4207, 0x4207, 0x4207, 0x4227, 0x4207, 0x4227, 
0x4207, 0x4207, 0x4a06, 0x4a06, 0x41c6, 0x4a07, 0x4a27, 0x4a48, 0x4a48, 0x4207, 0x41e6, 0x41e6, 0x41e6, 0x41e7, 0x41c6, 0x4a47, 
0x5289, 0x5248, 0x5248, 0x62a8, 0x5a87, 0x49e6, 0x41a5, 0x41c6, 0x41c6, 0x5248, 0x62c8, 0x62e9, 0x5247, 0x4a07, 0x41e5, 0x41c5, 
0x39a5, 0x39c5, 0x39c5, 0x39c5, 0x41e6, 0x4a27, 0x4207, 0x4a27, 0x4a68, 0x4a68, 0x5288, 0x5288, 0x5289, 0x5268, 0x41e6, 0x39c5, 
0x41c5, 0x41e6, 0x41e5, 0x41a5, 0x3985, 0x3964, 0x3144, 0x41c6, 0x5268, 0x5268, 0x5268, 0x41c6, 0x2924, 0x2924, 0x2924, 0x2944, 
0x39c6, 0x39c6, 0x41e6, 0x4a48, 0x5268, 0x5288, 0x5248, 0x4a48, 0x5248, 0x5268, 0x5269, 0x5289, 0x5289, 0x5289, 0x4a68, 0x5269, 
0x5289, 0x5289, 0x5268, 0x5268, 0x5268, 0x4a68, 0x5268, 0x4a68, 0x4a48, 0x4a48, 0x4a48, 0x5268, 0x4a48, 0x4a28, 0x4227, 0x41e7, 
0x41e7, 0x4207, 0x41e6, 0x41e6, 0x4206, 0x4a27, 0x4207, 0x4207, 0x4a27, 0x4207, 0x4a27, 0x4a27, 0x5247, 0x4a47, 0x4207, 0x4207, 
0x4207, 0x4207, 0x4207, 0x41e7, 0x39e7, 0x41e7, 0x4207, 0x39e7, 0x39e7, 0x41e7, 0x4207, 0x4207, 0x4207, 0x4207, 0x41e7, 0x41e7, 
0x41e7, 0x41e7, 0x41e7, 0x4207, 0x4207, 0x4228, 0x4a28, 0x4207, 0x39e7, 0x4207, 0x39e7, 0x39e7, 0x41e7, 0x41e7, 0x41e7, 0x4207, 
0x39a6, 0x39a6, 0x39c6, 0x39a6, 0x39a6, 0x39a6, 0x39a6, 0x39c6, 0x39a6, 0x39c6, 0x39a6, 0x39a6, 0x39a6, 0x39c6, 0x39c6, 0x39c6, 
0x39c6, 0x39c6, 0x41e7, 0x41e6, 0x31a6, 0x31a6, 0x31a6, 0x31a6, 0x31a6, 0x31a5, 0x3185, 0x3185, 0x3185, 0x3185, 0x3185, 0x3185, 
0x39c6, 0x39c6, 0x39c6, 0x39c6, 0x39c6, 0x39c6, 0x39c6, 0x39c6, 0x39c6, 0x39c6, 0x39c6, 0x39c6, 0x39c6, 0x39c6, 0x39c6, 0x39c6, 
0x39c6, 0x39e7, 0x39e7, 0x39e7, 0x39e7, 0x39e7, 0x39e7, 0x4207, 0x4207, 0x4207, 0x4207, 0x4227, 0x4207, 0x4207, 0x4207, 0x4207, 
0x41e7, 0x41e7, 0x41e7, 0x39e7, 0x41e7, 0x39e7, 0x39e6, 0x39c6, 0x39e6, 0x39e7, 0x41e6, 0x39a6, 0x39c6, 0x39c6, 0x39c6, 0x39c6, 
0x41e7, 0x41e7, 0x41e7, 0x39e6, 0x41e7, 0x41e7, 0x39e6, 0x41e7, 0x4207, 0x41e7, 0x4207, 0x41e7, 0x4207, 0x4207, 0x4207, 0x4227, 
0x4207, 0x4207, 0x4207, 0x41e6, 0x41e6, 0x41e6, 0x41e6, 0x4a47, 0x4a27, 0x4207, 0x41e6, 0x41e6, 0x41e6, 0x41e6, 0x41e6, 0x41e6, 
0x4a07, 0x4a27, 0x41e6, 0x5a88, 0x62e9, 0x5aa8, 0x4a06, 0x41a5, 0x41a5, 0x41a5, 0x4a06, 0x5247, 0x5268, 0x5248, 0x5248, 0x4206, 
0x41c5, 0x39a5, 0x3184, 0x3985, 0x39c6, 0x4207, 0x4a27, 0x4a48, 0x5aa9, 0x5aa9, 0x62ea, 0x62ea, 0x5289, 0x4a48, 0x41e6, 0x41e6, 
0x4206, 0x4a06, 0x4a05, 0x49e4, 0x41c5, 0x3985, 0x3964, 0x4206, 0x5aa9, 0x4a27, 0x5248, 0x39a5, 0x2924, 0x2924, 0x2923, 0x39a5, 
0x39c6, 0x39c6, 0x41e6, 0x4a27, 0x5288, 0x5aa9, 0x5a89, 0x5288, 0x5288, 0x5288, 0x5248, 0x5268, 0x5268, 0x5289, 0x5268, 0x5268, 
0x5268, 0x5289, 0x5289, 0x4a68, 0x4a48, 0x4a48, 0x4a48, 0x4a48, 0x4a48, 0x4a28, 0x4227, 0x4a28, 0x4207, 0x4207, 0x4207, 0x4207, 
0x41e7, 0x4207, 0x41e6, 0x41e6, 0x4a27, 0x4a27, 0x4a27, 0x4227, 0x4207, 0x4207, 0x4227, 0x4a28, 0x5268, 0x5248, 0x4a48, 0x4227, 
0x4227, 0x4207, 0x4227, 0x4207, 0x39e7, 0x41e7, 0x4207, 0x4207, 0x4207, 0x4207, 0x4207, 0x4207, 0x4207, 0x4207, 0x41e7, 0x39e7, 
0x41e7, 0x4207, 0x4207, 0x4207, 0x4228, 0x4228, 0x4a48, 0x4a28, 0x4208, 0x4207, 0x41e7, 0x39e7, 0x41e7, 0x4207, 0x4207, 0x41e7, 
0x39a6, 0x39a6, 0x39c6, 0x39c6, 0x39a6, 0x39a6, 0x39c6, 0x39a6, 0x39a6, 0x39c6, 0x39a6, 0x39a6, 0x39a6, 0x39c6, 0x39c6, 0x39c6, 
0x39c6, 0x39e6, 0x41e7, 0x4207, 0x39a6, 0x31a6, 0x31a6, 0x31a6, 0x31a6, 0x31a6, 0x3185, 0x3185, 0x3185, 0x3185, 0x3185, 0x3185, 
0x39c6, 0x39c6, 0x39c6, 0x39c6, 0x39c6, 0x39c6, 0x39c6, 0x39c6, 0x39c6, 0x39c6, 0x39c6, 0x39c6, 0x39c6, 0x39c6, 0x39c6, 0x39c6, 
0x39c6, 0x39c6, 0x39c6, 0x39c6, 0x39c7, 0x39e7, 0x39e7, 0x41e7, 0x4207, 0x4207, 0x4207, 0x4207, 0x4207, 0x4207, 0x4207, 0x4207, 
0x4207, 0x41e7, 0x4207, 0x41e7, 0x41e7, 0x39e7, 0x39c6, 0x39c6, 0x41e7, 0x41e7, 0x41e6, 0x39c6, 0x39c6, 0x39c6, 0x39e6, 0x41e7, 
0x41e7, 0x4207, 0x4207, 0x39e6, 0x41e7, 0x4207, 0x41e6, 0x41e7, 0x4207, 0x41e7, 0x4207, 0x4207, 0x4227, 0x4207, 0x4207, 0x4207, 
0x4207, 0x4a28, 0x4228, 0x4207, 0x41e6, 0x41e6, 0x4207, 0x4a27, 0x4a27, 0x4207, 0x41e7, 0x41e6, 0x41e6, 0x41e6, 0x4a06, 0x5247, 
0x41e6, 0x41c6, 0x41c6, 0x4a07, 0x5248, 0x5268, 0x5aa8, 0x4a06, 0x41a5, 0x41a5, 0x41a5, 0x41a5, 0x4a06, 0x62ca, 0x62eb, 0x4207, 
0x41c6, 0x3985, 0x3184, 0x3163, 0x3184, 0x41e6, 0x4a48, 0x5288, 0x630a, 0x6b4c, 0x632c, 0x5aca, 0x5289, 0x4a68, 0x4a48, 0x5288, 
0x62e9, 0x62e8, 0x6b08, 0x6ac7, 0x62a7, 0x5a88, 0x41a5, 0x4a27, 0x4a27, 0x41c6, 0x4a48, 0x39c6, 0x2924, 0x2923, 0x2923, 0x39a6, 
0x39c6, 0x39c6, 0x41c6, 0x4a28, 0x5a89, 0x5aa9, 0x5268, 0x5268, 0x5288, 0x5268, 0x4a48, 0x4a48, 0x5268, 0x5268, 0x4a68, 0x4a68, 
0x4a48, 0x4a48, 0x4a48, 0x5268, 0x4a28, 0x4228, 0x4207, 0x4a28, 0x4a28, 0x4228, 0x4207, 0x4207, 0x4207, 0x4227, 0x4207, 0x4207, 
0x4207, 0x4a27, 0x4207, 0x4206, 0x4207, 0x41e6, 0x4207, 0x4a27, 0x4a27, 0x4a27, 0x4a27, 0x4a28, 0x4a48, 0x4a47, 0x4a48, 0x4227, 
0x4227, 0x4a27, 0x4207, 0x4207, 0x4207, 0x39e7, 0x4207, 0x4207, 0x4207, 0x4207, 0x4207, 0x4207, 0x4207, 0x4207, 0x4207, 0x4207, 
0x41e7, 0x4207, 0x4207, 0x4228, 0x4228, 0x4228, 0x4228, 0x4228, 0x4228, 0x4207, 0x4207, 0x4207, 0x41e7, 0x4227, 0x4207, 0x39c6, 
0x39c6, 0x39c6, 0x39c6, 0x39c6, 0x39a6, 0x41c6, 0x39c6, 0x39a6, 0x39c6, 0x39c6, 0x39c6, 0x39c6, 0x39c6, 0x39c6, 0x39c6, 0x41e6, 
0x41e6, 0x39c6, 0x41e7, 0x41e7, 0x39a6, 0x31a6, 0x31a6, 0x31a6, 0x31a6, 0x31a6, 0x31a6, 0x3185, 0x3185, 0x3185, 0x3185, 0x3185, 
0x39c6, 0x39c6, 0x39c6, 0x39c6, 0x39c6, 0x39c6, 0x39c6, 0x39c6, 0x39c6, 0x39c6, 0x39c6, 0x39c6, 0x39c6, 0x39c6, 0x39c6, 0x39c6, 
0x39c6, 0x39c6, 0x39c6, 0x39c6, 0x39c6, 0x39c7, 0x39e7, 0x39e7, 0x4207, 0x4207, 0x4207, 0x4207, 0x4207, 0x4207, 0x41e7, 0x41e7, 
0x39e7, 0x41e7, 0x4207, 0x39e7, 0x39e7, 0x39e7, 0x39e7, 0x39c6, 0x39c6, 0x41e7, 0x41e6, 0x39c6, 0x39c6, 0x39c6, 0x39c6, 0x41e7, 
0x39c6, 0x39e6, 0x41e6, 0x39c6, 0x39e6, 0x41e6, 0x41e7, 0x41e7, 0x41e7, 0x4207, 0x4227, 0x4227, 0x4227, 0x4207, 0x4207, 0x4207, 
0x4207, 0x4207, 0x4207, 0x41e6, 0x41e6, 0x41e6, 0x4206, 0x4a47, 0x4a27, 0x4207, 0x4a27, 0x4207, 0x4207, 0x41e6, 0x41e6, 0x4a07, 
0x4207, 0x41e6, 0x41e6, 0x41e6, 0x41e6, 0x4a06, 0x5268, 0x5a88, 0x4a26, 0x49c5, 0x41a5, 0x41a5, 0x41a5, 0x5aca, 0x632c, 0x4a69, 
0x4207, 0x39a5, 0x3184, 0x3984, 0x3184, 0x3984, 0x4a27, 0x62e9, 0x630b, 0x5aeb, 0x5aca, 0x52aa, 0x5289, 0x52aa, 0x5aeb, 0x62ea, 
0x6b2a, 0x630a, 0x6b2a, 0x6b2a, 0x6b2b, 0x630a, 0x41e6, 0x4206, 0x41c6, 0x41c6, 0x41e6, 0x3164, 0x2923, 0x2923, 0x2943, 0x39c6, 
0x39c6, 0x39c6, 0x41e7, 0x4a48, 0x5aa9, 0x5289, 0x5268, 0x5268, 0x5268, 0x4a48, 0x4a48, 0x4a28, 0x4a28, 0x4a48, 0x4a48, 0x4a48, 
0x4a28, 0x4a27, 0x4207, 0x4207, 0x4207, 0x4207, 0x4227, 0x4a27, 0x4207, 0x4207, 0x4207, 0x4207, 0x4207, 0x4227, 0x4207, 0x4a27, 
0x4a27, 0x5247, 0x4a27, 0x4207, 0x4207, 0x4207, 0x4207, 0x4a27, 0x4a27, 0x4a27, 0x4a27, 0x4a48, 0x5248, 0x4a48, 0x4a48, 0x4228, 
0x4a48, 0x4a28, 0x4a28, 0x4227, 0x4207, 0x41e7, 0x4207, 0x41e7, 0x4207, 0x4207, 0x4207, 0x4207, 0x4207, 0x4207, 0x4207, 0x4207, 
0x4207, 0x4207, 0x4207, 0x4228, 0x4228, 0x4228, 0x4228, 0x4a28, 0x4207, 0x4207, 0x4207, 0x4207, 0x4207, 0x4227, 0x41e6, 0x39c6, 
0x41e6, 0x39e6, 0x39c6, 0x39c6, 0x41e6, 0x4a27, 0x41e6, 0x39a6, 0x39c6, 0x39c6, 0x39c6, 0x39a6, 0x39a6, 0x39c6, 0x41e6, 0x41e6, 
0x39c6, 0x41e7, 0x4207, 0x39e6, 0x31a6, 0x31a6, 0x31a6, 0x31a6, 0x31a6, 0x31a6, 0x31a6, 0x31a6, 0x3185, 0x3185, 0x3185, 0x3185, 
0x39c6, 0x39c6, 0x39c6, 0x39c6, 0x39c6, 0x39c6, 0x39c6, 0x39c6, 0x39c6, 0x39c6, 0x39c6, 0x39c6, 0x39c6, 0x39c6, 0x39c6, 0x39c6, 
0x39c6, 0x39c6, 0x39c6, 0x39c6, 0x39c6, 0x39c6, 0x39c6, 0x4207, 0x4a28, 0x4228, 0x4208, 0x4207, 0x4207, 0x4207, 0x4207, 0x39e7, 
0x39e7, 0x4207, 0x4207, 0x39e7, 0x39c6, 0x39e7, 0x39e6, 0x39e6, 0x39c6, 0x41e7, 0x39e6, 0x39c6, 0x39c6, 0x39c6, 0x41c6, 0x41e6, 
0x39c6, 0x39e6, 0x39c6, 0x39e6, 0x39e7, 0x39e6, 0x39e7, 0x39e6, 0x4207, 0x4227, 0x4207, 0x4a27, 0x4a27, 0x4207, 0x4207, 0x4207, 
0x4207, 0x4207, 0x39e6, 0x39c6, 0x41e6, 0x4a06, 0x4a47, 0x4a27, 0x4a27, 0x4207, 0x4227, 0x4207, 0x41e6, 0x41e6, 0x4206, 0x4207, 
0x4207, 0x4206, 0x41e6, 0x41c6, 0x41e6, 0x41e6, 0x4a06, 0x6b4b, 0x62c9, 0x5a46, 0x5246, 0x49e5, 0x41a5, 0x5aa9, 0x736c, 0x5aeb, 
0x4a48, 0x4207, 0x39a5, 0x39a5, 0x39a5, 0x3184, 0x4206, 0x62ea, 0x5aca, 0x5aaa, 0x5aeb, 0x5289, 0x5aca, 0x6b2c, 0x630b, 0x62eb, 
0x5aca, 0x5aea, 0x5aca, 0x6b2b, 0x6b6c, 0x62e9, 0x4a07, 0x4a27, 0x4a06, 0x5248, 0x3985, 0x3143, 0x2923, 0x2923, 0x2943, 0x39c6, 
0x39c6, 0x41c6, 0x4a27, 0x5288, 0x5268, 0x4a28, 0x4a48, 0x4a48, 0x4a27, 0x4a28, 0x4227, 0x4207, 0x4207, 0x4a28, 0x4207, 0x4a28, 
0x4a28, 0x4207, 0x4207, 0x4207, 0x4207, 0x4227, 0x4227, 0x4207, 0x4207, 0x4207, 0x4207, 0x4207, 0x4a28, 0x4a28, 0x4a28, 0x4a28, 
0x4a28, 0x5267, 0x5247, 0x4a27, 0x4a48, 0x5268, 0x5247, 0x5268, 0x5268, 0x5288, 0x5268, 0x5248, 0x5268, 0x5268, 0x4a48, 0x4a48, 
0x4a48, 0x4a28, 0x4207, 0x4207, 0x4207, 0x4207, 0x4207, 0x41e7, 0x4207, 0x4207, 0x4228, 0x4207, 0x4207, 0x4207, 0x4207, 0x4207, 
0x4207, 0x41e7, 0x4207, 0x4207, 0x4228, 0x4228, 0x4228, 0x4228, 0x4207, 0x4207, 0x4207, 0x4227, 0x4207, 0x4207, 0x39c6, 0x39a6, 
0x39c6, 0x41e7, 0x4207, 0x39c6, 0x4207, 0x4a47, 0x4227, 0x39e6, 0x39c6, 0x39c6, 0x39c6, 0x39c6, 0x39c6, 0x39c6, 0x41e7, 0x41e7, 
0x4207, 0x41e7, 0x4207, 0x4207, 0x31a6, 0x31a6, 0x31a6, 0x31a6, 0x31a6, 0x31a6, 0x31a6, 0x31a6, 0x3185, 0x3185, 0x3185, 0x3185, 
0x39c6, 0x39c6, 0x39c6, 0x39c6, 0x39c6, 0x39c6, 0x39c6, 0x39c6, 0x39c6, 0x39c6, 0x39c6, 0x39c6, 0x39c6, 0x39c6, 0x39c6, 0x39c6, 
0x39c6, 0x39c6, 0x39c6, 0x39c6, 0x39c6, 0x39c6, 0x39c6, 0x4207, 0x4207, 0x4228, 0x4228, 0x4228, 0x4207, 0x4227, 0x4207, 0x41e7, 
0x41e7, 0x41e7, 0x4207, 0x41e7, 0x39c7, 0x39e7, 0x39e6, 0x39c6, 0x39c6, 0x41e6, 0x39e7, 0x39c6, 0x39c6, 0x39c6, 0x39c6, 0x39c6, 
0x39c6, 0x39c6, 0x39e6, 0x39e6, 0x39e6, 0x39e6, 0x41e6, 0x41e7, 0x41e7, 0x4207, 0x4207, 0x4227, 0x4207, 0x4207, 0x4207, 0x4207, 
0x41e7, 0x4207, 0x41e7, 0x39e6, 0x4206, 0x4a27, 0x5247, 0x4a27, 0x4207, 0x4207, 0x4207, 0x4207, 0x4207, 0x41e7, 0x4206, 0x4207, 
0x4207, 0x4227, 0x4a27, 0x4a27, 0x4a07, 0x41e6, 0x41e6, 0x62e9, 0x6aea, 0x5a47, 0x62a8, 0x5aa8, 0x39c6, 0x5288, 0x6b4b, 0x5b0c, 
0x4a69, 0x4207, 0x39c6, 0x39c6, 0x39a5, 0x39c5, 0x39c6, 0x41e6, 0x4a28, 0x5289, 0x5aca, 0x52aa, 0x5aca, 0x630a, 0x630b, 0x62eb, 
0x5aaa, 0x5aca, 0x5aa9, 0x630a, 0x738c, 0x5aa9, 0x4a27, 0x5227, 0x5227, 0x5248, 0x41e7, 0x39c5, 0x2923, 0x2923, 0x2943, 0x39c6, 
0x39c6, 0x41e6, 0x4227, 0x4a27, 0x4207, 0x4a48, 0x4227, 0x4207, 0x4207, 0x4207, 0x4207, 0x4207, 0x4207, 0x4207, 0x4207, 0x4207, 
0x4207, 0x4228, 0x4227, 0x4207, 0x4207, 0x4207, 0x4227, 0x41e7, 0x41e7, 0x4207, 0x4207, 0x4227, 0x4a28, 0x4a48, 0x4a48, 0x4a48, 
0x4a48, 0x5268, 0x5268, 0x5268, 0x5268, 0x5268, 0x5268, 0x5268, 0x5268, 0x4a47, 0x5248, 0x4a47, 0x5248, 0x5268, 0x5268, 0x4a48, 
0x4228, 0x4227, 0x4207, 0x4207, 0x4207, 0x41e7, 0x4207, 0x4207, 0x4207, 0x4207, 0x4207, 0x4207, 0x4207, 0x4207, 0x4207, 0x4207, 
0x4207, 0x4207, 0x4207, 0x4207, 0x4207, 0x4207, 0x4228, 0x4207, 0x4207, 0x4207, 0x4207, 0x4227, 0x4208, 0x4207, 0x39c6, 0x39a6, 
0x39c6, 0x41e7, 0x4207, 0x4207, 0x4207, 0x4207, 0x4a27, 0x4a48, 0x41e7, 0x41e6, 0x39c6, 0x39c6, 0x39c6, 0x39c6, 0x4207, 0x4a27, 
0x4a48, 0x4a27, 0x4a48, 0x5268, 0x41e7, 0x31a5, 0x31a6, 0x31a6, 0x31a6, 0x31a6, 0x31a6, 0x31a6, 0x3185, 0x3185, 0x3185, 0x3185, 
0x39c7, 0x39c6, 0x39c6, 0x39c6, 0x39c6, 0x39c6, 0x39c6, 0x39c6, 0x39c6, 0x39c6, 0x39c6, 0x39c6, 0x39c6, 0x39c6, 0x39c6, 0x39c6, 
0x39c6, 0x39c6, 0x39c6, 0x39c6, 0x39c6, 0x39c6, 0x39c7, 0x41e7, 0x4207, 0x4207, 0x4228, 0x4228, 0x4a28, 0x4227, 0x4207, 0x4207, 
0x41e7, 0x41e7, 0x41e7, 0x41e7, 0x39e7, 0x39e7, 0x39e6, 0x39c6, 0x39e6, 0x39e6, 0x39c6, 0x39c6, 0x39c6, 0x39c6, 0x39c6, 0x39c6, 
0x39c6, 0x39c6, 0x39c6, 0x39e6, 0x41e6, 0x39e7, 0x41e7, 0x39e7, 0x41e7, 0x4a48, 0x4a48, 0x4227, 0x4207, 0x4227, 0x4207, 0x4207, 
0x39e7, 0x41e6, 0x39c6, 0x41e6, 0x4a07, 0x4a47, 0x5247, 0x4a47, 0x4a27, 0x4207, 0x4207, 0x4227, 0x4227, 0x4207, 0x4227, 0x4207, 
0x4a27, 0x4a27, 0x5268, 0x62c9, 0x5a88, 0x4a07, 0x5268, 0x5a88, 0x630a, 0x5268, 0x5227, 0x5268, 0x39c6, 0x41e6, 0x5aa9, 0x630c, 
0x4a69, 0x4227, 0x4207, 0x4207, 0x4a68, 0x4227, 0x41e6, 0x41e6, 0x41e6, 0x5268, 0x4a07, 0x4a27, 0x4a27, 0x5288, 0x62ea, 0x62ea, 
0x5aca, 0x5aaa, 0x52a9, 0x5aca, 0x62ca, 0x49e6, 0x5227, 0x5248, 0x5247, 0x5247, 0x41e7, 0x41e6, 0x2923, 0x2923, 0x3144, 0x39c6, 
0x39c6, 0x41e6, 0x4a48, 0x5268, 0x4207, 0x41e7, 0x41e6, 0x41e7, 0x4207, 0x4207, 0x4207, 0x4207, 0x41e7, 0x41e7, 0x4207, 0x4207, 
0x4a28, 0x4a28, 0x4207, 0x39e7, 0x41e7, 0x41e7, 0x4207, 0x4207, 0x4207, 0x4207, 0x4207, 0x4207, 0x4a28, 0x4a48, 0x4a48, 0x4a48, 
0x4a48, 0x5a89, 0x5268, 0x4a48, 0x4a48, 0x4a48, 0x4a27, 0x4227, 0x4227, 0x4a27, 0x4a27, 0x4a27, 0x4a48, 0x5268, 0x5288, 0x4a48, 
0x4a28, 0x4228, 0x4a28, 0x4227, 0x4207, 0x4207, 0x4207, 0x4207, 0x4207, 0x4207, 0x4207, 0x4207, 0x41e7, 0x4207, 0x4207, 0x4207, 
0x4207, 0x4207, 0x4207, 0x4207, 0x4207, 0x4207, 0x4207, 0x4207, 0x4207, 0x4207, 0x4207, 0x4207, 0x4207, 0x39c6, 0x41e6, 0x4207, 
0x4a27, 0x41e7, 0x39e7, 0x4207, 0x4a27, 0x5268, 0x5248, 0x4a48, 0x41e7, 0x41e7, 0x39e6, 0x39c6, 0x39c6, 0x39c6, 0x4207, 0x5268, 
0x4a47, 0x4207, 0x5268, 0x4a48, 0x4a27, 0x39c6, 0x3185, 0x31a6, 0x31a6, 0x31a6, 0x31a6, 0x31a6, 0x3185, 0x3185, 0x3185, 0x3185, 
0x5268, 0x39e7, 0x39c6, 0x39c6, 0x39c6, 0x39c6, 0x39c6, 0x39c6, 0x39c6, 0x39c6, 0x39c6, 0x39c6, 0x39c6, 0x39c6, 0x39c6, 0x39c6, 
0x39c6, 0x39c6, 0x39c6, 0x39c6, 0x39c6, 0x39c6, 0x39e7, 0x4207, 0x4207, 0x4228, 0x4a28, 0x4a28, 0x4a28, 0x4227, 0x4207, 0x4207, 
0x41e7, 0x4207, 0x41e7, 0x39e7, 0x39e7, 0x41e7, 0x39e6, 0x39c6, 0x39c6, 0x39e6, 0x39e6, 0x41e6, 0x39c6, 0x39c6, 0x39c6, 0x39c6, 
0x39a6, 0x39c6, 0x41e7, 0x39c6, 0x41e7, 0x4207, 0x41e7, 0x41e7, 0x4207, 0x4a48, 0x4a27, 0x4207, 0x4207, 0x4207, 0x4207, 0x41e7, 
0x41e7, 0x39c6, 0x39c6, 0x39c6, 0x41e6, 0x5247, 0x5268, 0x5268, 0x4227, 0x4207, 0x4227, 0x4a48, 0x4227, 0x4207, 0x4227, 0x4a07, 
0x4a07, 0x4a27, 0x4a48, 0x4a48, 0x4a48, 0x4a28, 0x5248, 0x4a27, 0x4a47, 0x4a27, 0x5268, 0x4a48, 0x4207, 0x4207, 0x4a27, 0x5aca, 
0x5289, 0x4a48, 0x4207, 0x4a27, 0x5268, 0x4207, 0x41e6, 0x41e6, 0x4a27, 0x630b, 0x5226, 0x49e5, 0x41a5, 0x41c5, 0x4a07, 0x5268, 
0x5aa9, 0x5269, 0x5289, 0x4a27, 0x4206, 0x4a07, 0x5268, 0x5a88, 0x62a8, 0x62c9, 0x4a28, 0x3144, 0x2923, 0x2923, 0x3164, 0x39c6, 
0x39c6, 0x41e6, 0x5aa9, 0x5289, 0x4a28, 0x4207, 0x41e7, 0x41e7, 0x4207, 0x4207, 0x41e7, 0x4207, 0x39e6, 0x39c6, 0x41e7, 0x4207, 
0x4a28, 0x4207, 0x41e7, 0x4207, 0x4207, 0x4207, 0x41e7, 0x4207, 0x4207, 0x4207, 0x4207, 0x4207, 0x4a28, 0x4a28, 0x4a28, 0x4a28, 
0x4a48, 0x5268, 0x4a68, 0x4a28, 0x4a48, 0x4a48, 0x4a27, 0x4a27, 0x4a27, 0x4a27, 0x4a27, 0x4a48, 0x5248, 0x5288, 0x5268, 0x4a48, 
0x4a28, 0x4a28, 0x5268, 0x4a48, 0x4207, 0x4227, 0x4207, 0x4207, 0x4207, 0x4207, 0x4207, 0x41e7, 0x4207, 0x4207, 0x4207, 0x4207, 
0x4207, 0x4207, 0x4207, 0x4207, 0x4207, 0x4207, 0x4228, 0x4207, 0x4207, 0x4207, 0x4207, 0x41e7, 0x39c6, 0x39c6, 0x4207, 0x4a48, 
0x4a48, 0x39e7, 0x4207, 0x4a27, 0x5268, 0x4a48, 0x4a27, 0x41e7, 0x39c6, 0x41e7, 0x39c6, 0x39c6, 0x39c6, 0x39c6, 0x41e6, 0x4a27, 
0x41e7, 0x41e6, 0x4a27, 0x4207, 0x4207, 0x4207, 0x39c6, 0x31a6, 0x31a6, 0x31a6, 0x31a6, 0x31a6, 0x3185, 0x3185, 0x3185, 0x3185, 
0x5288, 0x5268, 0x39e7, 0x39c6, 0x39c6, 0x39c6, 0x39c6, 0x39c6, 0x39c6, 0x39c6, 0x39c6, 0x39c6, 0x39c6, 0x39c6, 0x39c6, 0x39c6, 
0x39c6, 0x39c6, 0x39c6, 0x39c6, 0x39c6, 0x39c6, 0x39e7, 0x4228, 0x4a28, 0x4a27, 0x4228, 0x4a48, 0x4228, 0x4228, 0x4207, 0x4207, 
0x4207, 0x4207, 0x4207, 0x41e7, 0x39e7, 0x39c6, 0x39e6, 0x39c6, 0x39c6, 0x39e7, 0x39c6, 0x39c6, 0x39c6, 0x39c6, 0x39c6, 0x39c6, 
0x39c6, 0x39e6, 0x39c6, 0x41e7, 0x41e6, 0x41e7, 0x41e7, 0x41e6, 0x4a28, 0x4a27, 0x4207, 0x4207, 0x4207, 0x4207, 0x41e7, 0x4207, 
0x39e6, 0x39c6, 0x39c6, 0x39c6, 0x4206, 0x5247, 0x5268, 0x4a48, 0x4227, 0x4a27, 0x4a47, 0x4a48, 0x4227, 0x4227, 0x4207, 0x4207, 
0x4207, 0x4a28, 0x4a28, 0x4a48, 0x4a28, 0x4a48, 0x5aa9, 0x62a9, 0x4a27, 0x4a27, 0x5288, 0x5248, 0x5288, 0x5269, 0x41c6, 0x5ac9, 
0x5aca, 0x4a48, 0x4a48, 0x4a27, 0x4a48, 0x4227, 0x4207, 0x4207, 0x4227, 0x5aa9, 0x5247, 0x4a26, 0x49e6, 0x41c6, 0x41c5, 0x4207, 
0x4207, 0x4a48, 0x5268, 0x4a27, 0x4a27, 0x5248, 0x5a89, 0x62a9, 0x6ae9, 0x5aa9, 0x4a07, 0x3143, 0x2923, 0x2923, 0x3184, 0x39c6, 
0x39c6, 0x4207, 0x5268, 0x4a48, 0x4228, 0x4207, 0x4207, 0x4207, 0x4207, 0x41e7, 0x41e7, 0x41e7, 0x41e7, 0x39c6, 0x41e6, 0x4207, 
0x41e7, 0x41e7, 0x41e7, 0x4207, 0x4207, 0x4207, 0x41e7, 0x4207, 0x4207, 0x4a27, 0x4a27, 0x4a27, 0x4a28, 0x4a48, 0x5268, 0x4a48, 
0x5268, 0x4228, 0x4a28, 0x4a48, 0x4a48, 0x4a27, 0x5268, 0x4a48, 0x4a27, 0x4a28, 0x4a48, 0x4a48, 0x4a48, 0x5268, 0x5268, 0x5288, 
0x4a48, 0x4a28, 0x5268, 0x5268, 0x4a48, 0x4228, 0x4207, 0x4207, 0x4a48, 0x4207, 0x4207, 0x39e7, 0x4207, 0x4207, 0x4207, 0x4207, 
0x4207, 0x4228, 0x4208, 0x4228, 0x4207, 0x4207, 0x4207, 0x4207, 0x39e7, 0x39e7, 0x39e7, 0x39a6, 0x39a6, 0x39c6, 0x4a48, 0x4a48, 
0x41e7, 0x39e7, 0x4207, 0x4a27, 0x4207, 0x41e6, 0x4207, 0x4207, 0x39c6, 0x39c6, 0x39c6, 0x39c6, 0x39c6, 0x39c6, 0x39e6, 0x4a27, 
0x4207, 0x41e7, 0x41e7, 0x39e7, 0x39e7, 0x4207, 0x4207, 0x39a6, 0x3186, 0x31a6, 0x31a6, 0x31a6, 0x31a5, 0x3185, 0x3185, 0x3185, 
0x5268, 0x5288, 0x5268, 0x41e7, 0x39c6, 0x39c6, 0x39c6, 0x39c6, 0x39c6, 0x39c6, 0x39c6, 0x39c6, 0x39c6, 0x39c6, 0x39c6, 0x39c6, 
0x39c6, 0x39c6, 0x39c6, 0x39c6, 0x39c6, 0x39c6, 0x41e7, 0x4207, 0x4207, 0x4228, 0x4228, 0x4a28, 0x4228, 0x4207, 0x4207, 0x4227, 
0x4a27, 0x4227, 0x4207, 0x41e7, 0x39e7, 0x39c6, 0x39c6, 0x39c6, 0x39c6, 0x39c6, 0x39c6, 0x39c6, 0x39c6, 0x39c6, 0x39c6, 0x39c6, 
0x39c6, 0x39c6, 0x39e6, 0x41e6, 0x41e6, 0x41e7, 0x41e7, 0x4207, 0x4a48, 0x4207, 0x4207, 0x4207, 0x41e7, 0x4207, 0x41e7, 0x39e6, 
0x39c6, 0x39c6, 0x39c6, 0x39c6, 0x4a27, 0x5268, 0x5268, 0x4a27, 0x4a27, 0x4a27, 0x4a27, 0x4227, 0x4207, 0x4207, 0x4207, 0x4207, 
0x4227, 0x4a48, 0x4a48, 0x4a48, 0x4a28, 0x4a48, 0x5289, 0x5aa9, 0x5268, 0x4a27, 0x41e6, 0x5248, 0x4a48, 0x41c6, 0x39a6, 0x5ac9, 
0x6b4c, 0x4a48, 0x4a48, 0x5288, 0x5289, 0x4228, 0x4207, 0x4a48, 0x5268, 0x5aa9, 0x4a47, 0x5268, 0x4a27, 0x41e6, 0x41e6, 0x4a28, 
0x4a28, 0x5288, 0x5288, 0x5268, 0x5248, 0x5268, 0x5aa9, 0x630a, 0x5a88, 0x4a48, 0x4a27, 0x3164, 0x2923, 0x2923, 0x39a5, 0x39c6, 
0x39c6, 0x41e7, 0x4a28, 0x4a28, 0x4207, 0x4207, 0x4227, 0x4207, 0x41e7, 0x4207, 0x41e7, 0x41e7, 0x4207, 0x4207, 0x41e7, 0x41e6, 
0x4207, 0x4207, 0x4207, 0x4227, 0x4227, 0x4207, 0x4207, 0x4207, 0x4a27, 0x4227, 0x4207, 0x4227, 0x4227, 0x4a27, 0x4a48, 0x4a28, 
0x4a48, 0x4a48, 0x4a28, 0x4a28, 0x4a48, 0x4a48, 0x4a48, 0x4a27, 0x4a48, 0x5a88, 0x5288, 0x5268, 0x4a48, 0x4a48, 0x5268, 0x5a88, 
0x5288, 0x4a48, 0x4a48, 0x4a28, 0x4a28, 0x4227, 0x4228, 0x4227, 0x4227, 0x4207, 0x39e7, 0x41e7, 0x4207, 0x4207, 0x4a28, 0x4228, 
0x4207, 0x4207, 0x4207, 0x4207, 0x4207, 0x4207, 0x4207, 0x39e7, 0x39e7, 0x39c6, 0x39a6, 0x31a6, 0x39a6, 0x39c6, 0x4227, 0x41e7, 
0x41e7, 0x4207, 0x5268, 0x4a28, 0x39e7, 0x41e6, 0x4a27, 0x5268, 0x4227, 0x39c6, 0x41e6, 0x4207, 0x39c7, 0x39c6, 0x39c6, 0x41e7, 
0x41e6, 0x39c6, 0x41e7, 0x39e6, 0x41e6, 0x39e7, 0x41e7, 0x39c6, 0x31a6, 0x31a6, 0x31a6, 0x31a6, 0x31a5, 0x3185, 0x3185, 0x3185, 
0x5268, 0x5268, 0x5288, 0x5288, 0x41e7, 0x39c6, 0x39c6, 0x39c6, 0x39c6, 0x39c6, 0x39c6, 0x39c6, 0x39c6, 0x39c6, 0x39c6, 0x39c6, 
0x39c6, 0x39c6, 0x39c6, 0x39c6, 0x39c6, 0x39c6, 0x41e7, 0x4207, 0x4207, 0x4a28, 0x4228, 0x4a28, 0x4a28, 0x4228, 0x4207, 0x4207, 
0x4a27, 0x4207, 0x41e7, 0x39e7, 0x39c6, 0x39e7, 0x39c6, 0x39c6, 0x39c6, 0x39e7, 0x39c6, 0x39c6, 0x39c6, 0x39c6, 0x39c6, 0x39c6, 
0x39c6, 0x39e6, 0x41e7, 0x41e7, 0x41e6, 0x41e7, 0x4207, 0x4207, 0x4a27, 0x41e7, 0x41e7, 0x41e7, 0x41e7, 0x41e7, 0x39e6, 0x41e6, 
0x41e6, 0x39c6, 0x39a6, 0x39e6, 0x4a27, 0x5288, 0x5268, 0x4a27, 0x4a27, 0x4a27, 0x4a48, 0x4207, 0x4207, 0x4207, 0x4207, 0x4a27, 
0x4a48, 0x4a68, 0x5268, 0x5268, 0x4a48, 0x5268, 0x5288, 0x5288, 0x5289, 0x5289, 0x4207, 0x5247, 0x5288, 0x39a6, 0x39c6, 0x4a27, 
0x62ca, 0x52a9, 0x4227, 0x4a68, 0x5ac9, 0x4a68, 0x5268, 0x5a88, 0x5268, 0x5268, 0x4a48, 0x5248, 0x5268, 0x4a07, 0x4a07, 0x4a47, 
0x5268, 0x5268, 0x5247, 0x4a48, 0x4a48, 0x5248, 0x5aa9, 0x62ea, 0x4a27, 0x5268, 0x4a27, 0x3163, 0x2923, 0x2923, 0x39a6, 0x39c6, 
0x39c6, 0x41e6, 0x4207, 0x4207, 0x4207, 0x4207, 0x4207, 0x4207, 0x4a27, 0x4207, 0x41e6, 0x41e7, 0x4207, 0x4207, 0x4207, 0x41e7, 
0x4207, 0x4a28, 0x4a27, 0x4207, 0x4207, 0x4207, 0x4227, 0x4207, 0x4207, 0x4207, 0x4207, 0x4207, 0x4207, 0x4207, 0x4207, 0x4207, 
0x4a28, 0x5248, 0x4a48, 0x4a48, 0x4a48, 0x4a48, 0x4a27, 0x4a48, 0x4a48, 0x5a88, 0x5a88, 0x4a48, 0x4a48, 0x5288, 0x5268, 0x5288, 
0x4a68, 0x4a48, 0x4a48, 0x4a28, 0x4207, 0x4207, 0x4228, 0x4228, 0x4207, 0x4207, 0x41e7, 0x41e7, 0x4207, 0x4207, 0x4207, 0x4207, 
0x4207, 0x39e7, 0x4207, 0x4207, 0x4207, 0x4207, 0x39e7, 0x39e7, 0x39e7, 0x39a6, 0x3186, 0x39a6, 0x39c6, 0x39c6, 0x41e6, 0x39c6, 
0x4207, 0x4207, 0x4a28, 0x5268, 0x41e7, 0x41e7, 0x41e7, 0x4227, 0x4227, 0x39c6, 0x39a6, 0x39c6, 0x39c6, 0x39c6, 0x39c6, 0x41e7, 
0x39c6, 0x39c6, 0x39e6, 0x39e6, 0x39e7, 0x39c6, 0x39e7, 0x39a6, 0x31a6, 0x31a6, 0x31a6, 0x31a6, 0x31a5, 0x3185, 0x3185, 0x3185, 
0x41e7, 0x5268, 0x5268, 0x5288, 0x5288, 0x41e7, 0x39c6, 0x39c6, 0x39c6, 0x39c6, 0x39c6, 0x39c6, 0x39c6, 0x39c6, 0x39c6, 0x39c6, 
0x39c6, 0x39c6, 0x39c6, 0x39c6, 0x39c6, 0x39c6, 0x39e7, 0x41e7, 0x4207, 0x4a28, 0x4a48, 0x4a28, 0x4207, 0x4228, 0x4207, 0x4207, 
0x4228, 0x4207, 0x4207, 0x4207, 0x39e7, 0x39e7, 0x41e7, 0x39c7, 0x41e6, 0x39e6, 0x41e6, 0x39c6, 0x39c6, 0x39c6, 0x39c6, 0x39c6, 
0x39c6, 0x41e7, 0x41e7, 0x39e6, 0x41e7, 0x39e6, 0x4207, 0x4207, 0x4207, 0x4207, 0x41e7, 0x41e7, 0x4207, 0x41e7, 0x39c6, 0x4207, 
0x41e6, 0x39c6, 0x39a6, 0x41e6, 0x4a47, 0x5288, 0x5268, 0x4a28, 0x4a27, 0x4a48, 0x4a27, 0x4207, 0x4207, 0x4207, 0x4a27, 0x4a48, 
0x4a48, 0x4a48, 0x5268, 0x5aa9, 0x5268, 0x5268, 0x5aa8, 0x5289, 0x5aa9, 0x62ca, 0x5268, 0x5247, 0x5a68, 0x41e6, 0x39c6, 0x4a27, 
0x4a47, 0x5ac9, 0x5268, 0x4207, 0x5288, 0x5289, 0x5268, 0x5268, 0x5248, 0x5268, 0x4a48, 0x4a27, 0x5248, 0x4a27, 0x4a47, 0x5aa9, 
0x4a48, 0x5268, 0x5288, 0x5248, 0x4207, 0x5289, 0x62e9, 0x62c9, 0x5a88, 0x4a47, 0x41e6, 0x3163, 0x2923, 0x2923, 0x39a6, 0x39a6, 
0x39a6, 0x41e6, 0x4a28, 0x4227, 0x4a28, 0x4a28, 0x4a27, 0x4227, 0x4207, 0x4207, 0x4207, 0x41e7, 0x4207, 0x4207, 0x4207, 0x41e7, 
0x41e7, 0x4207, 0x4a28, 0x4207, 0x4207, 0x4227, 0x4207, 0x4227, 0x4207, 0x4207, 0x4207, 0x4207, 0x4207, 0x4227, 0x4207, 0x4207, 
0x4a28, 0x4a48, 0x4a48, 0x4a28, 0x4a28, 0x4a27, 0x4a28, 0x4a48, 0x4a27, 0x4a28, 0x5268, 0x4a48, 0x5289, 0x6b0a, 0x5288, 0x4a48, 
0x4a48, 0x4a48, 0x4a48, 0x4a48, 0x4227, 0x4207, 0x4207, 0x4207, 0x4207, 0x4207, 0x4207, 0x4207, 0x4207, 0x4207, 0x4207, 0x4207, 
0x4207, 0x39e7, 0x39e7, 0x39e7, 0x39c7, 0x39c7, 0x39c6, 0x39c6, 0x39a6, 0x3186, 0x3986, 0x39a6, 0x39a6, 0x39c6, 0x39c6, 0x39e7, 
0x41e7, 0x41e7, 0x41e7, 0x4a27, 0x4227, 0x41e7, 0x41e7, 0x39e7, 0x39e6, 0x39e6, 0x39a6, 0x39a6, 0x39c6, 0x39c6, 0x39c6, 0x39c6, 
0x39c6, 0x39c6, 0x39c6, 0x39c6, 0x39c6, 0x39e6, 0x39e7, 0x39c6, 0x31a6, 0x31a6, 0x31a6, 0x31a5, 0x3185, 0x3185, 0x3185, 0x3185, 
0x31a6, 0x41e7, 0x5268, 0x5268, 0x5288, 0x5288, 0x41e7, 0x39c6, 0x39c6, 0x39c6, 0x39c6, 0x39c6, 0x39c6, 0x39c6, 0x39c6, 0x39c6, 
0x39c6, 0x39c6, 0x39c6, 0x39c6, 0x39c6, 0x39c6, 0x39e6, 0x41e7, 0x4228, 0x4228, 0x4228, 0x4228, 0x4208, 0x4207, 0x4208, 0x4a28, 
0x4227, 0x4207, 0x4207, 0x4207, 0x41e7, 0x39e7, 0x39e7, 0x39e7, 0x39e6, 0x39e7, 0x39e6, 0x39c6, 0x39c6, 0x39c6, 0x39c6, 0x39c6, 
0x39e6, 0x41e7, 0x41e7, 0x41e7, 0x41e7, 0x4207, 0x4207, 0x41e7, 0x41e7, 0x41e7, 0x41e7, 0x41e7, 0x41e7, 0x39e7, 0x39c6, 0x41e6, 
0x39c6, 0x39a6, 0x39c6, 0x4207, 0x5267, 0x5a88, 0x5a88, 0x4a48, 0x4a48, 0x4a48, 0x4a28, 0x4207, 0x4207, 0x4a27, 0x4a48, 0x4a27, 
0x4a28, 0x4a48, 0x5268, 0x5288, 0x4a48, 0x4a48, 0x62c9, 0x5aa9, 0x62c9, 0x62e9, 0x5268, 0x41e6, 0x41c6, 0x41e6, 0x39a6, 0x4a07, 
0x4a27, 0x5288, 0x5288, 0x4a28, 0x4a48, 0x5268, 0x5288, 0x5a88, 0x5268, 0x5248, 0x4a27, 0x5268, 0x5268, 0x4a27, 0x4a48, 0x4a28, 
0x5268, 0x5268, 0x5268, 0x4a27, 0x4207, 0x5288, 0x62ea, 0x5aa8, 0x5247, 0x41e6, 0x3184, 0x2923, 0x2923, 0x2943, 0x39a6, 0x39a6, 
0x39a6, 0x41e7, 0x4a28, 0x4a28, 0x4228, 0x4a28, 0x4207, 0x4227, 0x4a28, 0x4227, 0x4207, 0x4207, 0x4207, 0x4207, 0x4207, 0x41e7, 
0x41e7, 0x4207, 0x4207, 0x4a27, 0x4207, 0x4207, 0x41e7, 0x4207, 0x4227, 0x4207, 0x4227, 0x4207, 0x4207, 0x4207, 0x4207, 0x4207, 
0x5268, 0x4a48, 0x4a27, 0x4a48, 0x4207, 0x4227, 0x4a28, 0x4a27, 0x4227, 0x4227, 0x4a48, 0x4a48, 0x5268, 0x5289, 0x4a68, 0x4a28, 
0x4a48, 0x4a48, 0x4a48, 0x4228, 0x4228, 0x4228, 0x4207, 0x4207, 0x4227, 0x41e7, 0x4207, 0x4207, 0x4207, 0x41e7, 0x41e7, 0x39e7, 
0x39e7, 0x39e7, 0x39c6, 0x39c6, 0x39c6, 0x39c6, 0x39c6, 0x31a6, 0x31a6, 0x31a6, 0x31a6, 0x39a6, 0x39c6, 0x39c6, 0x41e7, 0x41e7, 
0x4207, 0x41e7, 0x41e7, 0x4a48, 0x4227, 0x39c6, 0x39c6, 0x41e7, 0x39c6, 0x39c6, 0x39a6, 0x39a6, 0x39c6, 0x39c6, 0x39c6, 0x39c6, 
0x39c6, 0x31a6, 0x39a6, 0x39c6, 0x39a6, 0x39c6, 0x39c6, 0x39c6, 0x31a6, 0x31a6, 0x31a5, 0x3185, 0x3185, 0x3185, 0x3185, 0x3185, 
0x31a6, 0x31a6, 0x41e7, 0x5268, 0x5268, 0x5288, 0x5288, 0x39e7, 0x39c6, 0x39c6, 0x39c6, 0x39c6, 0x39c6, 0x39c6, 0x39c6, 0x39c6, 
0x39c6, 0x39c6, 0x39c6, 0x39c6, 0x39c6, 0x39c6, 0x39c6, 0x39e7, 0x4207, 0x4228, 0x4a28, 0x4207, 0x4228, 0x4207, 0x4a28, 0x4a48, 
0x4a28, 0x4207, 0x4207, 0x4207, 0x41e7, 0x41e7, 0x41e7, 0x41e7, 0x41e6, 0x41e7, 0x41e7, 0x41e6, 0x41e6, 0x41e6, 0x41c6, 0x39c6, 
0x41e6, 0x39e6, 0x39e6, 0x41e7, 0x4207, 0x4227, 0x4207, 0x4207, 0x4207, 0x41e7, 0x4207, 0x41e7, 0x39e7, 0x39e7, 0x39c6, 0x41e6, 
0x39e6, 0x39c6, 0x4207, 0x5247, 0x5a88, 0x5aa8, 0x4a48, 0x4a48, 0x4a27, 0x4a27, 0x4227, 0x4207, 0x4207, 0x4a27, 0x4a27, 0x4a27, 
0x4a28, 0x4227, 0x4a27, 0x4a48, 0x4a27, 0x4a48, 0x5aa9, 0x5ac9, 0x62c9, 0x5ac9, 0x4a48, 0x39c7, 0x39e7, 0x39c6, 0x39a6, 0x39a6, 
0x41e6, 0x4a27, 0x5268, 0x5289, 0x4a28, 0x52a9, 0x62ea, 0x6b2a, 0x5a88, 0x5268, 0x5288, 0x5268, 0x4a27, 0x5268, 0x5aa9, 0x5268, 
0x5aa9, 0x5268, 0x4a28, 0x4a48, 0x5268, 0x4a68, 0x5248, 0x4a47, 0x41e6, 0x3184, 0x2943, 0x2923, 0x2923, 0x2943, 0x39a6, 0x39a6, 
0x39a6, 0x41e7, 0x4228, 0x4207, 0x4a27, 0x4228, 0x4a48, 0x4a28, 0x4a28, 0x4227, 0x4227, 0x4207, 0x4207, 0x4227, 0x4207, 0x4207, 
0x4207, 0x41e7, 0x4207, 0x4a27, 0x4207, 0x4207, 0x4207, 0x4227, 0x4227, 0x4207, 0x4207, 0x4207, 0x4207, 0x4207, 0x4227, 0x4207, 
0x4a28, 0x4a27, 0x4227, 0x4227, 0x4a28, 0x4a27, 0x4227, 0x4a28, 0x4a28, 0x4207, 0x4a28, 0x4227, 0x4a28, 0x5268, 0x4a48, 0x4a28, 
0x4a48, 0x4a48, 0x4a48, 0x4228, 0x4a48, 0x5268, 0x4a28, 0x4228, 0x4228, 0x4207, 0x4228, 0x4207, 0x41e7, 0x39e7, 0x39e7, 0x39e7, 
0x39e7, 0x39c6, 0x39c6, 0x39c6, 0x39c6, 0x39c6, 0x31a6, 0x31a6, 0x31a6, 0x31a6, 0x31a6, 0x39a5, 0x39a6, 0x4207, 0x4a27, 0x39c6, 
0x41e6, 0x39c6, 0x39c6, 0x41e6, 0x41e6, 0x39c6, 0x39c6, 0x39c6, 0x31a6, 0x39a6, 0x39a6, 0x39c6, 0x39a6, 0x39a6, 0x39a6, 0x39a6, 
0x39a6, 0x39a6, 0x39a6, 0x3185, 0x39a6, 0x3185, 0x39a6, 0x39c6, 0x31a6, 0x31a5, 0x3185, 0x3185, 0x3185, 0x3185, 0x3185, 0x3185, 
0x31a6, 0x31a6, 0x31a6, 0x41e7, 0x5268, 0x5268, 0x5268, 0x5288, 0x41e7, 0x39c6, 0x39c6, 0x39c6, 0x39c6, 0x39c6, 0x39c6, 0x39c6, 
0x39c6, 0x39c6, 0x39c6, 0x39c6, 0x39c6, 0x39c6, 0x39c6, 0x39c6, 0x4207, 0x4207, 0x4228, 0x4207, 0x4228, 0x4228, 0x4227, 0x4227, 
0x4228, 0x4207, 0x41e7, 0x41e7, 0x4207, 0x41e7, 0x4207, 0x41e6, 0x39c6, 0x4207, 0x4207, 0x41e6, 0x41e6, 0x41e6, 0x41e6, 0x39e6, 
0x39e6, 0x41e7, 0x41e7, 0x41e7, 0x4207, 0x4227, 0x4207, 0x41e7, 0x41e7, 0x4207, 0x41e7, 0x41e7, 0x41e7, 0x41e7, 0x39c6, 0x39c6, 
0x39c6, 0x39e6, 0x5267, 0x5aa8, 0x62a8, 0x5a88, 0x4a28, 0x4207, 0x4a27, 0x4227, 0x4207, 0x4207, 0x4207, 0x4a27, 0x4a28, 0x4a27, 
0x4a47, 0x4228, 0x4207, 0x4a28, 0x4a47, 0x5268, 0x5aa9, 0x5aa9, 0x62e9, 0x62ea, 0x4a28, 0x39c6, 0x39c7, 0x39c6, 0x39a6, 0x3186, 
0x39a6, 0x41c6, 0x4a07, 0x4a48, 0x4228, 0x4a48, 0x5aa9, 0x62ea, 0x62e9, 0x5aa9, 0x5268, 0x5288, 0x5268, 0x5268, 0x5288, 0x5268, 
0x5288, 0x5268, 0x5289, 0x4a48, 0x4a48, 0x5a88, 0x5267, 0x4a27, 0x39c5, 0x3163, 0x2923, 0x2923, 0x2923, 0x3143, 0x39a6, 0x39a6, 
0x39a6, 0x4207, 0x4227, 0x4207, 0x4207, 0x4a27, 0x4228, 0x4a28, 0x4227, 0x4207, 0x4207, 0x4207, 0x4207, 0x4207, 0x4227, 0x4207, 
0x4227, 0x4207, 0x4207, 0x4207, 0x4207, 0x4a27, 0x4207, 0x4207, 0x4227, 0x4207, 0x4207, 0x4207, 0x4207, 0x4207, 0x4207, 0x4207, 
0x4227, 0x4207, 0x4227, 0x4a28, 0x4a48, 0x4a28, 0x4207, 0x4227, 0x4227, 0x4207, 0x4a27, 0x4227, 0x4a28, 0x4a48, 0x4a48, 0x4a28, 
0x4228, 0x4a48, 0x4a48, 0x4228, 0x4228, 0x4a68, 0x4a48, 0x4228, 0x4228, 0x4227, 0x4207, 0x39e7, 0x39e7, 0x39e7, 0x39e7, 0x39e7, 
0x39c7, 0x39c6, 0x39c6, 0x39c6, 0x39c6, 0x31a6, 0x31a6, 0x31a6, 0x31a6, 0x39c6, 0x39a6, 0x3185, 0x39a5, 0x4a27, 0x41e7, 0x39a6, 
0x39a6, 0x39a6, 0x39a6, 0x39a6, 0x39a6, 0x39c6, 0x39a6, 0x31a6, 0x31a6, 0x31a6, 0x39a6, 0x39a6, 0x39a6, 0x39a6, 0x31a6, 0x31a5, 
0x39a6, 0x3185, 0x3185, 0x3185, 0x3185, 0x3185, 0x3185, 0x3186, 0x31a5, 0x3185, 0x3185, 0x3185, 0x3185, 0x3185, 0x3185, 0x3185, 
0x31a6, 0x31a6, 0x31a6, 0x31a6, 0x41e7, 0x5268, 0x5268, 0x5288, 0x5288, 0x39e7, 0x39c6, 0x39c6, 0x39c6, 0x39c6, 0x39c6, 0x39c6, 
0x39c6, 0x39c6, 0x39c6, 0x39c6, 0x39c6, 0x39c6, 0x39c6, 0x39c6, 0x41e7, 0x4228, 0x4207, 0x4228, 0x4228, 0x4a28, 0x4228, 0x4227, 
0x4228, 0x4207, 0x4207, 0x4207, 0x4207, 0x4207, 0x41e7, 0x41e7, 0x41e6, 0x41e6, 0x41e7, 0x41e6, 0x39c6, 0x41e6, 0x41e6, 0x41e6, 
0x41e6, 0x39e6, 0x41e7, 0x4207, 0x4207, 0x41e7, 0x41e7, 0x39e7, 0x39e6, 0x41e7, 0x39e6, 0x39e7, 0x41e7, 0x41e7, 0x39c6, 0x39c6, 
0x39c6, 0x4207, 0x5268, 0x5aa8, 0x5aa8, 0x5268, 0x4a48, 0x4227, 0x4227, 0x4207, 0x4207, 0x4207, 0x4227, 0x4a48, 0x4a47, 0x4a27, 
0x4a27, 0x4207, 0x4207, 0x4a48, 0x4a48, 0x5288, 0x5aa9, 0x62ca, 0x62ea, 0x5aa9, 0x41e7, 0x3986, 0x3986, 0x3986, 0x3986, 0x3986, 
0x39a6, 0x41c6, 0x5268, 0x5288, 0x4a27, 0x4a28, 0x4a68, 0x4a68, 0x5268, 0x5aa9, 0x4a27, 0x5268, 0x5288, 0x5268, 0x5268, 0x5289, 
0x5268, 0x4a28, 0x5aa9, 0x5269, 0x4a48, 0x5aa9, 0x4a68, 0x41e6, 0x3184, 0x2923, 0x2923, 0x2923, 0x2923, 0x3143, 0x39a6, 0x39a6, 
0x39a6, 0x41e7, 0x4227, 0x4207, 0x41e7, 0x4207, 0x4a28, 0x4227, 0x4227, 0x4207, 0x4228, 0x4227, 0x4207, 0x4a28, 0x4a28, 0x4a28, 
0x4227, 0x4207, 0x4207, 0x4207, 0x4207, 0x4207, 0x41e7, 0x4207, 0x4227, 0x4207, 0x4207, 0x4a27, 0x4227, 0x4207, 0x4207, 0x4207, 
0x4207, 0x4227, 0x4a28, 0x4a28, 0x4228, 0x4227, 0x4207, 0x4207, 0x4a27, 0x4207, 0x4207, 0x4227, 0x4227, 0x4a28, 0x4228, 0x4228, 
0x4228, 0x4a48, 0x4a48, 0x4a28, 0x4a28, 0x4a48, 0x4a48, 0x4227, 0x4207, 0x41e7, 0x39e7, 0x39e7, 0x39e7, 0x39e7, 0x39e7, 0x39c6, 
0x39c6, 0x39c6, 0x39c6, 0x39c6, 0x31a6, 0x31a6, 0x31a6, 0x31a6, 0x31a6, 0x39c6, 0x39a6, 0x3165, 0x3185, 0x41e7, 0x39a6, 0x3185, 
0x31a5, 0x39a6, 0x39a6, 0x39a5, 0x39a6, 0x39a6, 0x31a5, 0x3185, 0x31a5, 0x31a6, 0x39a6, 0x31a5, 0x3185, 0x3185, 0x3185, 0x3185, 
0x31a5, 0x3185, 0x31a5, 0x39a5, 0x3185, 0x3185, 0x3185, 0x31a5, 0x3185, 0x3185, 0x3185, 0x3185, 0x3185, 0x3185, 0x3185, 0x3185, 
0x31a6, 0x31a6, 0x31a6, 0x31a6, 0x31a6, 0x41e7, 0x5268, 0x5268, 0x5268, 0x5288, 0x41e7, 0x39c6, 0x39c6, 0x39c6, 0x39c6, 0x39c6, 
0x39c6, 0x39c6, 0x39c6, 0x39c6, 0x39c6, 0x39c6, 0x39c6, 0x39c6, 0x41e7, 0x4207, 0x4207, 0x4a28, 0x4228, 0x4228, 0x4228, 0x4227, 
0x4207, 0x4207, 0x4207, 0x4207, 0x41e7, 0x4207, 0x41e7, 0x41e7, 0x41e7, 0x39e6, 0x41e6, 0x39e6, 0x39c6, 0x39e6, 0x39c6, 0x41e7, 
0x4207, 0x4207, 0x4207, 0x4227, 0x4207, 0x41e7, 0x39e7, 0x41e7, 0x41e7, 0x41e7, 0x41e7, 0x39e7, 0x39c6, 0x39c6, 0x39c6, 0x39c6, 
0x39c6, 0x4a27, 0x5a88, 0x5a67, 0x5288, 0x5268, 0x4a48, 0x4a28, 0x4a28, 0x4207, 0x4207, 0x41e7, 0x4227, 0x4a27, 0x4227, 0x4a27, 
0x4a27, 0x4a27, 0x4a48, 0x4a48, 0x5268, 0x5aa9, 0x52a9, 0x62ea, 0x5ac9, 0x4a48, 0x39a6, 0x3986, 0x3986, 0x3986, 0x3986, 0x3986, 
0x39a6, 0x41e6, 0x5268, 0x5268, 0x5268, 0x5aa9, 0x5aa8, 0x4a28, 0x4a48, 0x4a28, 0x4207, 0x41e6, 0x4a48, 0x5268, 0x5268, 0x5248, 
0x5268, 0x62ea, 0x5aa9, 0x5aa9, 0x4a48, 0x4a27, 0x4a07, 0x39c5, 0x2943, 0x2923, 0x2923, 0x2923, 0x2923, 0x3143, 0x39a6, 0x39a6, 
0x39a6, 0x41e6, 0x4207, 0x41e7, 0x41e7, 0x4207, 0x4228, 0x4227, 0x4207, 0x4227, 0x4a28, 0x4a48, 0x4a48, 0x4a28, 0x4207, 0x4207, 
0x4227, 0x4a28, 0x4a48, 0x4a28, 0x4207, 0x4207, 0x4207, 0x4a27, 0x4207, 0x4207, 0x4207, 0x4228, 0x4a48, 0x4228, 0x4207, 0x4207, 
0x4207, 0x4207, 0x4227, 0x4a28, 0x4228, 0x4a48, 0x4228, 0x4207, 0x4207, 0x4207, 0x4207, 0x4227, 0x4207, 0x4207, 0x4228, 0x4228, 
0x4227, 0x4a48, 0x4a48, 0x4a68, 0x4a48, 0x4a48, 0x4a48, 0x4227, 0x4207, 0x39e7, 0x39e7, 0x39e7, 0x39e7, 0x39e7, 0x39c6, 0x39c6, 
0x39c6, 0x39c6, 0x39c6, 0x31a6, 0x3185, 0x31a6, 0x31a6, 0x31a6, 0x31a6, 0x41e7, 0x3185, 0x3165, 0x39a5, 0x31a5, 0x3185, 0x3185, 
0x3185, 0x31a6, 0x3185, 0x39a5, 0x31a6, 0x31a5, 0x3185, 0x3185, 0x31a5, 0x31a6, 0x3185, 0x3185, 0x3185, 0x3185, 0x3185, 0x3185, 
0x3185, 0x3185, 0x39a6, 0x39a6, 0x3185, 0x3185, 0x3185, 0x3185, 0x3185, 0x3185, 0x3185, 0x3185, 0x3185, 0x3185, 0x3185, 0x3185, 
0x31a6, 0x31a6, 0x31a6, 0x31a6, 0x31a6, 0x31a6, 0x41e7, 0x5268, 0x5268, 0x5288, 0x5288, 0x39e7, 0x39c6, 0x39c6, 0x39c6, 0x39c6, 
0x39c6, 0x39c6, 0x39c6, 0x39c6, 0x39c6, 0x39c6, 0x39c6, 0x39c6, 0x4207, 0x4207, 0x4207, 0x4228, 0x4228, 0x4228, 0x4a28, 0x4228, 
0x4207, 0x4207, 0x4207, 0x4207, 0x4207, 0x4207, 0x39e7, 0x41e7, 0x41e7, 0x41e6, 0x41e7, 0x41e7, 0x39c6, 0x39e6, 0x41e7, 0x39e6, 
0x41e6, 0x41e7, 0x4207, 0x4207, 0x4207, 0x4207, 0x41e7, 0x4207, 0x41e7, 0x39e7, 0x39e6, 0x39e6, 0x39c6, 0x39c6, 0x39c6, 0x39a6, 
0x41e6, 0x5268, 0x5267, 0x5a88, 0x5a88, 0x4a48, 0x4a28, 0x4227, 0x4207, 0x4207, 0x41e7, 0x41e7, 0x4207, 0x4a27, 0x4a27, 0x4a27, 
0x4a27, 0x4a47, 0x5268, 0x4a48, 0x5268, 0x5aa9, 0x5ac9, 0x62ca, 0x5289, 0x41c7, 0x3986, 0x3986, 0x3986, 0x3986, 0x3986, 0x3986, 
0x3186, 0x39c6, 0x4207, 0x4a27, 0x4a48, 0x5248, 0x5268, 0x5aa9, 0x62ea, 0x4a48, 0x4207, 0x4a48, 0x4207, 0x4a28, 0x4a48, 0x4a07, 
0x4a48, 0x630a, 0x5aa9, 0x5268, 0x4a68, 0x4a47, 0x41a5, 0x3184, 0x2923, 0x2923, 0x2923, 0x2923, 0x2923, 0x2923, 0x3985, 0x39a6, 
0x39a6, 0x39c6, 0x4207, 0x4207, 0x41e7, 0x4207, 0x4207, 0x4207, 0x4207, 0x4227, 0x4227, 0x4228, 0x4a68, 0x4a48, 0x4a48, 0x4227, 
0x4a28, 0x4207, 0x4a28, 0x4a48, 0x4207, 0x4207, 0x4227, 0x4207, 0x4207, 0x4207, 0x4207, 0x4227, 0x4207, 0x4228, 0x4207, 0x4207, 
0x4227, 0x4227, 0x4227, 0x4207, 0x4208, 0x630b, 0x4a68, 0x4a69, 0x5289, 0x4227, 0x4207, 0x4207, 0x4207, 0x4207, 0x4228, 0x4228, 
0x4227, 0x4a48, 0x4a28, 0x4a48, 0x4a48, 0x5268, 0x4227, 0x4207, 0x4207, 0x39e7, 0x39e7, 0x39e7, 0x39e7, 0x39c7, 0x39c6, 0x39c6, 
0x39c6, 0x39c6, 0x31a6, 0x31a6, 0x31a6, 0x31a6, 0x31a6, 0x31a6, 0x31a6, 0x41e7, 0x3185, 0x3185, 0x31a5, 0x3185, 0x31a5, 0x39a5, 
0x3185, 0x3185, 0x39a5, 0x3185, 0x31a6, 0x31a5, 0x3185, 0x3185, 0x3185, 0x3185, 0x3185, 0x3185, 0x39a6, 0x31a5, 0x3185, 0x3185, 
0x3185, 0x3185, 0x3185, 0x3185, 0x3185, 0x3185, 0x3185, 0x3185, 0x3185, 0x3185, 0x3185, 0x3185, 0x3185, 0x3185, 0x3185, 0x3185, 
0x31a6, 0x31a6, 0x31a6, 0x31a6, 0x31a6, 0x31a6, 0x31a6, 0x41e7, 0x5268, 0x5268, 0x5288, 0x5288, 0x41e7, 0x39c6, 0x39c6, 0x39c6, 
0x39c6, 0x39c6, 0x39c6, 0x39c6, 0x39c6, 0x39c6, 0x39c6, 0x39c6, 0x4207, 0x4207, 0x4208, 0x4227, 0x4227, 0x4227, 0x4228, 0x4a28, 
0x4a28, 0x4207, 0x4207, 0x4207, 0x4207, 0x41e7, 0x39e7, 0x41e7, 0x41e7, 0x41e7, 0x41e7, 0x41e6, 0x39c6, 0x39c6, 0x41e7, 0x41e7, 
0x39c6, 0x41e7, 0x41e7, 0x41e7, 0x41e7, 0x41e7, 0x41e7, 0x41e7, 0x39e7, 0x39e6, 0x41e7, 0x39e7, 0x41e6, 0x39c6, 0x39c6, 0x39c6, 
0x4a27, 0x5268, 0x4a26, 0x5247, 0x4a48, 0x4a48, 0x4207, 0x4207, 0x4a48, 0x4207, 0x41e7, 0x41e7, 0x4207, 0x4a27, 0x4a48, 0x4a48, 
0x4a27, 0x4227, 0x4a47, 0x4228, 0x4a48, 0x5aa9, 0x5aa9, 0x5aa9, 0x4a27, 0x39a6, 0x3986, 0x3986, 0x3986, 0x3986, 0x3986, 0x3986, 
0x3986, 0x3186, 0x39c6, 0x41e6, 0x4a27, 0x4a48, 0x5247, 0x5246, 0x5a88, 0x62ea, 0x5268, 0x5aa9, 0x5ac9, 0x5aa9, 0x5aa9, 0x4a48, 
0x4228, 0x4a27, 0x4a27, 0x4a27, 0x4227, 0x41e6, 0x3184, 0x2943, 0x2923, 0x2923, 0x2923, 0x2923, 0x2923, 0x2923, 0x3185, 0x39a6, 
0x39a6, 0x41e6, 0x41e7, 0x41e7, 0x4207, 0x4207, 0x41e7, 0x4207, 0x4207, 0x4207, 0x4207, 0x4207, 0x4207, 0x4207, 0x4227, 0x4207, 
0x4207, 0x4207, 0x4a28, 0x4227, 0x4207, 0x4207, 0x4207, 0x4207, 0x4227, 0x4207, 0x4207, 0x4207, 0x4207, 0x4207, 0x4207, 0x4207, 
0x4228, 0x4a28, 0x4207, 0x4207, 0x4a48, 0x630c, 0x4a69, 0x62eb, 0x5acb, 0x52a9, 0x4207, 0x4207, 0x4207, 0x4207, 0x4207, 0x4207, 
0x4228, 0x4a28, 0x4a28, 0x4a48, 0x4a68, 0x4a48, 0x4a28, 0x4228, 0x4228, 0x41e7, 0x39e7, 0x39e7, 0x39e7, 0x39c6, 0x39c6, 0x39c6, 
0x39c6, 0x31a6, 0x3185, 0x31a6, 0x31a6, 0x31a6, 0x31a6, 0x31a6, 0x39c6, 0x41e6, 0x3185, 0x3185, 0x3185, 0x3185, 0x3185, 0x39a5, 
0x39a6, 0x31a5, 0x39a5, 0x3185, 0x39a6, 0x39a6, 0x3185, 0x3185, 0x3185, 0x3185, 0x3185, 0x3185, 0x31a5, 0x3185, 0x3185, 0x3185, 
0x3185, 0x3185, 0x3185, 0x3185, 0x3185, 0x3185, 0x3185, 0x3185, 0x3185, 0x3185, 0x3185, 0x3185, 0x3185, 0x3185, 0x3185, 0x3185, 
0x31a6, 0x31a6, 0x31a6, 0x31a6, 0x31a6, 0x31a6, 0x31a6, 0x31a6, 0x41e7, 0x5268, 0x5268, 0x5288, 0x5288, 0x39e7, 0x39c6, 0x39c6, 
0x39c6, 0x39c6, 0x39c6, 0x39c6, 0x39c6, 0x39c6, 0x39c6, 0x39c6, 0x4227, 0x4228, 0x4228, 0x4a28, 0x4208, 0x4227, 0x4227, 0x4a27, 
0x4207, 0x4207, 0x4207, 0x4207, 0x4207, 0x4207, 0x4207, 0x41e7, 0x4207, 0x41e7, 0x41c6, 0x41e7, 0x41e7, 0x39e6, 0x39e6, 0x41e7, 
0x4207, 0x4207, 0x4207, 0x39e7, 0x41e7, 0x4207, 0x4207, 0x41e7, 0x41e7, 0x41e7, 0x39c6, 0x39e6, 0x39c6, 0x39c6, 0x39e6, 0x39e6, 
0x4a27, 0x5268, 0x5227, 0x4a47, 0x4227, 0x4a48, 0x4207, 0x4a28, 0x4a48, 0x4a27, 0x4227, 0x4207, 0x4207, 0x4227, 0x4a47, 0x4a27, 
0x4a27, 0x4207, 0x4227, 0x4a48, 0x4a48, 0x5288, 0x5288, 0x4a48, 0x39a6, 0x3986, 0x3986, 0x3986, 0x3986, 0x3986, 0x3986, 0x3986, 
0x3986, 0x3986, 0x3986, 0x39a6, 0x41e6, 0x4a27, 0x4a47, 0x5227, 0x5226, 0x5aca, 0x630b, 0x5a89, 0x5aa9, 0x5268, 0x5268, 0x4a27, 
0x4a06, 0x4a07, 0x5288, 0x4227, 0x39c6, 0x39a4, 0x2943, 0x2923, 0x2923, 0x2923, 0x2923, 0x2923, 0x2923, 0x2923, 0x3185, 0x31a6, 
0x31a6, 0x39c6, 0x4207, 0x41e7, 0x4207, 0x4227, 0x4207, 0x4207, 0x41e7, 0x41e7, 0x41e7, 0x4207, 0x41e7, 0x4207, 0x4207, 0x4207, 
0x4a28, 0x4a27, 0x4a28, 0x4207, 0x4207, 0x4207, 0x4207, 0x4207, 0x4228, 0x4228, 0x4207, 0x4207, 0x4207, 0x4207, 0x4227, 0x4227, 
0x4228, 0x4228, 0x4a48, 0x4227, 0x4228, 0x5aaa, 0x632c, 0x52a9, 0x4a69, 0x5aca, 0x4207, 0x4207, 0x4227, 0x4207, 0x4227, 0x4227, 
0x4207, 0x4207, 0x4a28, 0x4a48, 0x5a89, 0x5268, 0x4a48, 0x4a48, 0x4a48, 0x41e7, 0x39e7, 0x39e7, 0x39e7, 0x39c6, 0x39c6, 0x39c6, 
0x31a6, 0x31a6, 0x31a6, 0x31a6, 0x31a6, 0x31a6, 0x31a6, 0x31a6, 0x41e6, 0x4207, 0x3185, 0x3165, 0x3185, 0x3185, 0x31a5, 0x39a6, 
0x31a6, 0x3185, 0x31a5, 0x3185, 0x31a5, 0x39a6, 0x31a5, 0x31a5, 0x39a6, 0x39a6, 0x3185, 0x3185, 0x31a5, 0x3985, 0x3185, 0x3185, 
0x3185, 0x31a5, 0x39a5, 0x3185, 0x3185, 0x3185, 0x3185, 0x3185, 0x39a5, 0x3185, 0x3185, 0x3185, 0x3185, 0x3185, 0x3185, 0x3185, 
0x31a6, 0x31a6, 0x31a6, 0x31a6, 0x31a6, 0x31a6, 0x31a6, 0x31a6, 0x31a6, 0x41e7, 0x5268, 0x5268, 0x5268, 0x5288, 0x41e7, 0x39c6, 
0x39c6, 0x39c6, 0x39c6, 0x39c6, 0x39c6, 0x39c6, 0x39c6, 0x39e7, 0x4207, 0x4207, 0x4228, 0x4228, 0x4207, 0x4227, 0x4227, 0x4207, 
0x4207, 0x4207, 0x4207, 0x4207, 0x41e7, 0x41e7, 0x4207, 0x41e7, 0x4207, 0x41e6, 0x41e6, 0x41e7, 0x41e7, 0x39e7, 0x39e7, 0x4a27, 
0x5268, 0x4207, 0x41e7, 0x39e7, 0x39e7, 0x4227, 0x4207, 0x41e7, 0x4207, 0x41e7, 0x39c6, 0x39c6, 0x39c6, 0x39c6, 0x39c6, 0x41e6, 
0x5247, 0x5267, 0x5247, 0x4a27, 0x4227, 0x4a27, 0x4207, 0x4a48, 0x4a28, 0x4207, 0x4207, 0x4207, 0x4207, 0x4207, 0x4227, 0x4207, 
0x4207, 0x4207, 0x4a28, 0x4a48, 0x4a48, 0x5288, 0x5268, 0x4207, 0x3986, 0x3986, 0x3986, 0x3986, 0x3986, 0x3986, 0x3986, 0x3986, 
0x3986, 0x3986, 0x3986, 0x3986, 0x39a6, 0x39a6, 0x41c6, 0x41e6, 0x4a47, 0x5248, 0x4a48, 0x5268, 0x5aca, 0x5268, 0x4207, 0x4a28, 
0x4a27, 0x4a27, 0x4207, 0x41e6, 0x39a4, 0x2943, 0x2923, 0x2923, 0x2923, 0x2923, 0x2923, 0x2923, 0x2923, 0x2923, 0x3164, 0x31a6, 
0x31a6, 0x39c6, 0x4a27, 0x4207, 0x39e7, 0x4207, 0x4a28, 0x4a48, 0x4207, 0x41e7, 0x39e7, 0x41e7, 0x41e7, 0x4207, 0x4207, 0x4207, 
0x4207, 0x4207, 0x4a07, 0x4227, 0x4207, 0x4207, 0x4207, 0x4207, 0x4207, 0x4207, 0x4207, 0x4207, 0x4207, 0x4207, 0x4227, 0x4228, 
0x4a28, 0x4207, 0x4207, 0x4207, 0x4228, 0x4a68, 0x4a48, 0x4a48, 0x5aca, 0x4a68, 0x4207, 0x4227, 0x4207, 0x4207, 0x4227, 0x4207, 
0x4207, 0x4a28, 0x4227, 0x4a48, 0x5268, 0x5268, 0x5288, 0x5268, 0x4a68, 0x39e7, 0x39e7, 0x39e7, 0x39e7, 0x39c6, 0x39c6, 0x31c6, 
0x31a6, 0x31a6, 0x31a6, 0x31a6, 0x31a6, 0x31a6, 0x31a6, 0x31a6, 0x39c6, 0x41e7, 0x3185, 0x3185, 0x3185, 0x3185, 0x31a5, 0x3185, 
0x31a5, 0x39a6, 0x3185, 0x31a5, 0x39a6, 0x39a6, 0x3185, 0x31a5, 0x31a6, 0x31a6, 0x31a6, 0x31a6, 0x39a6, 0x39a6, 0x39a5, 0x39a5, 
0x3185, 0x3185, 0x3185, 0x3185, 0x3185, 0x3185, 0x3185, 0x3185, 0x39c6, 0x3985, 0x3165, 0x3185, 0x3185, 0x3185, 0x3185, 0x3185, 
0x31a6, 0x31a6, 0x31a6, 0x31a6, 0x31a6, 0x31a6, 0x31a6, 0x31a6, 0x31a6, 0x31a6, 0x41e7, 0x5268, 0x5268, 0x5288, 0x5288, 0x41e7, 
0x39c6, 0x39c6, 0x39c6, 0x39c6, 0x39c6, 0x39c6, 0x39c6, 0x39c6, 0x4207, 0x4228, 0x4a48, 0x4a28, 0x4228, 0x4207, 0x4207, 0x4207, 
0x4227, 0x4227, 0x4207, 0x4207, 0x4207, 0x41e7, 0x41e7, 0x41e7, 0x41e7, 0x39e6, 0x41e7, 0x4207, 0x41e7, 0x41e7, 0x4207, 0x4a48, 
0x4a48, 0x4207, 0x41e7, 0x41e7, 0x41e7, 0x41e7, 0x41e7, 0x39c6, 0x39c6, 0x39e6, 0x39c6, 0x39c6, 0x39c6, 0x39c6, 0x39c6, 0x41e6, 
0x4a47, 0x5268, 0x5268, 0x4a28, 0x4207, 0x4227, 0x4227, 0x4227, 0x4207, 0x4207, 0x41e7, 0x39e7, 0x41e7, 0x4207, 0x4207, 0x4207, 
0x4227, 0x4a27, 0x4a28, 0x4a28, 0x5247, 0x5aa8, 0x4a28, 0x39a6, 0x3986, 0x3986, 0x3986, 0x3986, 0x3986, 0x3986, 0x3986, 0x3986, 
0x3986, 0x39a6, 0x39a6, 0x3986, 0x3986, 0x31a6, 0x31a6, 0x41e6, 0x52a9, 0x5aa9, 0x4207, 0x41c7, 0x41e7, 0x4207, 0x4207, 0x4a48, 
0x4207, 0x39c6, 0x39c6, 0x39a5, 0x3164, 0x2923, 0x2923, 0x2923, 0x2923, 0x2923, 0x2943, 0x2943, 0x2943, 0x2943, 0x3164, 0x31a6, 
0x31a6, 0x39c6, 0x4207, 0x41e7, 0x39e6, 0x41e6, 0x4207, 0x4207, 0x41e7, 0x41e7, 0x4207, 0x4207, 0x41e7, 0x4207, 0x41e7, 0x4207, 
0x41e7, 0x4207, 0x4207, 0x4227, 0x4207, 0x4207, 0x4207, 0x4207, 0x4207, 0x4207, 0x4207, 0x4207, 0x4207, 0x4207, 0x4a48, 0x4a48, 
0x4a28, 0x4a28, 0x4228, 0x4208, 0x5aca, 0x5289, 0x4a48, 0x5aeb, 0x4a68, 0x4207, 0x4207, 0x4207, 0x4207, 0x41e7, 0x4207, 0x4207, 
0x4207, 0x4228, 0x4227, 0x4207, 0x4228, 0x4a48, 0x5aa9, 0x5268, 0x4a48, 0x41e7, 0x39e7, 0x39e7, 0x39e7, 0x39c6, 0x39c6, 0x31c6, 
0x31a6, 0x31a6, 0x31a6, 0x31a6, 0x31a6, 0x31a6, 0x31a6, 0x31a6, 0x39a6, 0x41e7, 0x3185, 0x3185, 0x3185, 0x3185, 0x31a5, 0x3185, 
0x31a6, 0x39a6, 0x31a6, 0x39a6, 0x31a5, 0x39a6, 0x39a6, 0x31a6, 0x31a5, 0x31a6, 0x31a6, 0x3185, 0x3185, 0x3185, 0x31a5, 0x3185, 
0x3185, 0x3185, 0x3185, 0x3185, 0x3185, 0x3185, 0x3165, 0x3185, 0x41e6, 0x39c6, 0x3165, 0x3185, 0x3185, 0x3185, 0x3185, 0x3185, 
0x31a6, 0x31a6, 0x31a6, 0x31a6, 0x31a6, 0x31a6, 0x31a6, 0x31a6, 0x31a6, 0x31a6, 0x31a6, 0x41e7, 0x5268, 0x5268, 0x5268, 0x5288, 
0x41e7, 0x39c6, 0x39c6, 0x39c6, 0x39c6, 0x39c6, 0x39c6, 0x39c6, 0x4207, 0x4a48, 0x4a28, 0x4a48, 0x4228, 0x4207, 0x4207, 0x4228, 
0x4207, 0x4207, 0x4a28, 0x4228, 0x4207, 0x4207, 0x4207, 0x41e7, 0x39e7, 0x41e7, 0x41e7, 0x4207, 0x4207, 0x4a48, 0x5268, 0x4227, 
0x4207, 0x41e7, 0x41e7, 0x41e7, 0x41e7, 0x41e7, 0x39e7, 0x39c6, 0x39c6, 0x39c6, 0x39c6, 0x39c6, 0x39e6, 0x39c6, 0x39a6, 0x4207, 
0x4a47, 0x5268, 0x4a68, 0x4a48, 0x4a28, 0x4a27, 0x4227, 0x4a48, 0x52a9, 0x4a48, 0x4207, 0x4207, 0x4207, 0x4207, 0x4207, 0x4207, 
0x4207, 0x4227, 0x4227, 0x4a68, 0x4a48, 0x4a27, 0x39c6, 0x3986, 0x3986, 0x3986, 0x3986, 0x3986, 0x3986, 0x3986, 0x3986, 0x3986, 
0x39a6, 0x39a6, 0x39a6, 0x39a6, 0x3986, 0x3986, 0x31a6, 0x39c6, 0x4a47, 0x41e7, 0x39a6, 0x39a6, 0x39c6, 0x41e7, 0x39c6, 0x41e6, 
0x39e6, 0x39c6, 0x39c6, 0x31a6, 0x3185, 0x3164, 0x2923, 0x2923, 0x2923, 0x3185, 0x31a6, 0x31a6, 0x31a6, 0x39a6, 0x3164, 0x31a6, 
0x31a6, 0x39a6, 0x39c6, 0x39c6, 0x39e7, 0x41e7, 0x41e7, 0x4207, 0x41e7, 0x41e7, 0x4207, 0x4207, 0x4207, 0x4207, 0x41e7, 0x41e7, 
0x41e7, 0x4207, 0x4207, 0x41e7, 0x4207, 0x4227, 0x4207, 0x4207, 0x4207, 0x4207, 0x4207, 0x4207, 0x4207, 0x4207, 0x4228, 0x4a48, 
0x4a48, 0x4228, 0x4228, 0x4a48, 0x5aca, 0x4a48, 0x5aca, 0x5acb, 0x5aca, 0x41e7, 0x41e7, 0x4207, 0x4207, 0x41e7, 0x4207, 0x4207, 
0x41e7, 0x4227, 0x4a28, 0x4207, 0x4a28, 0x4227, 0x5268, 0x5289, 0x5289, 0x4227, 0x39c6, 0x39e7, 0x39e7, 0x39c6, 0x39c6, 0x31c6, 
0x31a6, 0x31a6, 0x31a6, 0x31a6, 0x31a6, 0x31a6, 0x31a6, 0x31a6, 0x39a6, 0x41e7, 0x3165, 0x3165, 0x3185, 0x3185, 0x39a5, 0x3185, 
0x39a5, 0x41e6, 0x39a6, 0x39a6, 0x39a6, 0x39a6, 0x39c6, 0x31a6, 0x39a6, 0x3185, 0x31a6, 0x3185, 0x3185, 0x3185, 0x3185, 0x3185, 
0x3185, 0x3185, 0x3185, 0x3185, 0x3165, 0x3185, 0x3185, 0x3185, 0x39c6, 0x4207, 0x3185, 0x3185, 0x3185, 0x3185, 0x3185, 0x3185, 
0x31a6, 0x31a6, 0x31a6, 0x31a6, 0x31a6, 0x31a6, 0x31a6, 0x31a6, 0x31a6, 0x31a6, 0x31a6, 0x31a6, 0x41e7, 0x5268, 0x5268, 0x5268, 
0x5288, 0x39e7, 0x39c6, 0x39c6, 0x39c6, 0x39c6, 0x39c6, 0x39c6, 0x39c6, 0x4207, 0x4228, 0x4227, 0x4207, 0x4207, 0x4207, 0x4208, 
0x4207, 0x4227, 0x4a28, 0x4208, 0x4207, 0x4207, 0x4207, 0x39e7, 0x41e7, 0x39e7, 0x41e7, 0x4a28, 0x4a48, 0x5289, 0x4a48, 0x41e7, 
0x41e7, 0x39e7, 0x41e7, 0x41e7, 0x41e7, 0x41e7, 0x41e7, 0x39c6, 0x39e6, 0x39e6, 0x39c6, 0x39c6, 0x39c6, 0x39c6, 0x39c6, 0x4a27, 
0x5247, 0x4a47, 0x5268, 0x4a27, 0x4a27, 0x4a48, 0x4a68, 0x5268, 0x5aa9, 0x4a48, 0x4227, 0x4227, 0x4207, 0x4207, 0x4207, 0x4207, 
0x4207, 0x4227, 0x4228, 0x4a68, 0x4a48, 0x41c6, 0x39a6, 0x3986, 0x3986, 0x3986, 0x3986, 0x3986, 0x3986, 0x3986, 0x3986, 0x39a6, 
0x39a6, 0x39a6, 0x39a6, 0x39a6, 0x39a6, 0x39a6, 0x39a6, 0x39c6, 0x41e7, 0x41e7, 0x41e7, 0x4207, 0x4207, 0x4227, 0x4207, 0x39e6, 
0x39c6, 0x39c6, 0x39a6, 0x31a6, 0x31a6, 0x31a6, 0x3164, 0x2923, 0x2923, 0x3164, 0x31a6, 0x31a6, 0x31a6, 0x39c6, 0x39a5, 0x3185, 
0x31a6, 0x31a6, 0x39e6, 0x41e7, 0x39e7, 0x39e7, 0x41e7, 0x4207, 0x41e7, 0x41e7, 0x41e7, 0x41e7, 0x4207, 0x41e7, 0x41e7, 0x4a27, 
0x4207, 0x4207, 0x4207, 0x4207, 0x4227, 0x4207, 0x4207, 0x4207, 0x4207, 0x4207, 0x4207, 0x41e7, 0x4207, 0x4207, 0x4207, 0x4227, 
0x4227, 0x4207, 0x4207, 0x4228, 0x52aa, 0x5aeb, 0x630c, 0x5aeb, 0x5289, 0x4207, 0x4207, 0x4207, 0x4207, 0x4207, 0x4207, 0x4207, 
0x4207, 0x4207, 0x4207, 0x4207, 0x4a28, 0x4228, 0x4a28, 0x5268, 0x5aa9, 0x4207, 0x39c6, 0x39e7, 0x39e7, 0x39c6, 0x39c6, 0x39c6, 
0x31a6, 0x31a6, 0x31a6, 0x31a6, 0x31a6, 0x31a6, 0x31a6, 0x31a6, 0x39a6, 0x41e7, 0x3165, 0x3185, 0x3185, 0x31a5, 0x3185, 0x3185, 
0x3185, 0x4a27, 0x39c6, 0x31a6, 0x39a6, 0x31a6, 0x39c6, 0x39a6, 0x39a6, 0x39a6, 0x31a6, 0x39a6, 0x39a6, 0x3185, 0x3185, 0x3185, 
0x3185, 0x3185, 0x3165, 0x3165, 0x3165, 0x3185, 0x3185, 0x3185, 0x41e6, 0x4227, 0x39a6, 0x3165, 0x3185, 0x3185, 0x3185, 0x3185, 
0x31a6, 0x31a6, 0x31a6, 0x31a6, 0x31a6, 0x31a6, 0x31a6, 0x31a6, 0x31a6, 0x31a6, 0x31a6, 0x31a6, 0x31a6, 0x41e7, 0x5268, 0x5268, 
0x5268, 0x5288, 0x39e7, 0x39c6, 0x39c6, 0x39c6, 0x39c6, 0x39c6, 0x39c6, 0x4207, 0x4228, 0x4228, 0x4228, 0x4207, 0x4207, 0x4207, 
0x4227, 0x4a28, 0x4227, 0x4228, 0x4207, 0x4207, 0x41e7, 0x41e7, 0x41e7, 0x4207, 0x4207, 0x4a48, 0x5289, 0x4a48, 0x41e7, 0x41e7, 
0x39e7, 0x41e7, 0x41e7, 0x41e7, 0x41e7, 0x39e6, 0x4207, 0x39e7, 0x39c6, 0x39c6, 0x39c6, 0x39c6, 0x39c6, 0x39c6, 0x41e6, 0x4a27, 
0x4a27, 0x4a48, 0x4227, 0x4207, 0x4207, 0x4227, 0x5268, 0x4227, 0x4207, 0x4a28, 0x4207, 0x41e7, 0x4207, 0x4207, 0x4207, 0x4207, 
0x4207, 0x4207, 0x4227, 0x5268, 0x4207, 0x3986, 0x3986, 0x3986, 0x3986, 0x3986, 0x3986, 0x3986, 0x3986, 0x3986, 0x39a6, 0x39a6, 
0x39a6, 0x39a6, 0x39a6, 0x39a6, 0x39a6, 0x39c6, 0x41e6, 0x4207, 0x4a48, 0x5268, 0x4a28, 0x4207, 0x4a28, 0x4a48, 0x4a48, 0x4227, 
0x41e7, 0x39c6, 0x39c6, 0x39c6, 0x39c6, 0x39a6, 0x3185, 0x3185, 0x3164, 0x3164, 0x31a6, 0x31a6, 0x31a6, 0x39c6, 0x39a6, 0x31a6, 
0x31a6, 0x31a6, 0x39c6, 0x41e7, 0x41e7, 0x41e6, 0x41e7, 0x4207, 0x41e7, 0x39e6, 0x41e6, 0x41e7, 0x41e7, 0x41e7, 0x41e7, 0x4207, 
0x4207, 0x4207, 0x4227, 0x4a27, 0x4207, 0x4207, 0x4207, 0x4207, 0x4207, 0x4207, 0x4207, 0x39e7, 0x4207, 0x4207, 0x4207, 0x41e7, 
0x4207, 0x4207, 0x4207, 0x4228, 0x4228, 0x4a28, 0x52aa, 0x5289, 0x4228, 0x4228, 0x4228, 0x4207, 0x4207, 0x4207, 0x41e7, 0x4207, 
0x4207, 0x4207, 0x41e7, 0x41e7, 0x4207, 0x4207, 0x4a48, 0x4a68, 0x5268, 0x5268, 0x39e6, 0x39e7, 0x39e7, 0x39c6, 0x39c6, 0x31a6, 
0x31a6, 0x31a6, 0x31a6, 0x31a6, 0x31a6, 0x31a6, 0x31a6, 0x31a6, 0x31a6, 0x39e7, 0x3185, 0x3185, 0x3185, 0x3185, 0x31a5, 0x39a6, 
0x39a6, 0x41e6, 0x39a6, 0x3185, 0x3186, 0x31a6, 0x39a6, 0x39a6, 0x39a6, 0x39a6, 0x39a6, 0x39a6, 0x3185, 0x3185, 0x3185, 0x3185, 
0x3185, 0x3185, 0x3185, 0x3165, 0x3165, 0x3185, 0x3185, 0x31a5, 0x39c6, 0x41e7, 0x39a6, 0x3165, 0x3185, 0x3185, 0x3185, 0x3185, 
0x31a6, 0x31a6, 0x31a6, 0x31a6, 0x31a6, 0x31a6, 0x31a6, 0x31a6, 0x31a6, 0x31a6, 0x31a6, 0x31a6, 0x31a6, 0x31a6, 0x41e7, 0x5268, 
0x5268, 0x5288, 0x5288, 0x39e7, 0x39c6, 0x39c6, 0x39c6, 0x39c6, 0x39c6, 0x4207, 0x4228, 0x4207, 0x4207, 0x4207, 0x4227, 0x4a28, 
0x4a28, 0x4a48, 0x4a28, 0x4a28, 0x4228, 0x4207, 0x4207, 0x4207, 0x4207, 0x4a27, 0x4a28, 0x4a48, 0x4a48, 0x4227, 0x4207, 0x39e7, 
0x41e7, 0x41e7, 0x39e7, 0x41e6, 0x41e7, 0x39e6, 0x39c6, 0x39c6, 0x39c6, 0x39c6, 0x39c6, 0x39c6, 0x39c6, 0x39c6, 0x4a48, 0x4a48, 
0x4a48, 0x4a48, 0x4207, 0x4207, 0x4207, 0x4207, 0x4207, 0x41e7, 0x4207, 0x4207, 0x4207, 0x4207, 0x4207, 0x4207, 0x4207, 0x4207, 
0x4207, 0x4207, 0x4a28, 0x4a48, 0x39a6, 0x3186, 0x3986, 0x3986, 0x3986, 0x3986, 0x3986, 0x3986, 0x3986, 0x3986, 0x39a6, 0x39a6, 
0x39a6, 0x39a6, 0x39a6, 0x39a6, 0x39a6, 0x39c6, 0x4207, 0x4a48, 0x4a68, 0x4a28, 0x4207, 0x4227, 0x5268, 0x5269, 0x4a28, 0x4a28, 
0x4207, 0x4207, 0x4207, 0x4207, 0x4207, 0x41e7, 0x39a6, 0x39a6, 0x31a6, 0x3185, 0x3185, 0x31a6, 0x39a6, 0x39c6, 0x39a6, 0x31a6, 
0x31a6, 0x31a6, 0x31a6, 0x39e6, 0x41e7, 0x4207, 0x4207, 0x41e7, 0x39c6, 0x39c6, 0x39e6, 0x39c6, 0x41e7, 0x41e7, 0x4207, 0x4207, 
0x4207, 0x4a27, 0x4a48, 0x4207, 0x4207, 0x41e7, 0x41e7, 0x4207, 0x41e7, 0x4207, 0x4207, 0x4207, 0x4207, 0x4207, 0x41e7, 0x41e7, 
0x4207, 0x4207, 0x4208, 0x5acb, 0x630b, 0x5aca, 0x5aeb, 0x4248, 0x4207, 0x4207, 0x4227, 0x4228, 0x4227, 0x41e7, 0x41e7, 0x41e7, 
0x4207, 0x41e7, 0x41e7, 0x4207, 0x4207, 0x4207, 0x4a48, 0x4a68, 0x4a48, 0x5268, 0x41e7, 0x39e7, 0x39e6, 0x39c6, 0x39a6, 0x31a6, 
0x31a6, 0x31a6, 0x31a6, 0x31a6, 0x31a6, 0x31a6, 0x31a6, 0x31a6, 0x39a6, 0x39e7, 0x3185, 0x3185, 0x3185, 0x31a5, 0x39a6, 0x39c6, 
0x39c6, 0x31a6, 0x3186, 0x31a6, 0x31a6, 0x39a6, 0x39c6, 0x39c6, 0x31a5, 0x39a6, 0x39a6, 0x31a6, 0x31a6, 0x31a5, 0x39a6, 0x3185, 
0x31a5, 0x3185, 0x3185, 0x3185, 0x3185, 0x3165, 0x3185, 0x3185, 0x39a6, 0x4207, 0x39a6, 0x3165, 0x3185, 0x3185, 0x3185, 0x3185, 
0x31a6, 0x31a6, 0x31a6, 0x31a6, 0x31a6, 0x31a6, 0x31a6, 0x31a6, 0x31a6, 0x31a6, 0x31a6, 0x31a6, 0x31a6, 0x31a6, 0x31a6, 0x41e7, 
0x5268, 0x5268, 0x5288, 0x5288, 0x39e7, 0x39c6, 0x39c6, 0x39c6, 0x39e7, 0x4228, 0x4228, 0x4a48, 0x4207, 0x4228, 0x4a48, 0x4a48, 
0x4a48, 0x4a48, 0x4a28, 0x4a28, 0x4228, 0x4207, 0x4227, 0x4228, 0x4a48, 0x4a48, 0x4227, 0x4227, 0x4207, 0x4207, 0x4227, 0x4207, 
0x41e7, 0x41e7, 0x41e7, 0x39c6, 0x39e6, 0x39e6, 0x39e6, 0x39c6, 0x39c6, 0x39c6, 0x39c6, 0x39c6, 0x39e6, 0x4207, 0x5288, 0x5aa9, 
0x4a48, 0x4a48, 0x4228, 0x4207, 0x4207, 0x4207, 0x41e7, 0x4207, 0x4207, 0x41e7, 0x4207, 0x4207, 0x4207, 0x4207, 0x4207, 0x4207, 
0x4207, 0x4207, 0x4a48, 0x4207, 0x3186, 0x3986, 0x3986, 0x3986, 0x3986, 0x3986, 0x3986, 0x3986, 0x3986, 0x39a6, 0x39a6, 0x39a6, 
0x39a6, 0x39a6, 0x39a6, 0x39a6, 0x41e7, 0x4207, 0x4207, 0x5268, 0x4a48, 0x4a48, 0x4a68, 0x4a28, 0x5268, 0x5289, 0x4a48, 0x4207, 
0x4a27, 0x4a27, 0x4a27, 0x4a27, 0x4207, 0x41e6, 0x41e6, 0x4207, 0x4207, 0x39e6, 0x39a6, 0x39a6, 0x39c6, 0x39c6, 0x39c6, 0x31a6, 
0x31a5, 0x31a5, 0x31a6, 0x31a6, 0x39c6, 0x4228, 0x4227, 0x39e6, 0x39c6, 0x39c6, 0x39c6, 0x39c6, 0x41e6, 0x41e7, 0x4207, 0x41e7, 
0x4207, 0x4207, 0x4a28, 0x4227, 0x41e7, 0x4207, 0x39e7, 0x39e7, 0x4207, 0x4207, 0x41e7, 0x41e7, 0x41e7, 0x41e7, 0x39e7, 0x39e7, 
0x4207, 0x4207, 0x4a69, 0x5aca, 0x528a, 0x5aeb, 0x528a, 0x5289, 0x4207, 0x4207, 0x4207, 0x4a48, 0x4227, 0x4207, 0x41e7, 0x41e7, 
0x4207, 0x39e7, 0x41e7, 0x41e7, 0x41e7, 0x4207, 0x4207, 0x4207, 0x4a28, 0x4a27, 0x41e7, 0x39e6, 0x39c6, 0x39a6, 0x39a6, 0x31a6, 
0x31a6, 0x31a6, 0x31a6, 0x31a6, 0x31a6, 0x31a6, 0x31a6, 0x31a6, 0x39a6, 0x41e7, 0x3185, 0x3185, 0x3185, 0x39a6, 0x31a6, 0x3185, 
0x39a6, 0x31a6, 0x39a6, 0x31a6, 0x39a5, 0x31a6, 0x39a6, 0x39c6, 0x31a5, 0x39a6, 0x39a6, 0x39a6, 0x39a6, 0x3185, 0x39a5, 0x39a6, 
0x3185, 0x3185, 0x3185, 0x3165, 0x3185, 0x3165, 0x3165, 0x3165, 0x31a6, 0x4227, 0x39a5, 0x3165, 0x3185, 0x3185, 0x3185, 0x3185, 
0x31a6, 0x31a6, 0x31a6, 0x31a6, 0x31a6, 0x31a6, 0x31a6, 0x31a6, 0x31a6, 0x31a6, 0x31a6, 0x31a6, 0x31a6, 0x31a6, 0x31a6, 0x31a6, 
0x41e7, 0x5268, 0x5268, 0x5288, 0x5288, 0x39e7, 0x39c6, 0x39c6, 0x4228, 0x4228, 0x4228, 0x4a28, 0x4a28, 0x4228, 0x4a48, 0x4a68, 
0x4a48, 0x4a48, 0x4a48, 0x4a48, 0x4a68, 0x5268, 0x4a68, 0x4a48, 0x4a48, 0x4207, 0x4207, 0x4a27, 0x4207, 0x4207, 0x4207, 0x4a27, 
0x4207, 0x41e7, 0x39e7, 0x39c7, 0x39e7, 0x39e7, 0x41e6, 0x39c6, 0x39c6, 0x39c6, 0x39c6, 0x39c6, 0x39c6, 0x41e6, 0x5aa9, 0x5ac9, 
0x4a48, 0x4a28, 0x4207, 0x4207, 0x4207, 0x4207, 0x4207, 0x4207, 0x4207, 0x4207, 0x4207, 0x4207, 0x4207, 0x4207, 0x4207, 0x41e7, 
0x41e7, 0x4227, 0x4a48, 0x39c6, 0x3186, 0x3986, 0x3986, 0x3986, 0x3986, 0x3186, 0x31a6, 0x31a6, 0x3986, 0x39a6, 0x39a6, 0x39a6, 
0x39a6, 0x39a5, 0x39c6, 0x41e7, 0x4a28, 0x4a48, 0x5268, 0x5289, 0x5268, 0x5268, 0x5289, 0x5268, 0x5289, 0x4a48, 0x4207, 0x4a48, 
0x4a27, 0x4a27, 0x4a28, 0x4207, 0x41e6, 0x41e6, 0x41e7, 0x4207, 0x4207, 0x4228, 0x4227, 0x4207, 0x39c7, 0x39e6, 0x41e6, 0x41e6, 
0x31a5, 0x3185, 0x31a6, 0x31a6, 0x39c6, 0x39e7, 0x39c6, 0x39c6, 0x39c6, 0x39c6, 0x39c6, 0x39c6, 0x39c6, 0x39c6, 0x41e6, 0x41e7, 
0x4a27, 0x41e7, 0x41e7, 0x4207, 0x41e7, 0x41e7, 0x39e6, 0x39e7, 0x4207, 0x39e7, 0x4207, 0x4207, 0x39e7, 0x39c6, 0x41e7, 0x41e7, 
0x4207, 0x4207, 0x4a28, 0x5289, 0x4a49, 0x5289, 0x528a, 0x4a48, 0x41e7, 0x4207, 0x4207, 0x4207, 0x4207, 0x4207, 0x41e7, 0x41e7, 
0x41e7, 0x39e6, 0x39c6, 0x41e7, 0x4207, 0x41e7, 0x41e7, 0x4207, 0x4207, 0x4227, 0x39e6, 0x39c6, 0x39a6, 0x39a6, 0x39a6, 0x39a6, 
0x31a6, 0x31a6, 0x31a6, 0x31a6, 0x31a6, 0x31a6, 0x31a6, 0x31a6, 0x39a6, 0x4207, 0x39a6, 0x3185, 0x3185, 0x39a5, 0x39a5, 0x31a6, 
0x39a6, 0x3985, 0x3185, 0x39a6, 0x31a5, 0x39a6, 0x39c6, 0x41e7, 0x3186, 0x31a5, 0x39a6, 0x31a5, 0x39a5, 0x3185, 0x39a5, 0x3185, 
0x3185, 0x3185, 0x3185, 0x3185, 0x3185, 0x3185, 0x3165, 0x3185, 0x3185, 0x4207, 0x39a5, 0x3165, 0x3185, 0x3185, 0x3185, 0x3185, 
0x31a6, 0x31a6, 0x31a6, 0x31a6, 0x31a6, 0x31a6, 0x31a6, 0x31a6, 0x31a6, 0x31a6, 0x31a6, 0x31a6, 0x31a6, 0x31a6, 0x31a6, 0x31a6, 
0x31a6, 0x41e7, 0x5268, 0x5268, 0x5288, 0x5288, 0x4a27, 0x4a28, 0x4a28, 0x4228, 0x4207, 0x4a48, 0x4a48, 0x4a28, 0x4a48, 0x5269, 
0x5289, 0x52a9, 0x52a9, 0x52a9, 0x52a9, 0x5289, 0x4a48, 0x4227, 0x4207, 0x4207, 0x4207, 0x4207, 0x4207, 0x39e7, 0x41e7, 0x4207, 
0x4a27, 0x41e7, 0x39e7, 0x39e7, 0x39e7, 0x39e6, 0x39c6, 0x39e6, 0x39c6, 0x39c6, 0x39e6, 0x39c6, 0x39e6, 0x4207, 0x5289, 0x62ea, 
0x4a68, 0x4a28, 0x4207, 0x4207, 0x4207, 0x4a28, 0x4a27, 0x4207, 0x4207, 0x4a27, 0x4227, 0x4227, 0x4a27, 0x4207, 0x4207, 0x4207, 
0x41e7, 0x4227, 0x4207, 0x3986, 0x3986, 0x3986, 0x3186, 0x3186, 0x3186, 0x31a6, 0x31a6, 0x31a6, 0x3986, 0x39a6, 0x39a6, 0x39a6, 
0x39a6, 0x39c6, 0x4a28, 0x4a48, 0x5268, 0x5289, 0x5289, 0x5289, 0x4a28, 0x4a48, 0x5268, 0x5289, 0x5289, 0x4a28, 0x4207, 0x4a27, 
0x4227, 0x4a28, 0x4207, 0x41e6, 0x41e6, 0x4207, 0x4a27, 0x4a28, 0x4a28, 0x4a28, 0x4a48, 0x4a48, 0x4207, 0x4207, 0x4227, 0x41e6, 
0x39a5, 0x3185, 0x3185, 0x31a6, 0x39c6, 0x31a6, 0x39a6, 0x39a6, 0x39a6, 0x39c6, 0x41e6, 0x41e6, 0x39c6, 0x39c6, 0x39c6, 0x41e7, 
0x4207, 0x4207, 0x41e7, 0x4207, 0x4207, 0x41e7, 0x39e7, 0x41e7, 0x41e7, 0x41e7, 0x41e7, 0x39e7, 0x41e7, 0x39e6, 0x39c7, 0x41e7, 
0x4207, 0x4207, 0x5289, 0x4228, 0x4207, 0x4228, 0x52a9, 0x4207, 0x4207, 0x41e7, 0x4207, 0x39e7, 0x4207, 0x41e7, 0x4207, 0x41e7, 
0x4207, 0x41e7, 0x39c6, 0x39e6, 0x41e7, 0x41e7, 0x41e7, 0x41e7, 0x4207, 0x4207, 0x39c6, 0x39a6, 0x39a6, 0x39a6, 0x39a6, 0x39a6, 
0x31a6, 0x31a6, 0x31a6, 0x31a6, 0x31a6, 0x31a6, 0x31a6, 0x31a6, 0x31a6, 0x4207, 0x39a6, 0x3185, 0x3185, 0x3185, 0x39a6, 0x31a6, 
0x31a5, 0x3185, 0x3186, 0x31a5, 0x3185, 0x31a6, 0x39c6, 0x4207, 0x31a6, 0x31a6, 0x31a5, 0x3185, 0x39a6, 0x31a5, 0x39a5, 0x39a6, 
0x39a6, 0x3185, 0x3185, 0x3185, 0x3165, 0x3185, 0x3185, 0x3165, 0x3185, 0x41e6, 0x3185, 0x3185, 0x3185, 0x3185, 0x3185, 0x3185, 
0x31a6, 0x31a6, 0x31a6, 0x31a6, 0x31a6, 0x31a6, 0x31a6, 0x31a6, 0x31a6, 0x31a6, 0x31a6, 0x31a6, 0x31a6, 0x31a6, 0x31a6, 0x31a6, 
0x31a6, 0x31a6, 0x41e7, 0x4a48, 0x4a48, 0x4a68, 0x5268, 0x5268, 0x4a48, 0x4a68, 0x4a48, 0x5269, 0x5269, 0x5289, 0x5289, 0x5289, 
0x5aaa, 0x5aca, 0x5aaa, 0x4a48, 0x4227, 0x4207, 0x4207, 0x4207, 0x4207, 0x4207, 0x41e7, 0x41e7, 0x39e6, 0x41e6, 0x41e6, 0x41e7, 
0x4a47, 0x4a27, 0x39c6, 0x39e7, 0x39c6, 0x39c6, 0x39c6, 0x39c6, 0x39a6, 0x39c6, 0x39c6, 0x39e6, 0x41e7, 0x4a48, 0x5aa9, 0x5aa9, 
0x4a28, 0x4207, 0x4207, 0x4207, 0x4a27, 0x4a27, 0x4a27, 0x4a48, 0x4a48, 0x4a48, 0x4227, 0x4a28, 0x4a28, 0x4227, 0x4a28, 0x4227, 
0x4207, 0x4227, 0x41e7, 0x3186, 0x3986, 0x31a6, 0x31a6, 0x31a6, 0x31a6, 0x31a6, 0x31a6, 0x31a6, 0x3986, 0x39a6, 0x39a6, 0x39a6, 
0x39a5, 0x4207, 0x4a48, 0x5268, 0x5268, 0x5268, 0x5268, 0x4a48, 0x4a28, 0x5289, 0x5289, 0x5289, 0x5288, 0x4228, 0x4207, 0x4207, 
0x4a48, 0x4a28, 0x4207, 0x41c6, 0x41e6, 0x41e6, 0x4207, 0x4a27, 0x4227, 0x4a28, 0x4a48, 0x4a27, 0x4207, 0x4207, 0x41e6, 0x4207, 
0x39c6, 0x39c6, 0x39a5, 0x31a5, 0x31a6, 0x31a6, 0x31a6, 0x31a6, 0x31a6, 0x39a6, 0x39c6, 0x39c6, 0x39c6, 0x39e6, 0x39e6, 0x39c6, 
0x41e6, 0x41e7, 0x4207, 0x4207, 0x4207, 0x4207, 0x4207, 0x41e7, 0x39e7, 0x39e7, 0x39e7, 0x41e7, 0x4227, 0x4207, 0x39e7, 0x39e7, 
0x41e7, 0x4228, 0x630c, 0x5aeb, 0x4a48, 0x4207, 0x41e7, 0x41e7, 0x4207, 0x41e7, 0x4207, 0x41e7, 0x41e7, 0x41e7, 0x41e7, 0x41e6, 
0x41e7, 0x41e7, 0x39e7, 0x41e7, 0x41e7, 0x41e7, 0x41e7, 0x4207, 0x4207, 0x41e7, 0x39c6, 0x39a6, 0x39a6, 0x39a6, 0x39a6, 0x39a6, 
0x39a6, 0x31a6, 0x31a6, 0x31a6, 0x31a6, 0x31a6, 0x31a6, 0x31a6, 0x31a6, 0x39c6, 0x3185, 0x3185, 0x39a6, 0x39a6, 0x3185, 0x3185, 
0x31a6, 0x31a6, 0x31a5, 0x3185, 0x39a6, 0x39a6, 0x39a6, 0x41e6, 0x39a6, 0x31a6, 0x39a6, 0x39a6, 0x31a6, 0x31a5, 0x39a6, 0x31a5, 
0x39e6, 0x39a5, 0x3185, 0x3185, 0x3185, 0x3185, 0x3185, 0x3185, 0x3185, 0x39c6, 0x3185, 0x3185, 0x3185, 0x3185, 0x3185, 0x3185, 
0x31a6, 0x31a6, 0x31a6, 0x31a6, 0x31a6, 0x31a6, 0x31a6, 0x31a6, 0x31a6, 0x31a6, 0x31a6, 0x31a6, 0x31a6, 0x31a6, 0x31a6, 0x31a6, 
0x31a6, 0x31a6, 0x31a6, 0x31a6, 0x39c6, 0x39c6, 0x39e6, 0x41e7, 0x4227, 0x4a48, 0x4a68, 0x4a48, 0x4a48, 0x4a48, 0x4a48, 0x4a28, 
0x4a48, 0x4a27, 0x4227, 0x4207, 0x4207, 0x4207, 0x41e7, 0x4207, 0x41e7, 0x41e7, 0x41e7, 0x41e7, 0x39e7, 0x41e6, 0x39e6, 0x39e6, 
0x4a47, 0x5268, 0x4207, 0x39e7, 0x39e7, 0x39c6, 0x39c6, 0x39c6, 0x39c6, 0x39e6, 0x39c6, 0x39c6, 0x39e7, 0x4a68, 0x5289, 0x5288, 
0x4228, 0x4207, 0x4207, 0x4a27, 0x4a48, 0x4227, 0x4227, 0x4a27, 0x4a48, 0x5268, 0x4a48, 0x5268, 0x4a48, 0x4227, 0x4207, 0x4207, 
0x4207, 0x4207, 0x39a6, 0x31a6, 0x31a6, 0x31a6, 0x31a6, 0x31a6, 0x31a6, 0x31a6, 0x31a6, 0x31a6, 0x3986, 0x39a6, 0x39a6, 0x39a6, 
0x39a6, 0x4a47, 0x5268, 0x4a48, 0x4a48, 0x4a28, 0x4a48, 0x4a48, 0x5268, 0x5289, 0x62ca, 0x5aa9, 0x4a48, 0x4207, 0x4207, 0x4a28, 
0x4207, 0x4207, 0x4206, 0x41e6, 0x41e6, 0x41e7, 0x4a07, 0x4227, 0x4227, 0x4a28, 0x4a48, 0x41e7, 0x4206, 0x41e6, 0x41c6, 0x41e6, 
0x41e7, 0x4a27, 0x41c6, 0x3185, 0x3185, 0x3185, 0x31a5, 0x31a6, 0x31a6, 0x31a6, 0x31a6, 0x31a6, 0x31a6, 0x39c6, 0x41e7, 0x41e7, 
0x41e7, 0x41e7, 0x41e7, 0x4207, 0x4207, 0x4207, 0x4207, 0x4207, 0x4207, 0x39e7, 0x39e7, 0x4207, 0x4a48, 0x4207, 0x4207, 0x4207, 
0x4207, 0x4a69, 0x5aca, 0x4228, 0x5aeb, 0x5aca, 0x4227, 0x4207, 0x4207, 0x4207, 0x4207, 0x39e7, 0x4207, 0x4207, 0x39e7, 0x41e7, 
0x4207, 0x39e7, 0x41e7, 0x41e7, 0x41e7, 0x4207, 0x4207, 0x4207, 0x4227, 0x4207, 0x4207, 0x39c6, 0x39a6, 0x39a6, 0x39a6, 0x39a6, 
0x39a6, 0x31a6, 0x31a6, 0x31a6, 0x31a6, 0x31a6, 0x31a6, 0x31a6, 0x31a6, 0x39a6, 0x3185, 0x3185, 0x39a6, 0x39a6, 0x39a5, 0x31a6, 
0x39a6, 0x39a6, 0x31a6, 0x31a6, 0x39a6, 0x39a6, 0x39a6, 0x39c6, 0x31a5, 0x39a6, 0x39a6, 0x39a6, 0x31a6, 0x39a6, 0x39a6, 0x3185, 
0x39a5, 0x3185, 0x3165, 0x3185, 0x3185, 0x3185, 0x3185, 0x3165, 0x3185, 0x39c6, 0x3185, 0x3185, 0x3185, 0x3185, 0x3185, 0x3185, 
0x31a6, 0x31a6, 0x31a6, 0x31a6, 0x31a6, 0x31a6, 0x31a6, 0x31a6, 0x31a6, 0x31a6, 0x31a6, 0x31a6, 0x31a6, 0x31a6, 0x31a6, 0x31a6, 
0x31a6, 0x31a6, 0x31a6, 0x31a6, 0x31a6, 0x31a6, 0x39c6, 0x39e6, 0x39c6, 0x4207, 0x4207, 0x41e7, 0x41e7, 0x41e7, 0x41e7, 0x4207, 
0x4227, 0x4207, 0x41e7, 0x4207, 0x41e7, 0x4207, 0x41e7, 0x4207, 0x41e7, 0x39e6, 0x39e7, 0x41e7, 0x39c6, 0x39c6, 0x39c6, 0x41e7, 
0x39e6, 0x41e7, 0x4207, 0x4207, 0x41e7, 0x39c6, 0x39c6, 0x39c6, 0x39c6, 0x39e6, 0x39c6, 0x39c6, 0x4207, 0x52a9, 0x5ac9, 0x5268, 
0x4227, 0x4207, 0x4207, 0x4a28, 0x4a27, 0x4a27, 0x4a28, 0x4227, 0x4a28, 0x5a89, 0x62ea, 0x5aa9, 0x4a48, 0x4a27, 0x4207, 0x4227, 
0x4a28, 0x4207, 0x31a6, 0x31a6, 0x31a6, 0x31a6, 0x31a6, 0x31a6, 0x31a6, 0x31a6, 0x31a6, 0x31a6, 0x3986, 0x39a6, 0x39a6, 0x39a6, 
0x39a6, 0x5268, 0x4a48, 0x4207, 0x4207, 0x4207, 0x4a28, 0x5a89, 0x5289, 0x5289, 0x5aa9, 0x5268, 0x4a27, 0x4207, 0x4207, 0x4a28, 
0x4207, 0x41e7, 0x41e6, 0x41e6, 0x4207, 0x4207, 0x4a27, 0x4a27, 0x4a28, 0x4207, 0x41e7, 0x4207, 0x4a07, 0x41c6, 0x39c6, 0x39c6, 
0x4207, 0x4a48, 0x4a28, 0x39c6, 0x3185, 0x3185, 0x39a6, 0x39c6, 0x39e7, 0x41e7, 0x39c6, 0x31a6, 0x31a6, 0x39c6, 0x41e6, 0x41e7, 
0x41e7, 0x41e7, 0x39c6, 0x39e7, 0x39e7, 0x4207, 0x4207, 0x41e7, 0x4207, 0x4207, 0x4207, 0x41e7, 0x4207, 0x39e7, 0x4207, 0x4207, 
0x41e7, 0x4a48, 0x4a68, 0x41e7, 0x4228, 0x52aa, 0x4227, 0x4227, 0x4207, 0x4207, 0x41e7, 0x4207, 0x4207, 0x4207, 0x41e7, 0x41e7, 
0x4207, 0x4207, 0x41e7, 0x41e7, 0x4207, 0x4207, 0x41e7, 0x4207, 0x4207, 0x4207, 0x4207, 0x4207, 0x39a6, 0x39a6, 0x39a6, 0x39a6, 
0x39a6, 0x31a6, 0x31a6, 0x31a6, 0x31a6, 0x31a6, 0x31a6, 0x31a6, 0x31a6, 0x39a6, 0x39a6, 0x3185, 0x3185, 0x3185, 0x39a6, 0x39a6, 
0x39a6, 0x39a6, 0x39a6, 0x3186, 0x3185, 0x39a6, 0x39a6, 0x39c6, 0x39a6, 0x39a6, 0x39a6, 0x39a6, 0x39c6, 0x39c6, 0x39a6, 0x3185, 
0x3185, 0x3185, 0x3185, 0x3185, 0x3185, 0x3185, 0x3185, 0x3185, 0x3185, 0x39c6, 0x3185, 0x3185, 0x3185, 0x3185, 0x3185, 0x3185, 
0x31a6, 0x31a6, 0x31a6, 0x31a6, 0x31a6, 0x31a6, 0x31a6, 0x31a6, 0x31a6, 0x31a6, 0x31a6, 0x31a6, 0x31a6, 0x31a6, 0x31a6, 0x31a6, 
0x31a6, 0x31a6, 0x31a6, 0x31a6, 0x31a6, 0x39c6, 0x39e6, 0x41e7, 0x39e7, 0x4207, 0x41e7, 0x39e7, 0x4207, 0x4207, 0x4207, 0x4207, 
0x4207, 0x4207, 0x4207, 0x4207, 0x4207, 0x4207, 0x41e7, 0x41e6, 0x41e6, 0x41e6, 0x39e6, 0x41e7, 0x41e7, 0x39e6, 0x39c6, 0x39c6, 
0x39e6, 0x39e6, 0x39e6, 0x4207, 0x41e7, 0x39c6, 0x39c6, 0x39c6, 0x39c6, 0x39c6, 0x39c6, 0x39c6, 0x4a27, 0x5aa9, 0x5aa9, 0x4228, 
0x4207, 0x4207, 0x4207, 0x4a48, 0x4a48, 0x4a28, 0x4227, 0x4a28, 0x4a48, 0x5aa9, 0x6b2a, 0x4a48, 0x4a48, 0x4a48, 0x4a28, 0x4a27, 
0x4a48, 0x41e7, 0x31a6, 0x31a6, 0x31a6, 0x31a6, 0x31a6, 0x31a6, 0x31a6, 0x31a6, 0x31a6, 0x31a6, 0x3986, 0x39a6, 0x39a6, 0x39a6, 
0x39c6, 0x4a28, 0x4a27, 0x4a27, 0x4a28, 0x4227, 0x4a27, 0x5289, 0x62ca, 0x5aa9, 0x5289, 0x4227, 0x4a48, 0x4a27, 0x4207, 0x4207, 
0x41e6, 0x41e6, 0x41e7, 0x41c6, 0x41e6, 0x41e6, 0x4207, 0x4207, 0x4207, 0x4207, 0x41e6, 0x41e6, 0x41e6, 0x39a5, 0x3985, 0x41c7, 
0x4208, 0x4a28, 0x5268, 0x41e7, 0x39a6, 0x31a5, 0x3185, 0x39c6, 0x39c6, 0x41e7, 0x41e7, 0x39c6, 0x31a6, 0x31a6, 0x39c6, 0x41e6, 
0x41e7, 0x41e7, 0x41e7, 0x41e7, 0x41e7, 0x4207, 0x4207, 0x4207, 0x4207, 0x4207, 0x41e7, 0x4207, 0x41e7, 0x39c6, 0x39c7, 0x41e7, 
0x41e7, 0x4a48, 0x41e7, 0x4207, 0x41e7, 0x4207, 0x4207, 0x4228, 0x4227, 0x4207, 0x4207, 0x4207, 0x41e7, 0x4207, 0x41e7, 0x41e7, 
0x4207, 0x4207, 0x41e7, 0x41e7, 0x4207, 0x4207, 0x4207, 0x4207, 0x4228, 0x4207, 0x4207, 0x4207, 0x39c6, 0x39a6, 0x39a6, 0x39a6, 
0x39a6, 0x31a6, 0x31a6, 0x31a6, 0x31a6, 0x31a6, 0x31a6, 0x31a6, 0x31a6, 0x39a6, 0x31a6, 0x3185, 0x3185, 0x3185, 0x39a6, 0x39a6, 
0x3185, 0x39a6, 0x39a6, 0x31a6, 0x31a6, 0x39a6, 0x39a6, 0x39a6, 0x39a6, 0x31a6, 0x39a6, 0x39a6, 0x39c6, 0x41e6, 0x39a6, 0x31a5, 
0x31a6, 0x3185, 0x3185, 0x3185, 0x3185, 0x3165, 0x3165, 0x3185, 0x3185, 0x39a6, 0x3185, 0x3185, 0x3185, 0x3185, 0x3185, 0x3185, 
0x3185, 0x31a6, 0x31a6, 0x31a6, 0x31a6, 0x31a6, 0x31a6, 0x31a6, 0x31a6, 0x31a6, 0x31a6, 0x31a6, 0x31a6, 0x31a6, 0x31a6, 0x31a6, 
0x31a6, 0x31a6, 0x31a6, 0x31a6, 0x39a6, 0x4207, 0x41e7, 0x39c6, 0x39e7, 0x41e7, 0x41e7, 0x4207, 0x4207, 0x4207, 0x4207, 0x4207, 
0x41e7, 0x4207, 0x4207, 0x4207, 0x4207, 0x4207, 0x41e7, 0x41e7, 0x41e7, 0x41e6, 0x39e6, 0x39c6, 0x39e6, 0x39e6, 0x39c6, 0x39c6, 
0x41e6, 0x39c6, 0x39c6, 0x41e7, 0x39e6, 0x39c6, 0x39c6, 0x41e6, 0x39c6, 0x39e6, 0x39e6, 0x4a27, 0x5aa9, 0x5ac9, 0x4a48, 0x4227, 
0x4207, 0x41e7, 0x4207, 0x4a48, 0x4a68, 0x4227, 0x4a27, 0x4a48, 0x5aa9, 0x62ea, 0x6b2a, 0x62ca, 0x5268, 0x4a27, 0x4a28, 0x4a48, 
0x5289, 0x41e7, 0x3185, 0x31a6, 0x31a6, 0x31a6, 0x31a6, 0x31a6, 0x31a6, 0x31a6, 0x3186, 0x31a6, 0x3186, 0x39a6, 0x39a6, 0x39a6, 
0x39a6, 0x4227, 0x4a27, 0x4227, 0x4a48, 0x4a48, 0x4a48, 0x5289, 0x52a9, 0x5248, 0x4207, 0x4207, 0x4a27, 0x4207, 0x4207, 0x41e6, 
0x41c6, 0x41e6, 0x41e6, 0x39c6, 0x4207, 0x4207, 0x41e6, 0x4207, 0x4207, 0x4a27, 0x4a27, 0x41e6, 0x3185, 0x39a6, 0x41e7, 0x4207, 
0x4a48, 0x4a48, 0x4a27, 0x4227, 0x41e6, 0x39a6, 0x39c6, 0x39c6, 0x41e7, 0x41e7, 0x41e7, 0x41e6, 0x31a6, 0x31a6, 0x31a6, 0x39c6, 
0x39c6, 0x41e7, 0x4207, 0x41e7, 0x4207, 0x4207, 0x4207, 0x4227, 0x4227, 0x4207, 0x4207, 0x41e7, 0x39e7, 0x39e7, 0x41e7, 0x39e7, 
0x4228, 0x52aa, 0x4207, 0x5acb, 0x5aaa, 0x4207, 0x4207, 0x4207, 0x4227, 0x4207, 0x4207, 0x4207, 0x4228, 0x4207, 0x4228, 0x4227, 
0x4207, 0x4207, 0x4207, 0x41e7, 0x4207, 0x4207, 0x4207, 0x4207, 0x4207, 0x4207, 0x4207, 0x4207, 0x39e6, 0x39a6, 0x39a6, 0x39a6, 
0x39a6, 0x39a6, 0x39a6, 0x31a6, 0x31a6, 0x31a6, 0x31a6, 0x31a6, 0x31a6, 0x39a6, 0x39a6, 0x3185, 0x3185, 0x3185, 0x39a5, 0x31a6, 
0x39a6, 0x39c6, 0x31a6, 0x39a6, 0x31a6, 0x3185, 0x39a6, 0x39a6, 0x39a6, 0x39a6, 0x39a6, 0x39a6, 0x39a6, 0x39c6, 0x39a6, 0x31a6, 
0x39a6, 0x31a5, 0x3185, 0x3185, 0x3185, 0x3185, 0x3165, 0x3185, 0x3185, 0x39a5, 0x3185, 0x3185, 0x3185, 0x3185, 0x3185, 0x3185, 
0x3185, 0x3185, 0x31a5, 0x31a6, 0x31a6, 0x31a6, 0x31a6, 0x31a6, 0x31a6, 0x31a6, 0x31a6, 0x31a6, 0x31a6, 0x31a6, 0x31a6, 0x31a6, 
0x31a6, 0x31a6, 0x31a6, 0x31a6, 0x39c6, 0x39e7, 0x39e6, 0x39c6, 0x39e7, 0x4207, 0x4207, 0x4207, 0x4207, 0x4207, 0x4207, 0x4207, 
0x41e7, 0x4207, 0x41e7, 0x4207, 0x41e7, 0x4227, 0x4207, 0x41e7, 0x39e7, 0x39e6, 0x39e6, 0x39c6, 0x39c6, 0x39c6, 0x39c6, 0x39c6, 
0x39c6, 0x39c6, 0x39c6, 0x41e7, 0x39e6, 0x39a6, 0x39a6, 0x39c6, 0x41e6, 0x4a27, 0x4a27, 0x5288, 0x5aa9, 0x62ea, 0x4a48, 0x4207, 
0x4207, 0x4207, 0x4207, 0x4227, 0x4a28, 0x4207, 0x4207, 0x4a48, 0x4a27, 0x62c9, 0x6b4b, 0x62ea, 0x5268, 0x4a48, 0x4a48, 0x5288, 
0x5aa9, 0x39c6, 0x3185, 0x31a6, 0x31a6, 0x31a6, 0x31a6, 0x31a6, 0x3186, 0x3185, 0x3185, 0x3186, 0x31a6, 0x3986, 0x39a6, 0x39a6, 
0x39a6, 0x41e6, 0x4a48, 0x4227, 0x5248, 0x5289, 0x5268, 0x4a48, 0x5248, 0x4a28, 0x41e6, 0x4207, 0x4207, 0x39c6, 0x41e6, 0x41e6, 
0x41c6, 0x41e6, 0x4206, 0x41e6, 0x41e7, 0x4a07, 0x41e6, 0x4207, 0x4207, 0x4207, 0x4a48, 0x4207, 0x39a6, 0x41e7, 0x4a28, 0x4a48, 
0x5268, 0x4a28, 0x4207, 0x4207, 0x4207, 0x41e6, 0x39c6, 0x39c6, 0x41e7, 0x41e7, 0x41e7, 0x39c6, 0x31a6, 0x39a6, 0x39a6, 0x39a6, 
0x39c6, 0x41e6, 0x41e6, 0x41e7, 0x4207, 0x41e7, 0x4227, 0x4207, 0x4207, 0x4207, 0x4207, 0x41e7, 0x39e6, 0x39e6, 0x39e7, 0x39e7, 
0x4a49, 0x5aeb, 0x5aca, 0x4a69, 0x52aa, 0x4a48, 0x39e7, 0x41e7, 0x41e7, 0x4207, 0x4207, 0x4207, 0x4228, 0x4207, 0x4207, 0x4207, 
0x4207, 0x4207, 0x4207, 0x41e7, 0x41e7, 0x4207, 0x4207, 0x4207, 0x4227, 0x4227, 0x4207, 0x4207, 0x39c6, 0x39a6, 0x39a6, 0x39a6, 
0x39a6, 0x39a6, 0x39a6, 0x39a6, 0x31a6, 0x31a6, 0x31a6, 0x31a6, 0x31a6, 0x39c6, 0x3185, 0x3185, 0x3185, 0x31a6, 0x3185, 0x39c6, 
0x39a6, 0x39c6, 0x39a6, 0x31a6, 0x31a6, 0x31a6, 0x31a5, 0x39a6, 0x39a6, 0x3185, 0x39a6, 0x39c6, 0x39c6, 0x39a6, 0x31a5, 0x3185, 
0x3185, 0x3185, 0x3185, 0x3185, 0x3185, 0x3185, 0x3165, 0x3185, 0x3185, 0x39a6, 0x3185, 0x3185, 0x3185, 0x3185, 0x3185, 0x3185, 
0x3185, 0x3185, 0x3185, 0x31a6, 0x31a6, 0x31a6, 0x31a6, 0x31a6, 0x31a6, 0x31a6, 0x31a6, 0x31a6, 0x31a6, 0x31a6, 0x31a6, 0x31a6, 
0x31a6, 0x31a6, 0x31a6, 0x31a6, 0x39c6, 0x39c6, 0x39e6, 0x41e7, 0x4207, 0x4207, 0x4207, 0x41e7, 0x4207, 0x4227, 0x4207, 0x4207, 
0x4207, 0x4207, 0x4207, 0x41e7, 0x41e7, 0x4207, 0x4207, 0x41e6, 0x39e6, 0x39c6, 0x41e6, 0x39e6, 0x39c6, 0x39a6, 0x39c6, 0x39c6, 
0x39c6, 0x39c6, 0x39c6, 0x39e6, 0x41e7, 0x39c6, 0x39c6, 0x39c6, 0x39c6, 0x4207, 0x4a47, 0x4a48, 0x5268, 0x52a9, 0x4a28, 0x4207, 
0x4207, 0x4207, 0x4207, 0x4207, 0x4a27, 0x4207, 0x4227, 0x4a48, 0x4228, 0x5aa8, 0x734b, 0x5aa9, 0x4a48, 0x4a48, 0x4a48, 0x4a48, 
0x4207, 0x31a6, 0x31a6, 0x31a6, 0x31a6, 0x31a6, 0x31a6, 0x3185, 0x3165, 0x3165, 0x3165, 0x3186, 0x31a6, 0x3986, 0x39a6, 0x39a6, 
0x39a6, 0x39a6, 0x4a27, 0x4a48, 0x5aa9, 0x5268, 0x4a48, 0x4227, 0x4a48, 0x4207, 0x41e6, 0x41e6, 0x41e6, 0x39c6, 0x41e6, 0x4207, 
0x41e6, 0x41e6, 0x4206, 0x4207, 0x4207, 0x4207, 0x4207, 0x4207, 0x41e7, 0x4207, 0x4207, 0x4227, 0x4a28, 0x4a48, 0x5289, 0x5289, 
0x4a48, 0x4a28, 0x4a48, 0x4a28, 0x4a28, 0x4207, 0x41e7, 0x39c6, 0x41e7, 0x41e7, 0x41e6, 0x39c6, 0x39c6, 0x39c6, 0x39a6, 0x39a6, 
0x39a6, 0x31a6, 0x31a6, 0x31a6, 0x39c6, 0x4207, 0x4227, 0x4207, 0x4207, 0x4207, 0x4207, 0x41e7, 0x39e7, 0x39c6, 0x39e7, 0x39c6, 
0x39e7, 0x4a49, 0x5aca, 0x4228, 0x5aaa, 0x4a48, 0x41e7, 0x39e7, 0x41e7, 0x4207, 0x4207, 0x4207, 0x4207, 0x4207, 0x4207, 0x4207, 
0x4227, 0x4227, 0x4207, 0x4207, 0x41e7, 0x41e7, 0x4207, 0x4207, 0x4207, 0x4207, 0x4207, 0x4227, 0x4207, 0x39c6, 0x39a6, 0x39a6, 
0x39a6, 0x39a6, 0x39a6, 0x39a6, 0x31a6, 0x31a6, 0x31a6, 0x31a6, 0x31a6, 0x39c6, 0x31a6, 0x3185, 0x3185, 0x39a6, 0x3186, 0x39a6, 
0x3185, 0x31a6, 0x31a6, 0x31a6, 0x39c6, 0x39a6, 0x3185, 0x39a6, 0x31a5, 0x39a6, 0x39a6, 0x39c6, 0x39c6, 0x39a6, 0x3185, 0x3185, 
0x3185, 0x3185, 0x3185, 0x3165, 0x3185, 0x3185, 0x3185, 0x3185, 0x3185, 0x39c6, 0x3185, 0x3185, 0x3185, 0x3185, 0x3185, 0x3185, 
0x3185, 0x3185, 0x3185, 0x3185, 0x31a6, 0x31a6, 0x31a6, 0x31a6, 0x31a6, 0x31a6, 0x31a6, 0x31a6, 0x31a6, 0x31a6, 0x31a6, 0x31a6, 
0x31a6, 0x31a6, 0x31a6, 0x31a6, 0x39c6, 0x41e7, 0x41e7, 0x41e7, 0x41e7, 0x41e7, 0x4207, 0x4207, 0x4207, 0x4207, 0x4207, 0x4207, 
0x41e7, 0x41e7, 0x4207, 0x4207, 0x41e7, 0x41e7, 0x41e6, 0x39c6, 0x39e6, 0x39c6, 0x41e6, 0x39c6, 0x39c6, 0x39c6, 0x39c6, 0x39c6, 
0x39c6, 0x39c6, 0x39c6, 0x39c6, 0x41e7, 0x41e7, 0x39c6, 0x39c6, 0x39a6, 0x39c6, 0x39c6, 0x4a27, 0x62ca, 0x62ea, 0x4a28, 0x4207, 
0x4207, 0x4207, 0x39e7, 0x4207, 0x4a27, 0x4a27, 0x4227, 0x4227, 0x4a48, 0x5aa9, 0x62ea, 0x5a88, 0x4a68, 0x4a48, 0x4227, 0x5268, 
0x39c6, 0x3185, 0x31a6, 0x31a6, 0x3185, 0x3185, 0x3185, 0x3165, 0x3165, 0x3165, 0x3165, 0x3186, 0x31a6, 0x3986, 0x39a6, 0x39a6, 
0x39a6, 0x39a6, 0x4207, 0x5269, 0x5289, 0x5268, 0x5268, 0x4a28, 0x41e7, 0x39c6, 0x39c6, 0x41e6, 0x41c6, 0x41e6, 0x4206, 0x4207, 
0x41e6, 0x41e6, 0x4207, 0x41e7, 0x41e6, 0x41e7, 0x41e7, 0x41e6, 0x41c6, 0x4207, 0x4207, 0x4a48, 0x5289, 0x5aa9, 0x52a9, 0x5269, 
0x4a28, 0x4a48, 0x4a48, 0x4a28, 0x5288, 0x4a48, 0x4a48, 0x39e6, 0x39c6, 0x41e6, 0x39c6, 0x39c6, 0x39a6, 0x39a6, 0x39a6, 0x39c6, 
0x39c6, 0x39c6, 0x39e6, 0x39c6, 0x3186, 0x39c6, 0x4207, 0x4207, 0x4207, 0x4207, 0x4207, 0x41e7, 0x41e7, 0x41e7, 0x39e7, 0x39e7, 
0x39c6, 0x39e7, 0x39e7, 0x4228, 0x5289, 0x4207, 0x4207, 0x41e7, 0x39e7, 0x4207, 0x4207, 0x4207, 0x4207, 0x4207, 0x4207, 0x4207, 
0x4227, 0x4a48, 0x4a48, 0x4207, 0x4207, 0x41e7, 0x4207, 0x41e7, 0x4207, 0x41e7, 0x4207, 0x4207, 0x4207, 0x39e7, 0x39c6, 0x39a6, 
0x39a6, 0x39a6, 0x39a6, 0x39a6, 0x3186, 0x3165, 0x31a6, 0x31a6, 0x31a6, 0x39a6, 0x3185, 0x3185, 0x3185, 0x3185, 0x3185, 0x31a6, 
0x31a6, 0x39a6, 0x39a6, 0x39a6, 0x39c6, 0x31a6, 0x3185, 0x39a6, 0x31a6, 0x39a6, 0x39a6, 0x39a6, 0x39a6, 0x31a6, 0x3185, 0x39a6, 
0x39a6, 0x3185, 0x3185, 0x3185, 0x3165, 0x3165, 0x3185, 0x3185, 0x3186, 0x41e7, 0x39c6, 0x3165, 0x3185, 0x3185, 0x3185, 0x3185, 
0x3185, 0x3185, 0x3185, 0x3185, 0x3185, 0x31a6, 0x31a6, 0x31a6, 0x31a6, 0x31a6, 0x31a6, 0x31a6, 0x31a6, 0x31a6, 0x31a6, 0x31a6, 
0x31a6, 0x31a6, 0x31a6, 0x31a6, 0x39c6, 0x41e7, 0x39e7, 0x41e7, 0x41e7, 0x41e7, 0x41e7, 0x4207, 0x4207, 0x4207, 0x4207, 0x4207, 
0x41e7, 0x41e7, 0x4207, 0x4207, 0x41e7, 0x41e6, 0x39c6, 0x39c6, 0x39c6, 0x39c6, 0x39e6, 0x39c6, 0x39c6, 0x39a6, 0x39c6, 0x39c6, 
0x39a6, 0x39c6, 0x39c6, 0x39a6, 0x39c6, 0x39e6, 0x39c6, 0x41e6, 0x39c6, 0x39c6, 0x41e6, 0x5268, 0x6b0a, 0x5aa9, 0x4207, 0x4207, 
0x4207, 0x4207, 0x4207, 0x4207, 0x4a48, 0x4a48, 0x4a27, 0x4207, 0x4a47, 0x5aa9, 0x62c9, 0x5268, 0x4227, 0x4207, 0x4a27, 0x5248, 
0x39c6, 0x3185, 0x3185, 0x3185, 0x3165, 0x3165, 0x3165, 0x3165, 0x3165, 0x3165, 0x3165, 0x3186, 0x31a6, 0x3986, 0x39a6, 0x39a6, 
0x39a6, 0x39a6, 0x4207, 0x5289, 0x5268, 0x4a68, 0x4207, 0x4207, 0x41e7, 0x41e6, 0x41e6, 0x41e6, 0x41e6, 0x4207, 0x41c6, 0x41e6, 
0x39c6, 0x4206, 0x4206, 0x39e6, 0x41e6, 0x4207, 0x4207, 0x41e6, 0x41e7, 0x4207, 0x4a28, 0x5269, 0x5aa9, 0x5aa9, 0x5269, 0x4a48, 
0x4a28, 0x4a28, 0x4a48, 0x4a48, 0x5268, 0x5268, 0x4a48, 0x41e7, 0x4207, 0x41e7, 0x39c6, 0x39c6, 0x39c6, 0x39c6, 0x39c6, 0x41e7, 
0x4207, 0x4207, 0x4207, 0x4207, 0x39a6, 0x31a6, 0x39e7, 0x4207, 0x4207, 0x4207, 0x4207, 0x4207, 0x41e7, 0x41e7, 0x39e7, 0x39e7, 
0x41e7, 0x41e7, 0x41e7, 0x41e7, 0x41e7, 0x41e7, 0x39e7, 0x41e7, 0x4207, 0x4207, 0x4207, 0x4207, 0x4228, 0x4227, 0x4207, 0x4207, 
0x4207, 0x4a28, 0x5268, 0x4227, 0x41e7, 0x39e7, 0x39e7, 0x41e7, 0x4207, 0x4207, 0x4207, 0x4207, 0x4207, 0x4207, 0x4207, 0x39c6, 
0x39a6, 0x39a6, 0x39a6, 0x39a6, 0x3186, 0x3145, 0x3165, 0x3185, 0x31a5, 0x31a6, 0x3185, 0x3185, 0x3185, 0x3185, 0x31a6, 0x39a6, 
0x39a6, 0x39c6, 0x39a6, 0x31a6, 0x39c6, 0x39a6, 0x3185, 0x39a6, 0x39a6, 0x39c6, 0x41e6, 0x39a6, 0x39a6, 0x31a5, 0x3185, 0x31a6, 
0x39a6, 0x3185, 0x3185, 0x3185, 0x3185, 0x3185, 0x39a5, 0x3185, 0x31a6, 0x4207, 0x39a6, 0x3165, 0x3185, 0x3185, 0x3185, 0x3185, 
0x3185, 0x3185, 0x3185, 0x3185, 0x3185, 0x3185, 0x31a6, 0x31a6, 0x31a6, 0x31a6, 0x31a6, 0x31a6, 0x31a6, 0x31a6, 0x31a6, 0x31a6, 
0x31a6, 0x31a6, 0x31a6, 0x31a6, 0x39c6, 0x41e7, 0x41e7, 0x41e7, 0x39e6, 0x39e7, 0x41e7, 0x41e7, 0x4207, 0x4207, 0x41e7, 0x4207, 
0x41e7, 0x4207, 0x41e7, 0x41e7, 0x39e6, 0x41e6, 0x39c6, 0x39c6, 0x39c6, 0x39c6, 0x39c6, 0x39c6, 0x39c6, 0x39c6, 0x39a6, 0x39c6, 
0x39c6, 0x39c6, 0x39a6, 0x39a6, 0x39a6, 0x39c6, 0x39e7, 0x41e6, 0x39c6, 0x39c6, 0x4207, 0x5aca, 0x5ac9, 0x4a48, 0x4207, 0x4227, 
0x4207, 0x4207, 0x4227, 0x4207, 0x4a27, 0x4a27, 0x4207, 0x4207, 0x4a47, 0x4a48, 0x4a47, 0x4a27, 0x4a28, 0x4a28, 0x4227, 0x39c6, 
0x3186, 0x3165, 0x3165, 0x3165, 0x3165, 0x3165, 0x3165, 0x3165, 0x3165, 0x3165, 0x3165, 0x3186, 0x31a6, 0x3986, 0x39a6, 0x39a6, 
0x39a6, 0x39a5, 0x4207, 0x5288, 0x5288, 0x4a27, 0x41e7, 0x4207, 0x39c6, 0x39c6, 0x41e6, 0x4206, 0x41e6, 0x39c6, 0x39c6, 0x39c6, 
0x41c6, 0x41e6, 0x41e6, 0x4207, 0x41e7, 0x4a27, 0x4207, 0x41e7, 0x4207, 0x4a28, 0x5269, 0x5289, 0x5268, 0x4a48, 0x4a48, 0x4a48, 
0x4a28, 0x4a68, 0x4a48, 0x4a48, 0x5268, 0x5268, 0x5268, 0x4a27, 0x4207, 0x41e7, 0x41e7, 0x39e7, 0x39e7, 0x41e7, 0x4207, 0x4207, 
0x41e7, 0x39e6, 0x39e6, 0x39c6, 0x39c6, 0x39c6, 0x39a6, 0x39c6, 0x4207, 0x4207, 0x4227, 0x4227, 0x4207, 0x41e7, 0x39e7, 0x39c6, 
0x39c7, 0x39e7, 0x39e7, 0x4207, 0x41e7, 0x39e7, 0x41e7, 0x41e7, 0x39e7, 0x41e7, 0x41e7, 0x41e7, 0x4207, 0x4a48, 0x4227, 0x4207, 
0x4207, 0x4227, 0x4a48, 0x4207, 0x4207, 0x39e7, 0x39e7, 0x41e7, 0x4207, 0x4207, 0x4207, 0x4207, 0x4227, 0x4228, 0x4207, 0x41e7, 
0x39a6, 0x39a6, 0x39a6, 0x39a6, 0x3186, 0x3145, 0x3145, 0x3145, 0x3185, 0x31a5, 0x3185, 0x3185, 0x3165, 0x3185, 0x39a6, 0x39a6, 
0x39a6, 0x39a6, 0x39c6, 0x39a6, 0x39a6, 0x39a6, 0x39a6, 0x39a6, 0x39a6, 0x4a48, 0x4207, 0x39a6, 0x31a6, 0x39a5, 0x3185, 0x3185, 
0x31a5, 0x3185, 0x3185, 0x3185, 0x3185, 0x3185, 0x3185, 0x3185, 0x39a6, 0x4207, 0x39c6, 0x3165, 0x3185, 0x3185, 0x3185, 0x3185, 
0x3185, 0x3185, 0x3185, 0x3185, 0x3185, 0x3185, 0x3185, 0x31a6, 0x31a6, 0x31a6, 0x31a6, 0x31a6, 0x31a6, 0x31a6, 0x31a6, 0x31a6, 
0x31a6, 0x31a6, 0x31a6, 0x31a6, 0x39c6, 0x41e7, 0x41c6, 0x39c6, 0x39e7, 0x39e7, 0x39e7, 0x39e7, 0x41e7, 0x41e7, 0x4207, 0x41e7, 
0x41e7, 0x41e7, 0x41e7, 0x41e6, 0x41e7, 0x39c6, 0x39c6, 0x39c6, 0x39c6, 0x39c6, 0x39c6, 0x39c6, 0x39c6, 0x39c6, 0x39a6, 0x39a6, 
0x39a6, 0x39c6, 0x39c6, 0x39c6, 0x39c6, 0x39c6, 0x41e7, 0x39e6, 0x39c6, 0x39c6, 0x5268, 0x630a, 0x5aa9, 0x4a48, 0x4207, 0x4207, 
0x4207, 0x4207, 0x4207, 0x4207, 0x4207, 0x4207, 0x4207, 0x4227, 0x4227, 0x4a27, 0x4227, 0x4207, 0x5248, 0x4a48, 0x39c6, 0x3165, 
0x3165, 0x3165, 0x3165, 0x3165, 0x3165, 0x3165, 0x3165, 0x3165, 0x3165, 0x3165, 0x3165, 0x3186, 0x31a6, 0x3986, 0x39a6, 0x39a6, 
0x39a6, 0x39a5, 0x4207, 0x4207, 0x4207, 0x39c6, 0x41e6, 0x41e7, 0x39c6, 0x39a6, 0x39e6, 0x39c6, 0x39c6, 0x41c6, 0x41c6, 0x39a6, 
0x41e6, 0x41e6, 0x41e7, 0x4207, 0x4207, 0x4a27, 0x4a28, 0x4a27, 0x4a68, 0x5289, 0x5268, 0x5269, 0x4a48, 0x4a28, 0x5268, 0x4a48, 
0x4a48, 0x4a48, 0x4a48, 0x5269, 0x4a48, 0x5269, 0x4a48, 0x4207, 0x4207, 0x4207, 0x4207, 0x4207, 0x41e7, 0x39e6, 0x39e6, 0x39c6, 
0x39c6, 0x39c6, 0x39c6, 0x39c6, 0x39c6, 0x39c6, 0x39c6, 0x31a6, 0x39c6, 0x4207, 0x4207, 0x4207, 0x41e7, 0x4207, 0x39e7, 0x41e7, 
0x39c6, 0x39e7, 0x39e7, 0x39e7, 0x41e7, 0x41e7, 0x41e7, 0x4207, 0x39e7, 0x41e7, 0x39e7, 0x39c6, 0x41e7, 0x4a68, 0x4a48, 0x4207, 
0x4207, 0x4227, 0x4207, 0x4a48, 0x4a27, 0x39e7, 0x39e7, 0x4207, 0x41e7, 0x39e7, 0x4207, 0x4207, 0x4207, 0x4207, 0x39e7, 0x41e7, 
0x39a6, 0x39a6, 0x39a6, 0x39a6, 0x31a6, 0x3145, 0x3145, 0x3145, 0x3145, 0x3165, 0x3185, 0x3185, 0x3185, 0x3186, 0x39a6, 0x39c6, 
0x39a6, 0x39c6, 0x39c6, 0x39c6, 0x39c6, 0x41e6, 0x41e6, 0x39a6, 0x39a6, 0x41e7, 0x39a6, 0x3185, 0x3185, 0x31a5, 0x3185, 0x3185, 
0x39a6, 0x31a5, 0x3185, 0x3185, 0x31a5, 0x3185, 0x3185, 0x3185, 0x39a6, 0x4207, 0x41e7, 0x3185, 0x3185, 0x3185, 0x3185, 0x3185, 
0x3185, 0x3185, 0x3185, 0x3185, 0x3185, 0x3185, 0x3185, 0x3185, 0x31a5, 0x31a6, 0x31a6, 0x31a6, 0x31a6, 0x31a6, 0x31a6, 0x31a6, 
0x31a6, 0x31a6, 0x31a6, 0x31a6, 0x39a6, 0x41e6, 0x41e7, 0x39c6, 0x41e7, 0x41e7, 0x39e7, 0x39e7, 0x41e7, 0x41e6, 0x39e7, 0x41e7, 
0x4207, 0x4207, 0x4207, 0x39c6, 0x39e6, 0x39c6, 0x39c6, 0x39c6, 0x39c6, 0x41e6, 0x39c6, 0x39c6, 0x39c6, 0x39c6, 0x39c6, 0x39c6, 
0x39a6, 0x39a6, 0x39a6, 0x39c6, 0x39a6, 0x39c6, 0x4207, 0x39c6, 0x39c6, 0x39e6, 0x5288, 0x62ea, 0x5268, 0x4a28, 0x4207, 0x4207, 
0x41e7, 0x4207, 0x41e7, 0x4207, 0x4207, 0x4207, 0x4207, 0x4207, 0x4207, 0x4227, 0x4a27, 0x4a27, 0x4227, 0x4207, 0x3986, 0x3165, 
0x3165, 0x3165, 0x3165, 0x3165, 0x3165, 0x3165, 0x3165, 0x3165, 0x3165, 0x3165, 0x3165, 0x3186, 0x31a6, 0x3986, 0x39a6, 0x39a6, 
0x39a6, 0x39c6, 0x4a47, 0x4a27, 0x39c6, 0x39c6, 0x39c6, 0x39c6, 0x41e6, 0x41e6, 0x39c6, 0x39c6, 0x39c6, 0x41e6, 0x39c6, 0x39c6, 
0x4207, 0x41e6, 0x4207, 0x4207, 0x4227, 0x4a27, 0x4a48, 0x5289, 0x5289, 0x5269, 0x4a68, 0x4a68, 0x4a48, 0x4a48, 0x4a48, 0x4a48, 
0x4a48, 0x5248, 0x5288, 0x5268, 0x5268, 0x5268, 0x4a48, 0x4207, 0x4207, 0x4207, 0x4207, 0x41e7, 0x41e6, 0x39c6, 0x39c6, 0x39c6, 
0x39a6, 0x39a6, 0x39c6, 0x39a6, 0x39a5, 0x39a5, 0x39a6, 0x39c6, 0x39a6, 0x31a6, 0x39a6, 0x39e7, 0x39e6, 0x39c6, 0x39c7, 0x39c6, 
0x39c6, 0x39c6, 0x39e7, 0x39c6, 0x39e7, 0x39c6, 0x39c6, 0x39e7, 0x39e7, 0x41e7, 0x41e7, 0x39c7, 0x41e7, 0x4207, 0x4207, 0x4207, 
0x4207, 0x4207, 0x41e7, 0x4207, 0x4207, 0x39c6, 0x41e7, 0x4207, 0x4207, 0x41e7, 0x41e7, 0x41e7, 0x4207, 0x4207, 0x41e7, 0x39e7, 
0x39a6, 0x39a6, 0x39a6, 0x39a6, 0x31a6, 0x3145, 0x3145, 0x3145, 0x2945, 0x3186, 0x39a6, 0x3185, 0x3185, 0x31a6, 0x31a6, 0x39c6, 
0x39a6, 0x39a6, 0x39a6, 0x31a6, 0x39c6, 0x4207, 0x39e6, 0x39c6, 0x31a6, 0x39c6, 0x31a6, 0x39a6, 0x39a6, 0x31a6, 0x3186, 0x3185, 
0x39a6, 0x31a6, 0x31a6, 0x39c6, 0x3185, 0x3185, 0x3185, 0x3185, 0x31a6, 0x4207, 0x4207, 0x39c6, 0x3165, 0x3185, 0x3185, 0x3185, 
0x3185, 0x3185, 0x3185, 0x3185, 0x3185, 0x3185, 0x3185, 0x3185, 0x3185, 0x31a6, 0x31a6, 0x31a6, 0x31a6, 0x31a6, 0x31a6, 0x31a6, 
0x31a6, 0x31a6, 0x31a6, 0x31a6, 0x31a6, 0x39e6, 0x39e6, 0x39e7, 0x41e7, 0x39e7, 0x41e7, 0x39e7, 0x41e7, 0x41e7, 0x41e7, 0x41e7, 
0x39e7, 0x41e6, 0x41e7, 0x39c6, 0x41e6, 0x41e6, 0x41e6, 0x39c6, 0x39c6, 0x39e6, 0x39c6, 0x39c6, 0x39c6, 0x39a6, 0x39a6, 0x39a6, 
0x39a6, 0x39a6, 0x39a6, 0x39a6, 0x39c6, 0x39c6, 0x41e7, 0x39c6, 0x39c6, 0x4207, 0x5289, 0x5289, 0x4a48, 0x4227, 0x41e7, 0x41e7, 
0x41e7, 0x4207, 0x4207, 0x4207, 0x4207, 0x4207, 0x4207, 0x4207, 0x4207, 0x4207, 0x4207, 0x4a47, 0x4227, 0x39e7, 0x3185, 0x3165, 
0x3165, 0x3165, 0x3165, 0x3165, 0x3165, 0x3165, 0x3165, 0x3165, 0x3165, 0x3165, 0x3165, 0x3186, 0x31a6, 0x3986, 0x39a6, 0x39a6, 
0x39a6, 0x39a6, 0x41e6, 0x4a27, 0x41e6, 0x41c6, 0x4206, 0x41e6, 0x4206, 0x41e6, 0x39c6, 0x39a6, 0x41c6, 0x41c6, 0x41e6, 0x41e6, 
0x41e6, 0x39c6, 0x4207, 0x41e7, 0x4207, 0x4a28, 0x4a48, 0x5289, 0x5268, 0x4a68, 0x4a48, 0x5268, 0x5268, 0x4a68, 0x4a48, 0x4a68, 
0x4a68, 0x5289, 0x5268, 0x4a48, 0x5268, 0x4a48, 0x4a28, 0x4207, 0x41e7, 0x4207, 0x4207, 0x41e6, 0x41e6, 0x41e6, 0x39a6, 0x39c6, 
0x39c6, 0x39a6, 0x39a6, 0x31a6, 0x39a6, 0x39a5, 0x39a6, 0x39c6, 0x39c6, 0x39c6, 0x39a6, 0x39a6, 0x41e7, 0x39c6, 0x39c6, 0x39c6, 
0x39c6, 0x39c6, 0x39c6, 0x39c6, 0x39e7, 0x39e7, 0x39e6, 0x39e7, 0x41e7, 0x41e7, 0x39e7, 0x39c6, 0x41e7, 0x4207, 0x4207, 0x4207, 
0x4207, 0x4207, 0x4a27, 0x4207, 0x41e7, 0x39e7, 0x39e7, 0x41e7, 0x4207, 0x4207, 0x4207, 0x39e7, 0x4207, 0x4207, 0x41e7, 0x39c6, 
0x39a6, 0x39a6, 0x39a6, 0x39a6, 0x3186, 0x3145, 0x3145, 0x3145, 0x3145, 0x3185, 0x3185, 0x3185, 0x31a6, 0x39a5, 0x39a6, 0x39a6, 
0x39a6, 0x39a6, 0x39c6, 0x39a6, 0x41e7, 0x4a48, 0x39c6, 0x39a6, 0x39a6, 0x39a6, 0x39a6, 0x31a6, 0x39a6, 0x39a6, 0x3186, 0x39a6, 
0x39a6, 0x39a6, 0x39a5, 0x39c6, 0x3185, 0x3185, 0x31a5, 0x3185, 0x3185, 0x4207, 0x4207, 0x39c6, 0x3185, 0x3185, 0x3185, 0x3185, 
0x3185, 0x3185, 0x3185, 0x3185, 0x3185, 0x3185, 0x3185, 0x3185, 0x3185, 0x3185, 0x31a5, 0x31a6, 0x31a6, 0x31a6, 0x31a6, 0x31a6, 
0x31a6, 0x31a6, 0x31a6, 0x31a6, 0x31a6, 0x39c6, 0x41e7, 0x39c6, 0x41e7, 0x39e7, 0x39e7, 0x41e7, 0x41e6, 0x39e7, 0x41e7, 0x39e7, 
0x39c6, 0x39c6, 0x41e7, 0x39c6, 0x39e6, 0x39c6, 0x39c6, 0x39c6, 0x39c6, 0x39c6, 0x39c6, 0x39c6, 0x39c6, 0x39c6, 0x39c6, 0x39a6, 
0x39a6, 0x39a6, 0x39a6, 0x39a6, 0x39c6, 0x39c6, 0x41e6, 0x39c6, 0x39c6, 0x4a27, 0x5aa9, 0x5289, 0x4207, 0x4207, 0x4207, 0x4207, 
0x4207, 0x41e7, 0x4207, 0x4207, 0x4207, 0x4207, 0x4207, 0x4207, 0x4207, 0x4207, 0x41e7, 0x4207, 0x4207, 0x3986, 0x3165, 0x3165, 
0x3165, 0x3165, 0x3165, 0x3165, 0x3165, 0x3165, 0x3165, 0x3165, 0x3165, 0x3165, 0x3165, 0x3185, 0x31a6, 0x3186, 0x39a6, 0x39a6, 
0x39a6, 0x39a6, 0x39a6, 0x4207, 0x4a27, 0x4207, 0x4a07, 0x4a07, 0x41e6, 0x39c6, 0x39a6, 0x39a6, 0x41c6, 0x39c6, 0x39c6, 0x41e6, 
0x41e6, 0x41e7, 0x4a27, 0x4207, 0x4a27, 0x4a48, 0x4a68, 0x4a68, 0x4a48, 0x4a68, 0x5268, 0x5289, 0x4a48, 0x4a48, 0x5a89, 0x5268, 
0x5269, 0x5268, 0x5268, 0x5aa9, 0x5289, 0x4a28, 0x4207, 0x41e7, 0x41e7, 0x4207, 0x4207, 0x39c6, 0x39c6, 0x41c6, 0x39a6, 0x39a6, 
0x39c6, 0x39a6, 0x39a6, 0x39a6, 0x39a6, 0x39a6, 0x39a5, 0x39a6, 0x39a5, 0x39a6, 0x39c6, 0x39a6, 0x41e7, 0x39e6, 0x39c6, 0x39c6, 
0x39c6, 0x39c6, 0x39c6, 0x39c6, 0x39e6, 0x39c6, 0x39c6, 0x39e7, 0x39e7, 0x39e7, 0x39e7, 0x41e7, 0x4207, 0x41e7, 0x4207, 0x4227, 
0x4207, 0x4207, 0x4a28, 0x4227, 0x4207, 0x4207, 0x41e7, 0x41e7, 0x4207, 0x4207, 0x4207, 0x39e7, 0x4207, 0x4207, 0x41e7, 0x39e7, 
0x39a6, 0x39a6, 0x39a6, 0x39a6, 0x3186, 0x3145, 0x3145, 0x3145, 0x3145, 0x3165, 0x3185, 0x3185, 0x39a6, 0x39a6, 0x39a6, 0x39a6, 
0x39a6, 0x39a6, 0x39c6, 0x39c6, 0x4a28, 0x4a27, 0x39c6, 0x39a6, 0x39a6, 0x39a6, 0x39c6, 0x39c6, 0x39c6, 0x31a6, 0x3185, 0x39a6, 
0x39c6, 0x39a6, 0x39a6, 0x39c6, 0x31a6, 0x3185, 0x39a5, 0x31a6, 0x31a6, 0x4207, 0x4227, 0x39a6, 0x3165, 0x3185, 0x3185, 0x3185, 
0x3185, 0x3185, 0x3185, 0x3185, 0x3185, 0x3185, 0x3185, 0x3185, 0x3185, 0x3185, 0x3185, 0x31a6, 0x31a6, 0x31a6, 0x31a6, 0x31a6, 
0x31a6, 0x31a6, 0x31a6, 0x31a6, 0x31a6, 0x39c6, 0x39e6, 0x41e7, 0x41e7, 0x41e7, 0x41e7, 0x39e7, 0x39e7, 0x39e7, 0x39c6, 0x41e7, 
0x41e7, 0x41c6, 0x39c6, 0x39c6, 0x39c6, 0x39c6, 0x39c6, 0x39e6, 0x39c6, 0x39c6, 0x39c6, 0x39c6, 0x39c6, 0x39c6, 0x39c6, 0x39a6, 
0x39a6, 0x39a6, 0x39c6, 0x39c6, 0x39c6, 0x39c6, 0x41e7, 0x39c6, 0x39c6, 0x4a48, 0x52a9, 0x4a48, 0x4227, 0x4227, 0x4207, 0x4207, 
0x4207, 0x4207, 0x4207, 0x41e7, 0x4207, 0x4207, 0x41e7, 0x41e7, 0x41e7, 0x4207, 0x4207, 0x4207, 0x41e7, 0x3165, 0x3165, 0x3165, 
0x3165, 0x3165, 0x3165, 0x3165, 0x3165, 0x3165, 0x3165, 0x3165, 0x3165, 0x3165, 0x3165, 0x3185, 0x31a6, 0x3186, 0x3986, 0x39a6, 
0x39a6, 0x39a6, 0x39a6, 0x41e7, 0x41e7, 0x41e6, 0x41c6, 0x4a07, 0x4a07, 0x41e6, 0x39c6, 0x41c6, 0x39c6, 0x39a6, 0x39c6, 0x39a6, 
0x39c6, 0x41e7, 0x4207, 0x4207, 0x5268, 0x5269, 0x5269, 0x5268, 0x4a68, 0x4a68, 0x5268, 0x4a48, 0x4a48, 0x5268, 0x5289, 0x5268, 
0x4a68, 0x4a28, 0x5268, 0x5aa9, 0x4a48, 0x4207, 0x4207, 0x41e6, 0x39c6, 0x39a6, 0x41e6, 0x39c6, 0x39a6, 0x39a5, 0x39a6, 0x39a6, 
0x39a6, 0x39a6, 0x39a5, 0x31a5, 0x39a6, 0x39a6, 0x39a6, 0x39a5, 0x39a6, 0x39a5, 0x39a6, 0x39c6, 0x39a6, 0x39c6, 0x39e7, 0x41e7, 
0x41e7, 0x41e7, 0x39c6, 0x39c6, 0x39c6, 0x39e7, 0x39e7, 0x39e7, 0x39e7, 0x39e7, 0x41e7, 0x41e7, 0x41e7, 0x41e7, 0x41e7, 0x4207, 
0x4a27, 0x4207, 0x4207, 0x4207, 0x4207, 0x4207, 0x4227, 0x4207, 0x41e7, 0x4207, 0x41e7, 0x39e7, 0x4207, 0x41e7, 0x39e7, 0x41e7, 
0x39c6, 0x39a6, 0x39a6, 0x39a6, 0x3186, 0x3145, 0x3145, 0x3145, 0x2945, 0x3185, 0x39a6, 0x3986, 0x31a6, 0x39a6, 0x31a6, 0x39a6, 
0x39c6, 0x41e6, 0x4a28, 0x4207, 0x4a48, 0x39c7, 0x39c6, 0x39a6, 0x39c6, 0x41e6, 0x39c6, 0x39c6, 0x31a6, 0x3185, 0x31a5, 0x39c6, 
0x39c6, 0x39a6, 0x39c6, 0x39c6, 0x3985, 0x31a5, 0x3185, 0x3186, 0x39a6, 0x4207, 0x4207, 0x39a6, 0x3165, 0x3185, 0x3185, 0x3185, 
0x3185, 0x3185, 0x3185, 0x3185, 0x3185, 0x3185, 0x3185, 0x3185, 0x3185, 0x3185, 0x3185, 0x3185, 0x31a6, 0x31a6, 0x31a6, 0x31a6, 
0x31a6, 0x31a6, 0x31a6, 0x31a6, 0x39a6, 0x39c6, 0x39c6, 0x39c6, 0x39c6, 0x41e7, 0x4207, 0x4207, 0x39e6, 0x39e7, 0x39c6, 0x39c6, 
0x39c6, 0x39c6, 0x39c6, 0x41c6, 0x41e6, 0x39c6, 0x39c6, 0x39e6, 0x39e6, 0x41e6, 0x39c6, 0x39c6, 0x39a6, 0x39a6, 0x39a6, 0x39a6, 
0x39c6, 0x39c6, 0x39c6, 0x39c6, 0x39c6, 0x39c6, 0x4207, 0x39e6, 0x39e6, 0x4a68, 0x5289, 0x4a28, 0x4207, 0x4207, 0x4207, 0x41e7, 
0x4207, 0x4207, 0x41e7, 0x41e7, 0x4207, 0x41e7, 0x4207, 0x4207, 0x4207, 0x41e7, 0x4207, 0x4228, 0x41e7, 0x3165, 0x3165, 0x3165, 
0x3165, 0x3165, 0x3165, 0x3165, 0x3165, 0x3165, 0x3165, 0x3165, 0x3165, 0x3165, 0x3165, 0x3185, 0x31a6, 0x3986, 0x3986, 0x39a6, 
0x39a6, 0x39a6, 0x39a6, 0x41e7, 0x41e7, 0x39c6, 0x41e6, 0x41e6, 0x4a07, 0x41e7, 0x39c6, 0x41e6, 0x39c6, 0x39a6, 0x39c6, 0x39c6, 
0x41e6, 0x41e7, 0x4207, 0x4a28, 0x5268, 0x4a68, 0x4a68, 0x4a68, 0x4a68, 0x4a68, 0x4a28, 0x4a68, 0x5268, 0x4a68, 0x4a48, 0x4a68, 
0x4a68, 0x4a48, 0x5268, 0x4a48, 0x41e7, 0x39c6, 0x39c6, 0x39a6, 0x39a6, 0x39c6, 0x41e7, 0x39c6, 0x39a6, 0x39a6, 0x31a5, 0x39a6, 
0x31a5, 0x31a5, 0x39a5, 0x31a5, 0x39a5, 0x39a6, 0x39a5, 0x39a6, 0x39c6, 0x39a6, 0x39a6, 0x39a5, 0x39a6, 0x39a6, 0x39c6, 0x4207, 
0x4a27, 0x4a27, 0x4207, 0x41e7, 0x39e6, 0x41e7, 0x41e7, 0x41e7, 0x39e7, 0x39e7, 0x41e7, 0x41e7, 0x41e6, 0x41e7, 0x39e7, 0x41e7, 
0x4207, 0x41e7, 0x41e7, 0x4207, 0x4207, 0x4207, 0x4207, 0x4207, 0x39e7, 0x39c6, 0x39e7, 0x39e7, 0x39e7, 0x39e7, 0x39e7, 0x41e7, 
0x39e7, 0x39a6, 0x39a6, 0x39a6, 0x3186, 0x3145, 0x3145, 0x3145, 0x3165, 0x39c6, 0x39a6, 0x3986, 0x39a6, 0x39a6, 0x39a6, 0x39a6, 
0x39a6, 0x39c6, 0x4a48, 0x4207, 0x4207, 0x4208, 0x39c6, 0x39c6, 0x39c6, 0x39c6, 0x39c6, 0x39c6, 0x39a6, 0x31a6, 0x39a6, 0x39a6, 
0x31a6, 0x39a6, 0x39c6, 0x39a6, 0x31a5, 0x31a6, 0x31a6, 0x31a6, 0x39c6, 0x4a27, 0x41e7, 0x3185, 0x3185, 0x3185, 0x3185, 0x3185, 
0x3185, 0x3185, 0x3185, 0x3185, 0x3185, 0x3185, 0x3185, 0x3185, 0x3185, 0x3185, 0x3185, 0x3185, 0x3185, 0x31a5, 0x31a6, 0x31a6, 
0x31a6, 0x31a6, 0x31a6, 0x31a6, 0x39a6, 0x39c6, 0x39c6, 0x39e6, 0x39e6, 0x41e7, 0x41e7, 0x41e7, 0x39e7, 0x39e7, 0x39e7, 0x39c6, 
0x39c6, 0x39c6, 0x39c6, 0x39c6, 0x39c6, 0x39c6, 0x39c6, 0x39c6, 0x39c6, 0x39c6, 0x39c6, 0x39c6, 0x39a6, 0x39c6, 0x39c6, 0x39c6, 
0x39c6, 0x39c6, 0x39c6, 0x39c6, 0x39c6, 0x39c6, 0x4a47, 0x41e7, 0x4a27, 0x5aa9, 0x5289, 0x4207, 0x41e7, 0x41e7, 0x41e7, 0x4207, 
0x4207, 0x4207, 0x4207, 0x41e7, 0x41e7, 0x41e7, 0x4207, 0x4207, 0x41e7, 0x4207, 0x4207, 0x4228, 0x39a6, 0x3165, 0x3165, 0x3165, 
0x3165, 0x3165, 0x3165, 0x3165, 0x3165, 0x3165, 0x3165, 0x3165, 0x3165, 0x3165, 0x3165, 0x3185, 0x31a6, 0x3986, 0x39a6, 0x39a6, 
0x39a6, 0x39a6, 0x39a6, 0x39c6, 0x41e6, 0x41c6, 0x41e6, 0x4a27, 0x4a27, 0x4207, 0x41e7, 0x41e6, 0x41e6, 0x39c6, 0x41e6, 0x41e6, 
0x41e7, 0x41e6, 0x41e7, 0x4a48, 0x5289, 0x5268, 0x4a48, 0x4a28, 0x4a48, 0x4227, 0x4a48, 0x5289, 0x4a48, 0x4a48, 0x4a48, 0x5268, 
0x5268, 0x5268, 0x4a27, 0x4207, 0x4207, 0x39a6, 0x39a6, 0x39a6, 0x39c6, 0x39c6, 0x41e6, 0x39c6, 0x39c6, 0x39a6, 0x31a5, 0x31a5, 
0x31a6, 0x39a6, 0x3185, 0x31a5, 0x3185, 0x39a5, 0x31a5, 0x3185, 0x31a5, 0x31a5, 0x39a6, 0x39a6, 0x39a6, 0x3185, 0x3185, 0x39a5, 
0x39a6, 0x39a6, 0x41e6, 0x4207, 0x4207, 0x4207, 0x41e7, 0x39e7, 0x41e7, 0x39e7, 0x41e7, 0x39e7, 0x39e7, 0x41e7, 0x39e7, 0x39e7, 
0x41e7, 0x41e7, 0x41e7, 0x4207, 0x4207, 0x4207, 0x4207, 0x4207, 0x39e7, 0x39e7, 0x41e7, 0x41e7, 0x41e7, 0x41e7, 0x39c7, 0x39e7, 
0x39e7, 0x39a6, 0x39a6, 0x39a6, 0x3186, 0x3145, 0x3145, 0x2945, 0x3185, 0x41e7, 0x31a6, 0x39a6, 0x39a6, 0x39c6, 0x39c6, 0x39c6, 
0x39a6, 0x39a6, 0x4227, 0x5289, 0x4228, 0x62ea, 0x39e7, 0x39c6, 0x39a6, 0x39a6, 0x39c6, 0x39c6, 0x39a6, 0x39c6, 0x39a6, 0x39c6, 
0x39c6, 0x39c6, 0x39c6, 0x39c6, 0x39a6, 0x31a6, 0x39c6, 0x3186, 0x39a6, 0x4207, 0x39e7, 0x3185, 0x3185, 0x3185, 0x3185, 0x3185, 
0x3185, 0x3185, 0x3185, 0x3185, 0x3185, 0x3185, 0x3185, 0x3185, 0x3185, 0x3185, 0x3185, 0x3185, 0x3185, 0x3185, 0x31a5, 0x31a6, 
0x31a6, 0x31a6, 0x31a6, 0x31a6, 0x39c6, 0x39c6, 0x41c6, 0x41e7, 0x41e7, 0x41e7, 0x39e6, 0x41e7, 0x39e7, 0x4207, 0x41e7, 0x39e7, 
0x41e6, 0x39e6, 0x41e6, 0x41e7, 0x39e6, 0x39c6, 0x39c6, 0x39c6, 0x39c6, 0x39c6, 0x39c6, 0x39c6, 0x39c6, 0x39c6, 0x39c6, 0x39c6, 
0x39a6, 0x39c6, 0x39c6, 0x39c6, 0x39a6, 0x39c6, 0x4207, 0x41e7, 0x4a48, 0x52a9, 0x4a28, 0x4207, 0x4207, 0x41e7, 0x4207, 0x4207, 
0x4207, 0x4207, 0x4207, 0x41e7, 0x4207, 0x4207, 0x41e7, 0x4207, 0x41e7, 0x4227, 0x4a48, 0x4207, 0x3185, 0x3165, 0x3165, 0x3165, 
0x3165, 0x3165, 0x3165, 0x3165, 0x3165, 0x3165, 0x3165, 0x3165, 0x39a6, 0x3186, 0x3165, 0x3185, 0x31a6, 0x3986, 0x39a6, 0x39a6, 
0x39a6, 0x39a6, 0x39a6, 0x39c6, 0x4a27, 0x4207, 0x41e6, 0x4a06, 0x4a27, 0x4227, 0x4207, 0x41e6, 0x41e6, 0x41e6, 0x41c6, 0x41e7, 
0x4207, 0x4207, 0x4a48, 0x5289, 0x5289, 0x4a48, 0x4a28, 0x4a28, 0x4207, 0x4a28, 0x5268, 0x4a48, 0x4a48, 0x4a48, 0x4a48, 0x4a48, 
0x4a48, 0x41e6, 0x31a5, 0x39a6, 0x39c6, 0x39a6, 0x39c6, 0x39a6, 0x39c6, 0x39c6, 0x39a5, 0x39a5, 0x39a6, 0x39a6, 0x39a6, 0x39a6, 
0x3185, 0x39a6, 0x3185, 0x3185, 0x3185, 0x31a5, 0x39a6, 0x31a5, 0x39a5, 0x39a6, 0x39a6, 0x39a6, 0x39c6, 0x3185, 0x3185, 0x3185, 
0x3185, 0x3165, 0x3185, 0x3185, 0x41e7, 0x4a48, 0x4207, 0x4207, 0x41e7, 0x41e7, 0x41e7, 0x39e7, 0x39e7, 0x4207, 0x39e7, 0x39c6, 
0x39e7, 0x41e7, 0x41e7, 0x4207, 0x39e7, 0x4207, 0x4207, 0x4207, 0x4207, 0x4207, 0x4227, 0x4207, 0x41c6, 0x39c6, 0x39c6, 0x39c6, 
0x39c6, 0x39a6, 0x39a6, 0x39a6, 0x3186, 0x3145, 0x3145, 0x2945, 0x3986, 0x4207, 0x39a6, 0x39a6, 0x39c6, 0x39c6, 0x39a6, 0x39c6, 
0x41e6, 0x4207, 0x4227, 0x4207, 0x4228, 0x4a48, 0x39c6, 0x39c6, 0x39c6, 0x39a6, 0x39c6, 0x39c6, 0x39c6, 0x39c6, 0x39a6, 0x39a6, 
0x39c6, 0x39c6, 0x39a6, 0x41e7, 0x39e6, 0x39a6, 0x31a6, 0x3186, 0x39a6, 0x4207, 0x41e7, 0x3185, 0x3185, 0x3185, 0x3185, 0x3185, 
0x3185, 0x3185, 0x3185, 0x3185, 0x3185, 0x3185, 0x3185, 0x3185, 0x3185, 0x3185, 0x3185, 0x3185, 0x3185, 0x3185, 0x3185, 0x31a5, 
0x31a6, 0x31a6, 0x31a6, 0x39a6, 0x41e6, 0x41e6, 0x41e6, 0x41e6, 0x41e7, 0x41e7, 0x39e6, 0x4207, 0x39e7, 0x41e7, 0x41e7, 0x39e6, 
0x39e6, 0x39e7, 0x39c6, 0x41e6, 0x41e6, 0x39e6, 0x39c6, 0x39c6, 0x39c6, 0x39c6, 0x39c6, 0x39a6, 0x39a6, 0x39c6, 0x39c6, 0x39c6, 
0x39c6, 0x39a6, 0x39a6, 0x39a6, 0x39c6, 0x41e6, 0x41e7, 0x4a27, 0x5289, 0x5aa9, 0x4a28, 0x4207, 0x41e7, 0x4207, 0x4207, 0x41e7, 
0x4207, 0x4207, 0x41e7, 0x41e7, 0x41e7, 0x41e7, 0x4207, 0x4207, 0x4207, 0x4a28, 0x4a28, 0x39c6, 0x3165, 0x3165, 0x3165, 0x3165, 
0x3165, 0x3165, 0x3165, 0x3165, 0x3165, 0x3165, 0x3165, 0x3165, 0x39c6, 0x39c6, 0x3186, 0x3185, 0x31a6, 0x3986, 0x39a6, 0x39a6, 
0x39a6, 0x39a6, 0x39a6, 0x39c6, 0x41e7, 0x41e7, 0x41e6, 0x41e6, 0x4207, 0x4227, 0x4207, 0x4207, 0x41e6, 0x41c6, 0x41e6, 0x39e6, 
0x41e6, 0x4207, 0x5268, 0x5268, 0x4a48, 0x4a48, 0x4227, 0x4207, 0x4207, 0x4a48, 0x4a48, 0x4a48, 0x4228, 0x4228, 0x4228, 0x4207, 
0x39c6, 0x3185, 0x31a5, 0x31a5, 0x3185, 0x39a6, 0x39a6, 0x39a6, 0x39a6, 0x31a6, 0x39a5, 0x39a5, 0x39a5, 0x39a5, 0x39a5, 0x31a5, 
0x39a5, 0x39a6, 0x39a6, 0x31a5, 0x31a5, 0x39a6, 0x39a5, 0x3185, 0x31a5, 0x39a6, 0x39a6, 0x31a6, 0x39c6, 0x39a6, 0x39a6, 0x3185, 
0x3165, 0x3165, 0x3165, 0x3185, 0x41e7, 0x4207, 0x4207, 0x4207, 0x4a28, 0x4208, 0x4207, 0x4207, 0x4207, 0x41e7, 0x39e6, 0x39c6, 
0x39c6, 0x39e7, 0x39e7, 0x4207, 0x41e7, 0x4207, 0x4207, 0x4207, 0x4207, 0x4227, 0x4207, 0x39e7, 0x39e7, 0x39c6, 0x39c6, 0x39c6, 
0x39a6, 0x39a6, 0x39a6, 0x39a6, 0x3186, 0x3145, 0x3145, 0x2945, 0x3185, 0x4207, 0x39a6, 0x31a6, 0x39a6, 0x39a6, 0x39a6, 0x39a6, 
0x41e6, 0x4a28, 0x41e7, 0x4207, 0x4a48, 0x41e7, 0x39c6, 0x39c6, 0x39c6, 0x39c6, 0x39c6, 0x39c6, 0x39c6, 0x39a6, 0x39a6, 0x39c6, 
0x39c6, 0x39c6, 0x39a6, 0x4207, 0x39e6, 0x39a6, 0x3186, 0x3186, 0x39c6, 0x4227, 0x39c6, 0x3185, 0x3185, 0x3185, 0x3185, 0x3185, 
0x3185, 0x3185, 0x3185, 0x3185, 0x3185, 0x3185, 0x3185, 0x3185, 0x3185, 0x3185, 0x3185, 0x3185, 0x3185, 0x3185, 0x3185, 0x3185, 
0x3185, 0x31a6, 0x31a6, 0x31a6, 0x39c6, 0x39c6, 0x39e6, 0x41e6, 0x39e7, 0x41e7, 0x41e7, 0x41e7, 0x4207, 0x41e7, 0x4207, 0x41e7, 
0x39c6, 0x41e6, 0x39e6, 0x39c6, 0x39c6, 0x39c6, 0x39c6, 0x39c6, 0x39c6, 0x39c6, 0x39c6, 0x39c6, 0x39c6, 0x39c6, 0x39a6, 0x39c6, 
0x39c6, 0x39c6, 0x39c6, 0x39a6, 0x39c6, 0x39e6, 0x4207, 0x5268, 0x62ea, 0x5aa9, 0x4a48, 0x4207, 0x41e7, 0x4207, 0x4207, 0x41e7, 
0x41e7, 0x41e7, 0x4207, 0x4207, 0x4207, 0x4227, 0x4207, 0x41e7, 0x4a27, 0x4a27, 0x4207, 0x39a6, 0x3165, 0x3165, 0x3165, 0x3165, 
0x3165, 0x3165, 0x3165, 0x3165, 0x3165, 0x3165, 0x3165, 0x3186, 0x39e7, 0x41e7, 0x39c6, 0x31a6, 0x31a6, 0x3986, 0x39a6, 0x39a6, 
0x39a6, 0x39a6, 0x39c6, 0x41e7, 0x41e7, 0x39c6, 0x41c6, 0x41e6, 0x4207, 0x4a27, 0x4207, 0x4207, 0x4207, 0x39c6, 0x39c6, 0x39c6, 
0x39c6, 0x4228, 0x4a48, 0x4a48, 0x4a28, 0x4a48, 0x4207, 0x4207, 0x4a28, 0x4a48, 0x4a28, 0x4a48, 0x4a28, 0x4207, 0x39c6, 0x3185, 
0x31a5, 0x39a6, 0x39a5, 0x39a5, 0x39a5, 0x39c6, 0x39c6, 0x39a6, 0x39a6, 0x31a5, 0x39a5, 0x31a5, 0x31a5, 0x39a5, 0x3185, 0x39a6, 
0x31a5, 0x31a5, 0x31a5, 0x31a5, 0x31a5, 0x31a5, 0x31a5, 0x39a5, 0x31a5, 0x3185, 0x39a6, 0x31a5, 0x39a5, 0x31a5, 0x39a5, 0x3185, 
0x3165, 0x3145, 0x3165, 0x3185, 0x39c6, 0x41e7, 0x4207, 0x4207, 0x4228, 0x4228, 0x4228, 0x4a48, 0x4a27, 0x41c6, 0x41e6, 0x41e6, 
0x41e7, 0x39e6, 0x39e6, 0x39e7, 0x41e7, 0x4207, 0x4207, 0x41e7, 0x39e7, 0x39e7, 0x4207, 0x4207, 0x4207, 0x39e6, 0x39c6, 0x39c6, 
0x39a6, 0x39a6, 0x39a6, 0x39a6, 0x3186, 0x3145, 0x3145, 0x3145, 0x3165, 0x4207, 0x39c6, 0x31a6, 0x39c6, 0x39c6, 0x39a6, 0x3186, 
0x41e6, 0x4a48, 0x41e7, 0x39c6, 0x4207, 0x4a28, 0x39c6, 0x39c6, 0x39c6, 0x39c6, 0x39a6, 0x39a6, 0x39c6, 0x39c6, 0x39c6, 0x4207, 
0x4a07, 0x39c6, 0x39a6, 0x39c6, 0x39c6, 0x39c6, 0x31a6, 0x39a6, 0x4207, 0x4a68, 0x39a5, 0x3165, 0x3185, 0x3185, 0x3185, 0x3185, 
0x3185, 0x3185, 0x3185, 0x3185, 0x3185, 0x3185, 0x3185, 0x3185, 0x3185, 0x3185, 0x3185, 0x3185, 0x3185, 0x3185, 0x3185, 0x3185, 
0x3185, 0x3185, 0x31a6, 0x31a6, 0x39c6, 0x39c6, 0x39c6, 0x39e6, 0x39c6, 0x39e7, 0x41e7, 0x41e7, 0x4207, 0x41e7, 0x41e7, 0x41e7, 
0x39c6, 0x39e6, 0x41e6, 0x39e6, 0x39c6, 0x39c6, 0x39c6, 0x39c6, 0x39c6, 0x39c6, 0x39c6, 0x39c6, 0x39c6, 0x39c6, 0x39c6, 0x39c6, 
0x39a6, 0x39c6, 0x39a6, 0x39c6, 0x39c6, 0x39c6, 0x41e6, 0x5aa9, 0x630a, 0x5aa9, 0x4228, 0x4207, 0x4207, 0x4207, 0x4a27, 0x4207, 
0x4207, 0x4207, 0x4207, 0x4207, 0x4227, 0x4a47, 0x4207, 0x4207, 0x5248, 0x4207, 0x4207, 0x3186, 0x3165, 0x3165, 0x3165, 0x3165, 
0x3165, 0x3165, 0x3165, 0x3165, 0x3165, 0x3165, 0x3165, 0x3186, 0x39c6, 0x39e7, 0x41e6, 0x39c6, 0x31a6, 0x3986, 0x39a6, 0x39a6, 
0x39a6, 0x39a6, 0x39c6, 0x41e7, 0x4207, 0x41e6, 0x41e6, 0x41e7, 0x4a07, 0x4207, 0x4207, 0x4207, 0x4207, 0x41e6, 0x41c6, 0x39c6, 
0x4207, 0x4a48, 0x4a48, 0x4a28, 0x4a28, 0x4207, 0x41e7, 0x4a28, 0x4a68, 0x4a48, 0x4a28, 0x4207, 0x39c6, 0x39a5, 0x39a5, 0x3185, 
0x39a6, 0x39a5, 0x3185, 0x39a5, 0x39a6, 0x39a6, 0x39a6, 0x39a5, 0x39a6, 0x39a6, 0x39a6, 0x31a5, 0x3185, 0x39a6, 0x39a6, 0x39a6, 
0x39a6, 0x31a6, 0x3185, 0x31a6, 0x31a5, 0x39a5, 0x39a6, 0x3185, 0x3185, 0x3185, 0x39a6, 0x39a5, 0x3185, 0x3185, 0x3185, 0x3145, 
0x3145, 0x3145, 0x3145, 0x3165, 0x39a6, 0x41e7, 0x4207, 0x4207, 0x4207, 0x4227, 0x4228, 0x4a48, 0x4a28, 0x39c6, 0x39c6, 0x39a6, 
0x39c6, 0x39a6, 0x39c6, 0x41e7, 0x39e7, 0x4207, 0x4207, 0x39e7, 0x39e7, 0x39e7, 0x4207, 0x4207, 0x4207, 0x41e7, 0x39c6, 0x39c6, 
0x39a6, 0x39a6, 0x39a6, 0x39a6, 0x3186, 0x3145, 0x3145, 0x3145, 0x3165, 0x4a27, 0x41e7, 0x39a6, 0x39c6, 0x39c6, 0x31a6, 0x3186, 
0x39c6, 0x4a48, 0x4a48, 0x39a6, 0x39e7, 0x4207, 0x39c6, 0x39c6, 0x39e7, 0x39c6, 0x39c6, 0x39a6, 0x39c6, 0x39c6, 0x41e6, 0x41e6, 
0x4207, 0x41e7, 0x39a6, 0x39c6, 0x39c6, 0x39a6, 0x31a6, 0x39a6, 0x39c6, 0x4a28, 0x39a6, 0x3165, 0x3185, 0x3185, 0x3185, 0x3185, 
0x3185, 0x3185, 0x3185, 0x3185, 0x3185, 0x3185, 0x3185, 0x3185, 0x3185, 0x3185, 0x3185, 0x3185, 0x3185, 0x3185, 0x3185, 0x3185, 
0x3185, 0x3185, 0x3185, 0x31a6, 0x39a6, 0x39c6, 0x39c6, 0x39e7, 0x39e7, 0x39c7, 0x39e7, 0x41e7, 0x41e7, 0x41e7, 0x4207, 0x41e7, 
0x39e7, 0x39c6, 0x39e6, 0x39e6, 0x41e7, 0x39e7, 0x39c6, 0x39c6, 0x39c6, 0x39c6, 0x39c6, 0x39c6, 0x39c6, 0x39c6, 0x39c6, 0x39c6, 
0x39c6, 0x39a6, 0x39c6, 0x39c6, 0x39c6, 0x39c6, 0x4227, 0x52a9, 0x5aa9, 0x5288, 0x5aa9, 0x4a48, 0x4207, 0x4207, 0x4207, 0x4207, 
0x4207, 0x4a27, 0x4207, 0x4207, 0x4a48, 0x4228, 0x4207, 0x4228, 0x5268, 0x4a48, 0x39e7, 0x3165, 0x3165, 0x3165, 0x3165, 0x3165, 
0x3165, 0x3165, 0x3165, 0x3165, 0x3165, 0x3165, 0x3165, 0x39a6, 0x39c6, 0x39e6, 0x39e7, 0x41e6, 0x39c6, 0x39a6, 0x39a6, 0x39a6, 
0x39a6, 0x39a6, 0x39c6, 0x4207, 0x4207, 0x4a07, 0x4a07, 0x4a07, 0x4a07, 0x4207, 0x4207, 0x4207, 0x4207, 0x41e7, 0x41e7, 0x4207, 
0x4a28, 0x4a28, 0x4a28, 0x4227, 0x4227, 0x4227, 0x4207, 0x4a48, 0x4a68, 0x4207, 0x39c6, 0x39a5, 0x3185, 0x31a5, 0x39a6, 0x39a6, 
0x3185, 0x31a5, 0x3185, 0x39a6, 0x39a6, 0x31a6, 0x39c6, 0x39a6, 0x3185, 0x31a5, 0x39a5, 0x39a5, 0x3185, 0x39a5, 0x31a6, 0x3186, 
0x39a6, 0x39a6, 0x31a6, 0x3185, 0x3185, 0x3185, 0x3185, 0x39a5, 0x39a6, 0x3185, 0x39a5, 0x39a5, 0x3185, 0x39a5, 0x3185, 0x3145, 
0x3145, 0x3145, 0x3165, 0x39c6, 0x39c6, 0x41c6, 0x41e7, 0x4207, 0x4207, 0x4a28, 0x4a48, 0x5268, 0x4207, 0x39c6, 0x39a6, 0x3986, 
0x39c6, 0x39c7, 0x41e7, 0x41e7, 0x4207, 0x4207, 0x4207, 0x4207, 0x4207, 0x4207, 0x4207, 0x4207, 0x4207, 0x4207, 0x39e7, 0x39c6, 
0x39a6, 0x39a6, 0x39a6, 0x3186, 0x3145, 0x3145, 0x3145, 0x2945, 0x3985, 0x4a47, 0x41e7, 0x39c6, 0x39c6, 0x39c6, 0x39a6, 0x39a6, 
0x39a6, 0x4207, 0x5aa9, 0x39c6, 0x39c6, 0x39c6, 0x39e6, 0x39c6, 0x39c6, 0x39c6, 0x39c6, 0x39c6, 0x39c6, 0x39a6, 0x39c6, 0x4207, 
0x4207, 0x41c6, 0x39c6, 0x39c6, 0x39c6, 0x39a6, 0x3186, 0x31a6, 0x39a6, 0x4207, 0x39a6, 0x3165, 0x3185, 0x3185, 0x3185, 0x3185, 
0x3185, 0x3185, 0x3185, 0x3185, 0x3185, 0x3185, 0x3185, 0x3185, 0x3185, 0x3185, 0x3185, 0x3185, 0x3185, 0x3185, 0x3185, 0x3185, 
0x3185, 0x3185, 0x3185, 0x3185, 0x39a6, 0x39c6, 0x39c6, 0x39e7, 0x39e7, 0x39e7, 0x41e7, 0x41e7, 0x41e7, 0x41e7, 0x41e7, 0x39e7, 
0x39e6, 0x41e6, 0x41e7, 0x39e6, 0x39c6, 0x39c6, 0x41e6, 0x39c6, 0x39c6, 0x39c6, 0x39c6, 0x39c6, 0x39c6, 0x39c6, 0x39c6, 0x39c6, 
0x39c6, 0x39c6, 0x39c6, 0x39a6, 0x39c6, 0x39c6, 0x4a48, 0x5ac9, 0x5268, 0x4a48, 0x5288, 0x4227, 0x4207, 0x41e7, 0x41e7, 0x4207, 
0x4207, 0x4207, 0x4207, 0x4a27, 0x4a27, 0x4227, 0x5268, 0x5269, 0x4a48, 0x4a48, 0x39c6, 0x3165, 0x3165, 0x3165, 0x3165, 0x3165, 
0x3165, 0x3165, 0x3165, 0x3165, 0x3165, 0x3165, 0x39a6, 0x39a6, 0x39c6, 0x39c6, 0x39c6, 0x39e7, 0x41e6, 0x39c6, 0x39a6, 0x39a6, 
0x39a6, 0x39a6, 0x41e7, 0x4207, 0x4207, 0x4207, 0x4227, 0x4227, 0x41e6, 0x41e6, 0x41e7, 0x4207, 0x4207, 0x41e7, 0x4207, 0x4a48, 
0x4227, 0x4207, 0x4227, 0x4207, 0x4207, 0x4a27, 0x4a28, 0x4a48, 0x4a27, 0x39c6, 0x31a5, 0x39a6, 0x39a6, 0x39a6, 0x31a5, 0x39a6, 
0x39a6, 0x31a5, 0x39a6, 0x39a6, 0x39a6, 0x39a6, 0x39c6, 0x39a6, 0x39a6, 0x3985, 0x3185, 0x39a5, 0x31a5, 0x31a5, 0x31a5, 0x39a6, 
0x39a5, 0x39a5, 0x39a6, 0x3185, 0x39a6, 0x31a5, 0x39a5, 0x31a5, 0x3185, 0x3185, 0x3185, 0x3185, 0x3185, 0x31a5, 0x3185, 0x3145, 
0x3145, 0x3145, 0x3165, 0x41c6, 0x4a07, 0x41e6, 0x41e6, 0x41e7, 0x4207, 0x4a28, 0x4a28, 0x4a48, 0x41e7, 0x39c6, 0x39a6, 0x3986, 
0x39c6, 0x41e7, 0x41e7, 0x41e7, 0x4207, 0x4207, 0x4207, 0x4207, 0x4207, 0x4207, 0x4207, 0x4207, 0x4207, 0x4207, 0x39c6, 0x39c6, 
0x39a6, 0x39a6, 0x39a6, 0x3186, 0x3145, 0x3145, 0x3145, 0x2945, 0x3985, 0x41e7, 0x41e6, 0x41e7, 0x39c6, 0x39a6, 0x39a6, 0x39a6, 
0x39a6, 0x4a27, 0x4a28, 0x39c6, 0x39c6, 0x39a6, 0x39c6, 0x4207, 0x39c6, 0x39a6, 0x39c6, 0x39c6, 0x39c6, 0x39a6, 0x39a6, 0x39c6, 
0x41e6, 0x39a6, 0x31a6, 0x39c6, 0x39c6, 0x39a6, 0x31a6, 0x31a6, 0x39c6, 0x4a28, 0x39c6, 0x3165, 0x3185, 0x3185, 0x3185, 0x3185, 
0x3185, 0x3185, 0x3185, 0x3185, 0x3185, 0x3185, 0x3185, 0x3185, 0x3185, 0x3185, 0x3185, 0x3185, 0x3185, 0x3185, 0x3185, 0x3185, 
0x3185, 0x3185, 0x3185, 0x3185, 0x39a6, 0x39c6, 0x39e6, 0x39e7, 0x39e7, 0x41e7, 0x39e7, 0x41e7, 0x4207, 0x41e7, 0x39e7, 0x39e7, 
0x39e7, 0x39e7, 0x41e7, 0x39c6, 0x39c6, 0x41e7, 0x39c6, 0x39e7, 0x39e7, 0x39c6, 0x39e6, 0x39e6, 0x39c6, 0x39c6, 0x39c6, 0x39c6, 
0x39c6, 0x39c6, 0x39c6, 0x39c6, 0x39c6, 0x41e7, 0x5268, 0x52a9, 0x4a48, 0x4a48, 0x4a27, 0x4207, 0x41e7, 0x41e7, 0x4207, 0x4207, 
0x41e7, 0x4207, 0x39e7, 0x39e7, 0x41e7, 0x4207, 0x4a27, 0x5268, 0x4a48, 0x4207, 0x3186, 0x3165, 0x3165, 0x3165, 0x3165, 0x3165, 
0x3165, 0x3165, 0x3165, 0x3165, 0x3165, 0x3165, 0x39e6, 0x41e7, 0x39a6, 0x39c6, 0x39c6, 0x39c6, 0x39e7, 0x41e6, 0x41c6, 0x39a6, 
0x39a6, 0x39a6, 0x41e7, 0x41e7, 0x4207, 0x41e7, 0x41e7, 0x41e7, 0x39c6, 0x41c6, 0x4a27, 0x4a27, 0x4207, 0x4207, 0x4207, 0x4227, 
0x41e7, 0x41e7, 0x4207, 0x4207, 0x41e7, 0x4207, 0x41e7, 0x39c6, 0x39a6, 0x39c6, 0x39a6, 0x31a6, 0x39a6, 0x39a6, 0x39c6, 0x39c6, 
0x39c6, 0x31a6, 0x39a6, 0x39a6, 0x39a6, 0x31a6, 0x39a6, 0x39a6, 0x39a6, 0x3985, 0x39a5, 0x39a6, 0x39a6, 0x39a6, 0x3185, 0x39a5, 
0x39a5, 0x39a5, 0x3185, 0x39a5, 0x39a5, 0x39a5, 0x39a5, 0x3185, 0x3185, 0x3185, 0x3185, 0x3185, 0x3185, 0x3185, 0x3165, 0x3145, 
0x3145, 0x3145, 0x3145, 0x3185, 0x39c6, 0x39c6, 0x41e6, 0x41e7, 0x4207, 0x4228, 0x4a28, 0x4228, 0x41e7, 0x39c6, 0x39a6, 0x3986, 
0x39c6, 0x41e7, 0x41e7, 0x4207, 0x4207, 0x4207, 0x4207, 0x4207, 0x4207, 0x4207, 0x4207, 0x4207, 0x41e7, 0x39c6, 0x39c6, 0x39c6, 
0x39a6, 0x39a6, 0x39a6, 0x3186, 0x3145, 0x3145, 0x3145, 0x3145, 0x3145, 0x3985, 0x39a6, 0x39c6, 0x39c6, 0x39a6, 0x31a6, 0x39a6, 
0x41e6, 0x41e7, 0x39c6, 0x39a6, 0x31a6, 0x39c6, 0x41e6, 0x4207, 0x39c6, 0x39a6, 0x39a6, 0x39a6, 0x39a6, 0x39a6, 0x31a6, 0x39c6, 
0x41e7, 0x39a6, 0x39a6, 0x39a6, 0x39c6, 0x39c6, 0x39c6, 0x39a6, 0x39a6, 0x4228, 0x39e7, 0x3185, 0x3185, 0x3185, 0x3185, 0x3185, 
0x3185, 0x3185, 0x3185, 0x3185, 0x3185, 0x3185, 0x3185, 0x3185, 0x3185, 0x3185, 0x3185, 0x3185, 0x3185, 0x3185, 0x3185, 0x3185, 
0x3185, 0x3185, 0x3185, 0x3185, 0x39c6, 0x39c6, 0x39c6, 0x39c6, 0x41e7, 0x41e7, 0x39e7, 0x39e7, 0x41e7, 0x41e7, 0x4207, 0x39e7, 
0x39e7, 0x39e7, 0x41e7, 0x39e7, 0x41e7, 0x39e6, 0x39c6, 0x39c6, 0x39c6, 0x39c6, 0x39c6, 0x39c6, 0x39a6, 0x39c6, 0x39c6, 0x39c6, 
0x39c6, 0x39c6, 0x39c6, 0x41e6, 0x39c6, 0x4a27, 0x62ea, 0x5aca, 0x52a9, 0x4a27, 0x4227, 0x41e7, 0x41e7, 0x41e7, 0x41e7, 0x4207, 
0x4207, 0x4207, 0x41e7, 0x39e7, 0x39e7, 0x41e7, 0x4a48, 0x5289, 0x4a48, 0x39c6, 0x3165, 0x3165, 0x3165, 0x3165, 0x3165, 0x3165, 
0x3165, 0x3165, 0x3165, 0x3165, 0x3145, 0x3185, 0x39c6, 0x39e7, 0x41e7, 0x39a6, 0x39c6, 0x39c6, 0x39c6, 0x39e7, 0x41e6, 0x41c6, 
0x39a6, 0x39a6, 0x41e7, 0x41e7, 0x4207, 0x39c6, 0x41e6, 0x41c6, 0x39a6, 0x41e6, 0x4a27, 0x4227, 0x4227, 0x4207, 0x4207, 0x4207, 
0x41e7, 0x41e7, 0x39e6, 0x41e6, 0x39c6, 0x39a6, 0x39c6, 0x39c6, 0x39a6, 0x39c6, 0x39c6, 0x39a6, 0x39a6, 0x39c6, 0x39c6, 0x39c6, 
0x39a6, 0x39a6, 0x39a6, 0x31a6, 0x39a6, 0x39a6, 0x39a6, 0x39a6, 0x31a5, 0x3185, 0x39a5, 0x39a6, 0x31a5, 0x39a5, 0x39a5, 0x39a5, 
0x3185, 0x39a5, 0x3185, 0x31a5, 0x39a5, 0x31a5, 0x3185, 0x3185, 0x3185, 0x3185, 0x3185, 0x31a5, 0x3185, 0x3185, 0x3185, 0x3165, 
0x3145, 0x3145, 0x3145, 0x3145, 0x3165, 0x39a6, 0x39a6, 0x41e7, 0x4207, 0x4a28, 0x4207, 0x4a28, 0x4207, 0x39c6, 0x39a6, 0x3986, 
0x39c6, 0x41e6, 0x39e6, 0x41e7, 0x41e7, 0x39e7, 0x4207, 0x4207, 0x4207, 0x4207, 0x4207, 0x4207, 0x39e7, 0x39c6, 0x39c6, 0x39c6, 
0x39a6, 0x39a6, 0x39a6, 0x3186, 0x3145, 0x3145, 0x3145, 0x3145, 0x3145, 0x3185, 0x39a6, 0x39a6, 0x39a6, 0x39a6, 0x39a6, 0x39c6, 
0x41e6, 0x39a6, 0x39a6, 0x39a6, 0x39a6, 0x39a6, 0x39c6, 0x39e6, 0x39c6, 0x39c6, 0x39c6, 0x39c6, 0x39c6, 0x39a6, 0x39a6, 0x41e6, 
0x4207, 0x39c6, 0x39a6, 0x39c6, 0x39e6, 0x4207, 0x41e7, 0x39c6, 0x39c7, 0x4248, 0x39c6, 0x3165, 0x3185, 0x3185, 0x3185, 0x3185, 
0x3185, 0x3185, 0x3185, 0x3185, 0x3185, 0x3185, 0x3185, 0x3185, 0x3185, 0x3185, 0x3185, 0x3185, 0x3185, 0x3185, 0x3185, 0x3185, 
0x3185, 0x3185, 0x3185, 0x31a5, 0x39c6, 0x39c6, 0x39e7, 0x39e7, 0x41e7, 0x41e7, 0x41e7, 0x41e7, 0x39e7, 0x39e7, 0x41e7, 0x39e7, 
0x39e7, 0x41e7, 0x41e7, 0x41e7, 0x39e7, 0x39e6, 0x39c7, 0x39c6, 0x39c6, 0x39c6, 0x39c6, 0x39c6, 0x39c6, 0x39c6, 0x39c6, 0x39c6, 
0x39a6, 0x39e6, 0x39c6, 0x4207, 0x4207, 0x5aa9, 0x5aca, 0x62ca, 0x5ac9, 0x4a28, 0x4207, 0x4207, 0x4207, 0x39e7, 0x41e7, 0x4207, 
0x4207, 0x4207, 0x4227, 0x4227, 0x41e7, 0x4207, 0x4a48, 0x5289, 0x5268, 0x39a6, 0x3165, 0x3165, 0x3165, 0x3165, 0x3165, 0x3165, 
0x3165, 0x3165, 0x3145, 0x3145, 0x3145, 0x3185, 0x39c6, 0x39c6, 0x39e7, 0x41e7, 0x39a6, 0x39c6, 0x39c6, 0x39c6, 0x39e7, 0x41e6, 
0x41c6, 0x39c6, 0x41e7, 0x4207, 0x4a27, 0x4a07, 0x4a27, 0x41e7, 0x41e6, 0x4a27, 0x4a27, 0x4207, 0x4207, 0x4227, 0x4a27, 0x4a48, 
0x4207, 0x41e7, 0x41e7, 0x41e6, 0x39c6, 0x39a6, 0x41e6, 0x39c6, 0x39c6, 0x39c6, 0x39e6, 0x39c6, 0x39a6, 0x39c6, 0x39c6, 0x31a6, 
0x39a6, 0x39a6, 0x39c6, 0x39a6, 0x39a6, 0x31a6, 0x31a6, 0x39a6, 0x3185, 0x3185, 0x39a5, 0x39a5, 0x3185, 0x3185, 0x39a5, 0x39a5, 
0x39c6, 0x39a5, 0x3185, 0x39a5, 0x39a6, 0x31a5, 0x39a6, 0x39a6, 0x39a6, 0x39a5, 0x39a5, 0x3185, 0x3185, 0x31a5, 0x3185, 0x3185, 
0x3145, 0x3145, 0x3145, 0x3145, 0x3145, 0x3165, 0x39a6, 0x39a6, 0x41c6, 0x4a27, 0x4a28, 0x4a28, 0x4a28, 0x39c6, 0x39a6, 0x3986, 
0x39c6, 0x41e7, 0x41e7, 0x39e7, 0x41e7, 0x4207, 0x41e7, 0x4207, 0x4207, 0x4207, 0x4207, 0x4207, 0x41e7, 0x39c6, 0x39c6, 0x39a6, 
0x39a6, 0x39a6, 0x39a6, 0x3186, 0x3145, 0x3145, 0x3145, 0x3145, 0x3145, 0x31a5, 0x39a6, 0x3185, 0x39c6, 0x39a6, 0x39a6, 0x39a6, 
0x39a6, 0x39a6, 0x39a6, 0x39a6, 0x39a6, 0x39a6, 0x39c6, 0x39c6, 0x39c6, 0x39c6, 0x39c6, 0x39c6, 0x39c6, 0x39a6, 0x39c6, 0x4207, 
0x39c6, 0x39c6, 0x39a6, 0x39c6, 0x4207, 0x4a07, 0x4207, 0x41e7, 0x4207, 0x4a48, 0x39a5, 0x3165, 0x3185, 0x3185, 0x3185, 0x3185, 
0x3185, 0x3185, 0x3185, 0x3185, 0x3185, 0x3185, 0x3185, 0x3185, 0x3185, 0x3185, 0x3185, 0x3185, 0x3185, 0x3185, 0x3185, 0x3185, 
0x3185, 0x3185, 0x3185, 0x31a5, 0x39c6, 0x39e6, 0x41e7, 0x39e6, 0x39e7, 0x39e7, 0x41e7, 0x41e7, 0x41e7, 0x39e7, 0x39e7, 0x4207, 
0x4207, 0x4207, 0x41e7, 0x41e7, 0x39e7, 0x39c6, 0x39c6, 0x39c6, 0x39c6, 0x39c6, 0x39c6, 0x39c6, 0x39c6, 0x39c6, 0x39c6, 0x39c6, 
0x39a6, 0x39c6, 0x39c6, 0x41e7, 0x4a48, 0x5aca, 0x62c9, 0x5aa9, 0x5288, 0x4a28, 0x4227, 0x4227, 0x4227, 0x4207, 0x39e7, 0x41e7, 
0x4227, 0x4227, 0x4a27, 0x4a48, 0x4a48, 0x5a88, 0x5a89, 0x62c9, 0x5288, 0x3186, 0x3165, 0x3165, 0x3165, 0x3165, 0x3165, 0x3165, 
0x3145, 0x3145, 0x3145, 0x3145, 0x3145, 0x3185, 0x39c6, 0x39c6, 0x39c6, 0x41e7, 0x41e7, 0x39a6, 0x39c6, 0x39c6, 0x39c6, 0x39e7, 
0x41e6, 0x41e7, 0x41e7, 0x4207, 0x4207, 0x4207, 0x4207, 0x4207, 0x4207, 0x4a27, 0x4a48, 0x4a28, 0x4a27, 0x4207, 0x4a28, 0x4a48, 
0x4227, 0x4207, 0x41e7, 0x39e6, 0x39c6, 0x39e7, 0x41e6, 0x39c6, 0x39c6, 0x39c6, 0x39c6, 0x39c6, 0x41e6, 0x41e6, 0x39c6, 0x39a6, 
0x39a6, 0x39a6, 0x39a6, 0x39c6, 0x39a6, 0x39a6, 0x39a6, 0x39a6, 0x39a5, 0x39a6, 0x39c6, 0x3185, 0x3185, 0x31a5, 0x39a5, 0x3185, 
0x39a5, 0x39a6, 0x31a5, 0x39a6, 0x39a6, 0x39a6, 0x41e6, 0x39a6, 0x39a6, 0x39a5, 0x39a5, 0x3185, 0x3185, 0x31a5, 0x3185, 0x3185, 
0x3165, 0x3145, 0x3145, 0x3145, 0x3145, 0x3145, 0x3165, 0x39a5, 0x39a5, 0x41e7, 0x5248, 0x4a28, 0x4207, 0x39c6, 0x39a6, 0x3986, 
0x39c6, 0x41e7, 0x41e7, 0x39e7, 0x39e7, 0x41e7, 0x41e7, 0x41e7, 0x4207, 0x4228, 0x4207, 0x4208, 0x41e7, 0x39c6, 0x39c6, 0x39a6, 
0x39a6, 0x39a6, 0x39a6, 0x3186, 0x3145, 0x3145, 0x3145, 0x3145, 0x3145, 0x39a6, 0x31a6, 0x39a6, 0x39c6, 0x39a6, 0x31a6, 0x39a6, 
0x39a6, 0x39a6, 0x39a6, 0x39a6, 0x31a6, 0x39a6, 0x39c6, 0x39c6, 0x39a6, 0x39a6, 0x39a6, 0x39c6, 0x39a6, 0x39a6, 0x39c6, 0x39c6, 
0x39c6, 0x39a6, 0x39a6, 0x39c6, 0x41e7, 0x4a27, 0x4207, 0x41e6, 0x41e7, 0x41e6, 0x3165, 0x3185, 0x3185, 0x3185, 0x3185, 0x3185, 
0x3185, 0x3185, 0x3185, 0x3185, 0x3185, 0x3185, 0x3185, 0x3185, 0x3185, 0x3185, 0x3185, 0x3185, 0x3185, 0x3185, 0x3185, 0x3185, 
0x3185, 0x3185, 0x3185, 0x31a5, 0x39e6, 0x39c6, 0x39c6, 0x39e7, 0x39e7, 0x39e7, 0x41e7, 0x41e7, 0x4207, 0x41e7, 0x41e7, 0x41e7, 
0x39e7, 0x4207, 0x41e7, 0x39e7, 0x39e7, 0x39c6, 0x39c6, 0x39c6, 0x39c6, 0x39c6, 0x39c6, 0x39c6, 0x39e7, 0x39e7, 0x39c7, 0x39c6, 
0x39c6, 0x39c6, 0x39c6, 0x39e6, 0x4a48, 0x62ca, 0x5aca, 0x5288, 0x4a48, 0x4a28, 0x4a27, 0x4207, 0x4207, 0x4207, 0x4207, 0x39e7, 
0x4a48, 0x4227, 0x4207, 0x4207, 0x4207, 0x4227, 0x4a48, 0x4a48, 0x41e7, 0x3165, 0x3165, 0x3165, 0x3165, 0x3165, 0x3145, 0x3145, 
0x3145, 0x3145, 0x3145, 0x3145, 0x3145, 0x3185, 0x39c6, 0x39c6, 0x39c6, 0x39c6, 0x39e7, 0x41e7, 0x39a6, 0x39c6, 0x39c6, 0x39c6, 
0x39e7, 0x4207, 0x41e7, 0x39c7, 0x39e7, 0x4207, 0x4207, 0x4207, 0x41e7, 0x4a27, 0x4a48, 0x4a28, 0x4a28, 0x4a28, 0x4a48, 0x4a48, 
0x4a28, 0x4227, 0x4207, 0x41e7, 0x41e6, 0x41e7, 0x41e7, 0x39e6, 0x41e7, 0x39e6, 0x39e6, 0x41e7, 0x39c6, 0x39c6, 0x39c6, 0x39c6, 
0x39c6, 0x39a6, 0x39c6, 0x39a6, 0x39c6, 0x39a6, 0x39a6, 0x3185, 0x39a5, 0x39a6, 0x39a5, 0x39a5, 0x3185, 0x31a5, 0x39a6, 0x39a5, 
0x39a5, 0x39a5, 0x39a5, 0x39a5, 0x3185, 0x39a5, 0x4206, 0x39c6, 0x39c6, 0x39a6, 0x39a5, 0x39a5, 0x39a5, 0x3185, 0x31a5, 0x3185, 
0x3185, 0x3165, 0x3145, 0x3145, 0x3145, 0x3145, 0x3145, 0x3185, 0x39a6, 0x4207, 0x4a28, 0x4a28, 0x41e6, 0x39c6, 0x39a6, 0x3986, 
0x3986, 0x39c6, 0x41e7, 0x4207, 0x41e7, 0x39e7, 0x4207, 0x41e7, 0x4207, 0x4207, 0x4207, 0x4208, 0x41e7, 0x39c6, 0x39c6, 0x39a6, 
0x39a6, 0x39a6, 0x39a6, 0x3165, 0x3145, 0x3145, 0x3145, 0x3145, 0x3145, 0x3185, 0x3185, 0x3185, 0x39a6, 0x39a6, 0x39a6, 0x39a6, 
0x31a6, 0x39a6, 0x39c6, 0x31a6, 0x39a6, 0x39a6, 0x39a6, 0x39c6, 0x39a6, 0x39a6, 0x39a6, 0x39c6, 0x39c6, 0x39c6, 0x39a6, 0x39c6, 
0x39c6, 0x39c6, 0x39a6, 0x39a6, 0x39c6, 0x41e7, 0x4207, 0x39c6, 0x4207, 0x39a6, 0x3165, 0x3185, 0x3185, 0x3185, 0x3185, 0x3185, 
0x3185, 0x3185, 0x3185, 0x3185, 0x3185, 0x3185, 0x3185, 0x3185, 0x3185, 0x3185, 0x3185, 0x3185, 0x3185, 0x3185, 0x3185, 0x3185, 
0x3185, 0x3185, 0x3185, 0x31a5, 0x41e7, 0x39e7, 0x39c6, 0x39e7, 0x41e7, 0x4207, 0x41e7, 0x4207, 0x4207, 0x4207, 0x4207, 0x4227, 
0x41e7, 0x4207, 0x41e7, 0x41e7, 0x39e7, 0x41e7, 0x39e7, 0x39c6, 0x39c6, 0x39c6, 0x39c6, 0x39c6, 0x39c6, 0x39e7, 0x39c6, 0x39c6, 
0x39c6, 0x39c6, 0x39c6, 0x41e7, 0x5268, 0x5aca, 0x5268, 0x4207, 0x4207, 0x4207, 0x4207, 0x41e7, 0x4207, 0x4a27, 0x4a48, 0x4a48, 
0x4a48, 0x4a48, 0x4207, 0x4207, 0x41e7, 0x41e7, 0x4207, 0x4228, 0x39a6, 0x3165, 0x3165, 0x3165, 0x3145, 0x3145, 0x3145, 0x3145, 
0x3145, 0x3145, 0x3145, 0x3145, 0x3145, 0x3185, 0x39c6, 0x39c6, 0x39c6, 0x39c6, 0x39c6, 0x41e7, 0x41e7, 0x39a6, 0x39c6, 0x39c6, 
0x41e7, 0x4207, 0x41e7, 0x39e7, 0x39e7, 0x4207, 0x4207, 0x4207, 0x4207, 0x4a07, 0x4a28, 0x4a48, 0x4a28, 0x4a28, 0x4a48, 0x4a48, 
0x4a48, 0x4a28, 0x4207, 0x41e6, 0x41e7, 0x41e7, 0x39e6, 0x41e7, 0x4207, 0x39e7, 0x41e6, 0x39c6, 0x39c6, 0x39c6, 0x39c6, 0x39c6, 
0x39c6, 0x39c6, 0x39c6, 0x39a6, 0x39c6, 0x39a6, 0x3985, 0x39a6, 0x31a5, 0x39a6, 0x39a5, 0x39a5, 0x39a5, 0x39a5, 0x39a6, 0x3185, 
0x39a5, 0x39a5, 0x39a5, 0x39a5, 0x39a5, 0x39a5, 0x39a5, 0x31a5, 0x39c6, 0x39a6, 0x3185, 0x39a5, 0x39a6, 0x3185, 0x3185, 0x3185, 
0x3185, 0x3185, 0x3165, 0x3145, 0x3145, 0x3145, 0x3145, 0x3165, 0x39a6, 0x4207, 0x4207, 0x41e7, 0x39c6, 0x39c6, 0x3986, 0x39a6, 
0x39a6, 0x39a6, 0x4207, 0x4207, 0x41e7, 0x41e7, 0x41e7, 0x41e7, 0x4207, 0x4207, 0x4207, 0x4207, 0x41e7, 0x39c6, 0x39c6, 0x39a6, 
0x39a6, 0x39a6, 0x3186, 0x3145, 0x3145, 0x3145, 0x3145, 0x3145, 0x3145, 0x3185, 0x3185, 0x3185, 0x31a6, 0x3186, 0x39a6, 0x39a6, 
0x39a6, 0x39a6, 0x39a6, 0x39a6, 0x39a6, 0x39a6, 0x39a6, 0x39c6, 0x39c6, 0x39c6, 0x39c6, 0x39c6, 0x39c6, 0x39c6, 0x39c6, 0x39a6, 
0x39c6, 0x39c6, 0x39a6, 0x39a6, 0x39a6, 0x39a6, 0x41e6, 0x41e7, 0x4227, 0x39a6, 0x3185, 0x3185, 0x3185, 0x3185, 0x3185, 0x3185, 
0x3185, 0x3185, 0x3185, 0x3185, 0x3185, 0x3185, 0x3185, 0x3185, 0x3185, 0x3185, 0x3185, 0x3185, 0x3185, 0x3185, 0x3185, 0x3185, 
0x3185, 0x3185, 0x3185, 0x3185, 0x39c6, 0x39c7, 0x39e7, 0x41e7, 0x4207, 0x4207, 0x4207, 0x4207, 0x4207, 0x4207, 0x4207, 0x4227, 
0x41e7, 0x4207, 0x41e7, 0x39e7, 0x41e7, 0x39e7, 0x39e7, 0x39c6, 0x39c6, 0x39c6, 0x39c6, 0x39c6, 0x39c6, 0x39c6, 0x39e7, 0x39e6, 
0x39c6, 0x39c6, 0x41e7, 0x4228, 0x5289, 0x5aa9, 0x4a28, 0x4207, 0x4207, 0x4207, 0x4207, 0x4207, 0x4227, 0x4a48, 0x4a48, 0x4227, 
0x4207, 0x4207, 0x41e7, 0x4227, 0x4207, 0x4207, 0x4a28, 0x41e6, 0x3165, 0x3145, 0x3145, 0x3145, 0x3145, 0x3145, 0x3145, 0x3145, 
0x3145, 0x3145, 0x3145, 0x3145, 0x3145, 0x3185, 0x39c6, 0x39c6, 0x39c6, 0x39c6, 0x39c6, 0x39c6, 0x39e7, 0x41e7, 0x39a6, 0x39c6, 
0x39c6, 0x39e7, 0x41e7, 0x4207, 0x41e7, 0x4207, 0x4207, 0x4207, 0x4227, 0x4207, 0x4a07, 0x4a48, 0x4a48, 0x4a48, 0x4a48, 0x4a48, 
0x4a48, 0x4a28, 0x4207, 0x41e7, 0x4207, 0x41e7, 0x41e7, 0x39e7, 0x4207, 0x41e7, 0x41e7, 0x41e7, 0x39c6, 0x39c6, 0x39c6, 0x39c6, 
0x39a6, 0x39c6, 0x39c6, 0x39a6, 0x39c6, 0x39c6, 0x39c6, 0x41e7, 0x39a6, 0x39a6, 0x39a5, 0x39a5, 0x39a5, 0x39a5, 0x39a5, 0x39a5, 
0x31a5, 0x39a5, 0x39a5, 0x39a5, 0x31a5, 0x3185, 0x3985, 0x39a5, 0x39a5, 0x39a5, 0x39a5, 0x31a5, 0x3185, 0x39a5, 0x3185, 0x3185, 
0x3185, 0x3185, 0x3165, 0x3145, 0x3145, 0x3145, 0x3145, 0x3165, 0x3985, 0x39c6, 0x39a6, 0x39a6, 0x39a6, 0x39a6, 0x39a6, 0x41c6, 
0x41e6, 0x39a6, 0x41c6, 0x41e7, 0x41e7, 0x41e7, 0x41e7, 0x41e7, 0x41e7, 0x4228, 0x4228, 0x4228, 0x4207, 0x39c6, 0x39c6, 0x39c6, 
0x39a6, 0x39a6, 0x3186, 0x3145, 0x3145, 0x3145, 0x3145, 0x3145, 0x3145, 0x3185, 0x3185, 0x3185, 0x3185, 0x3986, 0x39a6, 0x39a6, 
0x39a6, 0x39a6, 0x31a6, 0x39a6, 0x39a6, 0x39a6, 0x39a6, 0x39a6, 0x39c6, 0x39c6, 0x41c6, 0x39c6, 0x39a6, 0x39a6, 0x39c6, 0x39c6, 
0x39a6, 0x39a6, 0x39a6, 0x39a6, 0x39a6, 0x39a6, 0x41c6, 0x41e7, 0x4207, 0x3185, 0x3185, 0x3185, 0x3185, 0x3185, 0x3185, 0x3185, 
0x3185, 0x3185, 0x3185, 0x3185, 0x3185, 0x3185, 0x3185, 0x3185, 0x3185, 0x3185, 0x3185, 0x3185, 0x3185, 0x3185, 0x3185, 0x3185, 
0x3185, 0x3185, 0x3185, 0x3185, 0x3185, 0x39c6, 0x4207, 0x4207, 0x4207, 0x4207, 0x4207, 0x4207, 0x4a48, 0x4207, 0x41e7, 0x4207, 
0x4207, 0x4207, 0x4207, 0x39e7, 0x39e7, 0x39e7, 0x39c6, 0x39e6, 0x39e7, 0x39c6, 0x39c6, 0x39c7, 0x39c6, 0x39c6, 0x39e6, 0x41e7, 
0x39e6, 0x41e7, 0x4207, 0x4a28, 0x5289, 0x5aa9, 0x4a48, 0x4a27, 0x4207, 0x4207, 0x4207, 0x4207, 0x4207, 0x4207, 0x4207, 0x4207, 
0x41e7, 0x39e7, 0x41e7, 0x4207, 0x4207, 0x4a28, 0x4a68, 0x39a6, 0x3144, 0x3145, 0x3145, 0x3145, 0x3145, 0x3145, 0x3145, 0x3145, 
0x3145, 0x3145, 0x3145, 0x3145, 0x3145, 0x3185, 0x39c6, 0x39c6, 0x39c6, 0x39c6, 0x39c6, 0x39c6, 0x39c6, 0x39e7, 0x41e7, 0x39a6, 
0x41e7, 0x4207, 0x39e7, 0x4207, 0x4207, 0x4207, 0x4228, 0x4207, 0x4a48, 0x4a28, 0x4207, 0x4a28, 0x4a48, 0x4a28, 0x4a48, 0x4a28, 
0x4a28, 0x4a28, 0x4207, 0x41e7, 0x41e7, 0x4207, 0x4207, 0x41e7, 0x41e7, 0x41e6, 0x41e7, 0x39e7, 0x39e6, 0x41e6, 0x39c6, 0x39c6, 
0x39c6, 0x39c6, 0x39c6, 0x39c6, 0x39c6, 0x39c6, 0x41e6, 0x41e7, 0x39c6, 0x39a6, 0x39c6, 0x39c6, 0x39c6, 0x41e6, 0x41c6, 0x39a6, 
0x39a6, 0x39a5, 0x3185, 0x39a5, 0x31a5, 0x39a5, 0x39a5, 0x39a5, 0x39a5, 0x39a5, 0x39a5, 0x39a6, 0x3185, 0x39a5, 0x3185, 0x3185, 
0x3185, 0x3185, 0x3165, 0x3145, 0x3145, 0x3145, 0x3145, 0x3145, 0x3145, 0x3185, 0x3185, 0x3185, 0x3185, 0x3165, 0x3165, 0x41c6, 
0x41e6, 0x41e6, 0x41e6, 0x41e6, 0x41e7, 0x41e7, 0x41e7, 0x41e7, 0x41e7, 0x4228, 0x4228, 0x4a48, 0x4208, 0x39e7, 0x39c6, 0x39c6, 
0x39a6, 0x39a6, 0x3186, 0x3145, 0x3145, 0x3145, 0x3145, 0x3145, 0x3165, 0x3185, 0x3185, 0x3185, 0x39a6, 0x39a6, 0x39a6, 0x31a6, 
0x39a6, 0x39c6, 0x39a6, 0x39a6, 0x39a6, 0x39a6, 0x39c6, 0x39c6, 0x39c6, 0x39c6, 0x39c6, 0x41c6, 0x39a6, 0x39a6, 0x39a6, 0x39a6, 
0x39a6, 0x39a6, 0x39a6, 0x39c6, 0x39a6, 0x31a6, 0x39c6, 0x41e6, 0x4207, 0x39a6, 0x3165, 0x3185, 0x3185, 0x3185, 0x3185, 0x3185, 
0x3185, 0x3185, 0x3185, 0x3185, 0x3185, 0x3185, 0x3185, 0x3185, 0x3185, 0x3185, 0x3185, 0x3185, 0x3185, 0x3185, 0x3185, 0x3185, 
0x3185, 0x3185, 0x3185, 0x3185, 0x3185, 0x3185, 0x39c6, 0x4207, 0x4207, 0x4207, 0x4207, 0x4228, 0x4a48, 0x4227, 0x4207, 0x4a48, 
0x4207, 0x4207, 0x4207, 0x41e7, 0x39e7, 0x39c7, 0x39e7, 0x39c6, 0x39c6, 0x39e6, 0x39c6, 0x39c6, 0x39c6, 0x41e7, 0x39c6, 0x39e6, 
0x41e7, 0x4207, 0x4a48, 0x4a48, 0x5aa9, 0x5aa9, 0x4a27, 0x4207, 0x4207, 0x4207, 0x4207, 0x4207, 0x4207, 0x4207, 0x4207, 0x41e7, 
0x39e7, 0x39e7, 0x4207, 0x4207, 0x4207, 0x4a48, 0x5288, 0x41c6, 0x3144, 0x3145, 0x3145, 0x3145, 0x3145, 0x3145, 0x3145, 0x3145, 
0x3145, 0x3145, 0x3145, 0x3145, 0x3145, 0x3185, 0x39c6, 0x39c6, 0x39c6, 0x39c6, 0x39c6, 0x39c6, 0x39c6, 0x39c6, 0x39e7, 0x41e7, 
0x39e7, 0x41e7, 0x39e7, 0x4207, 0x39e7, 0x4207, 0x4a28, 0x4a27, 0x5268, 0x5268, 0x4207, 0x4207, 0x4a28, 0x4a48, 0x4a28, 0x4a28, 
0x4228, 0x4228, 0x4207, 0x41e7, 0x41e6, 0x41e7, 0x41e7, 0x4207, 0x41e7, 0x41c6, 0x39c6, 0x39e6, 0x41e7, 0x39c6, 0x39c6, 0x41e6, 
0x41e6, 0x39c6, 0x39c6, 0x39c6, 0x41e6, 0x41e6, 0x41e7, 0x41e7, 0x41e6, 0x4207, 0x4207, 0x41e6, 0x41e6, 0x41c6, 0x39c6, 0x39c6, 
0x39c6, 0x39a5, 0x31a5, 0x39a5, 0x3185, 0x39a6, 0x39a5, 0x3185, 0x39a5, 0x39a5, 0x3185, 0x3985, 0x39a5, 0x39a5, 0x3185, 0x3185, 
0x31a5, 0x3185, 0x3165, 0x3145, 0x3145, 0x3145, 0x3145, 0x3145, 0x3145, 0x3145, 0x3145, 0x3145, 0x3145, 0x3145, 0x3145, 0x3985, 
0x41c6, 0x41c6, 0x41e6, 0x41e6, 0x41e6, 0x4207, 0x4207, 0x4227, 0x4207, 0x4207, 0x4a28, 0x4a28, 0x4228, 0x41e7, 0x39c6, 0x39c6, 
0x39a6, 0x39a6, 0x3186, 0x3145, 0x3145, 0x3145, 0x3145, 0x3145, 0x3165, 0x3185, 0x3185, 0x3985, 0x3185, 0x31a6, 0x31a6, 0x39a6, 
0x39c6, 0x39c6, 0x39a6, 0x39a6, 0x39a6, 0x39a6, 0x39a6, 0x39a6, 0x39c6, 0x39c6, 0x39c6, 0x39c6, 0x39c6, 0x39a6, 0x31a6, 0x39a6, 
0x39a6, 0x39a6, 0x39a6, 0x39a6, 0x39a6, 0x39a6, 0x39a6, 0x41e7, 0x4a27, 0x39a6, 0x3165, 0x3185, 0x3185, 0x3185, 0x3185, 0x3185, 
0x3185, 0x3185, 0x3185, 0x3185, 0x3185, 0x3185, 0x3185, 0x3185, 0x3185, 0x3185, 0x3185, 0x3185, 0x3185, 0x3185, 0x3185, 0x3185, 
0x3185, 0x3185, 0x3185, 0x3185, 0x3185, 0x3185, 0x3185, 0x3185, 0x39a5, 0x4207, 0x4207, 0x4a28, 0x4227, 0x4207, 0x4207, 0x4a28, 
0x4228, 0x4207, 0x4207, 0x4207, 0x39e7, 0x39e7, 0x39c7, 0x39c7, 0x39c6, 0x39c6, 0x39c6, 0x39c6, 0x39c6, 0x39e6, 0x39c6, 0x39c6, 
0x41e7, 0x4207, 0x4a48, 0x4a28, 0x5268, 0x4a48, 0x4227, 0x4207, 0x4207, 0x4207, 0x4207, 0x4207, 0x41e7, 0x4207, 0x4207, 0x4207, 
0x41e7, 0x41e7, 0x39e7, 0x4207, 0x4227, 0x4a68, 0x4a48, 0x41c6, 0x3144, 0x3145, 0x3145, 0x3145, 0x3145, 0x3145, 0x3145, 0x3145, 
0x3145, 0x3145, 0x3145, 0x3145, 0x3145, 0x3185, 0x39c6, 0x39c6, 0x39c6, 0x39c6, 0x39c6, 0x39c6, 0x39c6, 0x39c6, 0x39c6, 0x4207, 
0x41e7, 0x39e7, 0x41e7, 0x4207, 0x4207, 0x4227, 0x4a28, 0x4a28, 0x5248, 0x4a27, 0x5248, 0x4207, 0x4207, 0x4a48, 0x4a48, 0x4a28, 
0x4207, 0x4227, 0x4207, 0x41e7, 0x41e6, 0x41e6, 0x41e7, 0x41e7, 0x39e6, 0x39e6, 0x39c6, 0x41e6, 0x39e6, 0x41e6, 0x41e6, 0x4207, 
0x4207, 0x41e6, 0x39c6, 0x41e6, 0x41e6, 0x4207, 0x4207, 0x4a07, 0x4207, 0x4206, 0x41e6, 0x39c6, 0x39c6, 0x39a6, 0x39a6, 0x39c6, 
0x41c6, 0x39c6, 0x39a6, 0x31a5, 0x3185, 0x39a5, 0x39a5, 0x31a5, 0x3185, 0x3985, 0x39a5, 0x39a5, 0x39a5, 0x39a5, 0x3185, 0x3185, 
0x39a6, 0x3185, 0x3145, 0x3145, 0x3145, 0x3145, 0x3145, 0x3145, 0x3145, 0x3145, 0x3145, 0x3145, 0x3145, 0x3145, 0x3145, 0x3145, 
0x39a5, 0x39c6, 0x41c6, 0x41c6, 0x39e6, 0x41e7, 0x4207, 0x4207, 0x4227, 0x4207, 0x4a28, 0x4207, 0x4228, 0x4207, 0x39c6, 0x39c6, 
0x39a6, 0x39a6, 0x3186, 0x3145, 0x3145, 0x3145, 0x3145, 0x3145, 0x3185, 0x39c6, 0x3185, 0x3185, 0x3186, 0x39a6, 0x31a6, 0x39a6, 
0x39c6, 0x39c6, 0x39a6, 0x39c6, 0x31a6, 0x39a6, 0x39a6, 0x39a6, 0x39c6, 0x39c6, 0x39c6, 0x39c6, 0x39c6, 0x39a6, 0x31a6, 0x31a6, 
0x39c6, 0x39a6, 0x39c6, 0x31a6, 0x39a6, 0x39a6, 0x39a6, 0x4a28, 0x4a27, 0x39a6, 0x3165, 0x3185, 0x3185, 0x3185, 0x3185, 0x3185, 
0x3185, 0x3185, 0x3185, 0x3185, 0x3185, 0x3185, 0x3185, 0x3185, 0x3185, 0x3185, 0x3185, 0x3185, 0x3185, 0x3185, 0x3185, 0x3185, 
0x3185, 0x3185, 0x3185, 0x3185, 0x3185, 0x3185, 0x3185, 0x3185, 0x3185, 0x4207, 0x4228, 0x4207, 0x4207, 0x4207, 0x4207, 0x4207, 
0x4207, 0x4207, 0x4207, 0x41e7, 0x39e7, 0x39e7, 0x39c6, 0x39c6, 0x39c6, 0x39e7, 0x39e7, 0x39e7, 0x39e7, 0x39c6, 0x39e6, 0x4207, 
0x4207, 0x4227, 0x4a28, 0x4228, 0x4a28, 0x4a27, 0x4207, 0x4207, 0x4207, 0x4207, 0x4207, 0x41e7, 0x4207, 0x4207, 0x41e7, 0x4207, 
0x41e7, 0x4207, 0x4207, 0x4207, 0x4228, 0x4a68, 0x4207, 0x3165, 0x3145, 0x3145, 0x3145, 0x3145, 0x3145, 0x3145, 0x3145, 0x3145, 
0x3145, 0x3145, 0x3145, 0x3145, 0x3145, 0x3165, 0x39a6, 0x39c6, 0x39c6, 0x39c6, 0x39c6, 0x39c6, 0x39c6, 0x39c6, 0x39c6, 0x39e6, 
0x39c6, 0x41e7, 0x4a27, 0x4207, 0x39e7, 0x4207, 0x4a28, 0x4a48, 0x5268, 0x4207, 0x4207, 0x4a48, 0x41e7, 0x4207, 0x4a48, 0x4207, 
0x4207, 0x4207, 0x4207, 0x41e7, 0x41e7, 0x41e6, 0x39c6, 0x41c6, 0x39e6, 0x41e6, 0x41e7, 0x41e6, 0x41e6, 0x41e6, 0x41e6, 0x41e6, 
0x41e6, 0x41e7, 0x41e6, 0x39c6, 0x39c6, 0x41e6, 0x41e6, 0x41e6, 0x39c6, 0x39c6, 0x39c6, 0x39c6, 0x39c6, 0x39c6, 0x39a6, 0x39c6, 
0x39c6, 0x39a6, 0x39a5, 0x39a6, 0x39a6, 0x39a6, 0x39a6, 0x39a5, 0x39a5, 0x39a5, 0x39a5, 0x39a5, 0x3185, 0x3185, 0x31a5, 0x39a5, 
0x3185, 0x3145, 0x3145, 0x3145, 0x3145, 0x3145, 0x3145, 0x3145, 0x3145, 0x3145, 0x3145, 0x3145, 0x3145, 0x3145, 0x3145, 0x3145, 
0x3165, 0x39c6, 0x39c6, 0x41c6, 0x39c6, 0x41e6, 0x4207, 0x4207, 0x4207, 0x4207, 0x4a48, 0x4228, 0x4228, 0x39e7, 0x39c6, 0x39c6, 
0x39a6, 0x39a6, 0x3186, 0x3145, 0x3145, 0x3145, 0x3145, 0x3165, 0x31a6, 0x39c6, 0x39a6, 0x3185, 0x3185, 0x39a6, 0x31a6, 0x3185, 
0x39c6, 0x39c6, 0x39c6, 0x39a6, 0x39a6, 0x39a6, 0x39c6, 0x39c6, 0x39a6, 0x39c6, 0x39c6, 0x39c6, 0x39e7, 0x39c6, 0x39a6, 0x39c6, 
0x39a6, 0x39a6, 0x39a6, 0x31a6, 0x39a6, 0x39a6, 0x39a6, 0x4a07, 0x4207, 0x3185, 0x3185, 0x3185, 0x3185, 0x3185, 0x3185, 0x3185, 
0x3185, 0x3185, 0x3185, 0x3185, 0x3185, 0x3185, 0x3185, 0x3185, 0x3185, 0x3185, 0x3185, 0x3185, 0x3185, 0x3185, 0x3185, 0x3185, 
0x3185, 0x3185, 0x3185, 0x3185, 0x3185, 0x3185, 0x3185, 0x3185, 0x3185, 0x39a6, 0x4207, 0x41e7, 0x4207, 0x4207, 0x4207, 0x4207, 
0x4207, 0x4207, 0x4207, 0x39e7, 0x41e7, 0x39e7, 0x39e7, 0x39c6, 0x39c6, 0x39c6, 0x39c7, 0x39e7, 0x41e7, 0x41e7, 0x41e7, 0x4207, 
0x4227, 0x4207, 0x4a48, 0x4228, 0x4a48, 0x4227, 0x4207, 0x41e7, 0x41e7, 0x4207, 0x4207, 0x41e7, 0x4207, 0x4207, 0x41e7, 0x41e7, 
0x41e7, 0x41e7, 0x4207, 0x4207, 0x4228, 0x4a48, 0x41c6, 0x3144, 0x3145, 0x3145, 0x3145, 0x3145, 0x3145, 0x3145, 0x3145, 0x3145, 
0x3145, 0x3145, 0x3145, 0x3145, 0x3145, 0x3145, 0x3165, 0x39a6, 0x39c6, 0x39c6, 0x39c6, 0x39c6, 0x39c6, 0x39c6, 0x39c6, 0x39a6, 
0x39a6, 0x39a6, 0x41e6, 0x4207, 0x41e7, 0x4207, 0x4227, 0x4a48, 0x4a48, 0x5268, 0x4207, 0x4207, 0x4207, 0x4207, 0x4a28, 0x4207, 
0x4207, 0x41e7, 0x41e7, 0x41e7, 0x41e7, 0x41e6, 0x41e6, 0x41e6, 0x41e6, 0x41e6, 0x41e6, 0x41e6, 0x41e6, 0x41c6, 0x41e6, 0x41e6, 
0x41e6, 0x41e6, 0x41e6, 0x41e6, 0x39c6, 0x39c6, 0x39c6, 0x39c6, 0x41e6, 0x39c6, 0x39c6, 0x39a6, 0x39c6, 0x39c6, 0x41c6, 0x41c6, 
0x39a6, 0x39c6, 0x41c6, 0x39a6, 0x39c6, 0x39a6, 0x39a6, 0x39a5, 0x39a6, 0x39a6, 0x39a6, 0x3185, 0x3185, 0x3185, 0x3185, 0x3185, 
0x3165, 0x3145, 0x3145, 0x3145, 0x3145, 0x3145, 0x3145, 0x3145, 0x3145, 0x3145, 0x3145, 0x3145, 0x3145, 0x3145, 0x3145, 0x3145, 
0x3145, 0x39a5, 0x39c6, 0x41e6, 0x41e6, 0x41c6, 0x41c6, 0x39c6, 0x39c6, 0x39e6, 0x4207, 0x4207, 0x4207, 0x39c6, 0x39c6, 0x39c6, 
0x39a6, 0x39a6, 0x3186, 0x3145, 0x3145, 0x3145, 0x3145, 0x3165, 0x39c6, 0x39c6, 0x3186, 0x3185, 0x3185, 0x39a6, 0x39a6, 0x39a6, 
0x39a6, 0x39c6, 0x39a6, 0x39a6, 0x39a6, 0x39c6, 0x39c6, 0x39c6, 0x39a6, 0x39c6, 0x39c6, 0x39c6, 0x39c6, 0x39c6, 0x39c6, 0x39c6, 
0x39c6, 0x39a6, 0x39a6, 0x39a6, 0x39a6, 0x39a6, 0x39a6, 0x4207, 0x41e6, 0x3185, 0x3185, 0x3185, 0x3185, 0x3185, 0x3185, 0x3185, 
0x3185, 0x3185, 0x3185, 0x3185, 0x3185, 0x3185, 0x3185, 0x3185, 0x3185, 0x3185, 0x3185, 0x3185, 0x3185, 0x3185, 0x3185, 0x3185, 
0x3185, 0x3185, 0x3185, 0x3185, 0x3185, 0x3185, 0x3185, 0x3185, 0x3185, 0x3185, 0x39c6, 0x4207, 0x39e7, 0x4207, 0x4207, 0x4207, 
0x4207, 0x4207, 0x4207, 0x41e7, 0x41e7, 0x39e7, 0x39e7, 0x39e7, 0x39c6, 0x39c6, 0x39c6, 0x39c6, 0x4207, 0x41e7, 0x4207, 0x4a28, 
0x4a28, 0x4a48, 0x4a48, 0x4227, 0x4227, 0x4207, 0x4207, 0x41e7, 0x4207, 0x4207, 0x4207, 0x4207, 0x4207, 0x4207, 0x41e7, 0x41e7, 
0x41e7, 0x41e7, 0x41e7, 0x4207, 0x4228, 0x4207, 0x3165, 0x3145, 0x3145, 0x3145, 0x3145, 0x3145, 0x3145, 0x3145, 0x3145, 0x3145, 
0x3145, 0x3145, 0x3145, 0x3145, 0x3145, 0x3145, 0x3145, 0x3185, 0x39a6, 0x39a6, 0x39a6, 0x39a6, 0x39a6, 0x39a6, 0x39a6, 0x39a6, 
0x39a6, 0x39a6, 0x39a6, 0x39a6, 0x41e7, 0x4207, 0x4a27, 0x5268, 0x4207, 0x4a27, 0x5268, 0x4a27, 0x4207, 0x4a27, 0x4227, 0x4207, 
0x41e7, 0x39e7, 0x39e7, 0x41e7, 0x4207, 0x41e7, 0x41e6, 0x41c6, 0x41c5, 0x41e6, 0x41e6, 0x41e6, 0x41e6, 0x41e6, 0x41e6, 0x41e7, 
0x41e6, 0x4206, 0x41e7, 0x4207, 0x4207, 0x41e6, 0x41e7, 0x41e7, 0x41e7, 0x39e6, 0x39c6, 0x39c6, 0x39c6, 0x39c6, 0x41e6, 0x41e6, 
0x39c6, 0x39c6, 0x39c6, 0x39a6, 0x39a6, 0x39a6, 0x39a6, 0x39a6, 0x39a6, 0x39a6, 0x39a5, 0x3185, 0x3185, 0x3185, 0x3165, 0x3165, 
0x3145, 0x3145, 0x3145, 0x3145, 0x3145, 0x3145, 0x3145, 0x3145, 0x3145, 0x3145, 0x3145, 0x3145, 0x3145, 0x3145, 0x3145, 0x3145, 
0x3145, 0x3185, 0x39c6, 0x41c6, 0x4a07, 0x4207, 0x39c6, 0x39c6, 0x39c6, 0x39c6, 0x4207, 0x4228, 0x41e7, 0x39c6, 0x39c6, 0x39a6, 
0x39a6, 0x39a6, 0x3186, 0x3145, 0x3145, 0x3145, 0x3145, 0x3165, 0x39e6, 0x39a6, 0x3185, 0x3185, 0x3185, 0x3186, 0x31a6, 0x31a6, 
0x39c6, 0x39c6, 0x39a6, 0x39a6, 0x39a6, 0x39a6, 0x39c6, 0x39c6, 0x39c6, 0x39c6, 0x39c6, 0x39c6, 0x39c6, 0x39c6, 0x39c6, 0x39c6, 
0x39c6, 0x39c6, 0x39a6, 0x39c6, 0x39a6, 0x39a6, 0x39a6, 0x41e6, 0x39c6, 0x3165, 0x3185, 0x3185, 0x3185, 0x3185, 0x3185, 0x3185, 
0x3185, 0x3185, 0x3185, 0x3185, 0x3185, 0x3185, 0x3185, 0x3185, 0x3185, 0x3185, 0x3185, 0x3185, 0x3185, 0x3185, 0x3185, 0x3185, 
0x3185, 0x3185, 0x3185, 0x3185, 0x3185, 0x3185, 0x3185, 0x3185, 0x3185, 0x3185, 0x39c6, 0x4207, 0x4207, 0x4207, 0x4207, 0x4207, 
0x4207, 0x4207, 0x4207, 0x41e7, 0x4207, 0x39e7, 0x39c7, 0x39c7, 0x39e7, 0x39e6, 0x39c6, 0x39c6, 0x39c6, 0x41e7, 0x4207, 0x5268, 
0x5268, 0x5268, 0x4a28, 0x4227, 0x4207, 0x4207, 0x41e7, 0x41e7, 0x4207, 0x4207, 0x4207, 0x4207, 0x4207, 0x4207, 0x39e7, 0x41e7, 
0x39e7, 0x39e7, 0x41e7, 0x4207, 0x4207, 0x3985, 0x3145, 0x3145, 0x3145, 0x3145, 0x3145, 0x3145, 0x3145, 0x3145, 0x3145, 0x3145, 
0x3145, 0x3145, 0x3145, 0x3145, 0x3145, 0x3145, 0x3145, 0x3185, 0x39a6, 0x39a6, 0x39a6, 0x39a6, 0x39a6, 0x39a6, 0x39a6, 0x39a6, 
0x39a6, 0x39a6, 0x39a6, 0x39a6, 0x39e7, 0x4207, 0x4a48, 0x5268, 0x4a28, 0x41e7, 0x4a28, 0x5268, 0x4a27, 0x4207, 0x4227, 0x4207, 
0x39e7, 0x39e7, 0x41e7, 0x41e6, 0x39c6, 0x41e6, 0x41e6, 0x39c6, 0x39a5, 0x41c5, 0x49e6, 0x41e6, 0x41e6, 0x4207, 0x41e6, 0x39e6, 
0x41e6, 0x41e7, 0x4207, 0x4207, 0x4a27, 0x4a27, 0x4227, 0x4207, 0x41e6, 0x41e7, 0x39c6, 0x39c6, 0x41e6, 0x41c6, 0x39c6, 0x39c6, 
0x41c6, 0x39c6, 0x39c6, 0x41c6, 0x39c6, 0x39c6, 0x39c6, 0x39c6, 0x39c6, 0x3185, 0x3185, 0x3185, 0x3185, 0x3185, 0x3165, 0x3145, 
0x3145, 0x3145, 0x3145, 0x3145, 0x3145, 0x3145, 0x3145, 0x3145, 0x3145, 0x3145, 0x3145, 0x3145, 0x3145, 0x3145, 0x3145, 0x3145, 
0x3145, 0x3145, 0x3165, 0x39a6, 0x39a6, 0x41e6, 0x41c6, 0x39c6, 0x39a6, 0x39a6, 0x39c6, 0x41e7, 0x39c6, 0x39c6, 0x39c6, 0x39a6, 
0x39a6, 0x39a6, 0x3185, 0x3145, 0x3145, 0x3145, 0x3145, 0x2965, 0x39c6, 0x39a6, 0x3185, 0x3185, 0x3185, 0x3185, 0x31a6, 0x39a6, 
0x39c6, 0x41e7, 0x39a6, 0x39a6, 0x39a6, 0x39a6, 0x39a6, 0x39c6, 0x39c6, 0x39e7, 0x39c6, 0x39c6, 0x39e6, 0x39e7, 0x39e7, 0x39c6, 
0x39a6, 0x39a6, 0x39c6, 0x39a6, 0x39a6, 0x39a6, 0x39a6, 0x39c6, 0x39c6, 0x3165, 0x3185, 0x3185, 0x3185, 0x3185, 0x3185, 0x3185, 
0x3185, 0x3185, 0x3185, 0x3185, 0x3185, 0x3185, 0x3185, 0x3185, 0x3185, 0x3185, 0x3185, 0x3185, 0x3185, 0x3185, 0x3185, 0x3185, 
0x3185, 0x3185, 0x3185, 0x3185, 0x3185, 0x3185, 0x3185, 0x3185, 0x3185, 0x3185, 0x3185, 0x31a5, 0x41e7, 0x4207, 0x4a48, 0x4a28, 
0x4207, 0x4207, 0x4207, 0x41e7, 0x41e7, 0x39e7, 0x39c6, 0x39c6, 0x39c6, 0x39c6, 0x41e7, 0x41e7, 0x41e7, 0x4207, 0x4207, 0x4228, 
0x4a48, 0x4a28, 0x4207, 0x4227, 0x4207, 0x41e7, 0x41e7, 0x4207, 0x4207, 0x4207, 0x4207, 0x41e7, 0x41e7, 0x41e7, 0x41e7, 0x39e7, 
0x41e7, 0x39e7, 0x39e7, 0x4207, 0x39e7, 0x3165, 0x3145, 0x3145, 0x3145, 0x3145, 0x3145, 0x3145, 0x3145, 0x3145, 0x3145, 0x3145, 
0x3145, 0x3145, 0x3145, 0x3145, 0x3145, 0x3145, 0x3145, 0x3185, 0x39a6, 0x39a6, 0x39a6, 0x39a6, 0x39a6, 0x39a6, 0x39a6, 0x39a6, 
0x39a6, 0x39a6, 0x39a6, 0x39a6, 0x39c6, 0x4227, 0x5268, 0x4a48, 0x5268, 0x4a48, 0x4207, 0x4a48, 0x5248, 0x4227, 0x4227, 0x4207, 
0x39e7, 0x39c7, 0x41e7, 0x4207, 0x41e6, 0x39a6, 0x39c5, 0x39a5, 0x39a5, 0x41c5, 0x41e5, 0x41e6, 0x4207, 0x4207, 0x41e6, 0x41e6, 
0x4207, 0x4207, 0x4207, 0x41e7, 0x4207, 0x4a47, 0x4207, 0x41e7, 0x41e6, 0x41e7, 0x41e7, 0x41e7, 0x41e7, 0x41e6, 0x41e6, 0x41e7, 
0x41e6, 0x41c6, 0x41c6, 0x41e6, 0x39c6, 0x41e6, 0x39c6, 0x39c6, 0x39c5, 0x3185, 0x3185, 0x3185, 0x3185, 0x3165, 0x3145, 0x3145, 
0x3145, 0x3145, 0x3145, 0x3145, 0x3145, 0x3145, 0x3145, 0x3145, 0x3145, 0x3145, 0x3145, 0x3145, 0x3145, 0x3145, 0x3145, 0x3145, 
0x3145, 0x3145, 0x3145, 0x3185, 0x39a6, 0x39a6, 0x39a6, 0x39a6, 0x39a6, 0x39a6, 0x39a6, 0x39c6, 0x39c6, 0x39c6, 0x39c6, 0x39a6, 
0x39a6, 0x39a6, 0x3185, 0x3145, 0x3145, 0x3145, 0x3145, 0x3165, 0x39c6, 0x39a6, 0x3985, 0x3185, 0x3185, 0x3185, 0x39a6, 0x39c6, 
0x4207, 0x4207, 0x39c6, 0x39a6, 0x39c6, 0x39a6, 0x39a6, 0x39a6, 0x39c6, 0x39c7, 0x39c6, 0x39c6, 0x39e7, 0x39e7, 0x39c6, 0x39a6, 
0x39a6, 0x39a6, 0x39a6, 0x39a6, 0x39a6, 0x39a6, 0x39c6, 0x39c6, 0x39c6, 0x3185, 0x3185, 0x3185, 0x3185, 0x3185, 0x3185, 0x3185, 
0x3185, 0x3185, 0x3185, 0x3185, 0x3185, 0x3185, 0x3185, 0x3185, 0x3185, 0x3185, 0x3185, 0x3185, 0x3185, 0x3185, 0x3185, 0x3185, 
0x3185, 0x3185, 0x3185, 0x3185, 0x3185, 0x3185, 0x3185, 0x3185, 0x3185, 0x3185, 0x3185, 0x3185, 0x31a5, 0x39e7, 0x4a48, 0x4a28, 
0x4228, 0x4228, 0x4207, 0x41e7, 0x41e7, 0x39e7, 0x39e7, 0x39e7, 0x39e7, 0x41e7, 0x41e7, 0x39e7, 0x4207, 0x4207, 0x4227, 0x4a28, 
0x5268, 0x4a68, 0x4207, 0x4227, 0x4207, 0x41e7, 0x39e7, 0x4207, 0x4207, 0x4207, 0x4207, 0x4207, 0x4207, 0x41e7, 0x39e7, 0x39e7, 
0x39e7, 0x39e7, 0x39e7, 0x4207, 0x39c6, 0x3145, 0x3145, 0x3145, 0x3145, 0x3145, 0x3145, 0x3145, 0x3145, 0x3145, 0x3145, 0x3145, 
0x3145, 0x3145, 0x3145, 0x3145, 0x3145, 0x3145, 0x3145, 0x3185, 0x39a6, 0x39a6, 0x39a6, 0x39a6, 0x39a6, 0x39a6, 0x39a6, 0x39a6, 
0x39a6, 0x39a6, 0x39a6, 0x39a6, 0x41e6, 0x4a48, 0x5268, 0x5268, 0x41e7, 0x4a48, 0x4a48, 0x4207, 0x5268, 0x4a28, 0x4207, 0x39e7, 
0x39c7, 0x41e6, 0x4207, 0x4206, 0x41c6, 0x39a5, 0x3985, 0x39a5, 0x41c5, 0x41c6, 0x41c5, 0x41c5, 0x41e6, 0x4206, 0x4206, 0x4a07, 
0x4207, 0x4207, 0x4207, 0x4207, 0x4207, 0x4227, 0x4207, 0x4207, 0x4207, 0x4a27, 0x4207, 0x4a27, 0x4207, 0x4207, 0x4207, 0x4207, 
0x4a27, 0x4207, 0x4207, 0x41e6, 0x41e6, 0x41e6, 0x39c6, 0x39c6, 0x3185, 0x3185, 0x3185, 0x3185, 0x3165, 0x3145, 0x3145, 0x3145, 
0x3145, 0x3145, 0x3145, 0x3145, 0x3145, 0x3145, 0x3145, 0x3145, 0x3145, 0x3145, 0x3145, 0x3145, 0x3145, 0x3145, 0x3145, 0x3145, 
0x3145, 0x3145, 0x3145, 0x3145, 0x3185, 0x39a6, 0x39a6, 0x39a6, 0x39a6, 0x39a6, 0x39a6, 0x39a6, 0x39a6, 0x39a6, 0x39a6, 0x39a6, 
0x39a6, 0x3185, 0x3165, 0x3145, 0x3145, 0x3145, 0x3145, 0x3145, 0x39c6, 0x31a5, 0x3185, 0x3185, 0x31a6, 0x31a6, 0x39a6, 0x39a6, 
0x41e7, 0x41e7, 0x39c6, 0x39c6, 0x39c6, 0x39c6, 0x39c6, 0x39a6, 0x39c6, 0x41e7, 0x39e7, 0x39e6, 0x39e6, 0x39e7, 0x39c6, 0x39a6, 
0x39a6, 0x39c6, 0x39c6, 0x39c6, 0x39c6, 0x39a6, 0x39a6, 0x39c7, 0x39c6, 0x3185, 0x3185, 0x3185, 0x3185, 0x3185, 0x3185, 0x3185, 
0x3185, 0x3185, 0x3185, 0x3185, 0x3185, 0x3185, 0x3185, 0x3185, 0x3185, 0x3185, 0x3185, 0x3185, 0x3185, 0x3185, 0x3185, 0x3185, 
0x3185, 0x3185, 0x3185, 0x3185, 0x3185, 0x3185, 0x3185, 0x3185, 0x3185, 0x3185, 0x3185, 0x3185, 0x3185, 0x31a5, 0x4207, 0x4207, 
0x4207, 0x4207, 0x4207, 0x41e7, 0x39e7, 0x41e7, 0x39c6, 0x39e7, 0x39e7, 0x39e7, 0x4207, 0x4207, 0x4227, 0x4228, 0x4a48, 0x5268, 
0x4a68, 0x4a48, 0x4207, 0x4228, 0x4207, 0x41e7, 0x41e7, 0x39e7, 0x41e7, 0x4207, 0x41e7, 0x41e7, 0x39e7, 0x39e7, 0x39e7, 0x4207, 
0x39e7, 0x39e7, 0x39e7, 0x4207, 0x39c6, 0x3144, 0x3145, 0x3145, 0x3145, 0x3145, 0x3145, 0x3145, 0x3145, 0x3145, 0x3145, 0x3145, 
0x3145, 0x3145, 0x3145, 0x3145, 0x3145, 0x3145, 0x3145, 0x3185, 0x39a6, 0x39a6, 0x39a6, 0x39a6, 0x39a6, 0x39a6, 0x39a6, 0x39a6, 
0x39a6, 0x39a6, 0x39a6, 0x39c6, 0x5248, 0x5268, 0x4207, 0x4a27, 0x4a28, 0x41e7, 0x4a48, 0x5268, 0x4a48, 0x4a28, 0x41e7, 0x39c6, 
0x4a07, 0x4a27, 0x4206, 0x39c6, 0x41c6, 0x39a5, 0x3985, 0x39a5, 0x41e6, 0x41e6, 0x41e6, 0x41c5, 0x41e6, 0x41e6, 0x4a07, 0x4207, 
0x4207, 0x4207, 0x4207, 0x4a27, 0x5248, 0x4a27, 0x4207, 0x4a27, 0x4a27, 0x4a27, 0x4227, 0x4207, 0x4207, 0x4207, 0x4207, 0x4207, 
0x4227, 0x4207, 0x4a27, 0x4207, 0x4207, 0x4207, 0x4207, 0x39c6, 0x3185, 0x3185, 0x3185, 0x3185, 0x3165, 0x3145, 0x3145, 0x3145, 
0x3145, 0x3145, 0x3145, 0x3145, 0x3145, 0x3145, 0x3145, 0x3145, 0x3145, 0x3145, 0x3145, 0x3145, 0x3145, 0x3145, 0x3145, 0x3145, 
0x3145, 0x3145, 0x3145, 0x3145, 0x3145, 0x3165, 0x3165, 0x3165, 0x3165, 0x3165, 0x3165, 0x3165, 0x3165, 0x3165, 0x3165, 0x3165, 
0x3165, 0x3145, 0x3145, 0x3145, 0x3145, 0x3145, 0x3145, 0x3165, 0x31a6, 0x3185, 0x3185, 0x3185, 0x39a6, 0x39a6, 0x39c6, 0x39c6, 
0x39e6, 0x41e7, 0x39c6, 0x41e7, 0x39e7, 0x39c6, 0x39e7, 0x39c6, 0x39e7, 0x39c7, 0x39c6, 0x39e6, 0x39e6, 0x41e7, 0x39c6, 0x39c6, 
0x39c6, 0x39c6, 0x39a6, 0x39a6, 0x39c6, 0x39a6, 0x39a6, 0x41e7, 0x39a6, 0x3165, 0x3185, 0x3185, 0x3185, 0x3185, 0x3185, 0x3185, 
0x3185, 0x3185, 0x3185, 0x3185, 0x3185, 0x3185, 0x3185, 0x3185, 0x3185, 0x3185, 0x3185, 0x3185, 0x3185, 0x3185, 0x3185, 0x3185, 
0x3185, 0x3185, 0x3185, 0x3185, 0x3185, 0x3185, 0x3185, 0x3185, 0x3185, 0x3185, 0x3185, 0x3185, 0x3185, 0x3185, 0x39e7, 0x4207, 
0x4227, 0x4207, 0x4207, 0x4207, 0x41e7, 0x39c7, 0x39c6, 0x41e7, 0x39e7, 0x39e7, 0x41e7, 0x4207, 0x4a48, 0x5288, 0x5268, 0x5268, 
0x4a28, 0x4207, 0x4207, 0x4207, 0x4207, 0x4207, 0x39e7, 0x39e7, 0x39e7, 0x41e7, 0x39e7, 0x39c6, 0x39c6, 0x39e7, 0x41e7, 0x41e7, 
0x39e7, 0x39e7, 0x41e7, 0x4207, 0x3985, 0x3144, 0x3145, 0x3145, 0x3145, 0x3145, 0x3145, 0x3145, 0x3145, 0x3145, 0x3145, 0x3145, 
0x3145, 0x3145, 0x3145, 0x3145, 0x3145, 0x3145, 0x3145, 0x3185, 0x39a6, 0x39a6, 0x39a6, 0x39a6, 0x39a6, 0x39a6, 0x39a6, 0x39a6, 
0x39a6, 0x39a6, 0x39c6, 0x4a27, 0x4a27, 0x5268, 0x4207, 0x41e7, 0x5268, 0x4a28, 0x4207, 0x4a48, 0x4a48, 0x4207, 0x41e7, 0x41e7, 
0x4a27, 0x5247, 0x4a27, 0x41e6, 0x39c5, 0x3185, 0x3985, 0x39a5, 0x41c6, 0x41e6, 0x41c6, 0x41c6, 0x41e6, 0x4206, 0x4207, 0x4a07, 
0x4a27, 0x4a27, 0x4a27, 0x4a27, 0x4227, 0x4207, 0x4a27, 0x4207, 0x4207, 0x4207, 0x4227, 0x4207, 0x4207, 0x41e7, 0x39e7, 0x41e7, 
0x41e7, 0x39c6, 0x39c6, 0x39c6, 0x41e6, 0x41e6, 0x41e7, 0x39a6, 0x3185, 0x3185, 0x3185, 0x3165, 0x3145, 0x3145, 0x3145, 0x3145, 
0x3145, 0x3145, 0x3145, 0x3145, 0x3145, 0x3145, 0x3145, 0x3145, 0x3145, 0x3145, 0x3145, 0x3145, 0x3145, 0x3145, 0x3145, 0x3145, 
0x3145, 0x3145, 0x3145, 0x3145, 0x3145, 0x3145, 0x3145, 0x3145, 0x3145, 0x3145, 0x3145, 0x3145, 0x3145, 0x3145, 0x3145, 0x3145, 
0x3145, 0x3145, 0x3145, 0x3145, 0x3145, 0x3145, 0x3145, 0x3165, 0x39c6, 0x3185, 0x3185, 0x39a6, 0x39a6, 0x39a6, 0x39c6, 0x39c6, 
0x39c6, 0x39c6, 0x39c6, 0x39c6, 0x39c6, 0x39c6, 0x39c6, 0x39e6, 0x39c6, 0x39c6, 0x39c7, 0x39c6, 0x39c6, 0x41e6, 0x39c6, 0x39c6, 
0x39a6, 0x39c6, 0x39c6, 0x39a6, 0x39a6, 0x39c6, 0x39a6, 0x39e7, 0x3185, 0x3185, 0x3185, 0x3185, 0x3185, 0x3185, 0x3185, 0x3185, 
0x3185, 0x3185, 0x3185, 0x3185, 0x3185, 0x3185, 0x3185, 0x3185, 0x3185, 0x3185, 0x3185, 0x3185, 0x3185, 0x3185, 0x3185, 0x3185, 
0x3185, 0x3185, 0x3185, 0x3185, 0x3185, 0x3185, 0x3185, 0x3185, 0x3185, 0x3185, 0x3185, 0x3185, 0x3185, 0x3185, 0x39c6, 0x4207, 
0x4207, 0x4207, 0x4207, 0x41e7, 0x4207, 0x39e7, 0x39e7, 0x39e7, 0x41e7, 0x4207, 0x41e7, 0x4a27, 0x5268, 0x5289, 0x5288, 0x4a48, 
0x4207, 0x4207, 0x4207, 0x4207, 0x41e7, 0x39e7, 0x39e7, 0x39e6, 0x39c6, 0x39c6, 0x39c6, 0x39a6, 0x39a6, 0x39e7, 0x39e7, 0x41e7, 
0x39e7, 0x39e7, 0x41e7, 0x39e6, 0x3165, 0x3145, 0x3145, 0x3145, 0x3145, 0x3145, 0x3145, 0x3145, 0x3145, 0x3145, 0x3145, 0x3145, 
0x3145, 0x3145, 0x3145, 0x3145, 0x3145, 0x3145, 0x3145, 0x3185, 0x39a6, 0x39a6, 0x39a6, 0x39a6, 0x39a6, 0x39a6, 0x39a6, 0x39a6, 
0x39a6, 0x39a6, 0x4207, 0x5248, 0x4207, 0x4a48, 0x5268, 0x4207, 0x4207, 0x5268, 0x4a27, 0x4227, 0x4a48, 0x4207, 0x41e7, 0x4207, 
0x41e6, 0x41e6, 0x41e6, 0x41c6, 0x39a5, 0x3985, 0x39a5, 0x39a6, 0x39a6, 0x41c6, 0x41e6, 0x41e6, 0x4206, 0x4a07, 0x4207, 0x4a27, 
0x4a47, 0x4a27, 0x4207, 0x4207, 0x4227, 0x4a28, 0x4a28, 0x4a27, 0x4207, 0x41e7, 0x4207, 0x4207, 0x41e7, 0x41e7, 0x41e6, 0x41e7, 
0x39c6, 0x39a6, 0x39a6, 0x39a6, 0x39a6, 0x39a6, 0x39a5, 0x3185, 0x3185, 0x3185, 0x3185, 0x3165, 0x3145, 0x3145, 0x3145, 0x3145, 
0x3145, 0x3145, 0x3145, 0x3145, 0x3145, 0x3145, 0x3145, 0x3145, 0x3145, 0x3145, 0x3145, 0x3145, 0x3145, 0x3145, 0x3145, 0x3145, 
0x3145, 0x3145, 0x3145, 0x3145, 0x3145, 0x3145, 0x3145, 0x3145, 0x3145, 0x3145, 0x3145, 0x3145, 0x3145, 0x3145, 0x3145, 0x3145, 
0x3145, 0x3145, 0x3145, 0x3145, 0x3145, 0x3145, 0x3145, 0x3165, 0x39c6, 0x3185, 0x3185, 0x39c6, 0x39a6, 0x39c6, 0x39a6, 0x39c6, 
0x39c6, 0x39a6, 0x39c6, 0x39c6, 0x39c6, 0x39c6, 0x41e7, 0x39c7, 0x39c6, 0x39c6, 0x39c6, 0x39a6, 0x39a6, 0x39a6, 0x39c6, 0x39c6, 
0x39a6, 0x39c6, 0x39a6, 0x39a6, 0x39a6, 0x39a6, 0x39a6, 0x39e7, 0x3185, 0x3185, 0x3185, 0x3185, 0x3185, 0x3185, 0x3185, 0x3185, 
0x3185, 0x3185, 0x3185, 0x3185, 0x3185, 0x3185, 0x3185, 0x3185, 0x3185, 0x3185, 0x3185, 0x3185, 0x3185, 0x3185, 0x3185, 0x3185, 
0x3185, 0x3185, 0x3185, 0x3185, 0x3185, 0x3185, 0x3185, 0x3185, 0x3185, 0x3185, 0x3185, 0x3185, 0x3185, 0x3185, 0x3185, 0x41e7, 
0x4207, 0x4207, 0x4207, 0x4207, 0x41e7, 0x41e7, 0x39e7, 0x39e7, 0x41e7, 0x4207, 0x4207, 0x4a48, 0x4a68, 0x5268, 0x5289, 0x5268, 
0x4207, 0x41e7, 0x39c7, 0x4207, 0x39e7, 0x39e6, 0x39c6, 0x31a6, 0x3186, 0x31a6, 0x39c6, 0x39c6, 0x39a6, 0x39c7, 0x41e7, 0x41e7, 
0x4207, 0x4207, 0x39e7, 0x39a5, 0x3145, 0x3145, 0x3145, 0x3145, 0x3145, 0x3145, 0x3145, 0x3145, 0x3145, 0x3145, 0x3145, 0x3145, 
0x3145, 0x3145, 0x3145, 0x3145, 0x3145, 0x3145, 0x3145, 0x3185, 0x39a6, 0x39a6, 0x39a6, 0x39a6, 0x39a6, 0x39a6, 0x39a6, 0x39a6, 
0x39a6, 0x4207, 0x5248, 0x5248, 0x4a28, 0x41e7, 0x5248, 0x5268, 0x41e7, 0x4207, 0x5248, 0x4a48, 0x4207, 0x39c6, 0x41e7, 0x4206, 
0x41c6, 0x39c6, 0x3985, 0x39a5, 0x39a5, 0x41c5, 0x39c6, 0x41c6, 0x41e6, 0x39c6, 0x41e6, 0x41e7, 0x4a27, 0x4a27, 0x4207, 0x4a27, 
0x4207, 0x41e7, 0x4207, 0x4207, 0x4a27, 0x4a28, 0x4a27, 0x4a27, 0x4a27, 0x4a27, 0x4207, 0x41e7, 0x4207, 0x4207, 0x41e6, 0x41e7, 
0x41e7, 0x39a6, 0x3985, 0x3185, 0x3185, 0x3185, 0x3185, 0x3185, 0x3185, 0x3185, 0x3165, 0x3145, 0x3145, 0x3145, 0x3145, 0x3145, 
0x3145, 0x3145, 0x3145, 0x3145, 0x3145, 0x3145, 0x3145, 0x3145, 0x3145, 0x3145, 0x3145, 0x3145, 0x3145, 0x3145, 0x3145, 0x3145, 
0x3145, 0x3145, 0x3145, 0x3145, 0x3145, 0x3145, 0x3145, 0x3145, 0x3145, 0x3145, 0x3145, 0x3145, 0x3145, 0x3145, 0x3145, 0x3145, 
0x3145, 0x3145, 0x3145, 0x3145, 0x3145, 0x3145, 0x3145, 0x2945, 0x39a6, 0x39a6, 0x31a5, 0x39a6, 0x39a6, 0x39a6, 0x39a6, 0x39c6, 
0x39c6, 0x39a6, 0x39a6, 0x39a6, 0x39c6, 0x39c6, 0x39e7, 0x39c6, 0x39c6, 0x39c6, 0x39a6, 0x39a6, 0x39a6, 0x31a6, 0x39c6, 0x39a6, 
0x31a6, 0x39a6, 0x39a6, 0x39a6, 0x39a6, 0x39c6, 0x39a6, 0x39c7, 0x31a5, 0x3185, 0x3185, 0x3185, 0x3185, 0x3185, 0x3185, 0x3185, 
0x3185, 0x3185, 0x3185, 0x3185, 0x3185, 0x3185, 0x3185, 0x3185, 0x3185, 0x3185, 0x3185, 0x3185, 0x3185, 0x3185, 0x3185, 0x3185, 
0x3185, 0x3185, 0x3185, 0x3185, 0x3185, 0x3185, 0x3185, 0x3185, 0x3185, 0x3185, 0x3185, 0x3185, 0x3185, 0x3185, 0x3185, 0x31a5, 
0x41e7, 0x4207, 0x41e7, 0x4207, 0x4207, 0x39e7, 0x4207, 0x4207, 0x4207, 0x4207, 0x4a28, 0x5268, 0x5268, 0x4a48, 0x4a48, 0x4207, 
0x41e7, 0x39c6, 0x39c6, 0x39c6, 0x39c6, 0x39a6, 0x39a6, 0x31a6, 0x31a6, 0x39a6, 0x39a6, 0x39a6, 0x39c6, 0x39c6, 0x39e7, 0x41e7, 
0x4207, 0x41e7, 0x39e6, 0x3165, 0x3145, 0x3145, 0x3145, 0x3145, 0x3145, 0x3145, 0x3145, 0x3145, 0x3145, 0x3145, 0x3145, 0x3145, 
0x3145, 0x3145, 0x3145, 0x3145, 0x3145, 0x3145, 0x3145, 0x3185, 0x39a6, 0x39a6, 0x39a6, 0x39a6, 0x39a6, 0x39a6, 0x39a6, 0x39a6, 
0x41e7, 0x5a88, 0x4227, 0x4207, 0x5268, 0x4207, 0x39c6, 0x4a48, 0x4a48, 0x4207, 0x4a28, 0x5248, 0x4207, 0x39c6, 0x39c6, 0x41c6, 
0x39a5, 0x41c6, 0x39a6, 0x39c6, 0x41c6, 0x41c6, 0x41e6, 0x41c5, 0x41e6, 0x41e7, 0x4207, 0x41e6, 0x4a07, 0x4a07, 0x4a27, 0x4207, 
0x41e7, 0x4207, 0x4207, 0x4207, 0x4a27, 0x4a27, 0x4207, 0x4207, 0x4a27, 0x4a27, 0x4227, 0x41e7, 0x4207, 0x4207, 0x39c6, 0x39c6, 
0x39c6, 0x39a6, 0x3185, 0x3185, 0x3185, 0x3185, 0x3185, 0x3185, 0x3185, 0x3185, 0x3165, 0x3145, 0x3145, 0x3145, 0x3145, 0x3145, 
0x3145, 0x3145, 0x3145, 0x3145, 0x3145, 0x3145, 0x3145, 0x3145, 0x3145, 0x3145, 0x3145, 0x3145, 0x3145, 0x3145, 0x3145, 0x3145, 
0x3145, 0x3145, 0x3145, 0x3145, 0x3145, 0x3145, 0x3145, 0x3145, 0x3145, 0x3145, 0x3145, 0x3145, 0x3145, 0x3145, 0x3145, 0x3145, 
0x3145, 0x3145, 0x3145, 0x3145, 0x3145, 0x3145, 0x3145, 0x2945, 0x39a6, 0x39a6, 0x3185, 0x31a6, 0x31a6, 0x39a6, 0x39c6, 0x39a6, 
0x39a6, 0x39a6, 0x39c6, 0x39c6, 0x39c6, 0x39c6, 0x39e6, 0x39c6, 0x39c6, 0x39c6, 0x39c6, 0x39c6, 0x31a6, 0x39a6, 0x31a6, 0x39a6, 
0x39a6, 0x39a6, 0x39a6, 0x39a6, 0x39a6, 0x39a6, 0x39a6, 0x41e7, 0x39a5, 0x3185, 0x3185, 0x3185, 0x3185, 0x3185, 0x3185, 0x3185, 
0x3185, 0x3185, 0x3185, 0x3185, 0x3185, 0x3185, 0x3185, 0x3185, 0x3185, 0x3185, 0x3185, 0x3185, 0x3185, 0x3185, 0x3185, 0x3185, 
0x3185, 0x3185, 0x3185, 0x3185, 0x3185, 0x3185, 0x3185, 0x3185, 0x3185, 0x3185, 0x3185, 0x3185, 0x3185, 0x3185, 0x3185, 0x3185, 
0x39a6, 0x4207, 0x4207, 0x4207, 0x4227, 0x4207, 0x4207, 0x4207, 0x4207, 0x5268, 0x5268, 0x5289, 0x5268, 0x4a48, 0x41e7, 0x39c6, 
0x41e7, 0x39e7, 0x39c6, 0x39a6, 0x31a6, 0x39a6, 0x39c6, 0x39c6, 0x39c6, 0x39a6, 0x39c6, 0x39c6, 0x39e7, 0x39c6, 0x39a6, 0x41e7, 
0x39e7, 0x39c6, 0x39a6, 0x3145, 0x3145, 0x3145, 0x3145, 0x3145, 0x3145, 0x3145, 0x3145, 0x3145, 0x3145, 0x3145, 0x3145, 0x3145, 
0x3145, 0x3145, 0x3145, 0x3145, 0x3145, 0x3145, 0x3145, 0x3165, 0x39a6, 0x39a6, 0x39a6, 0x39a6, 0x39a6, 0x39a6, 0x39a6, 0x39a6, 
0x41c6, 0x5aa9, 0x5288, 0x4207, 0x4a27, 0x5268, 0x4207, 0x39e7, 0x4a27, 0x4a48, 0x4228, 0x4207, 0x5a88, 0x5a88, 0x4a07, 0x41e6, 
0x41e6, 0x41e7, 0x4206, 0x39c6, 0x39a5, 0x39a5, 0x41e6, 0x41e6, 0x41e6, 0x41e6, 0x4207, 0x4206, 0x41e6, 0x4207, 0x4207, 0x41e6, 
0x41e6, 0x41e6, 0x41e7, 0x4207, 0x4207, 0x4207, 0x41e7, 0x4207, 0x4207, 0x4207, 0x4227, 0x4207, 0x4207, 0x41e7, 0x41e6, 0x41e6, 
0x39c6, 0x39a6, 0x3185, 0x3185, 0x3185, 0x3185, 0x3185, 0x3185, 0x3185, 0x3165, 0x3145, 0x3145, 0x3145, 0x3145, 0x3145, 0x3145, 
0x3145, 0x3145, 0x3145, 0x3145, 0x3145, 0x3145, 0x3145, 0x3145, 0x3145, 0x3145, 0x3145, 0x3145, 0x3145, 0x3145, 0x3145, 0x3145, 
0x3145, 0x3145, 0x3145, 0x3145, 0x3145, 0x3145, 0x3145, 0x3145, 0x3145, 0x3145, 0x3145, 0x3145, 0x3145, 0x3145, 0x3145, 0x3145, 
0x3145, 0x3145, 0x3145, 0x3145, 0x3145, 0x3145, 0x3145, 0x2945, 0x31a6, 0x39a6, 0x3186, 0x39a6, 0x39a6, 0x31a6, 0x39a6, 0x39c6, 
0x39a6, 0x39a6, 0x39c6, 0x39a6, 0x39a6, 0x39a6, 0x39c6, 0x39c6, 0x39c6, 0x39a6, 0x39c6, 0x39a6, 0x39a6, 0x39a6, 0x39a6, 0x39c6, 
0x39c6, 0x39c6, 0x39c6, 0x39a6, 0x39a6, 0x39a6, 0x39a6, 0x39c6, 0x39a6, 0x3185, 0x3185, 0x3185, 0x3185, 0x3185, 0x3185, 0x3185, 
0x3185, 0x3185, 0x3185, 0x3185, 0x3185, 0x3185, 0x3185, 0x3185, 0x3185, 0x3185, 0x3185, 0x3185, 0x3185, 0x3185, 0x3185, 0x3185, 
0x3185, 0x3185, 0x3185, 0x3185, 0x3185, 0x3185, 0x3185, 0x3185, 0x3185, 0x3185, 0x3185, 0x3185, 0x3185, 0x3185, 0x3185, 0x3185, 
0x3185, 0x39c6, 0x4228, 0x4a28, 0x4227, 0x4207, 0x4207, 0x4207, 0x4a48, 0x4a68, 0x4a48, 0x4a48, 0x4207, 0x4207, 0x39c6, 0x39e6, 
0x41e7, 0x41e7, 0x39c6, 0x39c6, 0x39c6, 0x39c6, 0x39c6, 0x39c6, 0x39c6, 0x39c6, 0x39c6, 0x41e7, 0x41e7, 0x39c6, 0x31a6, 0x39c6, 
0x39e7, 0x39c6, 0x3165, 0x3145, 0x3145, 0x3145, 0x3145, 0x3145, 0x3145, 0x3145, 0x3145, 0x3145, 0x3145, 0x3145, 0x3145, 0x3145, 
0x3145, 0x3145, 0x3145, 0x3145, 0x3145, 0x3145, 0x3145, 0x3145, 0x3165, 0x39a6, 0x39a6, 0x39a6, 0x39a6, 0x39a6, 0x39a6, 0x39a6, 
0x39a6, 0x4a27, 0x62c9, 0x5268, 0x41e7, 0x4a27, 0x5248, 0x4207, 0x4207, 0x5268, 0x4207, 0x41c6, 0x5a88, 0x62a8, 0x5a88, 0x5a88, 
0x4a27, 0x41e6, 0x39c6, 0x39a5, 0x39a6, 0x41c6, 0x39c6, 0x41c6, 0x41e6, 0x41e6, 0x4207, 0x4a07, 0x41e7, 0x4207, 0x41e7, 0x41e6, 
0x41e6, 0x41e7, 0x41e7, 0x41e7, 0x4207, 0x4a27, 0x4a28, 0x4a27, 0x4207, 0x41e7, 0x4207, 0x4207, 0x41e7, 0x41e7, 0x4207, 0x4227, 
0x39c6, 0x39c6, 0x39a5, 0x3185, 0x3185, 0x3185, 0x3185, 0x3185, 0x3165, 0x3145, 0x3145, 0x3145, 0x3145, 0x3145, 0x3145, 0x3145, 
0x3145, 0x3145, 0x3145, 0x3145, 0x3145, 0x3145, 0x3145, 0x3145, 0x3145, 0x3145, 0x3145, 0x3145, 0x3145, 0x3145, 0x3145, 0x3145, 
0x3145, 0x3145, 0x3145, 0x3145, 0x3145, 0x3145, 0x3145, 0x3145, 0x3145, 0x3145, 0x3145, 0x3145, 0x3145, 0x3145, 0x3145, 0x3145, 
0x3145, 0x3145, 0x3145, 0x3145, 0x3145, 0x3145, 0x3145, 0x2945, 0x3185, 0x39a6, 0x39a6, 0x39a6, 0x31a6, 0x39a6, 0x39a6, 0x39c6, 
0x39a6, 0x39a6, 0x39a6, 0x39a6, 0x39a6, 0x39a6, 0x39c6, 0x39c6, 0x39c6, 0x39c6, 0x39a6, 0x39a6, 0x39a6, 0x31a6, 0x39c6, 0x39c6, 
0x39c6, 0x39a6, 0x39a6, 0x39a6, 0x39a6, 0x31a6, 0x39a6, 0x39e6, 0x31a5, 0x3185, 0x3185, 0x3185, 0x3185, 0x3185, 0x3185, 0x3185, 
0x3185, 0x3185, 0x3185, 0x3185, 0x3185, 0x3185, 0x3185, 0x3185, 0x3185, 0x3185, 0x3185, 0x3185, 0x3185, 0x3185, 0x3185, 0x3185, 
0x3185, 0x3185, 0x3185, 0x3185, 0x3185, 0x3185, 0x3185, 0x3185, 0x3185, 0x3185, 0x3185, 0x3185, 0x3185, 0x3185, 0x3185, 0x3185, 
0x3185, 0x3185, 0x4207, 0x4a28, 0x4207, 0x39e7, 0x39e7, 0x39c6, 0x41e7, 0x4207, 0x39e7, 0x39e7, 0x39e7, 0x39e7, 0x39e7, 0x41e7, 
0x39e7, 0x41e7, 0x39c6, 0x39c6, 0x39c6, 0x39a6, 0x39c6, 0x39c6, 0x39c6, 0x41e6, 0x39c6, 0x41e7, 0x41e7, 0x39a6, 0x31a6, 0x31a6, 
0x39a6, 0x3985, 0x3145, 0x3145, 0x3145, 0x3145, 0x3145, 0x3145, 0x3145, 0x3145, 0x3145, 0x3145, 0x3145, 0x3145, 0x3145, 0x3145, 
0x3145, 0x3145, 0x3145, 0x3145, 0x3145, 0x3145, 0x3145, 0x3145, 0x3144, 0x3185, 0x39a6, 0x39a6, 0x39a6, 0x39a6, 0x39a6, 0x39a6, 
0x39a6, 0x39a6, 0x4a27, 0x5aa9, 0x4a48, 0x39c7, 0x4a27, 0x5268, 0x4a27, 0x4207, 0x39e6, 0x39c6, 0x4a27, 0x5aa8, 0x62a8, 0x5267, 
0x4206, 0x39a5, 0x39a5, 0x39a5, 0x39a6, 0x41e6, 0x41e7, 0x41e7, 0x4207, 0x41e6, 0x41e6, 0x4207, 0x4207, 0x41e7, 0x41e6, 0x4207, 
0x4207, 0x4207, 0x4207, 0x4207, 0x41e7, 0x4227, 0x4a48, 0x4207, 0x4207, 0x41e7, 0x41e7, 0x41e7, 0x41e7, 0x41e7, 0x4207, 0x41e6, 
0x41e6, 0x39c6, 0x39a5, 0x3185, 0x3185, 0x3185, 0x3185, 0x3185, 0x3145, 0x3145, 0x3145, 0x3145, 0x3145, 0x3145, 0x3145, 0x3145, 
0x3145, 0x3145, 0x3145, 0x3145, 0x3145, 0x3145, 0x3145, 0x3145, 0x3145, 0x3145, 0x3145, 0x3145, 0x3145, 0x3145, 0x3145, 0x3145, 
0x3145, 0x3145, 0x3145, 0x3145, 0x3145, 0x3145, 0x3145, 0x3145, 0x3145, 0x3145, 0x3145, 0x3145, 0x3145, 0x3145, 0x3145, 0x3145, 
0x3145, 0x3145, 0x3145, 0x3145, 0x3145, 0x3145, 0x3145, 0x3145, 0x3185, 0x39c6, 0x39a6, 0x31a6, 0x39a6, 0x39c6, 0x39c6, 0x39c6, 
0x39a6, 0x39a6, 0x39c6, 0x39c6, 0x39c6, 0x39c6, 0x39c6, 0x39c6, 0x39c6, 0x39c6, 0x39c6, 0x39a6, 0x39a6, 0x39a6, 0x39c6, 0x39c6, 
0x39c6, 0x39c6, 0x39a6, 0x39a6, 0x39a6, 0x31a6, 0x39a6, 0x41e7, 0x3185, 0x3185, 0x3185, 0x3185, 0x3185, 0x3185, 0x3185, 0x3185, 
0x3185, 0x3185, 0x3185, 0x3185, 0x3185, 0x3185, 0x3185, 0x3185, 0x3185, 0x3185, 0x3185, 0x3185, 0x3185, 0x3185, 0x3185, 0x3185, 
0x3185, 0x3185, 0x3185, 0x3185, 0x3185, 0x3185, 0x3185, 0x3185, 0x3185, 0x3185, 0x3185, 0x3185, 0x3185, 0x3185, 0x3185, 0x39c6, 
0x39a6, 0x3185, 0x3185, 0x39c6, 0x39c6, 0x39c6, 0x39c6, 0x39c6, 0x39c6, 0x39e7, 0x41e7, 0x39e7, 0x41e7, 0x41e7, 0x4207, 0x4207, 
0x39e7, 0x39e6, 0x39c6, 0x39c6, 0x39c6, 0x39c6, 0x39c6, 0x39c6, 0x39c6, 0x39c6, 0x39c6, 0x39e6, 0x39c6, 0x31a6, 0x31a6, 0x31a6, 
0x31a5, 0x3165, 0x3145, 0x3145, 0x3145, 0x3145, 0x3145, 0x3145, 0x3145, 0x3145, 0x3145, 0x3145, 0x3145, 0x3145, 0x3145, 0x3145, 
0x3145, 0x3145, 0x3145, 0x3145, 0x3145, 0x3145, 0x3145, 0x3145, 0x3144, 0x3185, 0x31a6, 0x31a6, 0x31a6, 0x31a6, 0x31a6, 0x31a6, 
0x31a6, 0x39a6, 0x39a6, 0x5268, 0x5aa9, 0x4a28, 0x4207, 0x4a27, 0x4207, 0x39e7, 0x39c6, 0x39c6, 0x39c6, 0x39c6, 0x41e6, 0x4206, 
0x41e6, 0x39c6, 0x39a5, 0x39a6, 0x39c6, 0x39e7, 0x4208, 0x4a48, 0x4227, 0x41e6, 0x41e7, 0x41e7, 0x41e7, 0x41e6, 0x41e6, 0x41e7, 
0x41e6, 0x41e7, 0x41e7, 0x41e7, 0x41e7, 0x4207, 0x4207, 0x4207, 0x4207, 0x4207, 0x4207, 0x4207, 0x4207, 0x4207, 0x4207, 0x39c6, 
0x39e6, 0x41e6, 0x39a5, 0x3185, 0x3185, 0x3185, 0x3185, 0x3185, 0x3145, 0x3145, 0x3145, 0x3145, 0x3145, 0x3145, 0x3145, 0x3145, 
0x3145, 0x3145, 0x3145, 0x3145, 0x3145, 0x3145, 0x3145, 0x3145, 0x3145, 0x3145, 0x3145, 0x3145, 0x3145, 0x3145, 0x3145, 0x3145, 
0x3145, 0x3145, 0x3145, 0x3145, 0x3145, 0x3145, 0x3145, 0x3145, 0x3145, 0x3145, 0x3145, 0x3145, 0x3145, 0x3145, 0x3145, 0x3145, 
0x3145, 0x3145, 0x3145, 0x3145, 0x3145, 0x3145, 0x3145, 0x3145, 0x3185, 0x39a6, 0x39a6, 0x39a6, 0x39c6, 0x39a6, 0x39c6, 0x39e7, 
0x39c6, 0x39c6, 0x39c6, 0x39c6, 0x39e6, 0x39c6, 0x39c6, 0x39a6, 0x39a6, 0x39c6, 0x39c6, 0x39a6, 0x39a6, 0x39a6, 0x39c6, 0x39c6, 
0x39e7, 0x39a6, 0x31a6, 0x31a6, 0x39a6, 0x39a6, 0x31a6, 0x41e7, 0x3185, 0x3185, 0x3185, 0x3185, 0x3185, 0x3185, 0x3185, 0x3185, 
0x3185, 0x3185, 0x3185, 0x3185, 0x3185, 0x3185, 0x3185, 0x3185, 0x3185, 0x3185, 0x3185, 0x3185, 0x3185, 0x3185, 0x3185, 0x3185, 
0x3185, 0x3185, 0x3185, 0x3185, 0x3185, 0x3185, 0x3185, 0x3185, 0x3185, 0x3185, 0x3185, 0x3185, 0x3185, 0x3185, 0x31a5, 0x39c6, 
0x39c6, 0x39c6, 0x31a5, 0x3185, 0x3185, 0x31a5, 0x39a6, 0x39e7, 0x39e7, 0x39c6, 0x41e7, 0x39e7, 0x39e7, 0x41e7, 0x4207, 0x41e7, 
0x41e7, 0x39e7, 0x39c6, 0x39c6, 0x39c6, 0x39c6, 0x39c6, 0x39c6, 0x39c6, 0x39c6, 0x39c6, 0x39c6, 0x31a6, 0x31a6, 0x31a6, 0x31a6, 
0x3165, 0x3145, 0x3145, 0x3145, 0x3145, 0x3145, 0x3145, 0x3145, 0x3145, 0x3145, 0x3145, 0x3145, 0x3145, 0x3145, 0x3145, 0x3145, 
0x3145, 0x3145, 0x3145, 0x3145, 0x3145, 0x3145, 0x3145, 0x3145, 0x3144, 0x3185, 0x31a6, 0x31a6, 0x31a6, 0x31a6, 0x31a6, 0x31a6, 
0x31a6, 0x31a6, 0x39a6, 0x4a07, 0x5a88, 0x5aa8, 0x4207, 0x41e7, 0x4a27, 0x4a48, 0x4a27, 0x39c6, 0x3185, 0x39a6, 0x39c6, 0x41c6, 
0x41c6, 0x39c6, 0x4a06, 0x41e6, 0x39c6, 0x4207, 0x4a48, 0x4a47, 0x41e6, 0x39c6, 0x39c6, 0x41e6, 0x39c6, 0x31a6, 0x39c6, 0x4207, 
0x39c6, 0x39e7, 0x41e7, 0x41e7, 0x41e7, 0x4207, 0x4207, 0x4207, 0x4207, 0x4207, 0x4207, 0x4207, 0x4207, 0x4207, 0x41e7, 0x39e6, 
0x39e7, 0x39a6, 0x3185, 0x3185, 0x3185, 0x3185, 0x3185, 0x3185, 0x3145, 0x3145, 0x3145, 0x3145, 0x3145, 0x3145, 0x3145, 0x3145, 
0x3145, 0x3145, 0x3145, 0x3145, 0x3145, 0x3145, 0x3145, 0x3145, 0x3145, 0x3145, 0x3145, 0x3145, 0x3145, 0x3145, 0x3145, 0x3145, 
0x3145, 0x3145, 0x3145, 0x3145, 0x3145, 0x3145, 0x3145, 0x3145, 0x3145, 0x3145, 0x3145, 0x3145, 0x3145, 0x3145, 0x3145, 0x3145, 
0x3145, 0x3145, 0x3145, 0x3145, 0x3145, 0x3145, 0x3145, 0x3165, 0x3185, 0x39a6, 0x39a6, 0x39c6, 0x39c6, 0x39c6, 0x39c6, 0x41e7, 
0x41e6, 0x41e7, 0x41e7, 0x39c6, 0x39c6, 0x39e6, 0x39e7, 0x39c6, 0x39c6, 0x39c6, 0x39c6, 0x39a6, 0x39a6, 0x39c6, 0x39a6, 0x39c6, 
0x39c6, 0x39c6, 0x39a6, 0x39a6, 0x39a6, 0x3186, 0x31a6, 0x41e7, 0x39c6, 0x3165, 0x3185, 0x3185, 0x3185, 0x3185, 0x3185, 0x3185, 
0x3185, 0x3185, 0x3185, 0x3185, 0x3185, 0x3185, 0x3185, 0x3185, 0x3185, 0x3185, 0x3185, 0x3185, 0x3185, 0x3185, 0x3185, 0x3185, 
0x3185, 0x3185, 0x3185, 0x3185, 0x3185, 0x3185, 0x3185, 0x3185, 0x3185, 0x3185, 0x3185, 0x3185, 0x3185, 0x3185, 0x31a5, 0x39c6, 
0x39c6, 0x39c6, 0x39c6, 0x39a6, 0x39a6, 0x39c6, 0x39c6, 0x39e6, 0x39c6, 0x39e7, 0x39c7, 0x39e7, 0x39e7, 0x41e7, 0x41e7, 0x41e7, 
0x41e7, 0x41e7, 0x39e7, 0x39c6, 0x39c6, 0x39c6, 0x39c6, 0x39c6, 0x39c6, 0x39e6, 0x39e7, 0x39a6, 0x31a6, 0x31a6, 0x39a6, 0x3185, 
0x3145, 0x3145, 0x3145, 0x3145, 0x3145, 0x3145, 0x3145, 0x3145, 0x3145, 0x3145, 0x3145, 0x3145, 0x3145, 0x3145, 0x3145, 0x3145, 
0x3145, 0x3145, 0x3145, 0x3145, 0x3145, 0x3145, 0x3145, 0x3145, 0x3145, 0x3185, 0x31a6, 0x31a6, 0x31a6, 0x31a6, 0x31a6, 0x31a6, 
0x31a6, 0x31a6, 0x31a6, 0x39c6, 0x4a27, 0x5a88, 0x4a28, 0x41e7, 0x4a48, 0x6ae9, 0x62c9, 0x41e6, 0x39a5, 0x39a6, 0x39a6, 0x39a6, 
0x39a6, 0x39a6, 0x41c6, 0x41e6, 0x39a6, 0x41c6, 0x41e7, 0x39c6, 0x39a6, 0x41e6, 0x39c6, 0x39e6, 0x41e7, 0x39a6, 0x41e6, 0x4207, 
0x41e7, 0x39e7, 0x39e7, 0x4207, 0x39e7, 0x4207, 0x4207, 0x4207, 0x4207, 0x4207, 0x4207, 0x4228, 0x4207, 0x4227, 0x4207, 0x41e7, 
0x39e6, 0x31a5, 0x3185, 0x3185, 0x3185, 0x3185, 0x3185, 0x3185, 0x3145, 0x3145, 0x3145, 0x3145, 0x3145, 0x3145, 0x3145, 0x3145, 
0x3145, 0x3145, 0x3145, 0x3145, 0x3145, 0x3145, 0x3145, 0x3145, 0x3145, 0x3145, 0x3145, 0x3145, 0x3145, 0x3145, 0x3145, 0x3145, 
0x3145, 0x3145, 0x3145, 0x3145, 0x3145, 0x3145, 0x3145, 0x3145, 0x3145, 0x3145, 0x3145, 0x3145, 0x3145, 0x3145, 0x3145, 0x3145, 
0x3145, 0x3145, 0x3145, 0x3145, 0x3145, 0x3145, 0x3145, 0x3165, 0x3185, 0x39a6, 0x39a6, 0x39a6, 0x39a6, 0x39c6, 0x4207, 0x41e7, 
0x39c6, 0x39e7, 0x41e7, 0x39e7, 0x39c6, 0x41e6, 0x39e7, 0x41e7, 0x39c6, 0x39c6, 0x39c6, 0x39c6, 0x39a6, 0x39c6, 0x39c6, 0x39a6, 
0x31a6, 0x39c6, 0x39c6, 0x39a6, 0x3185, 0x3185, 0x3186, 0x41e7, 0x39c6, 0x3165, 0x3185, 0x3185, 0x3185, 0x3185, 0x3185, 0x3185, 
0x3185, 0x3185, 0x3185, 0x3185, 0x3185, 0x3185, 0x3185, 0x3185, 0x3185, 0x3185, 0x3185, 0x3185, 0x3185, 0x3185, 0x3185, 0x3185, 
0x3185, 0x3185, 0x3185, 0x3185, 0x3185, 0x3185, 0x3185, 0x3185, 0x3185, 0x3185, 0x3185, 0x3185, 0x3185, 0x3185, 0x31a5, 0x39c6, 
0x39c6, 0x39c6, 0x39c6, 0x39c6, 0x39a6, 0x39c6, 0x39c6, 0x39c6, 0x39c6, 0x39c6, 0x39c6, 0x39c6, 0x39e6, 0x39e7, 0x41e7, 0x41e7, 
0x41e7, 0x41e7, 0x39e7, 0x39e6, 0x39c6, 0x39c6, 0x41e7, 0x39e7, 0x39e6, 0x41e7, 0x41e7, 0x31a6, 0x31a6, 0x31a6, 0x3185, 0x3145, 
0x3145, 0x3145, 0x3145, 0x3145, 0x3145, 0x3145, 0x3145, 0x3145, 0x3145, 0x3145, 0x3145, 0x3145, 0x3145, 0x3145, 0x3145, 0x3145, 
0x3145, 0x3145, 0x3145, 0x3145, 0x3145, 0x3145, 0x3145, 0x3145, 0x3145, 0x3165, 0x31a6, 0x31a6, 0x31a6, 0x31a6, 0x31a6, 0x31a6, 
0x31a6, 0x31a6, 0x39a6, 0x41e7, 0x4a27, 0x4a48, 0x41e7, 0x39c6, 0x41e7, 0x62a8, 0x6ae9, 0x4a27, 0x39a6, 0x31a5, 0x4a07, 0x41e7, 
0x39c6, 0x41e6, 0x39c6, 0x39c6, 0x39a6, 0x39a6, 0x39c6, 0x39c6, 0x41e7, 0x4207, 0x41e7, 0x4207, 0x41e7, 0x41e6, 0x41c6, 0x41e6, 
0x4207, 0x39e7, 0x41e7, 0x4207, 0x39e7, 0x4207, 0x4207, 0x4207, 0x4207, 0x4207, 0x4207, 0x4228, 0x4228, 0x4a28, 0x41e7, 0x41e7, 
0x39c6, 0x3185, 0x3185, 0x3185, 0x3185, 0x3185, 0x3185, 0x3185, 0x3145, 0x3145, 0x3145, 0x3145, 0x3145, 0x3145, 0x3145, 0x3145, 
0x3145, 0x3145, 0x3145, 0x3145, 0x3145, 0x3145, 0x3145, 0x3145, 0x3145, 0x3145, 0x3145, 0x3145, 0x3145, 0x3145, 0x3145, 0x3145, 
0x3145, 0x3145, 0x3145, 0x3145, 0x3145, 0x3145, 0x3145, 0x3145, 0x3145, 0x3145, 0x3145, 0x3145, 0x3145, 0x3145, 0x3145, 0x3145, 
0x3145, 0x3145, 0x3145, 0x3145, 0x3145, 0x3145, 0x3145, 0x3165, 0x31a6, 0x39a6, 0x39a6, 0x31a6, 0x39a6, 0x39c6, 0x41e7, 0x39c6, 
0x39c6, 0x39c6, 0x4207, 0x41e7, 0x41e6, 0x4207, 0x39c7, 0x39c7, 0x39c6, 0x39c6, 0x39c6, 0x39c6, 0x39c6, 0x39c6, 0x39c6, 0x39a6, 
0x31a6, 0x31a6, 0x39a6, 0x31a6, 0x3186, 0x3186, 0x39a6, 0x41e6, 0x3185, 0x3185, 0x3185, 0x3185, 0x3185, 0x3185, 0x3185, 0x3185, 
0x3185, 0x3185, 0x3185, 0x3185, 0x3185, 0x3185, 0x3185, 0x3185, 0x3185, 0x3185, 0x3185, 0x3185, 0x3185, 0x3185, 0x3185, 0x3185, 
0x3185, 0x3185, 0x3185, 0x3185, 0x3185, 0x3185, 0x3185, 0x3185, 0x3185, 0x3185, 0x3185, 0x3185, 0x3185, 0x3185, 0x31a5, 0x39c6, 
0x39c6, 0x39c6, 0x39c6, 0x4207, 0x39c6, 0x39c6, 0x39c6, 0x41e6, 0x39c6, 0x39c6, 0x39c6, 0x39c6, 0x39c6, 0x39e7, 0x39e7, 0x41e7, 
0x4207, 0x39e7, 0x39e7, 0x39e6, 0x39c6, 0x39c6, 0x41e7, 0x39e7, 0x39e7, 0x4207, 0x39c6, 0x31a6, 0x31a6, 0x31a6, 0x3165, 0x3145, 
0x3145, 0x3145, 0x3145, 0x3145, 0x3145, 0x3145, 0x3145, 0x3145, 0x3145, 0x3145, 0x3145, 0x3145, 0x3145, 0x3145, 0x3145, 0x3145, 
0x3145, 0x3145, 0x3145, 0x3145, 0x3145, 0x3145, 0x3145, 0x3145, 0x3145, 0x3165, 0x31a6, 0x31a6, 0x31a6, 0x31a6, 0x31a6, 0x31a6, 
0x31a6, 0x31a6, 0x31a6, 0x4a27, 0x5268, 0x41e7, 0x39c7, 0x41e7, 0x39c6, 0x41c6, 0x4a07, 0x41e6, 0x39a6, 0x39c6, 0x4a48, 0x4207, 
0x4207, 0x4a28, 0x4a27, 0x41e7, 0x39e7, 0x39e7, 0x39c6, 0x41e7, 0x4227, 0x4a27, 0x4207, 0x41e7, 0x41e7, 0x39e7, 0x41e6, 0x39c6, 
0x4207, 0x41e7, 0x39e7, 0x39e7, 0x4207, 0x4207, 0x4228, 0x4228, 0x4207, 0x4a48, 0x4207, 0x4207, 0x4228, 0x4207, 0x4207, 0x41e7, 
0x39a6, 0x3185, 0x3185, 0x3185, 0x3185, 0x3185, 0x3185, 0x3185, 0x3145, 0x3145, 0x3145, 0x3145, 0x3145, 0x3145, 0x3145, 0x3145, 
0x3145, 0x3145, 0x3145, 0x3145, 0x3145, 0x3145, 0x3145, 0x3145, 0x3145, 0x3145, 0x3145, 0x3145, 0x3145, 0x3145, 0x3145, 0x3145, 
0x3145, 0x3145, 0x3145, 0x3145, 0x3145, 0x3145, 0x3145, 0x3145, 0x3145, 0x3145, 0x3145, 0x3145, 0x3145, 0x3145, 0x3145, 0x3145, 
0x3145, 0x3145, 0x3145, 0x3145, 0x3145, 0x3145, 0x3145, 0x3165, 0x3186, 0x39a6, 0x39a6, 0x39a6, 0x39a6, 0x39a6, 0x41e7, 0x41e7, 
0x41e6, 0x39c6, 0x4207, 0x4207, 0x41e7, 0x4a27, 0x39e6, 0x39c6, 0x39c6, 0x39c6, 0x39c6, 0x39a6, 0x39c6, 0x39c6, 0x39c6, 0x39a6, 
0x31a6, 0x39a6, 0x39a6, 0x39a6, 0x3986, 0x3185, 0x39a6, 0x39a6, 0x3185, 0x3185, 0x3185, 0x3185, 0x3185, 0x3185, 0x3185, 0x3185, 
0x3185, 0x3185, 0x3185, 0x3185, 0x3185, 0x3185, 0x3185, 0x3185, 0x3185, 0x3185, 0x3185, 0x3185, 0x3185, 0x3185, 0x3185, 0x3185, 
0x3185, 0x3185, 0x3185, 0x3185, 0x3185, 0x3185, 0x3185, 0x3185, 0x3185, 0x3185, 0x3185, 0x3185, 0x3185, 0x3185, 0x31a5, 0x39c6, 
0x39c6, 0x39c6, 0x41e6, 0x4207, 0x39c6, 0x39c6, 0x39c6, 0x41e6, 0x41e7, 0x4207, 0x39c6, 0x39e7, 0x39e6, 0x39e7, 0x39e7, 0x41e7, 
0x41e7, 0x41e7, 0x39e7, 0x39c6, 0x39c6, 0x39e7, 0x41e7, 0x41e7, 0x41e7, 0x41e7, 0x39c6, 0x31a6, 0x31a6, 0x31a5, 0x3145, 0x3145, 
0x3145, 0x3145, 0x3145, 0x3145, 0x3145, 0x3145, 0x3145, 0x3145, 0x3145, 0x3145, 0x3145, 0x3145, 0x3145, 0x3145, 0x3145, 0x3145, 
0x3145, 0x3145, 0x3145, 0x3145, 0x3145, 0x3145, 0x3145, 0x3145, 0x3145, 0x3145, 0x31a6, 0x31a6, 0x31a6, 0x31a6, 0x31a6, 0x31a6, 
0x31a6, 0x31a6, 0x39a6, 0x4a27, 0x4228, 0x4207, 0x4207, 0x39c6, 0x3185, 0x3185, 0x3185, 0x39a6, 0x41e6, 0x41e7, 0x4a28, 0x5248, 
0x5288, 0x5288, 0x4a48, 0x4227, 0x39c7, 0x39c7, 0x39c6, 0x39c6, 0x41e7, 0x41e7, 0x41e7, 0x41e7, 0x4207, 0x39c6, 0x39e7, 0x39a6, 
0x39a6, 0x39c6, 0x39e7, 0x39e7, 0x4207, 0x4207, 0x4a28, 0x4207, 0x4227, 0x4a48, 0x4a27, 0x4a28, 0x4227, 0x41e7, 0x41e7, 0x41e7, 
0x39a6, 0x3185, 0x3185, 0x3185, 0x3185, 0x3185, 0x3185, 0x3185, 0x3145, 0x3145, 0x3145, 0x3145, 0x3145, 0x3145, 0x3145, 0x3145, 
0x3145, 0x3145, 0x3145, 0x3145, 0x3145, 0x3145, 0x3145, 0x3145, 0x3145, 0x3145, 0x3145, 0x3145, 0x3145, 0x3145, 0x3145, 0x3145, 
0x3145, 0x3145, 0x3145, 0x3145, 0x3145, 0x3145, 0x3145, 0x3145, 0x3145, 0x3145, 0x3145, 0x3145, 0x3145, 0x3145, 0x3145, 0x3145, 
0x3145, 0x3145, 0x3145, 0x3145, 0x3145, 0x3145, 0x3165, 0x3185, 0x39a6, 0x39c6, 0x39a6, 0x39a6, 0x31a6, 0x39a6, 0x41e7, 0x4207, 
0x41c6, 0x4207, 0x4a47, 0x4207, 0x39e7, 0x41e7, 0x41e6, 0x41e7, 0x39c6, 0x39c6, 0x39c6, 0x39c6, 0x39a6, 0x39c6, 0x39c6, 0x39a6, 
0x39a6, 0x39a6, 0x39a6, 0x39a6, 0x3185, 0x3185, 0x39a6, 0x3186, 0x3185, 0x3185, 0x3185, 0x3185, 0x3185, 0x3185, 0x3185, 0x3185, 
0x3185, 0x3185, 0x3185, 0x3185, 0x3185, 0x3185, 0x3185, 0x3185, 0x3185, 0x3185, 0x3185, 0x3185, 0x3185, 0x3185, 0x3185, 0x3185, 
0x3185, 0x3185, 0x3185, 0x3185, 0x3185, 0x3185, 0x3185, 0x3185, 0x3185, 0x3185, 0x3185, 0x3185, 0x3185, 0x3185, 0x31a5, 0x39c6, 
0x39c6, 0x39c6, 0x41e6, 0x4207, 0x41e6, 0x39c6, 0x41e6, 0x39e6, 0x39c6, 0x39c6, 0x41e7, 0x41e6, 0x39e6, 0x39c6, 0x41e7, 0x41e7, 
0x41e7, 0x39e7, 0x39e7, 0x39c6, 0x39c6, 0x39e7, 0x41e7, 0x4207, 0x41e7, 0x41e7, 0x39e6, 0x31a6, 0x31a6, 0x31a5, 0x3145, 0x3145, 
0x3145, 0x3145, 0x3145, 0x3145, 0x3145, 0x3145, 0x3145, 0x3145, 0x3145, 0x3145, 0x3145, 0x3145, 0x3145, 0x3145, 0x3145, 0x3145, 
0x3145, 0x3145, 0x3145, 0x3145, 0x3145, 0x3145, 0x3145, 0x3145, 0x3145, 0x3145, 0x3185, 0x31a6, 0x31a6, 0x31a6, 0x31a6, 0x31a6, 
0x31a6, 0x31a6, 0x31a6, 0x41e7, 0x62a9, 0x5aa9, 0x4207, 0x39a6, 0x39a6, 0x39c6, 0x39a5, 0x41e6, 0x4a28, 0x4a48, 0x5268, 0x4a48, 
0x4207, 0x4a48, 0x4a27, 0x4207, 0x39e7, 0x41e7, 0x39e7, 0x39e7, 0x41e7, 0x39c6, 0x41e6, 0x39e7, 0x39e7, 0x39c6, 0x39e7, 0x39a6, 
0x3986, 0x3986, 0x39c6, 0x41e7, 0x4207, 0x4228, 0x4207, 0x4207, 0x4207, 0x4207, 0x4227, 0x4a28, 0x4207, 0x4207, 0x41e7, 0x39e6, 
0x3185, 0x3185, 0x3185, 0x3185, 0x3185, 0x3185, 0x3185, 0x3165, 0x3145, 0x3145, 0x3145, 0x3145, 0x3145, 0x3145, 0x3145, 0x3145, 
0x3145, 0x3145, 0x3145, 0x3145, 0x3145, 0x3145, 0x3145, 0x3145, 0x3145, 0x3145, 0x3145, 0x3145, 0x3145, 0x3145, 0x3145, 0x3145, 
0x3145, 0x3145, 0x3145, 0x3145, 0x3145, 0x3145, 0x3145, 0x3145, 0x3145, 0x3145, 0x3145, 0x3145, 0x3145, 0x3145, 0x3145, 0x3145, 
0x3145, 0x3145, 0x3145, 0x3145, 0x3145, 0x3145, 0x3165, 0x41c6, 0x39a6, 0x39a6, 0x39a6, 0x39a6, 0x39a6, 0x39c6, 0x4207, 0x41e7, 
0x39c6, 0x4a27, 0x4a28, 0x4207, 0x41e6, 0x39a6, 0x39c6, 0x41e7, 0x39c6, 0x39c6, 0x39c6, 0x39c6, 0x39c6, 0x39c6, 0x41e6, 0x39a6, 
0x39a6, 0x39a6, 0x39a6, 0x3185, 0x3185, 0x3185, 0x39a6, 0x3185, 0x3185, 0x3185, 0x3185, 0x3185, 0x3185, 0x3185, 0x3185, 0x3185, 
0x3185, 0x3185, 0x3185, 0x3185, 0x3185, 0x3185, 0x3185, 0x3185, 0x3185, 0x3185, 0x3185, 0x3185, 0x3185, 0x3185, 0x3185, 0x3185, 
0x3185, 0x3185, 0x3185, 0x3185, 0x3185, 0x3185, 0x3185, 0x3185, 0x3185, 0x3185, 0x3185, 0x3185, 0x3185, 0x3185, 0x31a5, 0x39c6, 
0x39c6, 0x39c6, 0x39c6, 0x41e6, 0x41e6, 0x39e6, 0x39c6, 0x39c6, 0x39c6, 0x39c6, 0x39c6, 0x39e6, 0x41e7, 0x41e7, 0x41e7, 0x41e7, 
0x41e7, 0x4207, 0x41e7, 0x41e7, 0x41e7, 0x41e7, 0x4207, 0x4207, 0x41e7, 0x41e7, 0x39e6, 0x31a6, 0x31a6, 0x31a6, 0x3165, 0x3145, 
0x3145, 0x3145, 0x3145, 0x3145, 0x3145, 0x3145, 0x3145, 0x3145, 0x3145, 0x3145, 0x3145, 0x3145, 0x3145, 0x3145, 0x3145, 0x3145, 
0x3145, 0x3145, 0x3145, 0x3145, 0x3145, 0x3145, 0x3145, 0x3145, 0x3145, 0x3145, 0x3165, 0x31a6, 0x31a6, 0x31a6, 0x31a6, 0x31a6, 
0x31a6, 0x31a6, 0x31a6, 0x39c6, 0x62c9, 0x732a, 0x5268, 0x39c6, 0x41e6, 0x4a27, 0x41c6, 0x4a48, 0x5aa9, 0x4a48, 0x4207, 0x41e7, 
0x4207, 0x4207, 0x4227, 0x41e7, 0x4207, 0x4207, 0x41e7, 0x39e7, 0x39e7, 0x39c6, 0x39e6, 0x39c6, 0x39e7, 0x39e7, 0x39e7, 0x3986, 
0x3986, 0x3986, 0x39a6, 0x4207, 0x4228, 0x4207, 0x4207, 0x4207, 0x4207, 0x4207, 0x4207, 0x4207, 0x4228, 0x4207, 0x41e7, 0x39c6, 
0x3185, 0x3185, 0x3185, 0x3185, 0x3185, 0x3185, 0x3165, 0x3145, 0x3145, 0x3145, 0x3145, 0x3145, 0x3145, 0x3145, 0x3145, 0x3145, 
0x3145, 0x3145, 0x3145, 0x3145, 0x3145, 0x3145, 0x3145, 0x3145, 0x3145, 0x3145, 0x3145, 0x3145, 0x3145, 0x3145, 0x3145, 0x3145, 
0x3145, 0x3145, 0x3145, 0x3145, 0x3145, 0x3145, 0x3145, 0x3145, 0x3145, 0x3145, 0x3145, 0x3145, 0x3145, 0x3145, 0x3145, 0x3145, 
0x3145, 0x3145, 0x3145, 0x3145, 0x3145, 0x3145, 0x3165, 0x41c6, 0x39a6, 0x39a6, 0x39a6, 0x31a6, 0x39a6, 0x39c6, 0x41e6, 0x41e7, 
0x4207, 0x4207, 0x41e7, 0x41e7, 0x39c6, 0x39c6, 0x41e7, 0x41e7, 0x39c6, 0x39c6, 0x39a6, 0x39c6, 0x39c6, 0x39a6, 0x39c6, 0x39a6, 
0x39a6, 0x39a6, 0x39a6, 0x3185, 0x3185, 0x3986, 0x3185, 0x3185, 0x3185, 0x3185, 0x3185, 0x3185, 0x3185, 0x3185, 0x3185, 0x3185, 
0x3185, 0x3185, 0x3185, 0x3185, 0x3185, 0x3185, 0x3185, 0x3185, 0x3185, 0x3185, 0x3185, 0x3185, 0x3185, 0x3185, 0x3185, 0x3185, 
0x3185, 0x3185, 0x3185, 0x3185, 0x3185, 0x3185, 0x3185, 0x3185, 0x3185, 0x3185, 0x3185, 0x3185, 0x3185, 0x3185, 0x31a5, 0x39c6, 
0x39c6, 0x39c6, 0x39c6, 0x41e6, 0x41e7, 0x41e6, 0x39c6, 0x39c6, 0x39c6, 0x39c6, 0x39c6, 0x39e6, 0x39e6, 0x39c6, 0x41e7, 0x4207, 
0x4207, 0x4207, 0x4207, 0x41e7, 0x41e7, 0x41e7, 0x4207, 0x4207, 0x41e7, 0x41e7, 0x39e6, 0x31a6, 0x31a6, 0x31a6, 0x3185, 0x3145, 
0x3145, 0x3145, 0x3145, 0x3145, 0x3145, 0x3145, 0x3145, 0x3145, 0x3145, 0x3145, 0x3145, 0x3145, 0x3145, 0x3145, 0x3145, 0x3145, 
0x3145, 0x3145, 0x3145, 0x3145, 0x3145, 0x3145, 0x3145, 0x3145, 0x3145, 0x3145, 0x3165, 0x31a6, 0x31a6, 0x31a6, 0x31a6, 0x31a6, 
0x31a6, 0x31a6, 0x31a6, 0x39a6, 0x4a27, 0x5aa8, 0x5a88, 0x41e7, 0x39c6, 0x4207, 0x4a48, 0x5268, 0x4a48, 0x41e7, 0x41e7, 0x4227, 
0x4a48, 0x41e7, 0x4a48, 0x4207, 0x4207, 0x4207, 0x4207, 0x41e7, 0x41e7, 0x39c6, 0x39e7, 0x39c6, 0x41e7, 0x4207, 0x39c6, 0x3986, 
0x3986, 0x3986, 0x39a6, 0x41e7, 0x4207, 0x4207, 0x4207, 0x4207, 0x4207, 0x4207, 0x4207, 0x4227, 0x4207, 0x4207, 0x4207, 0x39c6, 
0x3185, 0x3185, 0x3185, 0x3185, 0x3185, 0x3185, 0x3165, 0x3145, 0x3145, 0x3145, 0x3145, 0x3145, 0x3145, 0x3145, 0x3145, 0x3145, 
0x3145, 0x3145, 0x3145, 0x3145, 0x3145, 0x3145, 0x3145, 0x3145, 0x3145, 0x3145, 0x3145, 0x3145, 0x3145, 0x3145, 0x3145, 0x3145, 
0x3145, 0x3145, 0x3145, 0x3145, 0x3145, 0x3145, 0x3145, 0x3145, 0x3145, 0x3145, 0x3145, 0x3145, 0x3145, 0x3145, 0x3145, 0x3145, 
0x3145, 0x3145, 0x3145, 0x3145, 0x3145, 0x3145, 0x3165, 0x39a6, 0x39a6, 0x39a6, 0x39a6, 0x39a6, 0x39c6, 0x39c6, 0x39e6, 0x39c6, 
0x4227, 0x41e7, 0x39c6, 0x39c6, 0x39c6, 0x39c6, 0x39c7, 0x39c6, 0x39c6, 0x39c6, 0x39a6, 0x39c6, 0x39a6, 0x39a6, 0x39c6, 0x39c6, 
0x39a6, 0x3186, 0x3185, 0x3185, 0x3185, 0x39c6, 0x3185, 0x3185, 0x3185, 0x3185, 0x3185, 0x3185, 0x3185, 0x3185, 0x3185, 0x3185, 
0x3185, 0x3185, 0x3185, 0x3185, 0x3185, 0x3185, 0x3185, 0x3185, 0x3185, 0x3185, 0x3185, 0x3185, 0x3185, 0x3185, 0x3185, 0x3185, 
0x3185, 0x3185, 0x3185, 0x3185, 0x3185, 0x3185, 0x3185, 0x3185, 0x3185, 0x3185, 0x3185, 0x3185, 0x3185, 0x3185, 0x31a5, 0x39c6, 
0x39c6, 0x39c6, 0x41e7, 0x4a47, 0x4207, 0x4207, 0x41e6, 0x41e6, 0x39c6, 0x41e6, 0x39c6, 0x41e7, 0x39c6, 0x41e6, 0x39e6, 0x41e7, 
0x41e7, 0x41e7, 0x39e7, 0x39e7, 0x41e7, 0x39e7, 0x4207, 0x4207, 0x4207, 0x41e7, 0x41e7, 0x39a6, 0x31a6, 0x31a6, 0x3185, 0x3145, 
0x3145, 0x3145, 0x3145, 0x3145, 0x3145, 0x3145, 0x3145, 0x3145, 0x3145, 0x3145, 0x3145, 0x3145, 0x3145, 0x3145, 0x3145, 0x3145, 
0x3145, 0x3145, 0x3145, 0x3145, 0x3145, 0x3145, 0x3145, 0x3145, 0x3145, 0x3145, 0x3145, 0x3165, 0x31a6, 0x31a6, 0x31a6, 0x31a6, 
0x31a6, 0x31a6, 0x31a6, 0x31a6, 0x39a6, 0x39c6, 0x41e7, 0x39c6, 0x39c6, 0x4207, 0x4a28, 0x5268, 0x4a28, 0x41e7, 0x4207, 0x4207, 
0x4a48, 0x4a28, 0x5268, 0x4207, 0x4207, 0x4207, 0x4207, 0x39e7, 0x4207, 0x41e7, 0x41e7, 0x41e7, 0x41e7, 0x41e6, 0x39a6, 0x3986, 
0x3986, 0x3986, 0x39a6, 0x41e7, 0x4207, 0x4207, 0x4228, 0x4228, 0x4207, 0x4a28, 0x4a28, 0x4207, 0x4207, 0x4a28, 0x4207, 0x39c6, 
0x3185, 0x3185, 0x3185, 0x3185, 0x3185, 0x3185, 0x3165, 0x3145, 0x3145, 0x3145, 0x3145, 0x3145, 0x3145, 0x3145, 0x3145, 0x3145, 
0x3145, 0x3145, 0x3145, 0x3145, 0x3145, 0x3145, 0x3145, 0x3145, 0x3145, 0x3145, 0x3145, 0x3145, 0x3145, 0x3145, 0x3145, 0x3145, 
0x3145, 0x3145, 0x3145, 0x3145, 0x3145, 0x3145, 0x3145, 0x3145, 0x3145, 0x3145, 0x3145, 0x3145, 0x3145, 0x3145, 0x3145, 0x3145, 
0x3145, 0x3145, 0x3145, 0x3145, 0x3145, 0x3145, 0x3165, 0x39a6, 0x39a6, 0x39a6, 0x39a6, 0x39a6, 0x39a6, 0x39c6, 0x39e7, 0x39c6, 
0x39c6, 0x39c6, 0x39e6, 0x39c6, 0x39c6, 0x41c6, 0x39c6, 0x39c6, 0x39c6, 0x39c6, 0x39a6, 0x39a6, 0x39c6, 0x39a6, 0x39a6, 0x39c6, 
0x39a6, 0x3985, 0x3185, 0x3185, 0x41e7, 0x5288, 0x41c6, 0x3165, 0x3185, 0x3185, 0x3185, 0x3185, 0x3185, 0x3185, 0x3185, 0x3185, 
0x3185, 0x3185, 0x3185, 0x3185, 0x3185, 0x3185, 0x3185, 0x3185, 0x3185, 0x3185, 0x3185, 0x3185, 0x3185, 0x3185, 0x3185, 0x3185, 
0x3185, 0x3185, 0x3185, 0x3185, 0x3185, 0x3185, 0x3185, 0x3185, 0x3185, 0x3185, 0x3185, 0x3185, 0x3185, 0x3185, 0x3185, 0x39a5, 
0x39c6, 0x39c6, 0x39c6, 0x4a28, 0x4a28, 0x41e7, 0x41e6, 0x39c6, 0x39c6, 0x39c6, 0x39c6, 0x41e7, 0x39c6, 0x41e6, 0x39e6, 0x39c6, 
0x41e7, 0x41e7, 0x39e7, 0x39e7, 0x41e7, 0x39e7, 0x41e7, 0x4207, 0x4207, 0x41e7, 0x41e7, 0x39c6, 0x31a6, 0x31a6, 0x3185, 0x3145, 
0x3145, 0x3145, 0x3145, 0x3145, 0x3145, 0x3145, 0x3145, 0x3145, 0x3145, 0x3145, 0x3145, 0x3145, 0x3145, 0x3145, 0x3145, 0x3145, 
0x3145, 0x3145, 0x3145, 0x3145, 0x3145, 0x3145, 0x3145, 0x3145, 0x3145, 0x3145, 0x3145, 0x3145, 0x3165, 0x31a6, 0x31a6, 0x31a6, 
0x31a6, 0x31a6, 0x31a6, 0x31a6, 0x31a6, 0x39a6, 0x39a6, 0x39a6, 0x41e7, 0x4207, 0x4207, 0x4a28, 0x5248, 0x4a48, 0x4a48, 0x4a48, 
0x4228, 0x4a48, 0x5268, 0x4a28, 0x4a48, 0x4207, 0x41e7, 0x41e7, 0x4207, 0x4207, 0x4207, 0x4207, 0x41e6, 0x39a6, 0x3986, 0x3986, 
0x3986, 0x3186, 0x39c6, 0x4207, 0x4207, 0x4a28, 0x4228, 0x4207, 0x4207, 0x4207, 0x4207, 0x4207, 0x4228, 0x4227, 0x41e7, 0x39c6, 
0x39a6, 0x3185, 0x3185, 0x3185, 0x3185, 0x3185, 0x3165, 0x3145, 0x3145, 0x3145, 0x3145, 0x3145, 0x3145, 0x3145, 0x3145, 0x3145, 
0x3145, 0x3145, 0x3145, 0x3145, 0x3145, 0x3145, 0x3145, 0x3145, 0x3145, 0x3145, 0x3145, 0x3145, 0x3145, 0x3145, 0x3145, 0x3145, 
0x3145, 0x3145, 0x3145, 0x3145, 0x3145, 0x3145, 0x3145, 0x3145, 0x3145, 0x3145, 0x3145, 0x3145, 0x3145, 0x3145, 0x3145, 0x3145, 
0x3145, 0x3145, 0x3145, 0x3145, 0x3145, 0x3145, 0x3165, 0x39c6, 0x39a6, 0x39a6, 0x39a6, 0x39c6, 0x39c6, 0x41e7, 0x41e7, 0x41e7, 
0x39e6, 0x39c6, 0x39c6, 0x39e6, 0x39c6, 0x39c6, 0x39a6, 0x39c6, 0x39c6, 0x39c6, 0x39a6, 0x39c6, 0x39c6, 0x39a6, 0x39a6, 0x39a6, 
0x39a6, 0x3985, 0x3185, 0x3185, 0x4207, 0x5288, 0x41c6, 0x3165, 0x3185, 0x3185, 0x3185, 0x3185, 0x3185, 0x3185, 0x3185, 0x3185, 
0x3185, 0x3185, 0x3185, 0x3185, 0x3185, 0x3185, 0x3185, 0x3185, 0x3185, 0x3185, 0x3185, 0x3185, 0x3185, 0x3185, 0x3185, 0x3185, 
0x3185, 0x3185, 0x3185, 0x3185, 0x3185, 0x3185, 0x3185, 0x3185, 0x3185, 0x3185, 0x3185, 0x3185, 0x3185, 0x3185, 0x3185, 0x3985, 
0x39a5, 0x39c6, 0x39c6, 0x4227, 0x4a28, 0x4207, 0x41e6, 0x39c6, 0x39c6, 0x41e7, 0x39c6, 0x39e6, 0x39c6, 0x39c6, 0x39c6, 0x39c6, 
0x41e7, 0x39e7, 0x39e7, 0x39e7, 0x39e7, 0x39e7, 0x4207, 0x4207, 0x41e7, 0x41e7, 0x41e7, 0x39c6, 0x31a6, 0x31a6, 0x3185, 0x3145, 
0x3145, 0x3145, 0x3145, 0x3145, 0x3145, 0x3145, 0x3145, 0x3145, 0x3145, 0x3145, 0x3145, 0x3145, 0x3145, 0x3145, 0x3145, 0x3145, 
0x3145, 0x3145, 0x3145, 0x3145, 0x3145, 0x3145, 0x3145, 0x3145, 0x3145, 0x3145, 0x3145, 0x3145, 0x3165, 0x31a6, 0x31a6, 0x31a6, 
0x31a6, 0x31a6, 0x31a6, 0x31a6, 0x31a6, 0x39c6, 0x41e6, 0x39c6, 0x39e7, 0x4207, 0x4207, 0x4228, 0x4a28, 0x5268, 0x5268, 0x5268, 
0x5268, 0x5268, 0x5268, 0x5268, 0x5a88, 0x5268, 0x4a48, 0x5248, 0x4207, 0x41e7, 0x41e7, 0x41e6, 0x39a6, 0x3986, 0x3986, 0x3986, 
0x3986, 0x3986, 0x39c7, 0x4207, 0x4207, 0x4228, 0x4228, 0x4227, 0x4207, 0x4207, 0x41e7, 0x4207, 0x4207, 0x4207, 0x41e7, 0x41e7, 
0x39c6, 0x3185, 0x3185, 0x3185, 0x3185, 0x3185, 0x3165, 0x3145, 0x3145, 0x3145, 0x3145, 0x3145, 0x3145, 0x3145, 0x3145, 0x3145, 
0x3145, 0x3145, 0x3145, 0x3145, 0x3145, 0x3145, 0x3145, 0x3145, 0x3145, 0x3145, 0x3145, 0x3145, 0x3145, 0x3145, 0x3145, 0x3145, 
0x3145, 0x3145, 0x3145, 0x3145, 0x3145, 0x3145, 0x3145, 0x3145, 0x3145, 0x3145, 0x3145, 0x3145, 0x3145, 0x3145, 0x3145, 0x3145, 
0x3145, 0x3145, 0x3145, 0x3145, 0x3145, 0x3145, 0x3165, 0x39a6, 0x39a6, 0x39a6, 0x39a6, 0x39c6, 0x39c6, 0x4207, 0x5288, 0x4207, 
0x39c6, 0x39e6, 0x39c6, 0x39e6, 0x39c6, 0x39a6, 0x39c6, 0x39c6, 0x39c6, 0x39c6, 0x39c6, 0x39c6, 0x39a6, 0x39a6, 0x39a6, 0x39a6, 
0x39a6, 0x39a6, 0x3185, 0x3185, 0x39c6, 0x4a27, 0x3985, 0x3185, 0x3185, 0x3185, 0x3185, 0x3185, 0x3185, 0x3185, 0x3185, 0x3185, 
0x3185, 0x3185, 0x3185, 0x3185, 0x3185, 0x3185, 0x3185, 0x3185, 0x3185, 0x3185, 0x3185, 0x3185, 0x3185, 0x3185, 0x3185, 0x3185, 
0x3185, 0x3185, 0x3185, 0x3185, 0x3185, 0x3185, 0x3185, 0x3185, 0x3185, 0x3185, 0x3185, 0x3185, 0x3185, 0x3185, 0x3985, 0x3985, 
0x3985, 0x39a5, 0x39c6, 0x41c6, 0x41c6, 0x41e6, 0x4207, 0x41e7, 0x39c6, 0x41e7, 0x41e6, 0x41e7, 0x39c6, 0x39c6, 0x39e6, 0x39c6, 
0x41e7, 0x39e7, 0x39e7, 0x39e6, 0x41e7, 0x39e7, 0x4207, 0x4207, 0x4207, 0x41e7, 0x39e7, 0x39c6, 0x31a6, 0x31a6, 0x3185, 0x3145, 
0x3145, 0x3145, 0x3145, 0x3145, 0x3145, 0x3145, 0x3145, 0x3145, 0x3145, 0x3145, 0x3145, 0x3145, 0x3145, 0x3145, 0x3145, 0x3145, 
0x3145, 0x3145, 0x3145, 0x3145, 0x3145, 0x3145, 0x3145, 0x3145, 0x3145, 0x3145, 0x3145, 0x3145, 0x3165, 0x31a6, 0x31a6, 0x31a6, 
0x31a6, 0x31a6, 0x31a6, 0x31a6, 0x31a6, 0x39c6, 0x41e6, 0x41e6, 0x4a27, 0x4207, 0x4207, 0x4228, 0x4228, 0x4a48, 0x4a48, 0x5268, 
0x5289, 0x5289, 0x5268, 0x5a89, 0x5268, 0x4207, 0x5268, 0x4a48, 0x39e7, 0x41e7, 0x41e7, 0x39a6, 0x3986, 0x3986, 0x3986, 0x3986, 
0x3986, 0x3986, 0x39c6, 0x4207, 0x4207, 0x4207, 0x4207, 0x4207, 0x39e7, 0x41e7, 0x41e7, 0x39e6, 0x39e7, 0x39e7, 0x41e7, 0x4207, 
0x39e6, 0x31a5, 0x3185, 0x3185, 0x3185, 0x3185, 0x3165, 0x3145, 0x3145, 0x3145, 0x3145, 0x3145, 0x3145, 0x3145, 0x3145, 0x3145, 
0x3145, 0x3145, 0x3145, 0x3145, 0x3145, 0x3145, 0x3145, 0x3145, 0x3145, 0x3145, 0x3145, 0x3145, 0x3145, 0x3145, 0x3145, 0x3145, 
0x3145, 0x3145, 0x3145, 0x3145, 0x3145, 0x3145, 0x3145, 0x3145, 0x3145, 0x3145, 0x3145, 0x3145, 0x3145, 0x3145, 0x3145, 0x3145, 
0x3145, 0x3145, 0x3145, 0x3145, 0x3145, 0x3145, 0x3165, 0x39a6, 0x39a6, 0x39a6, 0x39c6, 0x41e7, 0x4207, 0x4a28, 0x5aa9, 0x4a27, 
0x41e7, 0x39e7, 0x39e6, 0x39c6, 0x39c6, 0x39c6, 0x39c6, 0x39a6, 0x39c6, 0x39a6, 0x39a6, 0x39a6, 0x39c6, 0x39a6, 0x39c6, 0x39a6, 
0x39a6, 0x39a6, 0x3985, 0x3185, 0x39c6, 0x41c6, 0x3165, 0x3185, 0x3185, 0x3185, 0x3185, 0x3185, 0x3185, 0x3185, 0x3185, 0x3185, 
0x3185, 0x3185, 0x3185, 0x3185, 0x3185, 0x3185, 0x3185, 0x3185, 0x3185, 0x3185, 0x3185, 0x3185, 0x3185, 0x3185, 0x3185, 0x3185, 
0x3185, 0x3185, 0x3185, 0x3185, 0x3185, 0x3185, 0x3185, 0x3185, 0x3185, 0x3185, 0x3185, 0x3185, 0x3185, 0x3185, 0x3985, 0x3985, 
0x3985, 0x3985, 0x3985, 0x3985, 0x39a6, 0x4207, 0x4a27, 0x4207, 0x41e7, 0x39c6, 0x39e6, 0x41e6, 0x41c6, 0x39e6, 0x39c6, 0x39c6, 
0x41e7, 0x39e7, 0x39e7, 0x39e7, 0x39e7, 0x41e7, 0x4207, 0x4207, 0x4207, 0x4207, 0x4207, 0x39a6, 0x31a6, 0x31a6, 0x3185, 0x3145, 
0x3145, 0x3145, 0x3145, 0x3145, 0x3145, 0x3145, 0x3145, 0x3145, 0x3145, 0x3145, 0x3145, 0x3145, 0x3145, 0x3145, 0x3145, 0x3145, 
0x3145, 0x3145, 0x3145, 0x3145, 0x3145, 0x3145, 0x3145, 0x3145, 0x3145, 0x3145, 0x3145, 0x3145, 0x3165, 0x31a6, 0x31a6, 0x31a6, 
0x31a6, 0x31a6, 0x31a6, 0x31a6, 0x39a6, 0x4207, 0x5248, 0x41e6, 0x4a07, 0x4a48, 0x5268, 0x5a89, 0x5269, 0x4a68, 0x5289, 0x5289, 
0x5268, 0x5289, 0x5a89, 0x5aa9, 0x4a48, 0x4207, 0x5268, 0x5248, 0x41e7, 0x41e6, 0x39a6, 0x3986, 0x3986, 0x3986, 0x3986, 0x3986, 
0x3986, 0x3986, 0x39a6, 0x41e7, 0x41e7, 0x41e7, 0x41e7, 0x4207, 0x4207, 0x41e7, 0x41e6, 0x39c6, 0x39e7, 0x41e7, 0x39e7, 0x39e7, 
0x39e6, 0x31a5, 0x3185, 0x3185, 0x3185, 0x3185, 0x3185, 0x3165, 0x3145, 0x3145, 0x3145, 0x3145, 0x3145, 0x3145, 0x3145, 0x3145, 
0x3145, 0x3145, 0x3145, 0x3145, 0x3145, 0x3145, 0x3145, 0x3145, 0x3145, 0x3145, 0x3145, 0x3145, 0x3145, 0x3145, 0x3145, 0x3145, 
0x3145, 0x3145, 0x3145, 0x3145, 0x3145, 0x3145, 0x3145, 0x3145, 0x3145, 0x3145, 0x3145, 0x3145, 0x3145, 0x3145, 0x3145, 0x3145, 
0x3145, 0x3145, 0x3145, 0x3145, 0x3145, 0x3145, 0x3165, 0x39c6, 0x39a6, 0x39c6, 0x41e7, 0x4207, 0x4207, 0x4207, 0x4207, 0x4207, 
0x39e7, 0x39c6, 0x41e6, 0x39c6, 0x39c6, 0x39c6, 0x39c6, 0x39a6, 0x39a6, 0x39c6, 0x39c6, 0x39a6, 0x39c6, 0x39c6, 0x39a6, 0x39a6, 
0x39a6, 0x39a6, 0x39a6, 0x3986, 0x39c6, 0x41c6, 0x3185, 0x3185, 0x3185, 0x3185, 0x3185, 0x3185, 0x3185, 0x3185, 0x3185, 0x3185, 
0x3185, 0x3185, 0x3185, 0x3185, 0x3185, 0x3185, 0x3185, 0x3185, 0x3185, 0x3185, 0x3185, 0x3185, 0x3185, 0x3185, 0x3185, 0x3185, 
0x3185, 0x3185, 0x3185, 0x3185, 0x3185, 0x3185, 0x3185, 0x3185, 0x3185, 0x3185, 0x3185, 0x3185, 0x3185, 0x3985, 0x3985, 0x3985, 
0x3985, 0x3985, 0x3985, 0x39a5, 0x41e6, 0x4207, 0x4207, 0x4a27, 0x4a07, 0x39e6, 0x39c6, 0x41e7, 0x41e7, 0x41e7, 0x39c6, 0x39c6, 
0x39e7, 0x39e7, 0x41e7, 0x41e7, 0x41e7, 0x4207, 0x4207, 0x4207, 0x4207, 0x4227, 0x41e7, 0x39a6, 0x31a6, 0x31a6, 0x3185, 0x3144, 
0x3145, 0x3145, 0x3145, 0x3145, 0x3145, 0x3145, 0x3145, 0x3145, 0x3145, 0x3145, 0x3145, 0x3145, 0x3145, 0x3145, 0x3145, 0x3145, 
0x3145, 0x3145, 0x3145, 0x3145, 0x3145, 0x3145, 0x3145, 0x3145, 0x3145, 0x3145, 0x3145, 0x3145, 0x3165, 0x31a6, 0x31a6, 0x31a6, 
0x31a6, 0x31a6, 0x31a6, 0x31a6, 0x39c6, 0x41e6, 0x4a48, 0x4a48, 0x41e6, 0x4a07, 0x5248, 0x4a48, 0x4a48, 0x4a48, 0x5269, 0x5289, 
0x5aa9, 0x5289, 0x5aa9, 0x62c9, 0x4a48, 0x4207, 0x5268, 0x5a68, 0x4207, 0x39e6, 0x3986, 0x3986, 0x3986, 0x3986, 0x3986, 0x3986, 
0x3986, 0x3986, 0x3986, 0x39a6, 0x39c6, 0x41e7, 0x41e7, 0x4207, 0x4207, 0x41e7, 0x41e7, 0x39e6, 0x39c6, 0x41e7, 0x39c6, 0x39e7, 
0x39c6, 0x3985, 0x3185, 0x3185, 0x3185, 0x3185, 0x3185, 0x3165, 0x3165, 0x3145, 0x3145, 0x3145, 0x3145, 0x3145, 0x3145, 0x3145, 
0x3145, 0x3145, 0x3145, 0x3145, 0x3145, 0x3145, 0x3145, 0x3145, 0x3145, 0x3145, 0x3145, 0x3145, 0x3145, 0x3145, 0x3145, 0x3145, 
0x3145, 0x3145, 0x3145, 0x3145, 0x3145, 0x3145, 0x3145, 0x3145, 0x3145, 0x3145, 0x3145, 0x3145, 0x3145, 0x3145, 0x3145, 0x3145, 
0x3145, 0x3145, 0x3145, 0x3145, 0x3145, 0x2945, 0x3185, 0x39c6, 0x39c6, 0x39c6, 0x41e7, 0x41e7, 0x41e7, 0x41e7, 0x41e6, 0x41e7, 
0x39c7, 0x41e7, 0x41e7, 0x39c6, 0x39c6, 0x39c6, 0x39c6, 0x39a6, 0x39c6, 0x39c6, 0x39c6, 0x39a6, 0x39c6, 0x39c6, 0x39a6, 0x39a6, 
0x39a6, 0x39a6, 0x3185, 0x3185, 0x39a6, 0x39a6, 0x3165, 0x3185, 0x3185, 0x3185, 0x3185, 0x3185, 0x3185, 0x3185, 0x3185, 0x3185, 
0x3185, 0x3185, 0x3185, 0x3185, 0x3185, 0x3185, 0x3185, 0x3185, 0x3185, 0x3185, 0x3185, 0x3185, 0x3185, 0x3185, 0x3185, 0x3185, 
0x3185, 0x3185, 0x3185, 0x3185, 0x3185, 0x3185, 0x3185, 0x3185, 0x3185, 0x3185, 0x3185, 0x3185, 0x3185, 0x3985, 0x3985, 0x3985, 
0x3985, 0x3985, 0x39a5, 0x41c6, 0x41e6, 0x41e6, 0x41e7, 0x4207, 0x4a07, 0x41e7, 0x39c6, 0x41e6, 0x41e7, 0x41e7, 0x39c6, 0x39c6, 
0x39c6, 0x39e7, 0x41e7, 0x41e7, 0x41e7, 0x4207, 0x4207, 0x4207, 0x4207, 0x4207, 0x41e7, 0x31a6, 0x31a6, 0x31a6, 0x3165, 0x3145, 
0x3145, 0x3145, 0x3145, 0x3145, 0x3145, 0x3145, 0x3145, 0x3145, 0x3145, 0x3145, 0x3145, 0x3145, 0x3145, 0x3145, 0x3145, 0x3145, 
0x3145, 0x3145, 0x3145, 0x3145, 0x3145, 0x3145, 0x3145, 0x3145, 0x3145, 0x3145, 0x3145, 0x3145, 0x3165, 0x31a6, 0x31a6, 0x31a6, 
0x31a6, 0x31a6, 0x31a6, 0x31a6, 0x39c6, 0x41c6, 0x4207, 0x4a48, 0x4207, 0x41e6, 0x4a27, 0x4207, 0x4207, 0x4207, 0x41e7, 0x4207, 
0x4a48, 0x4a48, 0x5268, 0x5a89, 0x4a28, 0x41e7, 0x5248, 0x5a68, 0x4207, 0x39e6, 0x3986, 0x3986, 0x3986, 0x3986, 0x3986, 0x3986, 
0x3986, 0x3986, 0x3986, 0x3986, 0x39a6, 0x41e7, 0x41e7, 0x4207, 0x41e7, 0x39e7, 0x39e7, 0x39c6, 0x39c6, 0x39c6, 0x39c6, 0x39c6, 
0x39e6, 0x39a5, 0x3185, 0x3185, 0x3185, 0x3185, 0x3185, 0x3185, 0x3165, 0x3145, 0x3145, 0x3145, 0x3145, 0x3145, 0x3145, 0x3145, 
0x3145, 0x3145, 0x3145, 0x3145, 0x3145, 0x3145, 0x3145, 0x3145, 0x3145, 0x3145, 0x3145, 0x3145, 0x3145, 0x3145, 0x3145, 0x3145, 
0x3145, 0x3145, 0x3145, 0x3145, 0x3145, 0x3145, 0x3145, 0x3145, 0x3145, 0x3145, 0x3145, 0x3145, 0x3145, 0x3145, 0x3145, 0x3145, 
0x3145, 0x3145, 0x3145, 0x3145, 0x3145, 0x2945, 0x3185, 0x39a6, 0x39c6, 0x41e7, 0x39c6, 0x39c6, 0x39c6, 0x39c6, 0x39e6, 0x39c6, 
0x39c6, 0x41e7, 0x41e7, 0x39c6, 0x39c6, 0x39c6, 0x39c6, 0x39c6, 0x39c6, 0x39c6, 0x39a6, 0x39a6, 0x39c6, 0x39c6, 0x39a6, 0x39a6, 
0x39a6, 0x39a6, 0x39a6, 0x3186, 0x39a6, 0x3185, 0x3185, 0x3185, 0x3185, 0x3185, 0x3185, 0x3185, 0x3185, 0x3185, 0x3185, 0x3185, 
0x3185, 0x3185, 0x3185, 0x3185, 0x3185, 0x3185, 0x3185, 0x3185, 0x3185, 0x3185, 0x3185, 0x3185, 0x3185, 0x3185, 0x3185, 0x3185, 
0x3185, 0x3185, 0x3185, 0x3185, 0x3185, 0x3185, 0x3185, 0x3185, 0x3185, 0x3185, 0x3185, 0x3185, 0x3185, 0x3985, 0x3985, 0x3985, 
0x3985, 0x39a5, 0x39a6, 0x41c6, 0x41e6, 0x41e6, 0x41e6, 0x4a07, 0x4207, 0x41e7, 0x41e7, 0x41e7, 0x39c6, 0x41e7, 0x39c6, 0x39c6, 
0x39c6, 0x41e6, 0x41e6, 0x39e7, 0x4207, 0x4207, 0x4227, 0x4207, 0x4207, 0x41e7, 0x39a6, 0x31a6, 0x31a6, 0x31a6, 0x3165, 0x3145, 
0x3145, 0x3145, 0x3145, 0x3145, 0x3145, 0x3145, 0x3145, 0x3145, 0x3145, 0x3145, 0x3145, 0x3145, 0x3145, 0x3145, 0x3144, 0x3144, 
0x3144, 0x3144, 0x3144, 0x3144, 0x3145, 0x3145, 0x3145, 0x3145, 0x3145, 0x3145, 0x3145, 0x3145, 0x3165, 0x31a6, 0x31a6, 0x31a6, 
0x31a6, 0x31a6, 0x31a6, 0x31a6, 0x39a6, 0x39c6, 0x39c6, 0x4a28, 0x4227, 0x41e7, 0x41e7, 0x41e7, 0x4227, 0x4a48, 0x4228, 0x4207, 
0x4207, 0x41e7, 0x4207, 0x41e7, 0x41e7, 0x39e6, 0x4a47, 0x5248, 0x41e7, 0x39c6, 0x3986, 0x3986, 0x3986, 0x3986, 0x3986, 0x3986, 
0x3986, 0x3986, 0x3986, 0x3986, 0x39a6, 0x39c6, 0x39c6, 0x41e7, 0x41e7, 0x41e7, 0x39e7, 0x39e6, 0x39e6, 0x39c6, 0x41e7, 0x41e7, 
0x39e6, 0x39a5, 0x3185, 0x3185, 0x3185, 0x3185, 0x3185, 0x3185, 0x3185, 0x3145, 0x3145, 0x3145, 0x3145, 0x3145, 0x3145, 0x3145, 
0x3145, 0x3145, 0x3145, 0x3145, 0x3145, 0x3145, 0x3145, 0x3145, 0x3145, 0x3145, 0x3145, 0x3145, 0x3145, 0x3145, 0x3145, 0x3145, 
0x3145, 0x3145, 0x3145, 0x3145, 0x3145, 0x3145, 0x3145, 0x3145, 0x3145, 0x3145, 0x3145, 0x3145, 0x3145, 0x3145, 0x3145, 0x3145, 
0x3145, 0x3145, 0x3145, 0x3145, 0x3145, 0x3145, 0x3165, 0x39a6, 0x41e6, 0x4207, 0x39c6, 0x39c6, 0x39c6, 0x39e6, 0x39c6, 0x39c6, 
0x39c6, 0x41e7, 0x41e7, 0x39c6, 0x39c6, 0x39c6, 0x39c6, 0x39c6, 0x39c6, 0x39c6, 0x39a6, 0x39a6, 0x39c6, 0x39c6, 0x39c6, 0x31a6, 
0x39a6, 0x39c6, 0x3186, 0x3185, 0x3986, 0x31a6, 0x3185, 0x3185, 0x3185, 0x3185, 0x3185, 0x3185, 0x3185, 0x3185, 0x3185, 0x3185, 
0x3185, 0x3185, 0x3185, 0x3185, 0x3185, 0x3185, 0x3185, 0x3185, 0x3185, 0x3185, 0x3185, 0x3185, 0x3185, 0x3185, 0x3185, 0x3185, 
0x3185, 0x3185, 0x3185, 0x3185, 0x3185, 0x3185, 0x3185, 0x3185, 0x3185, 0x3185, 0x3185, 0x3185, 0x3185, 0x3985, 0x3985, 0x3985, 
0x3985, 0x39a5, 0x39c6, 0x41e6, 0x41e6, 0x41c6, 0x41c6, 0x41c6, 0x41e6, 0x41e6, 0x4207, 0x41e7, 0x39c6, 0x39e6, 0x39a5, 0x39a6, 
0x4206, 0x4a27, 0x4207, 0x39c6, 0x39c6, 0x39e7, 0x4207, 0x4207, 0x4207, 0x39c6, 0x31a6, 0x31a6, 0x31a6, 0x3185, 0x3145, 0x3145, 
0x3145, 0x3145, 0x3145, 0x3145, 0x3145, 0x3145, 0x3145, 0x3145, 0x3145, 0x3145, 0x3145, 0x3144, 0x3144, 0x3144, 0x3144, 0x3144, 
0x3144, 0x3144, 0x3144, 0x3144, 0x3144, 0x3145, 0x3145, 0x3145, 0x3145, 0x3145, 0x3145, 0x3145, 0x3145, 0x3165, 0x31a6, 0x31a6, 
0x31a6, 0x31a6, 0x31a6, 0x31a6, 0x31a6, 0x31a6, 0x31a6, 0x41e7, 0x4228, 0x4207, 0x39e7, 0x39a6, 0x41e6, 0x4207, 0x4207, 0x4207, 
0x4207, 0x41e7, 0x4207, 0x4207, 0x39c6, 0x39c6, 0x41e7, 0x41e6, 0x39c6, 0x31a6, 0x3986, 0x3986, 0x3986, 0x3986, 0x3986, 0x3986, 
0x3986, 0x3986, 0x3986, 0x3986, 0x39a6, 0x39c6, 0x39e6, 0x39e7, 0x39e6, 0x41e7, 0x41e7, 0x39e7, 0x39e7, 0x41e7, 0x41e7, 0x39e6, 
0x39c6, 0x39a5, 0x3185, 0x3185, 0x3185, 0x3185, 0x3185, 0x3185, 0x3185, 0x3145, 0x3145, 0x3145, 0x3145, 0x3145, 0x3145, 0x3145, 
0x3145, 0x3145, 0x3145, 0x3145, 0x3145, 0x3145, 0x3145, 0x3145, 0x3145, 0x3145, 0x3145, 0x3145, 0x3145, 0x3145, 0x3145, 0x3145, 
0x3145, 0x3145, 0x3145, 0x3145, 0x3145, 0x3145, 0x3145, 0x3145, 0x3145, 0x3145, 0x3145, 0x3145, 0x3145, 0x3145, 0x3145, 0x3145, 
0x3145, 0x3145, 0x3145, 0x3145, 0x3145, 0x3145, 0x3145, 0x3185, 0x39c6, 0x39c6, 0x39c6, 0x39c6, 0x39c6, 0x39c6, 0x41e6, 0x39c6, 
0x39c6, 0x41e7, 0x41e7, 0x39e7, 0x39c6, 0x39c6, 0x39c6, 0x39c6, 0x39e6, 0x39c6, 0x39c6, 0x39c6, 0x39a6, 0x39c6, 0x39c6, 0x39a6, 
0x39a6, 0x39c6, 0x3185, 0x3986, 0x39a6, 0x31a6, 0x3185, 0x3185, 0x3185, 0x3185, 0x3185, 0x3185, 0x3185, 0x3185, 0x3185, 0x3185, 
0x3185, 0x3185, 0x3185, 0x3185, 0x3185, 0x3185, 0x3185, 0x3185, 0x3185, 0x3185, 0x3185, 0x3185, 0x3185, 0x3185, 0x3185, 0x3185, 
0x3185, 0x3185, 0x3185, 0x3185, 0x3185, 0x3185, 0x3185, 0x3185, 0x3185, 0x3185, 0x3185, 0x3185, 0x3185, 0x3985, 0x3985, 0x3985, 
0x3985, 0x41c6, 0x4a27, 0x4a07, 0x41e6, 0x41c6, 0x39a5, 0x39a6, 0x39c6, 0x41e6, 0x4a27, 0x41e7, 0x41e7, 0x39c6, 0x3185, 0x3185, 
0x4206, 0x4a27, 0x41e7, 0x39c6, 0x39c6, 0x39c6, 0x39c6, 0x39e7, 0x39c6, 0x31a6, 0x31a6, 0x31a6, 0x31a6, 0x3165, 0x3145, 0x3145, 
0x3145, 0x3145, 0x3145, 0x3145, 0x3145, 0x3145, 0x3145, 0x3145, 0x3145, 0x3145, 0x3144, 0x3144, 0x3144, 0x3144, 0x3144, 0x3144, 
0x3144, 0x3144, 0x3144, 0x3144, 0x3144, 0x3144, 0x3145, 0x3145, 0x3145, 0x3145, 0x3145, 0x3145, 0x3145, 0x3144, 0x3185, 0x31a6, 
0x31a6, 0x31a6, 0x31a6, 0x31a6, 0x31a6, 0x31a6, 0x31a6, 0x39c6, 0x4207, 0x41e7, 0x4a48, 0x4207, 0x4206, 0x4206, 0x39c6, 0x39c6, 
0x41e7, 0x39a6, 0x39a6, 0x41e7, 0x39e7, 0x39a6, 0x31a6, 0x31a6, 0x31a6, 0x31a6, 0x3986, 0x3986, 0x3986, 0x3986, 0x3986, 0x3986, 
0x3986, 0x3986, 0x3986, 0x3986, 0x39a6, 0x39c6, 0x39c6, 0x39c6, 0x39c6, 0x41e7, 0x41e7, 0x39e7, 0x39c6, 0x41e7, 0x39c6, 0x39c6, 
0x39c6, 0x39a6, 0x3185, 0x3185, 0x3185, 0x3185, 0x3185, 0x3185, 0x3185, 0x3145, 0x3145, 0x3145, 0x3145, 0x3145, 0x3145, 0x3145, 
0x3145, 0x3145, 0x3145, 0x3145, 0x3145, 0x3145, 0x3145, 0x3145, 0x3145, 0x3145, 0x3145, 0x3145, 0x3145, 0x3145, 0x3145, 0x3145, 
0x3145, 0x3145, 0x3145, 0x3145, 0x3145, 0x3145, 0x3145, 0x3145, 0x3145, 0x3145, 0x3145, 0x3145, 0x3145, 0x3145, 0x3145, 0x3145, 
0x3145, 0x3145, 0x3145, 0x3145, 0x3145, 0x3145, 0x3165, 0x31a6, 0x39a6, 0x39a6, 0x39c6, 0x41e6, 0x39c6, 0x39c6, 0x41e7, 0x41e7, 
0x39e6, 0x41e7, 0x41e7, 0x39e7, 0x39c7, 0x39c6, 0x39e7, 0x39e7, 0x39e7, 0x39c6, 0x39c6, 0x39c6, 0x39a6, 0x39c6, 0x39a6, 0x39a6, 
0x39a6, 0x31a6, 0x3185, 0x39a6, 0x39a6, 0x31a6, 0x3185, 0x3185, 0x3185, 0x3185, 0x3185, 0x3185, 0x3185, 0x3185, 0x3185, 0x3185, 
0x3185, 0x3185, 0x3185, 0x3185, 0x3185, 0x3185, 0x3185, 0x3185, 0x3185, 0x3185, 0x3185, 0x3185, 0x3185, 0x3185, 0x3185, 0x3185, 
0x3185, 0x3185, 0x3185, 0x3185, 0x3185, 0x3185, 0x3185, 0x3185, 0x3185, 0x3185, 0x3185, 0x3185, 0x3185, 0x3185, 0x3985, 0x3985, 
0x3985, 0x39a6, 0x4a27, 0x4206, 0x39c5, 0x39a5, 0x39a5, 0x39c6, 0x41e6, 0x4227, 0x4a48, 0x4a27, 0x4207, 0x39a6, 0x3185, 0x3185, 
0x39c6, 0x4207, 0x39c6, 0x39c6, 0x39c6, 0x39c6, 0x39c6, 0x39a6, 0x31a6, 0x31a6, 0x31a6, 0x31a6, 0x3185, 0x3145, 0x3145, 0x3145, 
0x3145, 0x3145, 0x3145, 0x3145, 0x3145, 0x3145, 0x3145, 0x3145, 0x3145, 0x3144, 0x3144, 0x3144, 0x3144, 0x3144, 0x3144, 0x3144, 
0x3144, 0x3144, 0x3144, 0x3144, 0x3144, 0x3144, 0x3145, 0x3145, 0x3145, 0x3145, 0x3145, 0x3145, 0x3145, 0x3144, 0x3185, 0x31a6, 
0x31a6, 0x31a6, 0x31a6, 0x31a6, 0x31a6, 0x31a6, 0x31a6, 0x39a6, 0x4207, 0x5aa9, 0x6b0a, 0x5aa8, 0x4a06, 0x4a06, 0x41c6, 0x3985, 
0x39c5, 0x39a5, 0x3985, 0x41c6, 0x41e6, 0x39c6, 0x31a6, 0x31a6, 0x31a6, 0x39a6, 0x3986, 0x3986, 0x3986, 0x3986, 0x3986, 0x3986, 
0x3986, 0x3986, 0x3986, 0x3986, 0x3986, 0x39a6, 0x39c6, 0x39c6, 0x39c6, 0x39e7, 0x39e6, 0x39c6, 0x39c6, 0x41e6, 0x41e6, 0x41e7, 
0x39c6, 0x39c6, 0x39a5, 0x3185, 0x3185, 0x3185, 0x3185, 0x3185, 0x3185, 0x3145, 0x3145, 0x3145, 0x3145, 0x3145, 0x3145, 0x3145, 
0x3145, 0x3145, 0x3145, 0x3145, 0x3145, 0x3145, 0x3145, 0x3145, 0x3145, 0x3145, 0x3145, 0x3145, 0x3145, 0x3145, 0x3145, 0x3145, 
0x3145, 0x3145, 0x3145, 0x3145, 0x3145, 0x3145, 0x3145, 0x3145, 0x3145, 0x3145, 0x3145, 0x3145, 0x3145, 0x3145, 0x3145, 0x3145, 
0x3145, 0x3145, 0x3145, 0x3145, 0x3145, 0x3145, 0x3165, 0x39a6, 0x39c6, 0x39c6, 0x39c6, 0x39c6, 0x39c6, 0x41e6, 0x39e7, 0x39e7, 
0x41e7, 0x4207, 0x41e7, 0x41e7, 0x41e7, 0x39c6, 0x39c6, 0x39e7, 0x39c6, 0x39c6, 0x39c6, 0x39a6, 0x39c6, 0x39c6, 0x39a6, 0x39a6, 
0x31a6, 0x39a6, 0x39a6, 0x39c6, 0x39a6, 0x39a6, 0x3185, 0x3185, 0x3185, 0x3185, 0x3185, 0x3185, 0x3185, 0x3185, 0x3185, 0x3185, 
0x3185, 0x3185, 0x3185, 0x3185, 0x3185, 0x3185, 0x3185, 0x3185, 0x3185, 0x3185, 0x3185, 0x3185, 0x3185, 0x3185, 0x3185, 0x3185, 
0x3185, 0x3185, 0x3185, 0x3185, 0x3185, 0x3185, 0x3185, 0x3185, 0x3185, 0x3185, 0x3185, 0x3185, 0x3185, 0x3185, 0x3185, 0x3985, 
0x3985, 0x3185, 0x39a6, 0x41e6, 0x41c6, 0x39a5, 0x39c6, 0x41e7, 0x4207, 0x4227, 0x4a48, 0x4a48, 0x4207, 0x39c6, 0x3185, 0x3185, 
0x39a5, 0x39a6, 0x39a5, 0x39a5, 0x39a5, 0x39a5, 0x39a5, 0x31a5, 0x31a5, 0x31a5, 0x31a5, 0x3185, 0x3165, 0x3145, 0x3145, 0x3145, 
0x3145, 0x3145, 0x3145, 0x3145, 0x3145, 0x3145, 0x3145, 0x3145, 0x3144, 0x3144, 0x3144, 0x3144, 0x3144, 0x3144, 0x3144, 0x3144, 
0x3144, 0x3144, 0x3144, 0x3144, 0x3144, 0x3144, 0x3145, 0x3145, 0x3145, 0x3145, 0x3145, 0x3145, 0x3145, 0x3144, 0x3185, 0x31a6, 
0x31a6, 0x31a6, 0x31a6, 0x31a6, 0x31a6, 0x31a6, 0x31a6, 0x39a6, 0x4207, 0x62c9, 0x732a, 0x5a88, 0x41e6, 0x4a07, 0x41c6, 0x3985, 
0x39a5, 0x39a5, 0x41c6, 0x41e6, 0x4a07, 0x39a6, 0x31a6, 0x31a6, 0x31a6, 0x3986, 0x3986, 0x3986, 0x3986, 0x3986, 0x3986, 0x3986, 
0x3986, 0x3986, 0x3986, 0x3986, 0x3986, 0x31a6, 0x39c6, 0x39c6, 0x39c6, 0x39c6, 0x39c6, 0x39c6, 0x39e6, 0x39c6, 0x39c6, 0x39e6, 
0x39c6, 0x39c6, 0x39a6, 0x3185, 0x3185, 0x3185, 0x3185, 0x3185, 0x3185, 0x3165, 0x3145, 0x3145, 0x3145, 0x3145, 0x3145, 0x3145, 
0x3145, 0x3145, 0x3145, 0x3145, 0x3145, 0x3145, 0x3145, 0x3145, 0x3145, 0x3145, 0x3145, 0x3145, 0x3145, 0x3145, 0x3145, 0x3145, 
0x3145, 0x3145, 0x3145, 0x3145, 0x3145, 0x3145, 0x3145, 0x3145, 0x3145, 0x3145, 0x3145, 0x3145, 0x3145, 0x3145, 0x3145, 0x3145, 
0x3145, 0x3145, 0x3145, 0x3145, 0x3145, 0x3145, 0x3165, 0x39a6, 0x39c6, 0x39c6, 0x39c6, 0x39a6, 0x39c6, 0x41e6, 0x39e7, 0x41e7, 
0x41e7, 0x41e7, 0x39e7, 0x41e7, 0x39c6, 0x39c6, 0x41e6, 0x41c6, 0x41e7, 0x39c6, 0x39c6, 0x39a6, 0x39c6, 0x39a6, 0x39c6, 0x39c6, 
0x39a6, 0x39a6, 0x39a6, 0x39a6, 0x39a6, 0x39c6, 0x3185, 0x3185, 0x3185, 0x3185, 0x3185, 0x3185, 0x3185, 0x3185, 0x3185, 0x3185, 
0x3185, 0x3185, 0x3185, 0x3185, 0x3185, 0x3185, 0x3185, 0x3185, 0x3185, 0x3185, 0x3185, 0x3185, 0x3185, 0x3185, 0x3185, 0x3185, 
0x3185, 0x3185, 0x3185, 0x3185, 0x3185, 0x3185, 0x3185, 0x3185, 0x3185, 0x3185, 0x3185, 0x3185, 0x3185, 0x3185, 0x3185, 0x3185, 
0x3185, 0x3185, 0x39c6, 0x41e6, 0x39c6, 0x41c6, 0x4207, 0x4207, 0x4207, 0x4207, 0x4207, 0x4a07, 0x4a27, 0x41e7, 0x3185, 0x3185, 
0x3185, 0x3185, 0x3185, 0x3185, 0x3185, 0x3185, 0x3185, 0x3185, 0x3185, 0x3185, 0x3185, 0x3165, 0x3145, 0x3145, 0x3145, 0x3145, 
0x3145, 0x3145, 0x3145, 0x3145, 0x3145, 0x3145, 0x3145, 0x3144, 0x3144, 0x3144, 0x3144, 0x3144, 0x3144, 0x3144, 0x3144, 0x3144, 
0x3144, 0x3144, 0x3144, 0x3144, 0x3144, 0x3144, 0x3145, 0x3145, 0x3145, 0x3145, 0x3145, 0x3145, 0x3145, 0x3144, 0x3185, 0x31a6, 
0x31a6, 0x31a6, 0x31a6, 0x31a6, 0x31a6, 0x31a6, 0x31a6, 0x31a6, 0x4207, 0x4a27, 0x5268, 0x4a27, 0x41e6, 0x41e6, 0x41a5, 0x39a5, 
0x39a5, 0x39c6, 0x39a6, 0x41c6, 0x41e6, 0x39a6, 0x31a6, 0x31a6, 0x3986, 0x3986, 0x3986, 0x3986, 0x3986, 0x3986, 0x3986, 0x3986, 
0x3986, 0x3986, 0x3986, 0x3986, 0x3986, 0x39a6, 0x39a6, 0x39c6, 0x39c6, 0x39c6, 0x39c6, 0x39c6, 0x39c6, 0x39c6, 0x39c6, 0x39c6, 
0x39c6, 0x39c6, 0x39a6, 0x39a5, 0x3185, 0x3185, 0x3185, 0x3185, 0x3185, 0x3165, 0x3145, 0x3145, 0x3145, 0x3145, 0x3145, 0x3145, 
0x3145, 0x3145, 0x3145, 0x3145, 0x3145, 0x3145, 0x3145, 0x3145, 0x3145, 0x3145, 0x3145, 0x3145, 0x3145, 0x3145, 0x3145, 0x3145, 
0x3145, 0x3145, 0x3145, 0x3145, 0x3145, 0x3145, 0x3145, 0x3145, 0x3145, 0x3145, 0x3145, 0x3145, 0x3145, 0x3145, 0x3145, 0x3145, 
0x3145, 0x3145, 0x3145, 0x3145, 0x3145, 0x3145, 0x3185, 0x39a6, 0x39a6, 0x39c6, 0x39c6, 0x39c6, 0x39c6, 0x39c6, 0x39e7, 0x39c6, 
0x39c6, 0x39e7, 0x39e7, 0x41e6, 0x41c6, 0x39c6, 0x39e6, 0x41c6, 0x39c6, 0x39c6, 0x39c6, 0x41e6, 0x41e7, 0x39c6, 0x39c6, 0x39c6, 
0x39a6, 0x39a6, 0x39a6, 0x39a6, 0x39a6, 0x39c6, 0x3185, 0x3185, 0x3185, 0x3185, 0x3185, 0x3185, 0x3185, 0x3185, 0x3185, 0x3185, 
0x3185, 0x3185, 0x3185, 0x3185, 0x3185, 0x3185, 0x3185, 0x3185, 0x3185, 0x3185, 0x3185, 0x3185, 0x3185, 0x3185, 0x3185, 0x3185, 
0x3185, 0x3185, 0x3185, 0x3185, 0x3185, 0x3185, 0x3185, 0x3185, 0x3185, 0x3185, 0x3185, 0x3185, 0x3185, 0x3185, 0x3185, 0x3185, 
0x3185, 0x3185, 0x39a5, 0x39c6, 0x41c6, 0x39a5, 0x39c5, 0x39c6, 0x39c6, 0x41c6, 0x41e6, 0x41e6, 0x4207, 0x4207, 0x39a5, 0x3185, 
0x3185, 0x3185, 0x3185, 0x3185, 0x3185, 0x3185, 0x3185, 0x3185, 0x3185, 0x3185, 0x3165, 0x3145, 0x3145, 0x3145, 0x3145, 0x3145, 
0x3145, 0x3145, 0x3145, 0x3145, 0x3145, 0x3145, 0x3144, 0x3144, 0x3144, 0x3144, 0x3144, 0x3144, 0x3144, 0x3144, 0x3144, 0x3144, 
0x3144, 0x3144, 0x3144, 0x3144, 0x3144, 0x3144, 0x3145, 0x3145, 0x3145, 0x3145, 0x3145, 0x3145, 0x3145, 0x3144, 0x3185, 0x31a6, 
0x31a6, 0x31a6, 0x31a6, 0x31a6, 0x31a6, 0x31a6, 0x31a6, 0x31a6, 0x41e7, 0x4207, 0x39c6, 0x41e6, 0x41e6, 0x41e6, 0x41c6, 0x39a5, 
0x39a5, 0x39c6, 0x41c6, 0x41c6, 0x39a6, 0x39a6, 0x31a6, 0x31a6, 0x3986, 0x3986, 0x3986, 0x3986, 0x3986, 0x3986, 0x3986, 0x31a6, 
0x31a6, 0x31a6, 0x31a6, 0x31a6, 0x31a6, 0x31a6, 0x31a6, 0x39a6, 0x39c6, 0x39c6, 0x39c6, 0x39c6, 0x39c6, 0x39c6, 0x39a6, 0x31a6, 
0x39c6, 0x39c6, 0x39a6, 0x39a5, 0x3185, 0x3185, 0x3185, 0x3185, 0x3185, 0x3185, 0x3165, 0x3145, 0x3145, 0x3145, 0x3145, 0x3145, 
0x3145, 0x3145, 0x3145, 0x3145, 0x3145, 0x3145, 0x3145, 0x3145, 0x3145, 0x3145, 0x3145, 0x3145, 0x3145, 0x3145, 0x3145, 0x3145, 
0x3145, 0x3145, 0x3145, 0x3145, 0x3145, 0x3145, 0x3145, 0x3145, 0x3145, 0x3145, 0x3145, 0x3145, 0x3145, 0x3145, 0x3145, 0x3145, 
0x3145, 0x3145, 0x3145, 0x3145, 0x3145, 0x3165, 0x3185, 0x39a6, 0x39c6, 0x39c6, 0x39c6, 0x39c6, 0x41e6, 0x39e6, 0x39c6, 0x41e7, 
0x39e7, 0x39c6, 0x41e7, 0x41e7, 0x39c6, 0x39c6, 0x39c6, 0x39c6, 0x39c6, 0x39c6, 0x39c6, 0x39c6, 0x39c6, 0x39a6, 0x39c6, 0x39a6, 
0x39c6, 0x39a6, 0x39a6, 0x39a6, 0x39a6, 0x3185, 0x3185, 0x3185, 0x3185, 0x3185, 0x3185, 0x3185, 0x3185, 0x3185, 0x3185, 0x3185, 
0x3185, 0x3185, 0x3185, 0x3185, 0x3185, 0x3185, 0x3185, 0x3185, 0x3185, 0x3185, 0x3185, 0x3185, 0x3185, 0x3185, 0x3185, 0x3185, 
0x3185, 0x3185, 0x3185, 0x3185, 0x3185, 0x3185, 0x3185, 0x3185, 0x3185, 0x3185, 0x3185, 0x3185, 0x3185, 0x3185, 0x3185, 0x3185, 
0x3185, 0x3185, 0x39a5, 0x39a6, 0x3985, 0x3144, 0x2944, 0x2944, 0x3164, 0x41c5, 0x41c6, 0x41e6, 0x4a07, 0x41e6, 0x3185, 0x3185, 
0x3185, 0x3185, 0x3185, 0x3185, 0x3185, 0x3185, 0x3185, 0x3185, 0x3185, 0x3165, 0x3145, 0x3145, 0x3145, 0x3145, 0x3145, 0x3145, 
0x3145, 0x3145, 0x3145, 0x3145, 0x3144, 0x3144, 0x3144, 0x3144, 0x3144, 0x3144, 0x3144, 0x3144, 0x3144, 0x3144, 0x3144, 0x3144, 
0x3144, 0x3144, 0x3144, 0x3144, 0x3144, 0x3144, 0x3145, 0x3145, 0x3145, 0x3145, 0x3145, 0x3145, 0x3145, 0x3144, 0x3185, 0x31a6, 
0x31a6, 0x31a6, 0x31a6, 0x31a6, 0x31a6, 0x31a6, 0x31a6, 0x39a6, 0x41e7, 0x41e7, 0x41e6, 0x41e6, 0x41e6, 0x41e6, 0x41e6, 0x41e6, 
0x41e6, 0x39c6, 0x39c6, 0x41c6, 0x41c6, 0x39a6, 0x31a6, 0x31a6, 0x3986, 0x3986, 0x3986, 0x3986, 0x3986, 0x3986, 0x3986, 0x31a6, 
0x31a6, 0x31a6, 0x31a6, 0x31a6, 0x31a6, 0x31a6, 0x31a6, 0x31a6, 0x31a6, 0x39a6, 0x39c6, 0x39c6, 0x39c6, 0x39c6, 0x39a6, 0x39a6, 
0x39c6, 0x39c6, 0x39a6, 0x39a5, 0x3185, 0x3185, 0x3185, 0x3185, 0x3185, 0x3185, 0x3165, 0x3145, 0x3145, 0x3145, 0x3145, 0x3145, 
0x3145, 0x3145, 0x3145, 0x3145, 0x3145, 0x3145, 0x3145, 0x3145, 0x3145, 0x3145, 0x3145, 0x3145, 0x3145, 0x3145, 0x3145, 0x3145, 
0x3145, 0x3145, 0x3145, 0x3145, 0x3145, 0x3145, 0x3145, 0x3145, 0x3145, 0x3145, 0x3145, 0x3145, 0x3145, 0x3145, 0x3145, 0x3145, 
0x3145, 0x3145, 0x3145, 0x3145, 0x3145, 0x3165, 0x3185, 0x39c6, 0x39c6, 0x39a6, 0x39c6, 0x39c6, 0x41c6, 0x39c6, 0x39c6, 0x41e7, 
0x39e7, 0x41e7, 0x39e7, 0x39c6, 0x39a6, 0x39c6, 0x39c6, 0x39c6, 0x39c6, 0x39c6, 0x39c6, 0x41e6, 0x39c6, 0x39a6, 0x39c6, 0x39a6, 
0x39a6, 0x39a6, 0x39a6, 0x39a6, 0x39a6, 0x3185, 0x3185, 0x3185, 0x3185, 0x3185, 0x3185, 0x3185, 0x3185, 0x3185, 0x3185, 0x3185, 
0x3185, 0x3185, 0x3185, 0x3185, 0x3185, 0x3185, 0x3185, 0x3185, 0x3185, 0x3185, 0x3185, 0x3185, 0x3185, 0x3185, 0x3185, 0x3185, 
0x3185, 0x3185, 0x3185, 0x3185, 0x3185, 0x3185, 0x3185, 0x3185, 0x3185, 0x3185, 0x3185, 0x3185, 0x3185, 0x3185, 0x3185, 0x3185, 
0x3185, 0x3185, 0x3185, 0x39a5, 0x3984, 0x2944, 0x3144, 0x3144, 0x3144, 0x39a5, 0x41c6, 0x41e6, 0x4206, 0x39c6, 0x3185, 0x3185, 
0x3185, 0x3185, 0x3185, 0x3185, 0x3185, 0x3185, 0x3185, 0x3185, 0x3165, 0x3145, 0x3145, 0x3145, 0x3145, 0x3145, 0x3144, 0x3144, 
0x3144, 0x3144, 0x3144, 0x3144, 0x3144, 0x3144, 0x3144, 0x3144, 0x3144, 0x3144, 0x3144, 0x3144, 0x3144, 0x3144, 0x3144, 0x3144, 
0x3144, 0x3144, 0x3144, 0x3144, 0x3144, 0x3144, 0x3145, 0x3145, 0x3145, 0x3145, 0x3145, 0x3145, 0x3145, 0x3144, 0x3185, 0x31a6, 
0x31a6, 0x31a6, 0x31a6, 0x31a6, 0x31a6, 0x31a6, 0x31a6, 0x39c6, 0x4a27, 0x41e7, 0x41e7, 0x41e7, 0x41e6, 0x41e7, 0x41e6, 0x41e6, 
0x41e6, 0x41c6, 0x41e6, 0x41e6, 0x39a6, 0x39a6, 0x31a6, 0x31a6, 0x3986, 0x3986, 0x3986, 0x3986, 0x3986, 0x3986, 0x3186, 0x31a6, 
0x31a6, 0x31a6, 0x31a6, 0x31a6, 0x31a6, 0x31a6, 0x31a6, 0x31a6, 0x31a6, 0x39c6, 0x39c6, 0x39c6, 0x39c6, 0x39c6, 0x39c6, 0x39c6, 
0x39c6, 0x39c6, 0x3185, 0x3185, 0x3185, 0x3185, 0x3185, 0x3185, 0x3185, 0x3185, 0x3165, 0x3145, 0x3145, 0x3145, 0x3145, 0x3145, 
0x3145, 0x3145, 0x3145, 0x3145, 0x3145, 0x3145, 0x3145, 0x3145, 0x3145, 0x3145, 0x3145, 0x3145, 0x3145, 0x3145, 0x3145, 0x3145, 
0x3145, 0x3145, 0x3145, 0x3145, 0x3145, 0x3145, 0x3145, 0x3145, 0x3145, 0x3145, 0x3145, 0x3145, 0x3145, 0x3145, 0x3145, 0x3145, 
0x3145, 0x3145, 0x3145, 0x3145, 0x3145, 0x3165, 0x39a6, 0x39c6, 0x39c6, 0x39c6, 0x39c6, 0x39c6, 0x39c6, 0x39c6, 0x39c6, 0x41e7, 
0x39c6, 0x39c6, 0x39c6, 0x39c6, 0x39c6, 0x39c6, 0x39c6, 0x39c6, 0x39c6, 0x39c6, 0x39c6, 0x41e6, 0x39c6, 0x39a6, 0x39a6, 0x39a6, 
0x39a6, 0x39a6, 0x39a6, 0x39a6, 0x31a6, 0x3185, 0x3185, 0x3185, 0x3185, 0x3185, 0x3185, 0x3185, 0x3185, 0x3185, 0x3185, 0x3185, 
0x3164, 0x3164, 0x3164, 0x3164, 0x3164, 0x3164, 0x3164, 0x3164, 0x3164, 0x3164, 0x3164, 0x3164, 0x3164, 0x3164, 0x3164, 0x3164, 
0x3164, 0x3164, 0x3164, 0x3164, 0x3164, 0x3164, 0x3164, 0x3164, 0x3164, 0x3164, 0x3164, 0x3164, 0x3164, 0x3164, 0x3164, 0x3164, 
0x3164, 0x3164, 0x3164, 0x3164, 0x3164, 0x3144, 0x3144, 0x3144, 0x3144, 0x3985, 0x41c5, 0x39c5, 0x41e6, 0x41e6, 0x3185, 0x3185, 
0x3185, 0x3185, 0x3185, 0x3184, 0x3184, 0x3184, 0x3184, 0x3164, 0x3144, 0x3144, 0x3144, 0x3144, 0x3144, 0x3144, 0x3144, 0x3144, 
0x3144, 0x3144, 0x3144, 0x3144, 0x3144, 0x3144, 0x3144, 0x3144, 0x3144, 0x3144, 0x3144, 0x3144, 0x3144, 0x3144, 0x3144, 0x3144, 
0x3144, 0x3144, 0x3144, 0x3144, 0x3144, 0x3144, 0x3145, 0x3145, 0x3145, 0x3145, 0x3145, 0x3145, 0x3145, 0x3144, 0x3185, 0x31a6, 
0x31a6, 0x31a6, 0x31a6, 0x31a6, 0x31a6, 0x31a6, 0x31a6, 0x39c6, 0x4a48, 0x5268, 0x4a27, 0x41c6, 0x4206, 0x41e6, 0x39c6, 0x41e7, 
0x41e6, 0x39c6, 0x39c6, 0x41e6, 0x41c6, 0x39a6, 0x31a6, 0x31a6, 0x3986, 0x3986, 0x3986, 0x3986, 0x3986, 0x3986, 0x31a6, 0x31a6, 
0x31a6, 0x31a6, 0x31a6, 0x31a6, 0x31a6, 0x31a6, 0x31a6, 0x31a6, 0x39a6, 0x39c6, 0x41c6, 0x39c6, 0x39c6, 0x39c6, 0x39c6, 0x39c6, 
0x39c6, 0x39c6, 0x39a6, 0x3185, 0x3185, 0x3185, 0x3185, 0x3185, 0x3185, 0x3185, 0x3165, 0x3145, 0x3145, 0x3145, 0x3145, 0x3145, 
0x3145, 0x3145, 0x3145, 0x3145, 0x3145, 0x3145, 0x3145, 0x3145, 0x3145, 0x3145, 0x3145, 0x3145, 0x3145, 0x3145, 0x3145, 0x3145, 
0x3145, 0x3145, 0x3145, 0x3145, 0x3145, 0x3145, 0x3145, 0x3145, 0x3145, 0x3145, 0x3145, 0x3145, 0x3145, 0x3145, 0x3145, 0x3145, 
0x3145, 0x3145, 0x3145, 0x3145, 0x3145, 0x3165, 0x39a6, 0x39a6, 0x39a6, 0x39c6, 0x39c6, 0x39c6, 0x39c6, 0x39c6, 0x41e6, 0x39c6, 
0x41e6, 0x41e6, 0x39c6, 0x39c6, 0x39c6, 0x41e6, 0x39c6, 0x39a6, 0x39c6, 0x39c6, 0x39c6, 0x41e6, 0x39c6, 0x39c6, 0x39c6, 0x39c6, 
0x39c6, 0x39a6, 0x39c6, 0x39a6, 0x3185, 0x3185, 0x3185, 0x3185, 0x3185, 0x3185, 0x3185, 0x3185, 0x3185, 0x3185, 0x3185, 0x3185, 
0x3144, 0x3144, 0x3144, 0x3144, 0x3144, 0x3144, 0x3144, 0x3144, 0x3144, 0x3144, 0x3144, 0x3144, 0x3144, 0x3144, 0x3144, 0x3144, 
0x3144, 0x3144, 0x3144, 0x3144, 0x3144, 0x3144, 0x3144, 0x3144, 0x3144, 0x3144, 0x3144, 0x3144, 0x3144, 0x3144, 0x3144, 0x3144, 
0x3144, 0x3144, 0x3144, 0x3144, 0x3144, 0x3144, 0x3144, 0x3144, 0x3144, 0x3985, 0x41e6, 0x41c6, 0x41e6, 0x39a6, 0x3185, 0x3185, 
0x3185, 0x3185, 0x3164, 0x3144, 0x3144, 0x3144, 0x3144, 0x3144, 0x3144, 0x3144, 0x3144, 0x3144, 0x3144, 0x3144, 0x3144, 0x3144, 
0x3144, 0x3144, 0x3144, 0x3144, 0x3144, 0x3144, 0x3144, 0x3144, 0x3144, 0x3144, 0x3144, 0x3144, 0x3144, 0x3144, 0x3144, 0x3144, 
0x3144, 0x3144, 0x3144, 0x3144, 0x3144, 0x3144, 0x3145, 0x3145, 0x3145, 0x3145, 0x3145, 0x3145, 0x3145, 0x3144, 0x3185, 0x31a6, 
0x31a6, 0x31a6, 0x31a6, 0x31a6, 0x31a6, 0x31a6, 0x31a6, 0x39c6, 0x5248, 0x5268, 0x4a48, 0x41e6, 0x4a06, 0x39c6, 0x3986, 0x39c6, 
0x39c6, 0x41c6, 0x41e6, 0x4207, 0x39c6, 0x31a6, 0x31a6, 0x31a6, 0x3986, 0x3986, 0x3986, 0x3986, 0x3986, 0x31a6, 0x31a6, 0x31a6, 
0x31a6, 0x31a6, 0x31a6, 0x31a6, 0x31a6, 0x31a6, 0x31a6, 0x31a6, 0x39c6, 0x39e6, 0x39c6, 0x39c6, 0x39c6, 0x39c6, 0x39c6, 0x41e6, 
0x39c6, 0x39a6, 0x39c6, 0x31a6, 0x3185, 0x3185, 0x3185, 0x3185, 0x3185, 0x3185, 0x3165, 0x3145, 0x3145, 0x3145, 0x3145, 0x3145, 
0x3145, 0x3145, 0x3145, 0x3145, 0x3145, 0x3145, 0x3145, 0x3145, 0x3145, 0x3145, 0x3145, 0x3145, 0x3145, 0x3145, 0x3145, 0x3145, 
0x3145, 0x3145, 0x3145, 0x3145, 0x3145, 0x3145, 0x3145, 0x3145, 0x3145, 0x3145, 0x3145, 0x3145, 0x3145, 0x3145, 0x3145, 0x3145, 
0x3145, 0x3145, 0x3145, 0x3145, 0x3145, 0x3185, 0x39a6, 0x39a6, 0x39a6, 0x39c6, 0x39c6, 0x39c6, 0x39c6, 0x39c6, 0x39c6, 0x39c6, 
0x39c6, 0x39e6, 0x39c6, 0x39c6, 0x41c6, 0x39e6, 0x39c6, 0x39c6, 0x39c6, 0x41e6, 0x39e6, 0x41e6, 0x41c6, 0x39c6, 0x39c6, 0x39c6, 
0x39c6, 0x39c6, 0x39c6, 0x31a6, 0x3185, 0x3185, 0x3185, 0x3185, 0x3185, 0x3185, 0x3185, 0x3185, 0x3185, 0x3185, 0x3185, 0x3185, 
0x3144, 0x3144, 0x3144, 0x3144, 0x3144, 0x3144, 0x3144, 0x3144, 0x3144, 0x3144, 0x3144, 0x3144, 0x3144, 0x3144, 0x3144, 0x3144, 
0x3144, 0x3144, 0x3144, 0x3144, 0x3144, 0x3144, 0x3144, 0x3144, 0x3144, 0x3144, 0x3144, 0x3144, 0x3144, 0x3144, 0x3144, 0x3144, 
0x3144, 0x3144, 0x3144, 0x3144, 0x3144, 0x3144, 0x3144, 0x3144, 0x2944, 0x3185, 0x4207, 0x4207, 0x41e6, 0x3985, 0x3185, 0x3185, 
0x3185, 0x3164, 0x3144, 0x3144, 0x3144, 0x3144, 0x3144, 0x3144, 0x3144, 0x3144, 0x3144, 0x3144, 0x3144, 0x3144, 0x3144, 0x3144, 
0x3144, 0x3144, 0x3144, 0x3144, 0x3144, 0x3144, 0x3144, 0x3144, 0x3144, 0x3144, 0x3144, 0x3144, 0x3144, 0x3144, 0x3144, 0x3144, 
0x3144, 0x3144, 0x3144, 0x3144, 0x3144, 0x3144, 0x3145, 0x3145, 0x3145, 0x3145, 0x3145, 0x3145, 0x3145, 0x3144, 0x3185, 0x31a6, 
0x31a6, 0x31a6, 0x31a6, 0x31a6, 0x31a6, 0x31a6, 0x31a6, 0x39c6, 0x41e7, 0x41e6, 0x4207, 0x41e6, 0x41e6, 0x41e6, 0x41e6, 0x41e7, 
0x4207, 0x41e6, 0x39a5, 0x39c6, 0x39a6, 0x31a6, 0x31a6, 0x31a6, 0x3986, 0x3986, 0x3986, 0x3986, 0x3986, 0x31a6, 0x31a6, 0x31a6, 
0x31a6, 0x31a6, 0x31a6, 0x31a6, 0x31a6, 0x31a6, 0x31a6, 0x31a6, 0x31a6, 0x39c6, 0x41e7, 0x39e6, 0x39e7, 0x39e6, 0x41e7, 0x39e6, 
0x39c6, 0x39c6, 0x39a6, 0x39a6, 0x3185, 0x3185, 0x3185, 0x3185, 0x3185, 0x3185, 0x3165, 0x3145, 0x3145, 0x3145, 0x3145, 0x3145, 
0x3145, 0x3145, 0x3145, 0x3145, 0x3145, 0x3145, 0x3145, 0x3145, 0x3145, 0x3145, 0x3145, 0x3145, 0x3145, 0x3145, 0x3145, 0x3145, 
0x3145, 0x3145, 0x3145, 0x3145, 0x3145, 0x3145, 0x3145, 0x3145, 0x3145, 0x3145, 0x3145, 0x3145, 0x3145, 0x3145, 0x3145, 0x3145, 
0x3145, 0x3145, 0x3145, 0x3145, 0x3145, 0x3185, 0x39a6, 0x39a6, 0x39c6, 0x39a6, 0x39c6, 0x39c6, 0x39c6, 0x39c6, 0x39c6, 0x39c6, 
0x39e6, 0x39c7, 0x39c6, 0x39c6, 0x41e7, 0x39e6, 0x39c6, 0x39c6, 0x39c6, 0x41c6, 0x41e7, 0x39c6, 0x39a6, 0x39c6, 0x39c6, 0x39a6, 
0x39c6, 0x39c7, 0x39a6, 0x3185, 0x3185, 0x3185, 0x3185, 0x3185, 0x3185, 0x3185, 0x3185, 0x3185, 0x3185, 0x3185, 0x3185, 0x3185, 
0x3144, 0x3144, 0x3144, 0x3144, 0x3144, 0x3144, 0x3144, 0x3144, 0x3144, 0x3144, 0x3144, 0x3144, 0x3144, 0x3144, 0x3144, 0x3144, 
0x3144, 0x3144, 0x3144, 0x3144, 0x3144, 0x3144, 0x3144, 0x3144, 0x3144, 0x3144, 0x3144, 0x3144, 0x3144, 0x3144, 0x3144, 0x3144, 
0x3144, 0x3144, 0x3144, 0x3144, 0x3144, 0x3144, 0x3144, 0x3144, 0x3144, 0x3144, 0x3184, 0x41e6, 0x39c6, 0x3185, 0x3164, 0x3164, 
0x3164, 0x3144, 0x3144, 0x3144, 0x3144, 0x3144, 0x3144, 0x3144, 0x3144, 0x3144, 0x3144, 0x3144, 0x3144, 0x3144, 0x3144, 0x3144, 
0x3144, 0x3144, 0x3144, 0x3144, 0x3144, 0x3144, 0x3144, 0x3144, 0x3144, 0x3144, 0x3144, 0x3144, 0x3144, 0x3144, 0x3144, 0x3144, 
0x3144, 0x3144, 0x3144, 0x3144, 0x3144, 0x3144, 0x3145, 0x3145, 0x3145, 0x3145, 0x3145, 0x3145, 0x3145, 0x3145, 0x3165, 0x31a6, 
0x31a6, 0x31a6, 0x31a6, 0x31a6, 0x31a6, 0x31a6, 0x31a6, 0x39c6, 0x4207, 0x41e6, 0x39c6, 0x41c6, 0x41e6, 0x4207, 0x4a07, 0x4a28, 
0x4a48, 0x4227, 0x4207, 0x4207, 0x39a6, 0x31a6, 0x31a6, 0x31a6, 0x3986, 0x3986, 0x3986, 0x3986, 0x3986, 0x31a6, 0x31a6, 0x31a6, 
0x31a6, 0x31a6, 0x31a6, 0x31a6, 0x31a6, 0x31a6, 0x31a6, 0x31a6, 0x31a6, 0x31a6, 0x39a6, 0x39c6, 0x41c6, 0x41c6, 0x41c6, 0x39e6, 
0x39c6, 0x39c6, 0x39a6, 0x39a6, 0x39a6, 0x3185, 0x3185, 0x3185, 0x3185, 0x3185, 0x3165, 0x3145, 0x3145, 0x3145, 0x3145, 0x3145, 
0x3145, 0x3145, 0x3145, 0x3145, 0x3145, 0x3145, 0x3145, 0x3145, 0x3145, 0x3145, 0x3145, 0x3145, 0x3145, 0x3145, 0x3145, 0x3145, 
0x3145, 0x3145, 0x3145, 0x3145, 0x3145, 0x3145, 0x3145, 0x3145, 0x3145, 0x3145, 0x3145, 0x3145, 0x3145, 0x3145, 0x3145, 0x3145, 
0x3145, 0x3145, 0x3145, 0x3145, 0x3165, 0x3185, 0x39a6, 0x39c6, 0x39c6, 0x39a6, 0x39c6, 0x39c6, 0x39c6, 0x39c6, 0x39c6, 0x39c6, 
0x39c6, 0x39c6, 0x39c6, 0x39c6, 0x39c6, 0x41e7, 0x39c6, 0x39c6, 0x39c6, 0x39a6, 0x39c6, 0x39c6, 0x39a6, 0x39c6, 0x39a6, 0x39a6, 
0x39c6, 0x39c6, 0x3185, 0x3185, 0x3185, 0x3185, 0x3185, 0x3185, 0x3185, 0x3185, 0x3185, 0x3185, 0x3185, 0x3185, 0x3185, 0x3185, 
0x3144, 0x3144, 0x3144, 0x3144, 0x3144, 0x3144, 0x3144, 0x3144, 0x3144, 0x3144, 0x3144, 0x3144, 0x3144, 0x3144, 0x3144, 0x3144, 
0x3144, 0x3144, 0x3144, 0x3144, 0x3144, 0x3144, 0x3144, 0x3144, 0x3144, 0x3144, 0x3144, 0x3144, 0x3144, 0x3144, 0x3144, 0x3144, 
0x3144, 0x3144, 0x3144, 0x3144, 0x3144, 0x3144, 0x3144, 0x3144, 0x3144, 0x3144, 0x3144, 0x3164, 0x3164, 0x3144, 0x3144, 0x3144, 
0x3144, 0x3144, 0x3144, 0x3144, 0x3144, 0x3144, 0x3144, 0x3144, 0x3144, 0x3144, 0x3144, 0x3144, 0x3144, 0x3144, 0x3144, 0x3144, 
0x3144, 0x3144, 0x3144, 0x3144, 0x3144, 0x3144, 0x3144, 0x3144, 0x3144, 0x3144, 0x3144, 0x3144, 0x3144, 0x3144, 0x3144, 0x3144, 
0x3144, 0x3144, 0x3144, 0x3144, 0x3144, 0x3144, 0x3144, 0x3145, 0x3145, 0x3145, 0x3145, 0x3145, 0x3145, 0x3145, 0x3145, 0x3165, 
0x31a6, 0x31a6, 0x31a6, 0x31a6, 0x31a6, 0x31a6, 0x31a6, 0x31a6, 0x41e7, 0x4207, 0x39c6, 0x39a5, 0x39c6, 0x41c6, 0x4207, 0x4227, 
0x4a28, 0x4a28, 0x4a48, 0x4a48, 0x39c6, 0x31a6, 0x31a6, 0x39a6, 0x3986, 0x3986, 0x3986, 0x3986, 0x3986, 0x31a6, 0x31a6, 0x31a6, 
0x31a6, 0x31a6, 0x31a5, 0x31a5, 0x31a5, 0x31a5, 0x31a5, 0x31a5, 0x31a5, 0x31a5, 0x31a5, 0x39a6, 0x41e6, 0x41e7, 0x41c6, 0x39c6, 
0x39c6, 0x39c6, 0x39c6, 0x39c6, 0x39a6, 0x3185, 0x3185, 0x3185, 0x3185, 0x3185, 0x3165, 0x3145, 0x3145, 0x3145, 0x3145, 0x3145, 
0x3145, 0x3145, 0x3145, 0x3145, 0x3145, 0x3145, 0x3145, 0x3145, 0x3145, 0x3145, 0x3145, 0x3145, 0x3145, 0x3145, 0x3145, 0x3145, 
0x3145, 0x3145, 0x3145, 0x3145, 0x3145, 0x3145, 0x3145, 0x3145, 0x3145, 0x3145, 0x3145, 0x3145, 0x3145, 0x3145, 0x3145, 0x3145, 
0x3145, 0x3145, 0x3145, 0x3145, 0x3165, 0x39a6, 0x39a6, 0x39c6, 0x39a6, 0x39a6, 0x39a6, 0x39c6, 0x39e6, 0x39c6, 0x39c6, 0x39c6, 
0x39c6, 0x39c6, 0x39c6, 0x39c6, 0x39c6, 0x39c6, 0x39c6, 0x39c6, 0x41e6, 0x39c6, 0x39c6, 0x39c6, 0x39c6, 0x39c6, 0x39c6, 0x39c6, 
0x39c6, 0x39c6, 0x3185, 0x3185, 0x3185, 0x3185, 0x3185, 0x3185, 0x3185, 0x3185, 0x3185, 0x3185, 0x3185, 0x3185, 0x3185, 0x3185, 
0x3144, 0x3144, 0x3144, 0x3144, 0x3144, 0x3144, 0x3144, 0x3144, 0x3144, 0x3144, 0x3144, 0x3144, 0x3144, 0x3144, 0x3144, 0x3144, 
0x3144, 0x3144, 0x3144, 0x3144, 0x3144, 0x3144, 0x3144, 0x3144, 0x3144, 0x3144, 0x3144, 0x3144, 0x3144, 0x3144, 0x3144, 0x3144, 
0x3144, 0x3144, 0x3144, 0x3144, 0x3144, 0x3144, 0x3144, 0x3144, 0x3144, 0x3144, 0x3144, 0x3144, 0x3144, 0x3144, 0x3144, 0x3144, 
0x3144, 0x3144, 0x3144, 0x3144, 0x3144, 0x3144, 0x3144, 0x3144, 0x3144, 0x3144, 0x3144, 0x3144, 0x3144, 0x3144, 0x3144, 0x3144, 
0x3144, 0x3144, 0x3144, 0x3144, 0x3144, 0x3144, 0x3144, 0x3144, 0x3144, 0x3144, 0x3144, 0x3144, 0x3144, 0x3144, 0x3144, 0x3144, 
0x3144, 0x3144, 0x3144, 0x3144, 0x3144, 0x3144, 0x3144, 0x3144, 0x3145, 0x3145, 0x3145, 0x3145, 0x3145, 0x3145, 0x3145, 0x3145, 
0x3185, 0x39a6, 0x39a6, 0x39a6, 0x39a6, 0x39a6, 0x39a6, 0x31a6, 0x39a6, 0x39a6, 0x39a6, 0x39a5, 0x4207, 0x41e7, 0x41e6, 0x4207, 
0x4207, 0x4a28, 0x4227, 0x4207, 0x39a6, 0x31a6, 0x31a6, 0x39a6, 0x3986, 0x3986, 0x3986, 0x3986, 0x3986, 0x31a6, 0x31a6, 0x31a6, 
0x31a6, 0x3185, 0x3185, 0x3185, 0x3185, 0x3185, 0x3185, 0x3185, 0x3185, 0x3185, 0x3185, 0x41e6, 0x4207, 0x41e7, 0x39a5, 0x39a5, 
0x39c6, 0x39c6, 0x39c6, 0x39c6, 0x31a6, 0x3185, 0x3185, 0x3185, 0x3185, 0x3185, 0x3165, 0x3145, 0x3145, 0x3145, 0x3145, 0x3145, 
0x3145, 0x3145, 0x3145, 0x3145, 0x3145, 0x3145, 0x3145, 0x3145, 0x3145, 0x3145, 0x3145, 0x3145, 0x3145, 0x3145, 0x3145, 0x3145, 
0x3145, 0x3145, 0x3145, 0x3145, 0x3145, 0x3145, 0x3145, 0x3145, 0x3145, 0x3145, 0x3145, 0x3145, 0x3145, 0x3145, 0x3145, 0x3145, 
0x3145, 0x3145, 0x3145, 0x3145, 0x3165, 0x39a6, 0x39a6, 0x41c6, 0x39c6, 0x39a6, 0x39a6, 0x39c6, 0x39c6, 0x39c6, 0x39a6, 0x39c6, 
0x39c6, 0x39c6, 0x39c6, 0x39c6, 0x39c6, 0x39e6, 0x39c6, 0x41c6, 0x39e6, 0x39c6, 0x41c6, 0x39c6, 0x41e6, 0x41e7, 0x41e7, 0x39c7, 
0x39c6, 0x31a6, 0x3185, 0x3185, 0x3185, 0x3185, 0x3185, 0x3185, 0x3185, 0x3185, 0x3185, 0x3185, 0x3185, 0x3185, 0x3185, 0x3185, 
0x3144, 0x3144, 0x3144, 0x3144, 0x3144, 0x3144, 0x3144, 0x3144, 0x3144, 0x3144, 0x3144, 0x3144, 0x3144, 0x3144, 0x3144, 0x3144, 
0x3144, 0x3144, 0x3144, 0x3144, 0x3144, 0x3144, 0x3144, 0x3144, 0x3144, 0x3144, 0x3144, 0x3144, 0x3144, 0x3144, 0x3144, 0x3144, 
0x3144, 0x3144, 0x3144, 0x3144, 0x3144, 0x3144, 0x3144, 0x3144, 0x3144, 0x3144, 0x3144, 0x3144, 0x3144, 0x3144, 0x3144, 0x3144, 
0x3144, 0x3144, 0x3144, 0x3144, 0x3144, 0x3144, 0x3144, 0x3144, 0x3144, 0x3144, 0x3144, 0x3144, 0x3144, 0x3144, 0x3144, 0x3144, 
0x3144, 0x3144, 0x3144, 0x3144, 0x3144, 0x3144, 0x3144, 0x3144, 0x3144, 0x3144, 0x3144, 0x3144, 0x3144, 0x3144, 0x3144, 0x3144, 
0x3144, 0x3144, 0x3144, 0x3144, 0x3144, 0x3144, 0x3144, 0x3144, 0x3144, 0x3145, 0x3145, 0x3145, 0x3145, 0x3145, 0x3145, 0x3145, 
0x3145, 0x3185, 0x3986, 0x3986, 0x3986, 0x3986, 0x3986, 0x3986, 0x3986, 0x3186, 0x39a6, 0x4a27, 0x4a47, 0x4207, 0x41e6, 0x41c6, 
0x41e7, 0x4207, 0x41e7, 0x39c6, 0x31a6, 0x31a6, 0x31a6, 0x39a6, 0x3986, 0x3986, 0x3986, 0x3986, 0x3986, 0x31a6, 0x31a6, 0x31a6, 
0x3185, 0x3185, 0x3185, 0x3185, 0x3185, 0x3185, 0x3185, 0x3185, 0x3185, 0x3185, 0x3185, 0x31a5, 0x41e6, 0x41e6, 0x39c6, 0x3985, 
0x39a6, 0x41e6, 0x41c6, 0x39c6, 0x39a6, 0x3185, 0x3185, 0x3185, 0x3185, 0x3185, 0x3164, 0x3145, 0x3145, 0x3145, 0x3145, 0x3145, 
0x3145, 0x3145, 0x3145, 0x3145, 0x3145, 0x3145, 0x3145, 0x3145, 0x3145, 0x3145, 0x3145, 0x3145, 0x3145, 0x3145, 0x3145, 0x3145, 
0x3145, 0x3145, 0x3145, 0x3145, 0x3145, 0x3145, 0x3145, 0x3145, 0x3145, 0x3145, 0x3145, 0x3145, 0x3145, 0x3145, 0x3145, 0x3145, 
0x3145, 0x3145, 0x3145, 0x3145, 0x3165, 0x31a6, 0x39a6, 0x39c6, 0x39c6, 0x39c6, 0x39c6, 0x39c6, 0x39c6, 0x39a6, 0x39c6, 0x39c6, 
0x39c6, 0x39c6, 0x39c6, 0x39c6, 0x39c6, 0x39c6, 0x39c6, 0x41c6, 0x39c6, 0x41e6, 0x41c6, 0x39c6, 0x39c6, 0x39c6, 0x41e7, 0x41e7, 
0x39c6, 0x3185, 0x3185, 0x3185, 0x3185, 0x3185, 0x3185, 0x3185, 0x3185, 0x3185, 0x3185, 0x3185, 0x3185, 0x3185, 0x3185, 0x3185, 
0x3144, 0x3144, 0x3144, 0x3144, 0x3144, 0x3144, 0x3144, 0x3144, 0x3144, 0x3144, 0x3144, 0x3144, 0x3144, 0x3144, 0x3144, 0x3144, 
0x3144, 0x3144, 0x3144, 0x3144, 0x3144, 0x3144, 0x3144, 0x3144, 0x3144, 0x3144, 0x3144, 0x3144, 0x3144, 0x3144, 0x3144, 0x3144, 
0x3144, 0x3144, 0x3144, 0x3144, 0x3144, 0x3144, 0x3144, 0x3144, 0x3144, 0x3144, 0x3144, 0x3144, 0x3144, 0x3144, 0x3144, 0x3144, 
0x3144, 0x3144, 0x3144, 0x3144, 0x3144, 0x3144, 0x3144, 0x3144, 0x3144, 0x3144, 0x3144, 0x3144, 0x3144, 0x3144, 0x3144, 0x3144, 
0x3144, 0x3144, 0x3144, 0x3144, 0x3144, 0x3144, 0x3144, 0x3144, 0x3144, 0x3144, 0x3144, 0x3144, 0x3144, 0x3144, 0x3144, 0x3144, 
0x3144, 0x3144, 0x3144, 0x3144, 0x3144, 0x3144, 0x3144, 0x3144, 0x3144, 0x3145, 0x3145, 0x3145, 0x3145, 0x3145, 0x3145, 0x3145, 
0x3145, 0x3165, 0x3986, 0x3986, 0x3986, 0x3986, 0x3986, 0x3986, 0x3986, 0x3986, 0x39a6, 0x4a27, 0x4a27, 0x41e7, 0x41e7, 0x39c6, 
0x41c6, 0x39c6, 0x39c6, 0x39c6, 0x39a6, 0x31a6, 0x31a6, 0x39a6, 0x3986, 0x3986, 0x3986, 0x3986, 0x3986, 0x31a6, 0x31a6, 0x31a5, 
0x3185, 0x3185, 0x3185, 0x3185, 0x3185, 0x3185, 0x3185, 0x3185, 0x3185, 0x3185, 0x3185, 0x3185, 0x31a5, 0x41e6, 0x39c6, 0x3985, 
0x3985, 0x41e6, 0x39c6, 0x41e6, 0x39c6, 0x3185, 0x3185, 0x3185, 0x3185, 0x3164, 0x3164, 0x3145, 0x3145, 0x3145, 0x3145, 0x3145, 
0x3145, 0x3145, 0x3145, 0x3145, 0x3145, 0x3145, 0x3145, 0x3145, 0x3145, 0x3145, 0x3145, 0x3145, 0x3145, 0x3145, 0x3145, 0x3145, 
0x3145, 0x3145, 0x3145, 0x3145, 0x3145, 0x3145, 0x3145, 0x3145, 0x3145, 0x3145, 0x3145, 0x3145, 0x3145, 0x3145, 0x3145, 0x3145, 
0x3145, 0x3145, 0x3145, 0x3145, 0x3165, 0x3185, 0x39a6, 0x39a6, 0x39c6, 0x39c6, 0x39c6, 0x39a6, 0x39c6, 0x41e7, 0x39c6, 0x39c6, 
0x39c6, 0x39c6, 0x39c6, 0x39c6, 0x39c6, 0x39c6, 0x39c6, 0x39a6, 0x39c6, 0x41c6, 0x39c6, 0x39c6, 0x39c6, 0x39c6, 0x39c6, 0x39a6, 
0x31a6, 0x3185, 0x3185, 0x3185, 0x3185, 0x3185, 0x3185, 0x3185, 0x3185, 0x3185, 0x3185, 0x3185, 0x3185, 0x3185, 0x3185, 0x3185, 
0x3144, 0x3144, 0x3144, 0x3144, 0x3144, 0x3144, 0x3144, 0x3144, 0x3144, 0x3144, 0x3144, 0x3144, 0x3144, 0x3144, 0x3144, 0x3144, 
0x3144, 0x3144, 0x3144, 0x3144, 0x3144, 0x3144, 0x3144, 0x3144, 0x3144, 0x3144, 0x3144, 0x3144, 0x3144, 0x3144, 0x3144, 0x3144, 
0x3144, 0x3144, 0x3144, 0x3144, 0x3144, 0x3144, 0x3144, 0x3144, 0x3144, 0x3144, 0x3144, 0x3144, 0x3144, 0x3144, 0x3144, 0x3144, 
0x3144, 0x3144, 0x3144, 0x3144, 0x3144, 0x3144, 0x3144, 0x3144, 0x3144, 0x3144, 0x3144, 0x3144, 0x3144, 0x3144, 0x3144, 0x3144, 
0x3144, 0x3144, 0x3144, 0x3144, 0x3144, 0x3144, 0x3144, 0x3144, 0x3144, 0x3144, 0x3144, 0x3144, 0x3144, 0x3144, 0x3144, 0x3144, 
0x3144, 0x3144, 0x3144, 0x3144, 0x3144, 0x3144, 0x3144, 0x3144, 0x3144, 0x3145, 0x3145, 0x3145, 0x3145, 0x3145, 0x3145, 0x3145, 
0x3145, 0x3165, 0x3986, 0x3986, 0x3986, 0x3986, 0x3986, 0x3986, 0x3986, 0x3986, 0x39a6, 0x4207, 0x4207, 0x4207, 0x4207, 0x4207, 
0x4207, 0x39a6, 0x39a5, 0x39a6, 0x39a6, 0x31a6, 0x31a6, 0x39a6, 0x3986, 0x3986, 0x3986, 0x3986, 0x3986, 0x31a6, 0x31a6, 0x31a5, 
0x3185, 0x3185, 0x3185, 0x3185, 0x3185, 0x3185, 0x3185, 0x3185, 0x3185, 0x3185, 0x3185, 0x3185, 0x39a5, 0x41c6, 0x3985, 0x3164, 
0x3985, 0x41e6, 0x31a6, 0x39c6, 0x39c6, 0x3185, 0x3185, 0x3185, 0x3164, 0x3164, 0x3164, 0x3145, 0x3145, 0x3145, 0x3145, 0x3145, 
0x3145, 0x3145, 0x3145, 0x3145, 0x3145, 0x3145, 0x3145, 0x3145, 0x3145, 0x3145, 0x3145, 0x3145, 0x3145, 0x3145, 0x3145, 0x3145, 
0x3145, 0x3145, 0x3145, 0x3145, 0x3145, 0x3145, 0x3145, 0x3145, 0x3145, 0x3145, 0x3145, 0x3145, 0x3145, 0x3145, 0x3145, 0x3145, 
0x3145, 0x3145, 0x3145, 0x3145, 0x3185, 0x41e6, 0x39a6, 0x39a6, 0x39c6, 0x4a07, 0x41e7, 0x41e6, 0x41e6, 0x41e6, 0x39c6, 0x39a6, 
0x39a6, 0x39c6, 0x39c6, 0x39c6, 0x39c6, 0x39c6, 0x39c6, 0x39c6, 0x39c6, 0x39c6, 0x41c7, 0x39c6, 0x39c6, 0x41e7, 0x39c6, 0x3986, 
0x3185, 0x3185, 0x3185, 0x3185, 0x3185, 0x3185, 0x3185, 0x3185, 0x3185, 0x3185, 0x3185, 0x3185, 0x3185, 0x3165, 0x2944, 0x2124, 
0x3144, 0x3144, 0x3144, 0x3144, 0x3144, 0x3144, 0x3144, 0x3144, 0x3144, 0x3144, 0x3144, 0x3144, 0x3144, 0x3144, 0x3144, 0x3144, 
0x3144, 0x3144, 0x3144, 0x3144, 0x3144, 0x3144, 0x3144, 0x3144, 0x3144, 0x3144, 0x3144, 0x3144, 0x3144, 0x3144, 0x3144, 0x3144, 
0x3144, 0x3144, 0x3144, 0x3144, 0x3144, 0x3144, 0x3144, 0x3144, 0x3144, 0x3144, 0x3144, 0x3144, 0x3144, 0x3144, 0x3144, 0x3144, 
0x3144, 0x3144, 0x3144, 0x3144, 0x3144, 0x3144, 0x3144, 0x3144, 0x3144, 0x3144, 0x3144, 0x3144, 0x3144, 0x3144, 0x3144, 0x3144, 
0x3144, 0x3144, 0x3144, 0x3144, 0x3144, 0x3144, 0x3144, 0x3144, 0x3144, 0x3144, 0x3144, 0x3144, 0x3144, 0x3144, 0x3144, 0x3144, 
0x3144, 0x3144, 0x3144, 0x3144, 0x3144, 0x3144, 0x3144, 0x3144, 0x3144, 0x3145, 0x3145, 0x3145, 0x3145, 0x3145, 0x3145, 0x3145, 
0x3145, 0x3165, 0x3986, 0x3986, 0x3986, 0x3986, 0x3986, 0x3986, 0x3986, 0x3986, 0x39a6, 0x41e7, 0x4206, 0x4207, 0x4206, 0x4207, 
0x4207, 0x39c6, 0x39a5, 0x39a6, 0x31a6, 0x31a6, 0x31a6, 0x3986, 0x3986, 0x3986, 0x3986, 0x3986, 0x3186, 0x31a6, 0x31a6, 0x31a5, 
0x3185, 0x3185, 0x3185, 0x3185, 0x3185, 0x3185, 0x3185, 0x3185, 0x3185, 0x3185, 0x3185, 0x3185, 0x3185, 0x3985, 0x3164, 0x3164, 
0x3164, 0x3984, 0x3185, 0x31a5, 0x31a6, 0x3185, 0x3185, 0x3164, 0x3164, 0x3164, 0x3164, 0x3145, 0x3145, 0x3145, 0x3145, 0x3145, 
0x3145, 0x3145, 0x3145, 0x3145, 0x3145, 0x3145, 0x3145, 0x3145, 0x3145, 0x3145, 0x3145, 0x3145, 0x3145, 0x3145, 0x3145, 0x3145, 
0x3145, 0x3145, 0x3145, 0x3145, 0x3145, 0x3145, 0x3145, 0x3145, 0x3145, 0x3145, 0x3145, 0x3145, 0x3145, 0x3145, 0x3145, 0x3145, 
0x3145, 0x3145, 0x3145, 0x2945, 0x3985, 0x4a06, 0x41c6, 0x39a6, 0x39a6, 0x41c6, 0x41e6, 0x41e6, 0x41e6, 0x39c6, 0x41e6, 0x41e6, 
0x41c6, 0x39c6, 0x39c6, 0x39c6, 0x39c6, 0x39c6, 0x39c6, 0x39a6, 0x39c6, 0x39c6, 0x39a6, 0x39c6, 0x39c6, 0x39e7, 0x39a6, 0x3185, 
0x3185, 0x3185, 0x3185, 0x3185, 0x3185, 0x3185, 0x3185, 0x3185, 0x3185, 0x3165, 0x2964, 0x2944, 0x2944, 0x2124, 0x2124, 0x2124, 
0x3144, 0x3144, 0x3144, 0x3144, 0x3144, 0x3144, 0x3144, 0x3144, 0x3144, 0x3144, 0x3144, 0x3144, 0x3144, 0x3144, 0x3144, 0x3144, 
0x3144, 0x3144, 0x3144, 0x3144, 0x3144, 0x3144, 0x3144, 0x3144, 0x3144, 0x3144, 0x3144, 0x3144, 0x3144, 0x3144, 0x3144, 0x3144, 
0x3144, 0x3144, 0x3144, 0x3144, 0x3144, 0x3144, 0x3144, 0x3144, 0x3144, 0x3144, 0x3144, 0x3144, 0x3144, 0x3144, 0x3144, 0x3144, 
0x3144, 0x3144, 0x3144, 0x3144, 0x3144, 0x3144, 0x3144, 0x3144, 0x3144, 0x3144, 0x3144, 0x3144, 0x3144, 0x3144, 0x3144, 0x3144, 
0x3144, 0x3144, 0x3144, 0x3144, 0x3144, 0x3144, 0x3144, 0x3144, 0x3144, 0x3144, 0x3144, 0x3144, 0x3144, 0x3144, 0x3144, 0x3144, 
0x3144, 0x3144, 0x3144, 0x3144, 0x3144, 0x3144, 0x3144, 0x3144, 0x3144, 0x3145, 0x3145, 0x3145, 0x3145, 0x3145, 0x3145, 0x3145, 
0x3145, 0x3165, 0x3986, 0x3986, 0x3986, 0x3986, 0x3986, 0x3986, 0x3986, 0x3986, 0x39a6, 0x41e6, 0x4207, 0x4a07, 0x41e6, 0x39c6, 
0x4206, 0x39c6, 0x39a6, 0x39a6, 0x31a6, 0x31a6, 0x39a6, 0x3986, 0x3986, 0x3986, 0x3986, 0x3986, 0x3186, 0x31a6, 0x31a6, 0x31a5, 
0x3185, 0x3185, 0x3164, 0x3164, 0x3164, 0x3164, 0x3164, 0x3164, 0x3164, 0x3164, 0x3164, 0x3164, 0x3164, 0x3164, 0x3164, 0x3164, 
0x3164, 0x3164, 0x3164, 0x3164, 0x3165, 0x3165, 0x3164, 0x3164, 0x3164, 0x3164, 0x3164, 0x3145, 0x3145, 0x3145, 0x3145, 0x3145, 
0x3145, 0x3145, 0x3145, 0x3145, 0x3145, 0x3145, 0x3145, 0x3145, 0x3145, 0x3145, 0x3145, 0x3145, 0x3145, 0x3145, 0x3145, 0x3145, 
0x3145, 0x3145, 0x3145, 0x3145, 0x3145, 0x3145, 0x3145, 0x3145, 0x3145, 0x3145, 0x3145, 0x3145, 0x3145, 0x3145, 0x3145, 0x3145, 
0x3145, 0x3145, 0x3145, 0x2945, 0x3985, 0x4a06, 0x39c6, 0x3185, 0x3185, 0x3164, 0x3985, 0x39a5, 0x39c6, 0x41c6, 0x41c6, 0x41e6, 
0x41e6, 0x41c6, 0x39a6, 0x41c6, 0x41c6, 0x41c6, 0x41c6, 0x39a6, 0x39c6, 0x39c6, 0x41c6, 0x41e6, 0x39c6, 0x39c6, 0x39a6, 0x3185, 
0x3185, 0x3185, 0x3185, 0x3185, 0x3185, 0x3185, 0x3165, 0x2964, 0x2944, 0x2124, 0x2124, 0x2124, 0x2124, 0x2124, 0x2124, 0x2124, 
0x3144, 0x3144, 0x3144, 0x3144, 0x3144, 0x3144, 0x3144, 0x3144, 0x3144, 0x3144, 0x3144, 0x3144, 0x3144, 0x3144, 0x3144, 0x3144, 
0x3144, 0x3144, 0x3144, 0x3144, 0x3144, 0x3144, 0x3144, 0x3144, 0x3144, 0x3144, 0x3144, 0x3144, 0x3144, 0x3144, 0x3144, 0x3144, 
0x3144, 0x3144, 0x3144, 0x3144, 0x3144, 0x3144, 0x3144, 0x3144, 0x3144, 0x3144, 0x3144, 0x3144, 0x3144, 0x3144, 0x3144, 0x3144, 
0x3144, 0x3144, 0x3144, 0x3144, 0x3144, 0x3144, 0x3144, 0x3144, 0x3144, 0x3144, 0x3144, 0x3144, 0x3144, 0x3144, 0x3144, 0x3144, 
0x3144, 0x3144, 0x3144, 0x3144, 0x3144, 0x3144, 0x3144, 0x3144, 0x3144, 0x3144, 0x3144, 0x3144, 0x3144, 0x3144, 0x3144, 0x3144, 
0x3144, 0x3144, 0x3144, 0x3144, 0x3144, 0x3144, 0x3144, 0x3144, 0x3144, 0x3145, 0x3145, 0x3145, 0x3145, 0x3145, 0x3145, 0x3145, 
0x3145, 0x3165, 0x3186, 0x3986, 0x3986, 0x3986, 0x3986, 0x3986, 0x3986, 0x3986, 0x39a6, 0x41e6, 0x4a27, 0x4a27, 0x41e6, 0x39c6, 
0x39a6, 0x39a6, 0x39a6, 0x39a6, 0x3986, 0x3986, 0x3986, 0x3986, 0x3986, 0x3986, 0x3986, 0x3986, 0x3186, 0x31a6, 0x31a6, 0x31a5, 
0x3185, 0x3185, 0x3164, 0x3164, 0x3164, 0x3164, 0x3164, 0x3164, 0x3164, 0x3164, 0x3164, 0x3164, 0x3164, 0x3164, 0x3164, 0x3164, 
0x3164, 0x3164, 0x3164, 0x3164, 0x3164, 0x3164, 0x3164, 0x3164, 0x3164, 0x3164, 0x3164, 0x3145, 0x3145, 0x3145, 0x3145, 0x3145, 
0x3145, 0x3145, 0x3145, 0x3145, 0x3145, 0x3145, 0x3145, 0x3145, 0x3145, 0x3145, 0x3145, 0x3145, 0x3145, 0x3145, 0x3145, 0x3145, 
0x3145, 0x3145, 0x3145, 0x3145, 0x3145, 0x3145, 0x3145, 0x3145, 0x3145, 0x3145, 0x3145, 0x3145, 0x3145, 0x3145, 0x3145, 0x3145, 
0x3145, 0x3145, 0x3145, 0x3145, 0x3165, 0x39a5, 0x3165, 0x3165, 0x3164, 0x3985, 0x41c6, 0x3985, 0x3985, 0x41e6, 0x39c6, 0x39c6, 
0x39c6, 0x3985, 0x41e6, 0x4207, 0x41a6, 0x41e6, 0x4a07, 0x41e6, 0x39c6, 0x39c6, 0x39c6, 0x39c6, 0x39c6, 0x39c6, 0x4a06, 0x4a06, 
0x3185, 0x3185, 0x3185, 0x3185, 0x3185, 0x2944, 0x2924, 0x2124, 0x2124, 0x2124, 0x2124, 0x2124, 0x2124, 0x2124, 0x2124, 0x2124, 
0x3144, 0x3144, 0x3144, 0x3144, 0x3144, 0x3144, 0x3144, 0x3144, 0x3144, 0x3144, 0x3144, 0x3144, 0x3144, 0x3144, 0x3144, 0x3144, 
0x3144, 0x3144, 0x3144, 0x3144, 0x3144, 0x3144, 0x3144, 0x3144, 0x3144, 0x3144, 0x3144, 0x3144, 0x3144, 0x3144, 0x3144, 0x3144, 
0x3144, 0x3144, 0x3144, 0x3144, 0x3144, 0x3144, 0x3144, 0x3144, 0x3144, 0x3144, 0x3144, 0x3144, 0x3144, 0x3144, 0x3144, 0x3144, 
0x3144, 0x3144, 0x3144, 0x3144, 0x3144, 0x3144, 0x3144, 0x3144, 0x3144, 0x3144, 0x3144, 0x3144, 0x3144, 0x3144, 0x3144, 0x3144, 
0x3144, 0x3144, 0x3144, 0x3144, 0x3144, 0x3144, 0x3144, 0x3144, 0x3144, 0x3144, 0x3144, 0x3144, 0x3144, 0x3144, 0x3144, 0x3144, 
0x3144, 0x3144, 0x3144, 0x3144, 0x3144, 0x3144, 0x3144, 0x3144, 0x3144, 0x3144, 0x3145, 0x3145, 0x3145, 0x3145, 0x3145, 0x3145, 
0x3145, 0x3145, 0x3165, 0x3986, 0x3986, 0x3986, 0x3986, 0x3986, 0x3986, 0x3986, 0x3986, 0x39a6, 0x41e6, 0x41c6, 0x41c6, 0x39a6, 
0x39a6, 0x39a6, 0x39a6, 0x3986, 0x3986, 0x3986, 0x3986, 0x3986, 0x3986, 0x3986, 0x3986, 0x3986, 0x31a6, 0x31a6, 0x31a6, 0x31a5, 
0x3185, 0x3185, 0x3164, 0x3164, 0x3164, 0x3164, 0x3164, 0x3164, 0x3164, 0x3164, 0x3164, 0x3164, 0x3164, 0x3164, 0x3164, 0x3164, 
0x3164, 0x3164, 0x3164, 0x3164, 0x3164, 0x3164, 0x3164, 0x3164, 0x3164, 0x3164, 0x3164, 0x3145, 0x3145, 0x3145, 0x3145, 0x3145, 
0x3145, 0x3145, 0x3145, 0x3145, 0x3145, 0x3145, 0x3145, 0x3145, 0x3145, 0x3145, 0x3145, 0x3145, 0x3145, 0x3145, 0x3145, 0x3145, 
0x3145, 0x3145, 0x3145, 0x3145, 0x3145, 0x3145, 0x3145, 0x3145, 0x3145, 0x3145, 0x3145, 0x3145, 0x3145, 0x3145, 0x3145, 0x3145, 
0x3145, 0x3145, 0x3145, 0x3145, 0x3145, 0x2945, 0x3145, 0x3145, 0x3164, 0x3985, 0x41e6, 0x3985, 0x3164, 0x41e6, 0x41e7, 0x41c6, 
0x39a6, 0x2924, 0x3185, 0x3a06, 0x39a5, 0x39a5, 0x39a6, 0x39c6, 0x39a6, 0x39a6, 0x39c6, 0x39c6, 0x39c6, 0x39a6, 0x41c6, 0x5268, 
0x41c6, 0x3185, 0x3185, 0x3165, 0x2944, 0x2124, 0x2124, 0x2124, 0x2124, 0x2124, 0x2124, 0x2124, 0x2124, 0x2124, 0x2124, 0x2124, 
0x3144, 0x3144, 0x3144, 0x3144, 0x3144, 0x3144, 0x3144, 0x3144, 0x3144, 0x3144, 0x3144, 0x3144, 0x3144, 0x3144, 0x3144, 0x3144, 
0x3144, 0x3144, 0x3144, 0x3144, 0x3144, 0x3144, 0x3144, 0x3144, 0x3144, 0x3144, 0x3144, 0x3144, 0x3144, 0x3144, 0x3144, 0x3144, 
0x3144, 0x3144, 0x3144, 0x3144, 0x3144, 0x3144, 0x3144, 0x3144, 0x3144, 0x3144, 0x3144, 0x3144, 0x3144, 0x3144, 0x3144, 0x3144, 
0x3144, 0x3144, 0x3144, 0x3144, 0x3144, 0x3144, 0x3144, 0x3144, 0x3144, 0x3144, 0x3144, 0x3144, 0x3144, 0x3144, 0x3144, 0x3144, 
0x3144, 0x3144, 0x3144, 0x3144, 0x3144, 0x3144, 0x3144, 0x3144, 0x3144, 0x3144, 0x3144, 0x3144, 0x3144, 0x3144, 0x3144, 0x3144, 
0x3144, 0x3144, 0x3144, 0x3144, 0x3144, 0x3144, 0x3144, 0x3144, 0x3144, 0x3144, 0x3144, 0x3145, 0x3145, 0x3145, 0x3145, 0x3145, 
0x3145, 0x3145, 0x3145, 0x3165, 0x3986, 0x3986, 0x3986, 0x3986, 0x3986, 0x3986, 0x3986, 0x3986, 0x3986, 0x3986, 0x3986, 0x3986, 
0x3986, 0x3986, 0x3986, 0x3986, 0x3986, 0x3986, 0x3986, 0x3986, 0x3986, 0x3986, 0x3986, 0x3986, 0x31a6, 0x31a6, 0x31a6, 0x31a5, 
0x3185, 0x3164, 0x3164, 0x3164, 0x3164, 0x3164, 0x3164, 0x3164, 0x3164, 0x3164, 0x3164, 0x3164, 0x3164, 0x3164, 0x3164, 0x3164, 
0x3164, 0x3164, 0x3164, 0x3164, 0x3164, 0x3164, 0x3164, 0x3164, 0x3164, 0x3164, 0x3164, 0x3145, 0x3145, 0x3145, 0x3145, 0x3145, 
0x3145, 0x3145, 0x3145, 0x3145, 0x3145, 0x3145, 0x3145, 0x3145, 0x3145, 0x3145, 0x3145, 0x3145, 0x3145, 0x3145, 0x3145, 0x3145, 
0x3145, 0x3145, 0x3145, 0x3145, 0x3145, 0x3145, 0x3145, 0x3145, 0x3145, 0x3145, 0x3145, 0x3145, 0x3145, 0x3145, 0x3145, 0x3145, 
0x3145, 0x3145, 0x3145, 0x3145, 0x3145, 0x3145, 0x3145, 0x3145, 0x3145, 0x3164, 0x39a5, 0x3985, 0x3164, 0x39c6, 0x39e6, 0x41c6, 
0x39a6, 0x2124, 0x2124, 0x2124, 0x2124, 0x2944, 0x3184, 0x39a5, 0x39a6, 0x39a6, 0x41c6, 0x39c6, 0x39c6, 0x41e6, 0x41e7, 0x4227, 
0x39c6, 0x3185, 0x3165, 0x2924, 0x2124, 0x2124, 0x2124, 0x2124, 0x2124, 0x2124, 0x2124, 0x2124, 0x2124, 0x2124, 0x2124, 0x2124, 
0x3144, 0x3144, 0x3144, 0x3144, 0x3144, 0x3144, 0x3144, 0x3144, 0x3144, 0x3144, 0x3144, 0x3144, 0x3144, 0x3144, 0x3144, 0x3144, 
0x3144, 0x3144, 0x3144, 0x3144, 0x3144, 0x3144, 0x3144, 0x3144, 0x3144, 0x3144, 0x3144, 0x3144, 0x3144, 0x3144, 0x3144, 0x3144, 
0x3144, 0x3144, 0x3144, 0x3144, 0x3144, 0x3144, 0x3144, 0x3144, 0x3144, 0x3144, 0x3144, 0x3144, 0x3144, 0x3144, 0x3144, 0x3144, 
0x3144, 0x3144, 0x3144, 0x3144, 0x3144, 0x3144, 0x3144, 0x3144, 0x3144, 0x3144, 0x3144, 0x3144, 0x3144, 0x3144, 0x3144, 0x3144, 
0x3144, 0x3144, 0x3144, 0x3144, 0x3144, 0x3144, 0x3144, 0x3144, 0x3144, 0x3144, 0x3144, 0x3144, 0x3144, 0x3144, 0x3144, 0x3144, 
0x3144, 0x3144, 0x3144, 0x3144, 0x3144, 0x3144, 0x3144, 0x3144, 0x3144, 0x3144, 0x3144, 0x3144, 0x3145, 0x3145, 0x3145, 0x3145, 
0x3145, 0x3145, 0x3145, 0x3144, 0x3165, 0x3986, 0x3986, 0x3986, 0x3986, 0x3986, 0x3986, 0x3986, 0x3986, 0x3986, 0x3986, 0x3986, 
0x3986, 0x3986, 0x3986, 0x3986, 0x3986, 0x3986, 0x3986, 0x3986, 0x3986, 0x3986, 0x3986, 0x3986, 0x31a6, 0x31a6, 0x31a6, 0x31a5, 
0x3185, 0x3164, 0x3164, 0x3164, 0x3164, 0x3164, 0x3164, 0x3164, 0x3164, 0x3164, 0x3164, 0x3164, 0x3164, 0x3164, 0x3164, 0x3164, 
0x3164, 0x3164, 0x3164, 0x3164, 0x3164, 0x3164, 0x3164, 0x3164, 0x3164, 0x3164, 0x3164, 0x3145, 0x3145, 0x3145, 0x3145, 0x3145, 
0x3145, 0x3145, 0x3145, 0x3145, 0x3145, 0x3145, 0x3145, 0x3145, 0x3145, 0x3145, 0x3145, 0x3145, 0x3145, 0x3145, 0x3145, 0x3145, 
0x3145, 0x3145, 0x3145, 0x3145, 0x3145, 0x3145, 0x3145, 0x3145, 0x3145, 0x3145, 0x3145, 0x3145, 0x3145, 0x3145, 0x3145, 0x3145, 
0x3145, 0x3145, 0x3145, 0x3145, 0x3145, 0x3145, 0x3145, 0x3145, 0x3145, 0x3145, 0x3164, 0x3164, 0x3164, 0x39c5, 0x39c6, 0x39a5, 
0x3985, 0x2124, 0x2124, 0x2124, 0x2124, 0x2124, 0x2124, 0x2924, 0x2944, 0x3185, 0x31a5, 0x39a6, 0x39a6, 0x39c6, 0x41e7, 0x41e7, 
0x31a5, 0x2964, 0x2924, 0x2124, 0x2124, 0x2124, 0x2124, 0x2124, 0x2124, 0x2124, 0x2124, 0x2124, 0x2124, 0x2124, 0x2124, 0x2124, 
0x3144, 0x3144, 0x3144, 0x3144, 0x3144, 0x3144, 0x3144, 0x3144, 0x3144, 0x3144, 0x3144, 0x3144, 0x3144, 0x3144, 0x3144, 0x3144, 
0x3144, 0x3144, 0x3144, 0x3144, 0x3144, 0x3144, 0x3144, 0x3144, 0x3144, 0x3144, 0x3144, 0x3144, 0x3144, 0x3144, 0x3144, 0x3144, 
0x3144, 0x3144, 0x3144, 0x3144, 0x3144, 0x3144, 0x3144, 0x3144, 0x3144, 0x3144, 0x3144, 0x3144, 0x3144, 0x3144, 0x3144, 0x3144, 
0x3144, 0x3144, 0x3144, 0x3144, 0x3144, 0x3144, 0x3144, 0x3144, 0x3144, 0x3144, 0x3144, 0x3144, 0x3144, 0x3144, 0x3144, 0x3144, 
0x3144, 0x3144, 0x3144, 0x3144, 0x3144, 0x3144, 0x3144, 0x3144, 0x3144, 0x3144, 0x3144, 0x3144, 0x3144, 0x3144, 0x3144, 0x3144, 
0x3144, 0x3144, 0x3144, 0x3144, 0x3144, 0x3144, 0x3144, 0x3144, 0x3144, 0x3144, 0x3144, 0x3144, 0x3144, 0x3145, 0x3145, 0x3145, 
0x3145, 0x3145, 0x3145, 0x3145, 0x3145, 0x3165, 0x3986, 0x3986, 0x3986, 0x3986, 0x3986, 0x3986, 0x3986, 0x3986, 0x3986, 0x3986, 
0x3986, 0x3986, 0x3986, 0x3986, 0x3986, 0x3986, 0x3986, 0x3986, 0x3986, 0x3986, 0x3986, 0x3986, 0x31a6, 0x31a6, 0x31a6, 0x31a5, 
0x3185, 0x3164, 0x3164, 0x3164, 0x3164, 0x3164, 0x3164, 0x3164, 0x3164, 0x3164, 0x3164, 0x3164, 0x3164, 0x3164, 0x3164, 0x3164, 
0x3164, 0x3164, 0x3164, 0x3164, 0x3164, 0x3164, 0x3164, 0x3164, 0x3164, 0x3164, 0x3165, 0x3145, 0x3145, 0x3145, 0x3145, 0x3145, 
0x3145, 0x3145, 0x3145, 0x3145, 0x3145, 0x3145, 0x3145, 0x3145, 0x3145, 0x3145, 0x3145, 0x3145, 0x3145, 0x3145, 0x3145, 0x3145, 
0x3145, 0x3145, 0x3145, 0x3145, 0x3145, 0x3145, 0x3145, 0x3145, 0x3145, 0x3145, 0x3145, 0x3145, 0x3145, 0x3145, 0x3145, 0x3145, 
0x3145, 0x3145, 0x3145, 0x3145, 0x3145, 0x3145, 0x3145, 0x3145, 0x3145, 0x3145, 0x3145, 0x3145, 0x3164, 0x39a5, 0x39a5, 0x3984, 
0x2944, 0x2124, 0x2124, 0x2124, 0x2124, 0x2124, 0x2124, 0x2124, 0x2124, 0x2124, 0x2944, 0x2944, 0x2964, 0x2964, 0x2964, 0x2964, 
0x2944, 0x2124, 0x2124, 0x2124, 0x2124, 0x2124, 0x2124, 0x2124, 0x2124, 0x2124, 0x2124, 0x2124, 0x2124, 0x2124, 0x2124, 0x2124
};

const tgx::Image<tgx::RGB565> model_texture((void*)model_texture_data, 240, 240);

/** end of file model_texture.h */

