# Blender 4.5.3 LTS
# www.blender.org
mtllib nailong.mtl
o material
v 0.280163 -0.010540 0.130071
v 0.280163 -0.010540 0.130071
v 0.270594 0.007535 0.129869
v 0.287595 -0.018507 0.126159
v 0.287595 -0.018507 0.126159
v 0.287595 -0.018507 0.126159
v 0.287595 -0.018507 0.126159
v 0.271324 0.007433 0.129622
v 0.271324 0.007433 0.129622
v -0.095681 -0.475961 -0.045137
v -0.092246 -0.475694 -0.045585
v -0.096201 -0.475038 -0.043860
v -0.086678 -0.475171 -0.046866
v -0.087000 -0.526301 0.119016
v -0.088289 -0.529137 0.117698
v -0.088828 -0.529099 0.117813
v -0.085182 -0.522110 0.121119
v -0.083685 -0.523750 0.121170
v -0.085495 -0.523258 0.121250
v 0.245189 -0.418177 0.032484
v 0.229362 -0.395041 -0.010623
v 0.250219 -0.356231 0.011606
v 0.219476 -0.335064 -0.062149
v 0.238261 -0.304805 -0.027760
v 0.167728 -0.356975 -0.138617
v 0.222244 -0.424876 -0.010591
v 0.137737 -0.373416 -0.191465
v 0.188111 -0.391055 -0.074932
v 0.065370 -0.374477 -0.363936
v 0.029940 -0.377902 -0.427246
v 0.023932 -0.358990 -0.443516
v 0.060060 -0.393692 -0.356605
v 0.126017 -0.347801 -0.218501
v 0.039672 -0.382959 -0.406324
v 0.264747 -0.336768 0.046535
v 0.160314 -0.313776 -0.151740
v 0.263571 -0.270873 0.046243
v 0.017578 -0.371672 -0.448089
v 0.197375 -0.284729 -0.095586
v 0.204605 -0.265361 -0.083164
v 0.017549 -0.361897 -0.450810
v 0.232740 -0.206926 -0.019358
v 0.240685 -0.489439 0.012748
v 0.237023 -0.522386 0.010413
v 0.222859 -0.524704 -0.014790
v 0.210437 -0.490730 -0.031103
v 0.221612 -0.237443 -0.048582
v 0.221736 -0.237427 -0.048652
v 0.226634 -0.236160 -0.038825
v 0.226634 -0.236160 -0.038825
v 0.249730 -0.254615 0.010195
v 0.250721 -0.242928 0.014302
v 0.241923 -0.190898 0.008478
v 0.235499 -0.186183 -0.005017
v 0.235499 -0.186183 -0.005017
v 0.238926 -0.177260 0.006098
v 0.238926 -0.177260 0.006098
v 0.232171 -0.207000 -0.019106
v 0.231185 -0.189010 -0.015663
v 0.231203 -0.189008 -0.015671
v 0.250343 -0.254308 0.011192
v 0.250089 -0.254571 0.009729
v 0.248736 -0.254828 0.010401
v 0.025436 -0.354520 -0.437561
v 0.251452 -0.236710 0.016011
v 0.252553 -0.238132 0.017709
v 0.249946 -0.250803 0.012331
v 0.138122 -0.304819 -0.181865
v 0.229319 -0.220950 -0.029362
v 0.229319 -0.220950 -0.029362
v 0.228096 -0.208880 -0.028702
v 0.227987 -0.208895 -0.028647
v 0.247856 -0.212276 0.012343
v 0.245906 -0.203526 0.012283
v 0.241893 -0.190908 0.008494
v 0.223634 -0.208485 -0.037118
v 0.197218 -0.284744 -0.095474
v 0.181648 -0.291308 -0.117594
v 0.159871 -0.313831 -0.151415
v 0.017456 -0.365843 -0.450854
v 0.017456 -0.365843 -0.450854
v 0.236095 -0.133046 0.012131
v 0.236095 -0.133010 0.012153
v 0.218060 -0.229599 -0.052766
v 0.218060 -0.229599 -0.052766
v 0.212721 -0.249209 -0.067453
v 0.212220 -0.249415 -0.067273
v 0.203950 -0.265580 -0.082963
v 0.053606 -0.350451 -0.381033
v 0.271668 -0.281950 0.077183
v 0.251603 -0.435102 0.067605
v 0.195514 -0.275355 -0.097104
v 0.195122 -0.275417 -0.096807
v 0.017830 -0.361810 -0.451090
v 0.181592 -0.291314 -0.117546
v 0.264911 -0.273326 0.049379
v 0.159936 -0.304558 -0.149583
v 0.159936 -0.304558 -0.149583
v 0.253829 -0.241681 0.019880
v 0.099480 -0.325633 -0.260358
v 0.022506 -0.359307 -0.442948
v 0.234592 -0.537585 0.021587
v 0.267677 -0.281374 0.066346
v 0.147476 -0.302729 -0.166430
v 0.147479 -0.302728 -0.166432
v 0.154970 -0.298057 -0.154463
v 0.154970 -0.298057 -0.154463
v 0.241745 -0.173441 0.014607
v 0.243632 -0.182009 0.011069
v 0.097067 -0.403537 -0.261774
v 0.197681 -0.434021 -0.034265
v 0.268083 -0.279270 0.073766
v 0.269010 -0.279427 0.074467
v 0.117881 -0.315528 -0.218849
v 0.204526 -0.521509 -0.032810
v 0.250897 -0.254234 0.011660
v 0.251161 -0.253753 0.008744
v 0.200121 -0.404149 -0.045645
v 0.021028 -0.375404 -0.440282
v 0.021137 -0.375523 -0.440391
v 0.138691 -0.405973 -0.156391
v 0.137647 -0.304876 -0.181458
v 0.144009 -0.295662 -0.168154
v 0.129840 -0.304866 -0.192975
v 0.129840 -0.304866 -0.192975
v 0.118213 -0.308033 -0.212950
v 0.199255 -0.397927 -0.052614
v 0.191539 -0.417657 -0.044351
v 0.137531 -0.298765 -0.178574
v 0.137531 -0.298765 -0.178574
v 0.011774 -0.367572 -0.456074
v 0.007679 -0.368067 -0.457233
v 0.011774 -0.367572 -0.456074
v 0.084923 -0.404178 -0.287750
v 0.204971 -0.526598 -0.031496
v 0.117837 -0.315549 -0.218822
v 0.218187 -0.537433 -0.013240
v 0.224222 -0.537288 -0.002198
v 0.209075 -0.491413 -0.029464
v 0.112995 -0.316685 -0.228110
v 0.112995 -0.316685 -0.228110
v 0.195250 -0.411658 -0.045506
v 0.099150 -0.325778 -0.260208
v 0.200090 -0.404131 -0.045626
v 0.045731 -0.389738 -0.387080
v 0.167204 -0.399183 -0.103743
v 0.039366 -0.382758 -0.406132
v 0.029528 -0.377668 -0.426842
v 0.017459 -0.371591 -0.448020
v 0.109550 -0.404625 -0.229552
v 0.109565 -0.404635 -0.229559
v 0.232175 -0.537080 0.017617
v 0.096788 -0.403357 -0.261649
v 0.025504 -0.354313 -0.437479
v 0.123610 -0.302995 -0.201138
v 0.123610 -0.302995 -0.201138
v 0.126222 -0.296359 -0.193180
v 0.126130 -0.296409 -0.193114
v 0.118206 -0.308030 -0.212940
v 0.199011 -0.397776 -0.052436
v 0.234104 -0.112197 0.008764
v 0.195198 -0.411626 -0.045460
v 0.191695 -0.415496 -0.046685
v 0.191499 -0.415335 -0.046465
v 0.204845 -0.526545 -0.031339
v 0.192387 -0.395814 -0.064131
v 0.192356 -0.395790 -0.064111
v 0.188536 -0.391337 -0.075119
v 0.059640 -0.393434 -0.356651
v 0.191202 -0.417390 -0.044024
v 0.090238 -0.328012 -0.280617
v 0.202356 -0.438553 -0.030167
v 0.202356 -0.438553 -0.030167
v 0.197395 -0.433969 -0.034026
v 0.111918 -0.311386 -0.225202
v 0.112112 -0.311306 -0.225313
v 0.019114 -0.357550 -0.446660
v 0.019114 -0.357550 -0.446660
v 0.032226 -0.381928 -0.418275
v 0.032226 -0.381928 -0.418275
v 0.204411 -0.521493 -0.032672
v 0.205443 -0.465238 -0.030860
v 0.206151 -0.465295 -0.031908
v 0.154513 -0.401926 -0.125831
v 0.154206 -0.401716 -0.125704
v 0.138516 -0.405859 -0.156303
v 0.267720 -0.278014 0.058560
v 0.201428 -0.443893 -0.030880
v 0.201474 -0.443897 -0.030946
v 0.205605 -0.451673 -0.028441
v 0.205605 -0.451673 -0.028441
v 0.167049 -0.399091 -0.103696
v 0.090313 -0.327976 -0.280655
v 0.095501 -0.321683 -0.264099
v 0.095501 -0.321683 -0.264099
v 0.194406 -0.405602 -0.051133
v 0.194406 -0.405602 -0.051133
v 0.084886 -0.404162 -0.287743
v 0.045886 -0.389892 -0.387233
v 0.192940 -0.403444 -0.055480
v 0.192801 -0.403327 -0.055370
v 0.142468 -0.407816 -0.144018
v 0.142304 -0.407707 -0.143990
v 0.098618 -0.405842 -0.253487
v 0.098618 -0.405842 -0.253487
v 0.179614 -0.399952 -0.081383
v 0.179190 -0.399562 -0.081082
v 0.114055 -0.409441 -0.211967
v 0.113760 -0.409231 -0.211866
v 0.191599 -0.428329 -0.039491
v 0.191599 -0.428329 -0.039491
v 0.192134 -0.432849 -0.037945
v 0.192175 -0.432854 -0.038017
v 0.267878 -0.279604 0.060513
v 0.009246 -0.369493 -0.457594
v 0.187879 -0.425904 -0.043262
v 0.187879 -0.425904 -0.043262
v 0.089008 -0.324175 -0.279144
v 0.089015 -0.324172 -0.279148
v 0.199772 -0.529095 -0.034141
v 0.199844 -0.529127 -0.034278
v 0.201113 -0.537406 -0.029404
v 0.210047 -0.537127 -0.022207
v 0.268519 -0.280108 0.079270
v 0.081956 -0.327662 -0.296862
v 0.081921 -0.327682 -0.296845
v 0.065917 -0.329192 -0.330306
v 0.179577 -0.432115 -0.046259
v 0.179496 -0.432065 -0.046124
v 0.201339 -0.537552 -0.030045
v 0.078788 -0.323708 -0.298178
v 0.078788 -0.323708 -0.298178
v 0.033128 -0.343536 -0.410301
v 0.065794 -0.329285 -0.330242
v 0.008645 -0.368362 -0.458005
v 0.263167 -0.266554 0.041582
v 0.173001 -0.433680 -0.049839
v 0.173001 -0.433680 -0.049839
v 0.167336 -0.435413 -0.052398
v 0.074372 -0.321802 -0.303932
v 0.074317 -0.321847 -0.303894
v 0.033024 -0.343643 -0.410233
v 0.028602 -0.341879 -0.417923
v 0.027841 -0.342611 -0.417493
v 0.062378 -0.325090 -0.330210
v 0.062378 -0.325090 -0.330210
v 0.047781 -0.330278 -0.364382
v 0.240038 -0.151680 0.012400
v 0.047713 -0.330350 -0.364340
v 0.057197 -0.323609 -0.336643
v 0.057241 -0.323566 -0.336671
v 0.034410 -0.336211 -0.395574
v 0.034410 -0.336211 -0.395574
v 0.034627 -0.335903 -0.395538
v 0.047696 -0.326337 -0.357301
v 0.047696 -0.326337 -0.357301
v 0.055082 -0.318841 -0.331723
v 0.055110 -0.318806 -0.331737
v 0.237118 -0.477763 0.110374
v 0.221908 -0.474121 0.132490
v 0.229488 -0.486259 0.118428
v 0.254375 -0.368287 0.151727
v 0.223088 -0.416446 0.176223
v 0.241289 -0.370272 0.175719
v 0.245582 -0.369662 0.168568
v 0.241204 -0.370246 0.175673
v 0.235948 -0.370212 0.184749
v 0.235731 -0.370144 0.184613
v 0.245344 -0.369594 0.168454
v 0.238293 -0.363484 0.183272
v 0.238293 -0.363484 0.183272
v 0.242731 -0.361873 0.176325
v 0.242731 -0.361873 0.176325
v 0.242900 -0.361908 0.176424
v 0.249734 -0.368446 0.159690
v 0.249734 -0.368446 0.159690
v 0.247337 -0.360570 0.167987
v 0.247337 -0.360570 0.167987
v 0.247265 -0.360163 0.168023
v 0.253374 -0.367929 0.151344
v 0.249941 -0.358421 0.163188
v 0.249941 -0.358421 0.163188
v 0.247460 -0.461368 0.090738
v 0.258917 -0.369233 0.134074
v 0.256046 -0.367774 0.144045
v 0.256046 -0.367774 0.144045
v 0.253152 -0.357322 0.156006
v 0.253152 -0.357322 0.156006
v 0.253152 -0.357322 0.156006
v 0.253152 -0.357322 0.156006
v 0.253152 -0.357322 0.156006
v 0.258811 -0.369212 0.134045
v 0.258105 -0.366064 0.138434
v 0.258105 -0.366064 0.138434
v 0.255850 -0.356334 0.149562
v 0.255850 -0.356334 0.149562
v 0.255850 -0.356334 0.149562
v 0.257926 -0.360194 0.141999
v 0.257926 -0.360194 0.141999
v 0.259997 -0.358614 0.135791
v 0.260101 -0.358618 0.135817
v 0.261040 -0.369290 0.124525
v 0.261040 -0.369290 0.124525
v 0.261888 -0.362604 0.125670
v 0.261888 -0.362604 0.125670
v 0.263476 -0.361640 0.117901
v 0.263476 -0.361640 0.117901
v 0.264576 -0.363189 0.108506
v 0.264540 -0.363183 0.108503
v 0.245130 -0.508607 0.096137
v 0.265875 -0.359948 0.101483
v 0.265643 -0.359910 0.101472
v 0.268246 -0.350056 0.094708
v 0.235437 -0.530485 0.122278
v 0.238530 -0.513533 0.118997
v 0.235697 -0.501403 0.124765
v 0.244225 -0.527805 0.072202
v 0.247500 -0.513449 0.050243
v 0.267347 -0.349932 0.094721
v 0.266607 -0.352212 0.102939
v 0.266607 -0.352212 0.102939
v 0.268836 -0.340680 0.090134
v 0.268604 -0.340659 0.090142
v 0.267897 -0.343208 0.099218
v 0.267897 -0.343208 0.099218
v 0.270523 -0.321381 0.081104
v 0.269742 -0.321389 0.081161
v 0.269895 -0.309621 0.083609
v 0.269895 -0.309621 0.083609
v 0.269895 -0.309621 0.083609
v 0.269571 -0.302314 0.079424
v 0.269571 -0.302314 0.079424
v 0.268469 -0.282676 0.077543
v 0.269809 -0.302788 0.085580
v 0.269688 -0.302792 0.085580
v 0.232834 -0.533672 0.120128
v 0.232970 -0.533708 0.120124
v 0.238513 -0.537386 0.072588
v 0.230318 -0.537593 0.122932
v 0.230299 -0.537586 0.122939
v 0.237431 -0.537886 0.082980
v 0.237852 -0.528455 0.146205
v 0.238827 -0.529594 0.131206
v 0.234991 -0.526708 0.145684
v 0.235169 -0.526831 0.145463
v 0.238490 -0.529375 0.131322
v 0.237460 -0.529795 0.138904
v 0.237933 -0.530185 0.139003
v 0.233754 -0.494735 0.118821
v 0.235475 -0.523786 0.147623
v 0.232357 -0.523131 0.145669
v 0.238519 -0.537811 0.050064
v 0.234037 -0.501761 0.123979
v 0.234325 -0.508521 0.136658
v 0.232481 -0.525787 0.152982
v 0.232052 -0.525913 0.152273
v 0.235011 -0.527729 0.151309
v 0.235391 -0.519626 0.145964
v 0.236037 -0.516177 0.141073
v 0.236037 -0.516177 0.141073
v 0.236018 -0.530818 0.122270
v 0.229217 -0.526114 0.155386
v 0.230383 -0.485384 0.119077
v 0.233796 -0.494716 0.118865
v 0.234815 -0.509190 0.137819
v 0.223256 -0.362138 0.205491
v 0.223256 -0.362138 0.205491
v 0.226273 -0.359529 0.202625
v 0.226273 -0.359529 0.202625
v 0.221250 -0.350922 0.212628
v 0.221354 -0.350934 0.212732
v 0.215582 -0.369794 0.211305
v 0.232473 -0.362268 0.192795
v 0.232473 -0.362268 0.192795
v 0.215225 -0.356942 0.217717
v 0.215225 -0.356942 0.217717
v 0.215225 -0.356942 0.217717
v 0.227049 -0.351626 0.204456
v 0.227132 -0.351641 0.204518
v 0.222674 -0.456965 0.145619
v 0.234647 -0.358343 0.190919
v 0.234647 -0.358343 0.190919
v 0.208154 -0.364517 0.222311
v 0.215501 -0.369758 0.211236
v 0.208117 -0.364491 0.222300
v 0.214897 -0.403107 0.192297
v 0.208412 -0.359064 0.224532
v 0.208412 -0.359064 0.224532
v 0.221612 -0.415519 0.174866
v 0.219071 -0.434512 0.164428
v 0.222443 -0.456786 0.145407
v 0.219035 -0.434446 0.164431
v 0.214597 -0.402909 0.192046
v 0.203702 -0.376107 0.220231
v 0.203655 -0.376081 0.220175
v 0.192109 -0.357183 0.241905
v 0.191876 -0.357266 0.241498
v 0.198794 -0.356921 0.235600
v 0.198794 -0.356921 0.235600
v 0.222722 -0.483335 0.126328
v 0.222380 -0.483195 0.125907
v 0.221735 -0.473981 0.132359
v 0.219581 -0.469074 0.138240
v 0.219607 -0.469100 0.138265
v 0.192820 -0.356941 0.242065
v 0.213009 -0.486251 0.132455
v 0.224867 -0.486552 0.123408
v 0.076757 -0.499900 0.065732
v 0.085800 -0.524264 0.088439
v 0.093125 -0.502691 0.122158
v 0.095943 -0.509754 0.127149
v 0.097633 -0.523032 0.122960
v 0.083847 -0.527072 0.037495
v 0.071302 -0.490794 0.008088
v 0.098080 -0.510072 0.125771
v 0.076709 -0.488431 -0.009365
v 0.072376 -0.487639 0.088958
v 0.090661 -0.520080 -0.012432
v 0.096481 -0.497676 0.124200
v 0.098091 -0.537461 0.098110
v 0.094105 -0.502921 0.121745
v 0.067926 -0.489145 0.068222
v 0.095719 -0.538186 0.087375
v 0.093938 -0.537288 0.059024
v 0.099591 -0.537560 0.100847
v 0.096556 -0.497724 0.124144
v 0.101528 -0.533618 -0.009606
v 0.078977 -0.486305 0.109855
v 0.070653 -0.491117 0.007982
v 0.071685 -0.487557 -0.004251
v 0.100876 -0.511396 0.134162
v 0.101779 -0.510754 0.133207
v 0.062845 -0.487986 0.053127
v 0.067868 -0.489218 0.068234
v 0.072279 -0.487685 0.089010
v 0.098471 -0.536029 0.010517
v 0.094327 -0.535868 0.054650
v 0.079107 -0.486191 0.110017
v 0.098288 -0.496025 0.130013
v 0.099376 -0.496239 0.129592
v 0.103627 -0.518914 0.140158
v 0.106683 -0.522775 0.143801
v 0.106576 -0.522275 0.144407
v 0.103470 -0.518824 0.140256
v 0.112741 -0.537454 0.122310
v 0.112741 -0.537454 0.122310
v 0.110897 -0.534327 0.125546
v 0.110897 -0.534327 0.125546
v 0.063321 -0.487796 0.054296
v 0.067610 -0.487739 0.076177
v 0.067715 -0.487574 0.076140
v 0.112904 -0.529684 0.138878
v 0.112663 -0.531173 0.140635
v 0.094811 -0.487716 0.130792
v 0.094816 -0.487704 0.130781
v 0.062798 -0.487859 0.044863
v 0.098493 -0.536014 0.010672
v 0.062845 -0.488013 0.044755
v 0.113831 -0.523549 0.147880
v 0.113482 -0.529691 0.144211
v 0.113482 -0.529691 0.144211
v 0.066214 -0.489614 0.021256
v 0.066214 -0.489614 0.021256
v 0.067646 -0.489622 0.014203
v 0.067646 -0.489622 0.014203
v 0.062882 -0.487583 0.018842
v 0.062702 -0.487799 0.018826
v 0.113479 -0.535114 0.129568
v 0.113479 -0.535114 0.129568
v 0.111706 -0.532579 0.135282
v 0.101720 -0.489187 0.136074
v 0.101720 -0.489187 0.136074
v 0.106341 -0.537613 -0.006617
v 0.106425 -0.537470 -0.006585
v 0.101912 -0.533099 -0.009403
v 0.066736 -0.488117 0.009376
v 0.066735 -0.488118 0.009376
v 0.076308 -0.488658 -0.009409
v 0.105858 -0.517788 0.143653
v 0.106270 -0.517834 0.143313
v 0.114316 -0.528294 0.147808
v 0.114596 -0.527933 0.147435
v 0.104569 -0.493743 0.134360
v 0.102064 -0.494302 0.137347
v 0.105802 -0.489118 0.136766
v 0.101177 -0.529535 -0.016141
v 0.101177 -0.529535 -0.016141
v 0.113491 -0.524892 0.148852
v 0.095595 -0.495850 -0.029828
v 0.085661 -0.488464 -0.022608
v 0.113917 -0.529752 -0.031551
v 0.083793 -0.483891 -0.025327
v 0.084821 -0.482823 -0.024585
v 0.117216 -0.532722 0.142904
v 0.117216 -0.532722 0.142904
v 0.116242 -0.529173 -0.032702
v 0.106765 -0.489773 0.139843
v 0.106683 -0.489785 0.139963
v 0.104837 -0.485882 0.142109
v 0.104933 -0.485599 0.142047
v 0.085675 -0.488448 -0.022598
v 0.088026 -0.486794 -0.026064
v 0.087295 -0.487514 -0.027372
v 0.100647 -0.513506 -0.028743
v 0.095172 -0.495677 -0.030309
v 0.119789 -0.531420 0.147252
v 0.119765 -0.531480 0.147295
v 0.107689 -0.522948 -0.030197
v 0.107640 -0.523018 -0.030275
v 0.104841 -0.517298 -0.030911
v 0.104770 -0.517322 -0.030992
v 0.119146 -0.529018 0.149597
v 0.119146 -0.529018 0.149597
v 0.100798 -0.513434 -0.028591
v 0.113979 -0.529430 -0.032324
v 0.149370 -0.524473 -0.047312
v 0.111296 -0.470308 -0.044120
v 0.121309 -0.522793 -0.040019
v 0.152198 -0.459769 -0.049022
v 0.180413 -0.526752 -0.044516
v 0.179139 -0.446975 -0.042914
v 0.142655 -0.455483 -0.051742
v 0.105528 -0.469382 -0.046028
v 0.153021 -0.446854 -0.053482
v 0.142744 -0.456077 -0.052593
v 0.177256 -0.537375 -0.039906
v 0.173389 -0.537712 -0.040671
v 0.155947 -0.537467 -0.040943
v 0.190369 -0.537949 -0.035870
v 0.153871 -0.445561 -0.053906
v 0.153509 -0.447909 -0.054669
v 0.110686 -0.470921 -0.045213
v 0.093556 -0.477411 -0.035251
v 0.138109 -0.454859 -0.052990
v 0.138190 -0.454967 -0.053121
v 0.166191 -0.435976 -0.052503
v 0.154497 -0.536824 -0.040171
v 0.097512 -0.476325 -0.038901
v 0.153434 -0.445026 -0.053221
v 0.105810 -0.469714 -0.046043
v 0.142954 -0.537450 -0.036735
v 0.142895 -0.538041 -0.037155
v 0.131373 -0.532586 -0.036381
v 0.131350 -0.532656 -0.036441
v -0.149152 -0.526638 -0.047198
v -0.134050 -0.466616 -0.049226
v -0.177335 -0.526517 -0.042632
v -0.160292 -0.443993 -0.047530
v -0.122707 -0.522863 -0.044183
v -0.097188 -0.474234 -0.044131
v -0.191218 -0.449563 -0.033949
v -0.196623 -0.476593 -0.032889
v -0.175049 -0.440344 -0.043344
v -0.184378 -0.437445 -0.038923
v -0.184405 -0.437470 -0.038894
v -0.195553 -0.455933 -0.030605
v -0.194938 -0.467911 -0.032846
v -0.194938 -0.467911 -0.032846
v -0.175058 -0.440349 -0.043370
v -0.164689 -0.440575 -0.048622
v -0.164623 -0.440532 -0.048510
v -0.200721 -0.517181 -0.030035
v -0.195964 -0.455649 -0.030961
v -0.196499 -0.476602 -0.032698
v -0.160637 -0.444579 -0.048946
v -0.123053 -0.458420 -0.056262
v -0.146077 -0.449081 -0.053576
v -0.123087 -0.458483 -0.056414
v -0.170228 -0.437702 -0.046820
v -0.170228 -0.437702 -0.046820
v -0.088187 -0.481146 -0.037030
v -0.167279 -0.537358 -0.040200
v -0.174159 -0.537739 -0.038254
v -0.162847 -0.535945 -0.039620
v -0.200408 -0.480830 -0.030049
v -0.200789 -0.480857 -0.030494
v -0.199698 -0.458066 -0.028542
v -0.199768 -0.456891 -0.027705
v -0.196791 -0.537250 -0.026985
v -0.123937 -0.462109 -0.053633
v -0.123536 -0.461062 -0.052438
v -0.145419 -0.448765 -0.052888
v -0.145955 -0.449060 -0.053452
v -0.200474 -0.517154 -0.029727
v -0.201066 -0.522827 -0.028750
v -0.201095 -0.522796 -0.028813
v -0.201628 -0.498253 -0.029078
v -0.201628 -0.498253 -0.029078
v -0.142426 -0.537369 -0.039831
v -0.137736 -0.535161 -0.037676
v -0.107600 -0.468569 -0.050962
v -0.107036 -0.467278 -0.049771
v -0.153485 -0.443397 -0.053135
v -0.153485 -0.443397 -0.053135
v -0.096994 -0.520493 -0.031805
v -0.204876 -0.519483 -0.025896
v -0.205101 -0.519504 -0.026103
v -0.107707 -0.528998 -0.033096
v -0.082828 -0.490689 -0.029794
v -0.196008 -0.536513 -0.026027
v -0.196411 -0.537333 -0.026482
v -0.196534 -0.535704 -0.026119
v -0.082680 -0.495453 -0.027416
v -0.083594 -0.482945 -0.034818
v -0.078475 -0.485486 -0.030660
v -0.097271 -0.520353 -0.031467
v -0.082906 -0.490626 -0.029702
v -0.113919 -0.531792 -0.033504
v -0.127006 -0.537329 -0.034196
v -0.107932 -0.528796 -0.032856
v -0.104201 -0.528762 -0.029731
v -0.104062 -0.528835 -0.029949
v -0.082716 -0.495438 -0.027349
v -0.124171 -0.533228 -0.036957
v -0.124171 -0.533228 -0.036957
v -0.093951 -0.520367 -0.029198
v -0.094281 -0.520151 -0.028812
v -0.101386 -0.529485 -0.027452
v -0.078508 -0.486032 -0.030252
v -0.080192 -0.489450 -0.028376
v -0.080192 -0.489450 -0.028376
v -0.126987 -0.537799 -0.034318
v -0.113905 -0.531786 -0.033484
v 0.253264 -0.225614 0.007522
v 0.252977 -0.225523 0.007364
v 0.252098 -0.230061 0.012354
v 0.252000 -0.230132 0.012459
v 0.252549 -0.239004 0.016838
v 0.250615 -0.237956 0.015620
v 0.238062 -0.103399 0.002919
v 0.262447 -0.218518 -0.002726
v 0.237910 -0.103437 0.002736
v 0.268026 -0.137516 -0.008867
v 0.242427 -0.102854 -0.000923
v 0.242427 -0.102854 -0.000923
v 0.260336 -0.115257 -0.007026
v 0.234047 -0.094432 0.002250
v 0.234047 -0.094432 0.002250
v 0.235395 -0.120313 0.009568
v 0.238556 -0.088872 -0.004216
v 0.239134 -0.088890 -0.003269
v 0.246002 -0.095318 -0.004302
v 0.246301 -0.095247 -0.003853
v 0.273015 -0.223033 -0.005924
v 0.278784 -0.209979 -0.010155
v 0.268291 -0.137405 -0.008030
v 0.255720 -0.105747 -0.006377
v 0.255720 -0.105747 -0.006377
v 0.260419 -0.115237 -0.006769
v 0.254061 -0.095341 -0.007250
v 0.254061 -0.095341 -0.007250
v 0.260377 -0.105057 -0.007613
v 0.260377 -0.105057 -0.007613
v 0.273234 -0.143122 -0.009366
v 0.273234 -0.143122 -0.009366
v 0.271000 -0.130213 -0.008872
v 0.271000 -0.130213 -0.008872
v 0.267459 -0.114542 -0.008476
v 0.267459 -0.114542 -0.008476
v 0.278453 -0.158538 -0.010736
v 0.278453 -0.158538 -0.010736
v 0.286442 -0.191343 -0.011426
v 0.276755 -0.130130 -0.009832
v 0.276755 -0.130130 -0.009832
v 0.286799 -0.169599 -0.012041
v 0.279530 -0.210167 -0.009521
v 0.283543 -0.155215 -0.011389
v 0.283543 -0.155215 -0.011389
v 0.283130 -0.203568 -0.009851
v 0.286475 -0.191241 -0.011845
v 0.277314 -0.224225 -0.005381
v 0.277313 -0.224215 -0.005346
v 0.273044 -0.223064 -0.005805
v 0.286814 -0.169603 -0.011856
v 0.286814 -0.169603 -0.011856
v 0.282078 -0.216908 -0.007898
v 0.282073 -0.216791 -0.007491
v 0.256942 -0.236460 -0.007574
v 0.253113 -0.258273 -0.006634
v 0.253629 -0.257879 -0.005276
v 0.260069 -0.249327 -0.008649
v 0.260054 -0.249496 -0.008074
v 0.256232 -0.258260 -0.007567
v 0.256213 -0.257967 -0.006809
v 0.263631 -0.236959 -0.008737
v 0.263631 -0.236959 -0.008737
v 0.263619 -0.241839 -0.008883
v 0.263619 -0.241839 -0.008883
v 0.251761 -0.264075 -0.000171
v 0.253181 -0.263772 0.000597
v 0.268211 -0.235631 -0.009061
v 0.268075 -0.235689 -0.007931
v 0.269569 -0.226871 -0.007192
v 0.269569 -0.226871 -0.007192
v 0.252405 -0.231942 0.001143
v 0.249549 -0.250297 -0.001442
v 0.249549 -0.250297 -0.001442
v 0.251174 -0.266703 0.000131
v 0.252129 -0.231910 0.001096
v 0.248684 -0.248531 0.001270
v 0.248995 -0.248550 0.001316
v 0.183519 -0.503513 0.154675
v 0.166871 -0.488625 0.150857
v 0.206063 -0.507169 0.148038
v 0.194878 -0.487694 0.142249
v 0.218550 -0.500715 0.142424
v 0.192584 -0.487889 0.142645
v 0.166949 -0.488858 0.151774
v 0.159528 -0.503670 0.158270
v 0.160976 -0.510169 0.167239
v 0.174866 -0.528194 0.178252
v 0.164706 -0.524519 0.175885
v 0.223713 -0.526384 0.157468
v 0.172241 -0.527781 0.177604
v 0.222768 -0.524615 0.156205
v 0.205128 -0.508577 0.149965
v 0.211726 -0.510752 0.150258
v 0.211785 -0.510888 0.150014
v 0.172998 -0.528832 0.178711
v 0.164614 -0.524412 0.176192
v 0.147602 -0.493151 0.151913
v 0.147642 -0.492958 0.152653
v 0.205817 -0.510324 0.148068
v 0.215807 -0.519371 0.154835
v 0.215729 -0.519243 0.155242
v 0.161078 -0.510664 0.166334
v 0.159350 -0.503502 0.158358
v 0.185300 -0.526710 0.167392
v 0.227384 -0.526796 0.153461
v 0.185665 -0.526867 0.168144
v 0.222415 -0.527590 0.158839
v 0.227165 -0.527368 0.155609
v 0.192775 -0.521722 0.152506
v 0.192775 -0.521722 0.152506
v 0.201742 -0.508859 0.148417
v 0.201742 -0.508859 0.148417
v 0.194731 -0.525979 0.151019
v 0.195188 -0.526264 0.152532
v 0.198806 -0.532273 0.149833
v 0.192009 -0.533346 0.152425
v 0.192009 -0.533346 0.152425
v 0.184536 -0.537492 0.156030
v 0.205146 -0.536846 0.148578
v 0.205379 -0.537026 0.148190
v 0.198681 -0.532300 0.148253
v 0.205099 -0.537009 0.147333
v 0.188528 -0.523082 0.161209
v 0.188528 -0.523082 0.161209
v 0.193284 -0.526326 0.152041
v 0.180827 -0.539136 0.159675
v -0.104961 -0.509474 0.147412
v -0.139812 -0.503969 0.157333
v -0.118483 -0.502788 0.150779
v -0.118483 -0.502788 0.150779
v -0.117420 -0.492051 0.149554
v -0.117151 -0.492441 0.150775
v -0.140150 -0.504170 0.155635
v -0.099702 -0.491735 0.140384
v -0.115799 -0.490685 0.150819
v -0.082218 -0.510885 0.126452
v -0.090287 -0.496718 0.130952
v -0.087324 -0.514681 0.132061
v -0.089808 -0.496838 0.131428
v -0.086997 -0.523648 0.141372
v -0.094795 -0.528397 0.149847
v -0.083165 -0.513840 0.125549
v -0.079845 -0.499777 0.119739
v -0.081742 -0.500441 0.118956
v -0.088134 -0.523638 0.140341
v -0.078227 -0.498972 0.113400
v -0.086735 -0.512313 0.124328
v -0.094810 -0.528138 0.149919
v -0.087996 -0.514556 0.131790
v -0.080036 -0.506191 0.116475
v -0.077318 -0.506355 0.117768
v -0.091253 -0.527840 0.145231
v -0.091253 -0.527840 0.145231
v -0.086754 -0.522211 0.134417
v -0.086754 -0.522211 0.134417
v -0.093104 -0.491485 0.136540
v -0.108731 -0.489453 0.147547
v -0.139713 -0.507237 0.156643
v -0.089956 -0.493530 0.132415
v -0.089844 -0.493613 0.132504
v -0.139802 -0.507281 0.156343
v -0.145461 -0.505146 0.157861
v -0.148545 -0.510859 0.164968
v -0.146996 -0.510259 0.164206
v -0.149655 -0.510560 0.166627
v -0.151653 -0.517484 0.171535
v -0.151653 -0.517484 0.171535
v -0.157394 -0.529487 0.178918
v -0.140550 -0.532029 0.166128
v -0.157346 -0.518727 0.172996
v -0.157346 -0.518727 0.172996
v -0.158577 -0.526443 0.177036
v -0.158577 -0.526443 0.177036
v -0.130081 -0.525556 0.150236
v -0.158271 -0.529147 0.177168
v -0.114008 -0.491339 0.148992
v -0.122395 -0.537343 0.142852
v -0.128276 -0.537107 0.144093
v -0.127340 -0.536946 0.143560
v -0.142423 -0.537459 0.159750
v -0.142470 -0.537448 0.159698
v -0.152668 -0.531638 0.174584
v -0.096914 -0.530737 0.151448
v -0.096444 -0.530265 0.150691
v -0.108609 -0.489482 0.147681
v -0.094702 -0.491826 0.136736
v -0.120071 -0.488660 0.150648
v -0.119528 -0.489039 0.151749
v -0.093025 -0.491555 0.136676
v -0.141150 -0.531696 0.165737
v -0.164044 -0.527847 0.175382
v -0.164044 -0.527847 0.175382
v -0.162779 -0.522658 0.174138
v -0.162779 -0.522658 0.174138
v -0.103069 -0.532410 0.151365
v -0.106530 -0.526635 0.157669
v -0.123571 -0.521964 0.149594
v -0.107831 -0.533369 0.153151
v -0.107614 -0.532083 0.151263
v -0.120738 -0.537173 0.142780
v -0.109769 -0.536980 0.147176
v -0.109738 -0.537399 0.147566
v 0.272936 -0.279627 0.074558
v 0.272241 -0.280228 0.074929
v 0.270277 -0.274299 0.096149
v 0.279731 -0.270643 0.099479
v 0.285593 -0.281621 0.081666
v 0.278979 -0.280506 0.080536
v 0.278918 -0.280591 0.080694
v 0.278671 -0.272592 0.101262
v 0.276789 -0.272838 0.097595
v 0.285766 -0.281726 0.080996
v 0.286598 -0.273048 0.097847
v 0.286598 -0.273048 0.097847
v 0.286598 -0.273048 0.097847
v 0.289069 -0.276772 0.091058
v 0.289793 -0.280772 0.086981
v 0.288912 -0.279966 0.087376
v 0.279590 -0.272878 0.100718
v 0.289466 -0.282419 0.082388
v 0.290345 -0.279398 0.079921
v 0.271369 -0.281206 0.068183
v 0.271369 -0.281206 0.068183
v 0.270073 -0.275556 0.052620
v 0.268081 -0.277796 0.051969
v 0.266501 -0.273223 0.047267
v 0.268297 -0.271939 0.047222
v 0.265614 -0.268770 0.041945
v 0.263616 -0.269175 0.040994
v 0.269912 -0.273696 0.096654
v 0.292477 -0.281918 0.081929
v 0.295219 -0.288850 0.084314
v 0.287484 -0.291758 0.078774
v 0.287279 -0.292284 0.079066
v 0.280857 -0.298074 0.073326
v 0.280883 -0.298345 0.073118
v 0.280279 -0.306388 0.066084
v 0.280315 -0.305478 0.066854
v 0.279398 -0.310202 0.062715
v 0.292013 -0.299034 0.068412
v 0.291965 -0.287534 0.079084
v 0.298632 -0.280131 0.079367
v 0.298632 -0.280131 0.079367
v 0.304464 -0.280417 0.072583
v 0.278701 -0.308650 0.059838
v 0.279236 -0.308475 0.060186
v 0.304940 -0.281845 0.073142
v 0.311520 -0.273611 0.070635
v 0.311520 -0.273611 0.070635
v 0.322895 -0.263920 0.059064
v 0.329346 -0.253578 0.067858
v 0.314037 -0.269324 0.079225
v 0.314037 -0.269324 0.079225
v 0.320985 -0.257504 0.086788
v 0.320985 -0.257504 0.086788
v 0.321546 -0.257910 0.087077
v 0.328009 -0.248395 0.081726
v 0.328009 -0.248395 0.081726
v 0.302407 -0.282421 0.053526
v 0.335145 -0.233703 0.082122
v 0.328473 -0.253087 0.067765
v 0.280532 -0.307503 0.051640
v 0.334767 -0.233526 0.082017
v 0.322120 -0.263292 0.059089
v 0.326337 -0.257158 0.060973
v 0.326461 -0.257227 0.060962
v 0.321522 -0.263296 0.051452
v 0.332694 -0.244754 0.064448
v 0.332694 -0.244754 0.064448
v 0.338319 -0.225215 0.080936
v 0.338319 -0.225215 0.080936
v 0.335985 -0.227291 0.086501
v 0.335985 -0.227291 0.086501
v 0.333677 -0.229861 0.089975
v 0.333898 -0.229958 0.090072
v 0.338231 -0.220450 0.087630
v 0.338637 -0.220540 0.087791
v 0.343148 -0.214295 0.074434
v 0.337228 -0.233780 0.064891
v 0.337657 -0.233970 0.064887
v 0.340064 -0.225731 0.067961
v 0.340064 -0.225731 0.067961
v 0.340984 -0.212739 0.086690
v 0.340984 -0.212739 0.086690
v 0.342304 -0.204552 0.090139
v 0.343038 -0.214261 0.074422
v 0.343038 -0.214261 0.074422
v 0.342809 -0.217335 0.067918
v 0.342809 -0.217335 0.067918
v 0.321234 -0.263064 0.051502
v 0.312794 -0.270160 0.044250
v 0.317919 -0.264630 0.044289
v 0.317971 -0.264675 0.044264
v 0.312578 -0.269876 0.044346
v 0.304386 -0.273114 0.036565
v 0.292721 -0.290299 0.032564
v 0.277449 -0.304995 0.032558
v 0.305257 -0.274172 0.035582
v 0.292210 -0.289744 0.032767
v 0.285007 -0.297764 0.031870
v 0.284802 -0.298855 0.031308
v 0.279911 -0.300342 0.045841
v 0.296875 -0.280912 0.029879
v 0.297345 -0.281238 0.029593
v 0.279419 -0.300202 0.028848
v 0.309560 -0.270110 0.039471
v 0.309560 -0.270110 0.039471
v 0.278285 -0.310508 0.056522
v 0.308332 -0.266596 0.031888
v 0.308694 -0.266913 0.031523
v 0.276217 -0.308686 0.028291
v 0.273738 -0.305122 0.032060
v 0.273786 -0.304693 0.032301
v 0.280034 -0.300225 0.047028
v 0.279560 -0.300516 0.028248
v 0.279364 -0.300867 0.047450
v 0.280289 -0.306387 0.050838
v 0.273592 -0.304864 0.030181
v 0.147461 -0.362285 0.273509
v 0.147400 -0.362235 0.273399
v 0.131580 -0.356881 0.284834
v 0.131580 -0.356881 0.284834
v 0.138117 -0.364739 0.276892
v 0.138117 -0.364739 0.276892
v 0.128257 -0.371282 0.278323
v 0.161503 -0.365938 0.261838
v 0.161503 -0.365938 0.261838
v 0.152876 -0.357815 0.272256
v 0.152876 -0.357815 0.272256
v 0.166178 -0.391133 0.241788
v 0.167419 -0.363339 0.259304
v 0.167419 -0.363339 0.259304
v 0.171450 -0.362372 0.256455
v 0.171080 -0.355544 0.260832
v 0.171080 -0.355544 0.260832
v 0.172173 -0.363094 0.255862
v 0.175943 -0.357620 0.255878
v 0.175943 -0.357620 0.255878
v 0.180027 -0.364933 0.248354
v 0.180027 -0.364933 0.248354
v 0.187778 -0.361136 0.244118
v 0.187679 -0.361071 0.244002
v 0.183528 -0.353570 0.251543
v 0.183528 -0.353570 0.251543
v 0.192327 -0.429254 0.188334
v 0.213593 -0.485987 0.132280
v 0.128115 -0.371096 0.278102
v 0.126582 -0.365496 0.282438
v 0.126582 -0.365496 0.282438
v 0.120683 -0.373622 0.279912
v 0.120683 -0.373622 0.279912
v 0.107482 -0.379799 0.281286
v 0.120151 -0.365810 0.285246
v 0.120151 -0.365810 0.285246
v 0.106317 -0.410776 0.255232
v 0.161842 -0.444903 0.188250
v 0.112619 -0.370764 0.285487
v 0.112560 -0.370672 0.285342
v 0.107509 -0.379846 0.281357
v 0.080974 -0.388301 0.283406
v 0.081220 -0.388071 0.283253
v 0.081089 -0.388227 0.283214
v 0.058646 -0.403576 0.275123
v 0.074824 -0.394752 0.279202
v 0.074824 -0.394752 0.279202
v 0.074824 -0.394752 0.279202
v 0.058563 -0.403193 0.274733
v 0.056437 -0.407711 0.270609
v 0.056033 -0.431972 0.241116
v 0.056425 -0.407644 0.270548
v 0.048140 -0.412364 0.266694
v 0.048140 -0.412364 0.266694
v 0.044942 -0.407935 0.272192
v 0.044937 -0.407866 0.272124
v 0.041473 -0.416527 0.262997
v 0.041451 -0.416388 0.262888
v 0.034557 -0.411932 0.268843
v 0.034557 -0.411932 0.268843
v 0.030492 -0.417105 0.263396
v 0.030482 -0.416961 0.263275
v 0.026009 -0.422861 0.256575
v 0.025993 -0.422647 0.256401
v 0.126842 -0.483805 0.154754
v 0.126871 -0.483662 0.154600
v 0.129708 -0.489103 0.151629
v 0.129713 -0.489080 0.151597
v 0.143877 -0.487900 0.153924
v 0.141811 -0.488522 0.153592
v 0.152301 -0.487919 0.153372
v 0.126980 -0.458345 0.181823
v 0.090372 -0.466835 0.166656
v 0.016746 -0.424689 0.254158
v 0.016746 -0.424689 0.254158
v 0.002556 -0.426706 0.251707
v 0.006179 -0.420674 0.259776
v 0.006179 -0.420674 0.259776
v 0.006179 -0.420674 0.259776
v 0.002554 -0.426582 0.251623
v 0.002554 -0.426582 0.251623
v -0.009536 -0.432405 0.242410
v -0.009539 -0.432501 0.242470
v -0.020588 -0.433199 0.240575
v -0.020590 -0.433265 0.240615
v -0.016297 -0.428111 0.248993
v -0.016295 -0.428049 0.248951
v -0.063099 -0.450242 0.206283
v -0.035417 -0.431716 0.240869
v -0.035440 -0.431945 0.241000
v -0.041882 -0.435570 0.234775
v -0.042313 -0.436145 0.234722
v -0.026652 -0.427549 0.249187
v -0.026648 -0.427481 0.249141
v -0.059401 -0.444527 0.215656
v -0.059401 -0.444527 0.215656
v -0.063200 -0.449191 0.205636
v -0.083792 -0.451756 0.197544
v -0.083792 -0.451756 0.197544
v -0.072019 -0.446099 0.210615
v -0.072019 -0.446099 0.210615
v -0.073048 -0.454901 0.192353
v -0.073054 -0.454973 0.192382
v -0.098987 -0.463022 0.176402
v -0.091353 -0.459659 0.181761
v -0.091353 -0.459659 0.181761
v -0.098816 -0.463244 0.175749
v -0.098816 -0.463244 0.175749
v -0.094840 -0.466211 0.170646
v -0.094839 -0.466257 0.170674
v -0.061605 -0.469767 0.154177
v -0.079718 -0.485049 0.130518
v -0.100770 -0.470600 0.164763
v -0.102980 -0.467065 0.170227
v -0.102986 -0.467012 0.170188
v -0.102980 -0.467065 0.170227
v -0.100767 -0.470652 0.164812
v 0.019249 -0.466668 0.151515
v 0.064681 -0.476842 0.121733
v -0.033023 -0.475954 0.108476
v 0.024919 -0.478711 0.072812
v 0.041303 -0.479558 0.068293
v -0.008795 -0.479290 0.065994
v 0.004526 -0.478266 0.071828
v 0.004527 -0.478284 0.071828
v 0.024920 -0.478631 0.072800
v -0.032362 -0.484527 0.044136
v -0.008832 -0.478721 0.065938
v 0.033728 -0.479922 0.067423
v 0.033762 -0.479508 0.067401
v 0.041103 -0.480239 0.068383
v -0.037281 -0.485393 0.037515
v 0.054065 -0.484015 0.049508
v 0.053962 -0.484556 0.049539
v -0.017270 -0.481404 0.038960
v -0.017239 -0.481679 0.038983
v -0.008308 -0.480011 0.047720
v -0.008303 -0.480128 0.047718
v -0.065704 -0.485393 0.112769
v -0.032591 -0.483705 0.044082
v -0.055500 -0.485368 0.095901
v -0.037263 -0.485438 0.037502
v 0.059078 -0.485977 0.049852
v 0.059078 -0.485977 0.049852
v -0.042208 -0.487020 0.036135
v -0.042275 -0.486807 0.036132
v -0.055726 -0.485038 0.095775
v -0.109860 -0.472191 0.164716
v -0.109860 -0.472191 0.164716
v -0.089346 -0.488801 0.136112
v -0.049339 -0.489541 0.051480
v -0.112590 -0.475397 0.161732
v -0.112592 -0.475381 0.161718
v -0.047309 -0.491065 0.041446
v -0.046597 -0.488468 0.040903
v -0.065540 -0.485822 0.113008
v -0.049395 -0.489437 0.051456
v -0.108253 -0.480715 0.155138
v -0.108253 -0.480715 0.155138
v -0.054040 -0.491093 0.064144
v -0.053733 -0.491619 0.064220
v -0.049821 -0.490194 0.040860
v -0.049821 -0.490194 0.040860
v -0.079387 -0.486469 0.130829
v -0.110067 -0.485346 0.151646
v -0.072649 -0.488628 0.117125
v -0.071429 -0.488238 0.116099
v 0.117692 -0.489220 0.147161
v -0.110088 -0.485310 0.151598
v -0.110088 -0.485310 0.151598
v -0.083125 -0.489120 0.129697
v -0.083087 -0.489150 0.129727
v -0.089314 -0.488850 0.136135
v -0.114507 -0.485248 0.153120
v -0.114507 -0.485248 0.153120
v -0.114507 -0.485248 0.153120
v -0.114507 -0.485248 0.153120
v 0.279586 -0.277188 0.018994
v 0.280204 -0.259327 0.016714
v 0.273808 -0.296498 0.024861
v 0.269094 -0.255609 0.021135
v 0.269874 -0.297554 0.031486
v 0.268654 -0.276698 0.029794
v 0.268654 -0.276698 0.029794
v 0.270088 -0.297659 0.031531
v 0.267482 -0.284214 0.031771
v 0.269733 -0.293291 0.032659
v 0.268082 -0.283154 0.032167
v 0.267331 -0.266131 0.032439
v 0.267688 -0.266470 0.032227
v 0.268038 -0.294183 0.032647
v 0.272282 -0.304169 0.034154
v 0.278900 -0.258937 0.011714
v 0.279640 -0.277097 0.017770
v 0.275984 -0.292012 0.024131
v 0.266484 -0.268799 0.038861
v 0.271930 -0.304694 0.034402
v 0.259033 -0.248239 0.022481
v 0.279136 -0.253630 0.012941
v 0.280313 -0.252337 0.013990
v 0.257612 -0.246292 0.021934
v 0.263687 -0.253249 0.021692
v 0.263687 -0.253249 0.021692
v 0.269026 -0.255641 0.020594
v 0.284662 -0.263685 0.016875
v 0.284714 -0.263612 0.017525
v -0.176093 -0.528577 0.166234
v -0.173385 -0.535821 0.155836
v -0.179641 -0.530986 0.154456
v -0.179290 -0.536738 0.152775
v -0.172027 -0.537113 0.155766
v -0.176997 -0.528944 0.161696
v -0.180453 -0.528287 0.153220
v -0.179572 -0.530932 0.154408
v -0.174653 -0.527969 0.165859
v -0.163076 -0.537757 0.160037
v -0.163076 -0.537757 0.160037
v -0.146396 -0.536094 0.161885
v -0.147107 -0.535224 0.162461
v -0.179326 -0.537863 0.152775
v -0.171161 -0.526277 0.170481
v -0.170914 -0.526346 0.170184
v -0.175455 -0.525804 0.160816
v -0.175495 -0.525804 0.160501
v -0.177765 -0.525994 0.160985
v -0.180923 -0.528066 0.153975
v -0.180923 -0.528066 0.153975
v -0.088938 -0.529225 0.140378
v -0.097639 -0.538002 0.126899
v -0.087044 -0.530050 0.124830
v -0.089594 -0.528442 0.139861
v -0.087887 -0.529348 0.124873
v -0.094059 -0.534237 0.120710
v -0.094059 -0.534237 0.120710
v -0.097804 -0.537468 0.126738
v -0.096602 -0.537565 0.119610
v -0.096936 -0.537416 0.120100
v -0.084443 -0.538539 0.094071
v -0.084455 -0.537712 0.093282
v -0.082945 -0.538002 0.065466
v -0.083454 -0.537156 0.064917
v -0.081682 -0.535305 0.056330
v -0.081682 -0.535305 0.056330
v -0.087340 -0.536053 0.013446
v -0.081383 -0.533034 0.028920
v -0.092233 -0.535358 0.001913
v -0.091177 -0.536890 0.000062
v -0.096705 -0.537587 -0.008344
v -0.094218 -0.537972 0.019884
v -0.094218 -0.537983 0.019884
v -0.096742 -0.537497 -0.008410
v -0.092221 -0.537946 0.072270
v -0.092221 -0.537946 0.072270
v -0.113855 -0.538000 0.104751
v -0.113855 -0.537995 0.104751
v -0.141625 -0.537995 0.125706
v -0.141625 -0.537995 0.125706
v -0.153204 -0.537905 0.155649
v -0.153204 -0.537905 0.155649
v -0.110097 -0.537997 0.042560
v -0.110097 -0.537997 0.042560
v -0.126606 -0.537995 -0.014482
v -0.126606 -0.537995 -0.014482
v -0.137437 -0.537883 -0.037099
v -0.163474 -0.537869 -0.039224
v -0.094874 -0.533629 -0.015849
v -0.094711 -0.532723 -0.015507
v -0.099784 -0.530934 -0.024343
v -0.086525 -0.527272 0.127070
v -0.086525 -0.527272 0.127070
v 0.254921 -0.267053 0.001201
v 0.260711 -0.263368 -0.003281
v 0.254539 -0.262260 0.000384
v 0.282100 -0.246579 0.005638
v 0.260142 -0.262289 -0.002728
v 0.282107 -0.247002 0.003880
v 0.254420 -0.264378 -0.001976
v 0.269265 -0.253168 -0.003475
v 0.274543 -0.248447 -0.002648
v 0.275205 -0.247670 -0.001429
v 0.254260 -0.264739 0.004454
v 0.254083 -0.264404 0.003949
v 0.258007 -0.261019 0.011521
v 0.265189 -0.256031 0.018345
v 0.265323 -0.255769 0.018222
v 0.252546 -0.265822 -0.000205
v 0.258116 -0.260982 0.011878
v 0.140220 -0.520862 0.151879
v 0.154429 -0.527405 0.171015
v 0.149698 -0.537425 0.155666
v 0.167026 -0.528791 0.174145
v 0.168307 -0.529189 0.172152
v 0.164737 -0.532584 0.173131
v 0.164737 -0.532761 0.172985
v 0.157468 -0.537389 0.162054
v 0.156958 -0.537789 0.161828
v 0.150229 -0.537283 0.156392
v 0.168494 -0.532352 0.174071
v 0.133932 -0.537328 0.148284
v 0.134136 -0.537416 0.148452
v 0.128996 -0.534222 0.145347
v 0.128679 -0.534443 0.146220
v 0.118037 -0.508574 0.149465
v 0.117991 -0.488999 0.146332
v 0.119709 -0.521380 0.154392
v 0.123684 -0.529452 0.150969
v 0.123684 -0.529452 0.150969
v 0.178421 -0.531551 0.171927
v 0.178461 -0.531776 0.172017
v 0.171606 -0.529427 0.171945
v 0.172610 -0.530910 0.175445
v 0.179907 -0.538051 0.158679
v 0.172467 -0.532560 0.172879
v -0.074541 -0.529153 0.068779
v -0.079639 -0.535003 0.028928
v -0.062905 -0.501030 0.057746
v -0.064371 -0.499052 0.009456
v -0.083108 -0.524702 -0.012770
v -0.055188 -0.493603 0.034371
v -0.071204 -0.491937 -0.017000
v -0.055122 -0.493640 0.034435
v -0.060968 -0.490623 0.000081
v -0.062456 -0.490980 -0.010432
v -0.070436 -0.489478 -0.017644
v -0.070957 -0.489081 -0.017527
v -0.064677 -0.490111 -0.011903
v -0.071022 -0.491918 -0.017455
v -0.074143 -0.487883 -0.024918
v -0.074049 -0.488027 -0.024971
v 0.272911 -0.294219 0.048382
v 0.273079 -0.293811 0.048729
v 0.272710 -0.301215 0.051928
v 0.272994 -0.303887 0.055344
v 0.273831 -0.304875 0.063045
v 0.274461 -0.303457 0.055399
v 0.274960 -0.307577 0.055374
v 0.275323 -0.307188 0.055552
v 0.213075 -0.537408 0.148696
v 0.213062 -0.537473 0.148615
v 0.219862 -0.533076 0.155053
v 0.220003 -0.532846 0.154827
v 0.227025 -0.537848 0.140038
v 0.122881 -0.537888 0.138558
v 0.312129 -0.202008 -0.004778
v 0.309893 -0.251421 0.016641
v 0.305786 -0.165222 -0.009130
v 0.305779 -0.165200 -0.009097
v 0.300413 -0.170232 -0.010496
v 0.300425 -0.170240 -0.010560
v 0.315096 -0.155686 -0.004284
v 0.310327 -0.151217 -0.006306
v 0.310327 -0.151217 -0.006306
v 0.292683 -0.165797 -0.011688
v 0.292683 -0.165797 -0.011688
v 0.292683 -0.165797 -0.011688
v 0.315026 -0.155690 -0.004159
v 0.316722 -0.147653 -0.003005
v 0.316793 -0.147545 -0.003144
v 0.313195 -0.140746 -0.003647
v 0.313195 -0.140746 -0.003647
v 0.321448 -0.139555 0.002283
v 0.321448 -0.139555 0.002283
v 0.327503 -0.143600 0.007265
v 0.327503 -0.143600 0.007265
v 0.318009 -0.128201 0.001826
v 0.321996 -0.133134 0.003132
v 0.321565 -0.133204 0.003575
v 0.330818 -0.198094 0.009599
v 0.327117 -0.249393 0.039136
v 0.341471 -0.210805 0.035989
v 0.346739 -0.148399 0.039194
v 0.338601 -0.154448 0.020555
v 0.347612 -0.196857 0.057611
v 0.338399 -0.154432 0.020669
v 0.335564 -0.148968 0.016434
v 0.342366 -0.147154 0.029659
v 0.332171 -0.149469 0.011402
v 0.335457 -0.148979 0.016496
v 0.339820 -0.144034 0.025236
v 0.339820 -0.144034 0.025236
v 0.339820 -0.144034 0.025236
v 0.337595 -0.144417 0.020260
v 0.337321 -0.144485 0.020404
v 0.342089 -0.147170 0.029769
v 0.343540 -0.144156 0.034666
v 0.343540 -0.144156 0.034666
v 0.346134 -0.205451 0.068820
v 0.345393 -0.148386 0.039503
v 0.332200 -0.149463 0.011385
v 0.347952 -0.185414 0.054730
v 0.347952 -0.185414 0.054730
v 0.346354 -0.148072 0.043304
v 0.346234 -0.148077 0.043328
v 0.347077 -0.196769 0.057681
v 0.344850 -0.140891 0.040424
v 0.344850 -0.140891 0.040424
v 0.348016 -0.189898 0.061558
v 0.348016 -0.189898 0.061558
v 0.346366 -0.142716 0.046571
v 0.346669 -0.142676 0.046512
v 0.348377 -0.155997 0.053887
v 0.348377 -0.155997 0.053887
v 0.348832 -0.165824 0.058488
v 0.348832 -0.165824 0.058488
v 0.348712 -0.179080 0.062975
v 0.348836 -0.179083 0.062975
v 0.347483 -0.144429 0.053771
v 0.348378 -0.144338 0.053723
v 0.345711 -0.205363 0.068820
v 0.347112 -0.196301 0.068820
v 0.347821 -0.196391 0.068918
v 0.348778 -0.156854 0.060174
v 0.348946 -0.156843 0.060175
v 0.344557 -0.207287 0.075650
v 0.344835 -0.207336 0.075709
v 0.252825 -0.240389 0.015915
v 0.248524 -0.254114 0.008478
v -0.064115 -0.481377 -0.033860
v -0.074501 -0.468286 -0.073534
v -0.122219 -0.451812 -0.067546
v -0.122219 -0.451812 -0.067546
v -0.126419 -0.451889 -0.063206
v -0.126419 -0.451889 -0.063206
v -0.119215 -0.449942 -0.075492
v -0.119215 -0.449942 -0.075492
v -0.100374 -0.440276 -0.148950
v -0.113552 -0.449696 -0.085644
v -0.046849 -0.443625 -0.234071
v -0.037383 -0.418131 -0.333336
v -0.083367 -0.435653 -0.199109
v -0.036879 -0.416630 -0.333183
v -0.071184 -0.426901 -0.249693
v -0.025276 -0.401134 -0.387311
v -0.005318 -0.391108 -0.428237
v -0.113517 -0.449640 -0.085623
v -0.045933 -0.417252 -0.318850
v -0.045898 -0.417189 -0.318820
v -0.059339 -0.424282 -0.277471
v -0.059339 -0.424282 -0.277471
v -0.094060 -0.437103 -0.171822
v -0.100129 -0.439842 -0.148807
v -0.035291 -0.407769 -0.358842
v -0.035189 -0.407593 -0.358722
v -0.022772 -0.398996 -0.395177
v -0.083295 -0.435536 -0.199070
v -0.042331 -0.411407 -0.339610
v -0.042248 -0.411267 -0.339547
v -0.111825 -0.444628 -0.106007
v -0.111825 -0.444628 -0.106007
v -0.115791 -0.446004 -0.093076
v -0.115791 -0.446004 -0.093076
v -0.017486 -0.461492 -0.172430
v 0.006065 -0.427965 -0.328792
v -0.010251 -0.390327 -0.421629
v -0.071100 -0.426760 -0.249632
v -0.063545 -0.421617 -0.277709
v -0.063545 -0.421617 -0.277709
v -0.080285 -0.429207 -0.225114
v -0.080268 -0.429182 -0.225101
v -0.071714 -0.474751 -0.050821
v -0.010343 -0.390912 -0.421539
v -0.005019 -0.389334 -0.427700
v -0.019042 -0.479197 -0.028881
v 0.005073 -0.380724 -0.447554
v 0.091571 -0.479244 -0.034112
v 0.046958 -0.481528 0.006572
v 0.071915 -0.487343 -0.004301
v 0.000611 -0.382511 -0.442192
v 0.000631 -0.382403 -0.442124
v -0.005962 -0.383933 -0.436993
v -0.005962 -0.383933 -0.436993
v 0.005056 -0.379506 -0.446881
v 0.000398 -0.378201 -0.448561
v 0.000398 -0.378201 -0.448561
v -0.009985 -0.386210 -0.431808
v -0.009757 -0.385763 -0.431446
v -0.003666 -0.380717 -0.443336
v -0.003666 -0.380717 -0.443336
v -0.053856 -0.417219 -0.306076
v -0.053856 -0.417219 -0.306076
v -0.094029 -0.437054 -0.171804
v -0.091668 -0.433498 -0.188288
v -0.124526 -0.444320 -0.081689
v -0.124510 -0.444304 -0.081679
v -0.110167 -0.440254 -0.124748
v -0.110167 -0.440254 -0.124748
v -0.127924 -0.446161 -0.072555
v -0.127862 -0.446038 -0.072540
v -0.107902 -0.435679 -0.145289
v -0.107902 -0.435679 -0.145289
v -0.137216 -0.447464 -0.059846
v -0.137480 -0.448089 -0.060235
v 0.077827 -0.472655 -0.046908
v 0.066569 -0.453872 -0.182365
v 0.026775 -0.465155 -0.158151
v 0.018605 -0.446535 -0.261096
v 0.021204 -0.409624 -0.378572
v 0.118336 -0.464374 -0.049602
v 0.067388 -0.433607 -0.255505
v 0.124346 -0.449072 -0.075329
v 0.030898 -0.392424 -0.407085
v 0.071996 -0.414194 -0.297207
v 0.151353 -0.434237 -0.068653
v 0.102104 -0.433645 -0.184850
v 0.007871 -0.371907 -0.455631
v 0.005083 -0.376584 -0.451595
v 0.003602 -0.373215 -0.449678
v 0.007340 -0.370572 -0.454142
v 0.001510 -0.375318 -0.452677
v -0.124485 -0.394632 -0.191304
v -0.124583 -0.394674 -0.191345
v -0.122445 -0.399385 -0.190323
v -0.122478 -0.399404 -0.190337
v -0.138354 -0.393510 -0.160474
v -0.138332 -0.393458 -0.160312
v -0.118396 -0.480660 0.157933
v -0.118396 -0.480660 0.157933
v -0.118348 -0.481012 0.158466
v -0.119480 -0.485783 0.153969
v -0.119443 -0.485981 0.154251
v -0.210169 -0.537602 0.153245
v -0.209263 -0.533609 0.156217
v -0.209263 -0.533609 0.156217
v -0.213450 -0.530984 0.157304
v -0.213017 -0.530477 0.156303
v -0.209587 -0.531144 0.158790
v -0.210126 -0.537452 0.153084
v -0.209503 -0.530509 0.157953
v -0.206670 -0.528999 0.157675
v -0.217411 -0.531240 0.154549
v -0.216786 -0.530213 0.152629
v -0.213629 -0.537504 0.151851
v -0.213599 -0.537339 0.151764
v -0.214841 -0.532916 0.149750
v -0.214794 -0.533352 0.149145
v -0.220547 -0.532237 0.151610
v -0.220547 -0.532237 0.151610
v -0.216845 -0.537775 0.149866
v -0.204860 -0.531385 0.157141
v -0.206537 -0.528761 0.158293
v -0.204860 -0.531385 0.157141
v -0.204860 -0.531385 0.157141
v -0.205089 -0.537365 0.153544
v -0.205089 -0.537365 0.153544
v -0.202426 -0.529305 0.154898
v -0.201639 -0.531097 0.156320
v -0.196763 -0.531069 0.153851
v -0.196763 -0.531069 0.153851
v -0.198817 -0.529120 0.155782
v -0.198817 -0.529120 0.155782
v -0.200166 -0.537449 0.152156
v -0.200166 -0.537449 0.152156
v -0.200554 -0.537131 0.150418
v -0.191703 -0.530506 0.150619
v -0.191759 -0.530503 0.150453
v -0.194213 -0.528527 0.153002
v -0.194213 -0.528527 0.153002
v -0.202698 -0.529063 0.157973
v -0.206395 -0.528802 0.158447
v -0.180319 -0.509869 0.154146
v -0.180181 -0.514194 0.152771
v -0.180181 -0.514194 0.152771
v -0.169949 -0.504394 0.155587
v -0.173017 -0.506695 0.155028
v -0.169910 -0.504387 0.155706
v -0.292090 -0.282621 0.043326
v -0.283102 -0.282182 0.043388
v -0.285862 -0.282195 0.040915
v -0.286882 -0.282436 0.043279
v -0.282902 -0.282235 0.044212
v -0.228659 -0.537680 0.086368
v -0.216887 -0.537624 -0.002358
v -0.193313 -0.537917 0.149527
v -0.220773 -0.537924 0.120361
v -0.221213 -0.538333 0.126986
v -0.220049 -0.538207 0.141459
v -0.218833 -0.536189 0.140749
v -0.228022 -0.537613 0.031852
v -0.202996 -0.537783 -0.020467
v -0.228129 -0.537584 0.090667
v -0.228497 -0.537438 0.037271
v -0.229745 -0.537709 0.037294
v -0.223448 -0.537386 0.014004
v -0.204354 -0.536948 -0.018767
v -0.220825 -0.537530 0.132052
v -0.230342 -0.537284 0.058524
v -0.194125 -0.537255 0.150368
v -0.085819 -0.412888 -0.256194
v -0.157252 -0.399622 -0.112579
v -0.068505 -0.399536 -0.319181
v -0.031225 -0.383884 -0.409741
v -0.210555 -0.390586 -0.034844
v -0.060347 -0.374510 -0.360312
v -0.145909 -0.426411 -0.084540
v -0.188103 -0.418173 -0.042936
v -0.091849 -0.433759 -0.188366
v -0.005361 -0.367577 -0.458085
v 0.005683 -0.364278 -0.461305
v 0.005430 -0.364091 -0.461079
v -0.263992 -0.333575 0.058446
v -0.257245 -0.381847 0.095666
v -0.265344 -0.334726 0.085090
v -0.261903 -0.357297 0.096048
v -0.262106 -0.357333 0.096054
v -0.262714 -0.351441 0.101540
v -0.265057 -0.334703 0.085111
v -0.265482 -0.327858 0.079697
v -0.265655 -0.327872 0.079684
v -0.264497 -0.339636 0.093548
v -0.264497 -0.339636 0.093548
v -0.263090 -0.351488 0.101581
v -0.265274 -0.336457 0.099844
v -0.264465 -0.336425 0.099776
v -0.266016 -0.321131 0.084017
v -0.266016 -0.321131 0.084017
v -0.266896 -0.312028 0.080273
v -0.266390 -0.312048 0.080281
v -0.264535 -0.280646 0.077869
v -0.263452 -0.275027 0.053139
v -0.262727 -0.276812 0.055264
v -0.264768 -0.279397 0.060096
v -0.264751 -0.277665 0.060465
v -0.235576 -0.526672 0.046578
v -0.235463 -0.526631 0.046608
v -0.233059 -0.518476 0.017598
v -0.238155 -0.517558 0.049910
v -0.238155 -0.517558 0.049910
v -0.236556 -0.521729 0.056686
v -0.236781 -0.524211 0.053575
v -0.238958 -0.515788 0.057718
v -0.239211 -0.515816 0.057717
v -0.231342 -0.533096 0.037252
v -0.234570 -0.529486 0.051866
v -0.230540 -0.531831 0.037609
v -0.222276 -0.521764 -0.005154
v -0.235335 -0.530282 0.053584
v -0.242855 -0.456835 0.066820
v -0.246192 -0.434352 0.080998
v -0.243632 -0.450695 0.077329
v -0.242903 -0.460284 0.073847
v -0.243632 -0.450695 0.077329
v -0.247417 -0.434235 0.080908
v -0.243063 -0.456859 0.066816
v -0.242566 -0.460178 0.073175
v -0.242103 -0.467722 0.063212
v -0.242154 -0.467728 0.063213
v -0.242679 -0.456208 0.054589
v -0.242460 -0.456198 0.054610
v -0.241862 -0.470141 0.057021
v -0.241819 -0.470139 0.057024
v -0.240624 -0.494091 0.053927
v -0.240624 -0.494091 0.053927
v -0.239635 -0.509804 0.047613
v -0.239399 -0.509758 0.047659
v -0.222814 -0.475663 -0.006239
v -0.246710 -0.428644 0.092087
v -0.246813 -0.428666 0.092090
v -0.244787 -0.441432 0.084638
v -0.244787 -0.441432 0.084638
v -0.257214 -0.381877 0.095666
v -0.238310 -0.415747 0.026920
v -0.245425 -0.353308 0.007540
v -0.218905 -0.426341 -0.007231
v -0.213902 -0.346289 -0.059306
v -0.169381 -0.357550 -0.127036
v -0.139526 -0.363667 -0.178129
v -0.111816 -0.370054 -0.239463
v -0.029547 -0.367902 -0.423399
v -0.192485 -0.101743 -0.043064
v -0.223540 -0.095273 0.004658
v -0.218029 -0.220202 -0.043852
v -0.204115 -0.281505 -0.079191
v -0.183274 -0.244924 -0.098346
v -0.150087 -0.329094 -0.159413
v -0.146627 -0.289653 -0.154184
v -0.116537 -0.308181 -0.206488
v -0.174789 -0.071935 -0.054376
v -0.212665 -0.061260 -0.015504
v -0.104911 -0.328189 -0.241155
v -0.233156 -0.136814 0.012673
v -0.223966 -0.094147 0.003004
v -0.227092 -0.105864 0.008963
v -0.242138 -0.197536 0.014637
v -0.243163 -0.199207 0.013132
v -0.246229 -0.216327 0.016472
v -0.241498 -0.207710 0.010356
v -0.250382 -0.238967 0.024142
v -0.223480 -0.090322 0.004116
v -0.236504 -0.300757 -0.021973
v -0.257650 -0.264467 0.038931
v -0.035718 -0.357838 -0.411816
v -0.007233 -0.355287 -0.452249
v -0.189822 -0.058654 -0.039069
v -0.257842 -0.263458 0.038536
v -0.250607 -0.237700 0.023199
v -0.219191 -0.076999 -0.003255
v -0.218990 -0.076785 -0.004076
v -0.189759 -0.058651 -0.038999
v -0.171803 -0.107721 -0.065053
v -0.150087 -0.235481 -0.127414
v -0.150049 -0.235499 -0.127373
v -0.227006 -0.104984 0.007983
v -0.190992 -0.049558 -0.037591
v -0.190992 -0.049558 -0.037591
v -0.154298 -0.218405 -0.117263
v -0.154287 -0.218391 -0.117225
v -0.174511 -0.071968 -0.054064
v -0.172066 -0.114251 -0.067407
v -0.171178 -0.168800 -0.085457
v -0.171178 -0.168800 -0.085457
v -0.161851 -0.199776 -0.104066
v -0.161896 -0.199749 -0.104111
v -0.027935 -0.347482 -0.414691
v -0.122707 -0.275326 -0.175166
v -0.129390 -0.254224 -0.155293
v -0.137463 -0.248648 -0.144888
v -0.076866 -0.311260 -0.275309
v -0.180467 -0.057282 -0.046714
v -0.180467 -0.057282 -0.046714
v -0.172574 -0.097407 -0.063307
v -0.003144 -0.360223 -0.459133
v -0.002894 -0.360329 -0.458610
v -0.209237 -0.058083 -0.021150
v -0.200933 -0.053664 -0.029127
v -0.200930 -0.053666 -0.029124
v -0.196721 -0.049777 -0.032911
v -0.196721 -0.049777 -0.032911
v -0.195275 -0.041250 -0.034241
v -0.084677 -0.297966 -0.246479
v -0.172799 -0.057963 -0.053385
v -0.172540 -0.058005 -0.053037
v -0.114886 -0.275292 -0.184075
v -0.122740 -0.275303 -0.175196
v -0.120823 -0.269386 -0.173382
v -0.120823 -0.269386 -0.173382
v -0.209233 -0.058082 -0.021146
v -0.185456 -0.048475 -0.042062
v -0.185392 -0.048484 -0.041977
v -0.129334 -0.254261 -0.155283
v -0.137420 -0.248670 -0.144847
v -0.144956 -0.233950 -0.131934
v -0.144763 -0.234099 -0.131589
v -0.204652 -0.050672 -0.026304
v -0.204655 -0.050673 -0.026309
v -0.108125 -0.275462 -0.191880
v -0.114918 -0.275270 -0.184102
v -0.116129 -0.268593 -0.177827
v -0.116129 -0.268593 -0.177827
v -0.017826 -0.351640 -0.434458
v -0.017826 -0.351640 -0.434458
v -0.213380 -0.061406 -0.015723
v -0.027533 -0.347808 -0.414497
v -0.108212 -0.275398 -0.191952
v -0.109520 -0.269206 -0.184963
v -0.109696 -0.269077 -0.185135
v -0.094565 -0.287297 -0.219804
v -0.006931 -0.355500 -0.452138
v -0.233297 -0.136582 0.012889
v -0.259305 -0.267916 0.043279
v -0.259359 -0.268366 0.043163
v -0.061273 -0.325808 -0.322936
v -0.076736 -0.311362 -0.275215
v -0.071702 -0.313075 -0.285902
v -0.071756 -0.313011 -0.286050
v -0.224515 -0.087967 -0.000267
v -0.223417 -0.087408 0.000167
v -0.046585 -0.336520 -0.365722
v -0.046585 -0.336520 -0.365722
v -0.094614 -0.287258 -0.219830
v -0.088102 -0.289995 -0.231455
v -0.088193 -0.289904 -0.231499
v -0.084505 -0.298096 -0.246320
v -0.078495 -0.304092 -0.262821
v -0.079070 -0.303517 -0.263057
v -0.103929 -0.269914 -0.192519
v -0.103410 -0.270371 -0.192415
v -0.104015 -0.270322 -0.192290
v -0.061244 -0.325830 -0.322921
v -0.051752 -0.329816 -0.346465
v -0.051795 -0.329779 -0.346489
v -0.020924 -0.347454 -0.424872
v -0.021606 -0.346696 -0.425548
v -0.236935 -0.156375 0.013773
v -0.236983 -0.156764 0.013168
v 0.002275 -0.360908 -0.460928
v 0.002071 -0.360267 -0.462307
v -0.036264 -0.288636 -0.289354
v -0.051012 -0.267380 -0.240706
v -0.004949 -0.341677 -0.433463
v 0.000896 -0.279287 -0.284613
v 0.009070 -0.336863 -0.424723
v -0.003263 -0.239751 -0.217342
v 0.012324 -0.350764 -0.448328
v -0.029618 -0.228293 -0.197711
v -0.073290 -0.241738 -0.192214
v -0.080405 -0.246973 -0.191018
v -0.073214 -0.241927 -0.192007
v -0.043126 -0.192593 -0.161345
v -0.074631 -0.225910 -0.176284
v 0.009830 -0.208380 -0.181870
v -0.080581 -0.246665 -0.191306
v 0.033038 -0.290352 -0.299198
v 0.033142 -0.258906 -0.240299
v -0.064739 -0.210990 -0.167046
v -0.065101 -0.210428 -0.167793
v 0.047257 -0.216327 -0.183327
v -0.078433 -0.237897 -0.184662
v -0.078421 -0.237913 -0.184646
v -0.074578 -0.226019 -0.176171
v -0.078953 -0.229860 -0.176328
v -0.079176 -0.229563 -0.176727
v 0.052671 -0.223672 -0.187359
v -0.039326 -0.185105 -0.157420
v 0.037207 -0.199239 -0.170784
v -0.030579 -0.181594 -0.157093
v -0.058307 -0.204388 -0.165614
v -0.058088 -0.204956 -0.164904
v -0.043227 -0.192378 -0.161628
v 0.037235 -0.199134 -0.170911
v -0.070642 -0.202938 -0.160000
v -0.070659 -0.202897 -0.160073
v -0.099327 -0.254402 -0.182947
v -0.099336 -0.254398 -0.182968
v 0.028772 -0.182085 -0.159884
v -0.091976 -0.256258 -0.191305
v -0.091976 -0.256258 -0.191305
v -0.093432 -0.262788 -0.196027
v 0.003796 -0.176064 -0.157129
v -0.050270 -0.191834 -0.159550
v -0.050217 -0.191937 -0.159402
v 0.039558 -0.187933 -0.162311
v -0.039408 -0.184933 -0.157701
v -0.030565 -0.181667 -0.156992
v 0.044875 -0.193501 -0.165223
v 0.044863 -0.193541 -0.165170
v -0.093503 -0.262717 -0.196096
v -0.099475 -0.260206 -0.188016
v -0.099475 -0.260206 -0.188016
v -0.096918 -0.267072 -0.196832
v -0.096936 -0.267055 -0.196849
v 0.003777 -0.175894 -0.157385
v -0.029009 -0.174424 -0.152504
v -0.029021 -0.174396 -0.152557
v 0.047244 -0.216375 -0.183219
v 0.028768 -0.182162 -0.159783
v 0.039551 -0.187969 -0.162258
v 0.044588 -0.183753 -0.158382
v 0.044602 -0.183697 -0.158523
v 0.051011 -0.208981 -0.175471
v 0.051036 -0.208914 -0.175562
v 0.048099 -0.199939 -0.169163
v 0.048099 -0.199939 -0.169163
v 0.061077 -0.238753 -0.200554
v 0.061028 -0.238850 -0.200480
v 0.062686 -0.229880 -0.190704
v 0.062585 -0.230052 -0.190493
v 0.062869 -0.270742 -0.239620
v 0.005724 -0.169068 -0.152768
v 0.005727 -0.169093 -0.152722
v 0.027115 -0.173886 -0.154692
v 0.027115 -0.173886 -0.154692
v 0.062230 -0.260764 -0.226273
v 0.063396 -0.245662 -0.206712
v 0.063734 -0.245601 -0.207245
v 0.016528 -0.166619 -0.151076
v 0.060531 -0.300110 -0.291067
v 0.065977 -0.288160 -0.263745
v 0.064310 -0.276465 -0.245384
v 0.065332 -0.277405 -0.247346
v 0.049097 -0.315159 -0.333604
v 0.065922 -0.288242 -0.263684
v 0.060470 -0.300123 -0.290235
v 0.056015 -0.310504 -0.315072
v 0.056015 -0.310504 -0.315072
v 0.049029 -0.315231 -0.333535
v -0.227866 0.178501 0.153153
v -0.233388 0.206415 0.259422
v -0.225904 0.179775 0.281181
v -0.221912 0.160964 0.183689
v -0.212461 0.149408 0.285941
v -0.205981 0.129577 0.197181
v -0.216070 0.178578 0.330608
v -0.189723 0.116203 0.285689
v -0.194496 0.139677 0.333227
v -0.184445 0.104807 0.213123
v -0.180087 0.114272 0.315962
v -0.155430 0.081715 0.225227
v -0.203474 0.183026 0.360997
v -0.206967 0.185242 0.355385
v -0.189653 0.155532 0.360087
v -0.160395 0.109053 0.344345
v -0.139479 0.083233 0.319355
v -0.147157 0.081190 0.273195
v -0.173935 0.126218 0.349799
v -0.173935 0.126218 0.349799
v -0.174952 0.131099 0.355136
v -0.175245 0.130863 0.355319
v -0.189475 0.155640 0.359974
v -0.166069 0.119097 0.351506
v -0.166017 0.119146 0.351469
v -0.160155 0.109331 0.344204
v -0.181538 0.146862 0.362619
v -0.181538 0.146862 0.362619
v -0.160456 0.113007 0.349959
v -0.160456 0.113007 0.349959
v -0.191389 0.166018 0.366499
v -0.191362 0.166024 0.366481
v -0.186170 0.157008 0.366091
v -0.186093 0.157061 0.366032
v -0.149797 0.081970 0.237884
v -0.149718 0.082125 0.237884
v -0.132821 0.082522 0.324094
v -0.138711 0.084548 0.318942
v -0.152456 0.107886 0.352726
v -0.152481 0.107853 0.352742
v -0.146507 0.082291 0.273107
v -0.138074 0.081226 0.306399
v -0.145237 0.097291 0.342865
v -0.145237 0.097291 0.342865
v -0.140502 0.091964 0.337923
v -0.140502 0.091964 0.337923
v -0.141524 0.076633 0.237475
v -0.141482 0.076709 0.237452
v -0.142913 0.078498 0.242712
v -0.195532 0.177311 0.368594
v -0.197830 0.182463 0.368474
v -0.195532 0.177311 0.368594
v -0.130000 0.085349 0.336602
v -0.138048 0.081275 0.306381
v -0.139079 0.092700 0.345775
v -0.138404 0.093881 0.345086
v -0.141253 0.079859 0.281980
v -0.141139 0.080101 0.281948
v -0.132793 0.082557 0.324085
v -0.128322 0.069622 0.237679
v -0.128128 0.069694 0.237633
v -0.114134 0.063964 0.241487
v -0.114091 0.064203 0.241385
v -0.110974 0.060353 0.238434
v -0.237109 0.255348 0.232656
v -0.233852 0.236336 0.276741
v -0.226465 0.212332 0.317419
v -0.235796 0.252706 0.249254
v -0.233665 0.236557 0.277014
v -0.227464 0.222613 0.310090
v -0.234846 0.247300 0.261852
v -0.222688 0.209370 0.326026
v -0.232601 0.238579 0.282232
v -0.232626 0.238580 0.282237
v -0.230094 0.231602 0.299783
v -0.229543 0.231589 0.299640
v -0.227448 0.222607 0.310101
v -0.225270 0.212366 0.317164
v -0.222595 0.209369 0.326000
v -0.217398 0.195550 0.337147
v -0.217398 0.195550 0.337147
v -0.214912 0.196469 0.344455
v -0.214670 0.196511 0.344339
v -0.206864 0.185270 0.355329
v -0.203065 0.183170 0.360772
v -0.203027 0.186724 0.362460
v -0.203124 0.186702 0.362528
v -0.198275 0.182893 0.367795
v -0.236532 0.257058 0.180959
v -0.236569 0.255346 0.232637
v -0.229178 0.193190 0.115501
v -0.225420 0.181841 0.078280
v -0.227238 0.273224 0.100806
v -0.229226 0.321740 0.137270
v -0.233052 0.306546 0.172077
v -0.235624 0.285368 0.199773
v -0.236212 0.271575 0.223619
v -0.236007 0.271563 0.223607
v -0.235471 0.285354 0.199777
v -0.231325 0.132701 0.113022
v -0.232879 0.306532 0.172072
v -0.233974 0.305048 0.188009
v -0.233394 0.304977 0.188012
v -0.237868 0.093260 0.099556
v -0.235670 0.252705 0.249239
v -0.224779 0.129795 0.045222
v -0.226629 0.332368 0.133175
v -0.228358 0.321631 0.137377
v -0.229439 0.321913 0.148983
v -0.229439 0.321913 0.148983
v -0.226350 0.332314 0.133219
v -0.235087 0.248929 0.258560
v -0.235087 0.248929 0.258560
v -0.223306 0.343962 0.125304
v -0.223067 0.343910 0.125337
v -0.241252 0.084944 0.091619
v -0.222092 0.343538 0.116025
v -0.221737 0.343461 0.116084
v -0.236504 0.097038 0.067112
v -0.236815 0.096609 0.067224
v -0.215741 0.323570 0.074702
v -0.218045 0.138047 0.037310
v -0.212974 0.366011 0.099474
v -0.234351 0.095277 0.054375
v -0.239101 0.091227 0.073158
v -0.239170 0.091280 0.073281
v -0.238476 0.090210 0.065751
v -0.238476 0.090210 0.065751
v -0.241155 0.084913 0.091621
v -0.215047 0.151754 0.037810
v -0.216243 0.364564 0.113837
v -0.216243 0.364564 0.113837
v -0.198877 0.350086 0.048826
v -0.233526 0.094636 0.054058
v -0.225764 0.113523 0.044338
v -0.238107 0.093294 0.099585
v -0.213214 0.370413 0.106991
v -0.213214 0.370413 0.106991
v -0.212802 0.366027 0.099639
v -0.241388 0.085549 0.079594
v -0.241388 0.085549 0.079594
v -0.242901 0.081229 0.084333
v -0.242901 0.081229 0.084333
v -0.243015 0.079481 0.091462
v -0.243082 0.079505 0.091474
v -0.202530 0.373617 0.073310
v -0.207639 0.369753 0.083705
v -0.223205 0.129741 0.045682
v -0.241514 0.084062 0.072584
v -0.241514 0.084062 0.072584
v -0.225574 0.115519 0.044132
v -0.240275 0.085489 0.097690
v -0.240275 0.085489 0.097690
v -0.204019 0.216696 0.028249
v -0.207310 0.169597 0.027129
v -0.215843 0.152705 0.037075
v -0.217953 0.138032 0.037350
v -0.202027 0.374069 0.073159
v -0.208369 0.157459 0.026541
v -0.198952 0.373936 0.066075
v -0.198952 0.373936 0.066075
v -0.197560 0.342074 0.044322
v -0.204845 0.190104 0.027020
v -0.207336 0.169599 0.027114
v -0.208495 0.157008 0.026120
v -0.194200 0.368908 0.052711
v -0.197957 0.349858 0.049275
v -0.197289 0.342090 0.044512
v -0.197371 0.301387 0.032788
v -0.193812 0.386288 0.065238
v -0.194128 0.386933 0.065517
v -0.191336 0.387427 0.060093
v -0.191336 0.387427 0.060093
v -0.196899 0.327583 0.038762
v -0.196940 0.327592 0.038740
v -0.203393 0.216703 0.028594
v -0.200756 0.228916 0.025959
v -0.200756 0.228916 0.025959
v -0.204793 0.184727 0.025918
v -0.203063 0.174075 0.020112
v -0.202835 0.174094 0.019222
v -0.194118 0.368881 0.052754
v -0.193192 0.359029 0.044937
v -0.192972 0.358966 0.045074
v -0.191043 0.379825 0.053859
v -0.190941 0.379790 0.053917
v -0.197190 0.301373 0.032904
v -0.195990 0.269768 0.024572
v -0.195932 0.269740 0.024614
v -0.195387 0.285574 0.026540
v -0.195263 0.285566 0.026627
v -0.222280 0.131330 0.151339
v -0.237644 0.091743 0.103798
v -0.231391 0.083514 0.128667
v -0.229035 0.079391 0.136005
v -0.237775 0.091760 0.103814
v -0.231713 0.083558 0.128777
v -0.228950 0.079383 0.135939
v -0.204224 0.104893 0.179606
v -0.239357 0.083900 0.105210
v -0.239357 0.083900 0.105210
v -0.236913 0.083252 0.114963
v -0.236913 0.083252 0.114963
v -0.236166 0.078339 0.120276
v -0.236292 0.078362 0.120317
v -0.228128 0.068101 0.140318
v -0.207042 0.073439 0.169598
v -0.223191 0.068979 0.148030
v -0.223191 0.068979 0.148030
v -0.230667 0.074107 0.134254
v -0.230667 0.074107 0.134254
v -0.210204 0.068558 0.163972
v -0.210757 0.068679 0.164714
v -0.228302 0.068160 0.140370
v -0.205701 0.081158 0.171586
v -0.205701 0.081158 0.171586
v -0.206894 0.073437 0.169477
v -0.216991 0.070066 0.156649
v -0.216991 0.070066 0.156649
v -0.200102 0.072827 0.176916
v -0.200248 0.072817 0.177049
v -0.191973 0.071438 0.184926
v -0.192189 0.071407 0.185288
v -0.185819 0.072776 0.191831
v -0.182317 0.074722 0.195576
v -0.185751 0.072790 0.191761
v -0.171275 0.072886 0.204331
v -0.182234 0.074735 0.195497
v -0.180664 0.064947 0.194688
v -0.180680 0.064959 0.194699
v -0.169339 0.072282 0.205905
v -0.152316 0.062873 0.215058
v -0.152079 0.062906 0.214648
v -0.122094 0.054964 0.229160
v -0.122030 0.054969 0.229050
v -0.110678 0.060653 0.238089
v -0.122664 0.051589 0.227060
v -0.122743 0.051545 0.227241
v -0.106511 0.046385 0.232425
v -0.106518 0.046378 0.232453
v -0.097091 0.047633 0.236258
v -0.097046 0.047642 0.236276
v -0.065274 0.049309 0.248996
v -0.065651 0.048313 0.250095
v -0.065869 0.046672 0.246486
v -0.067002 0.041096 0.243488
v -0.067173 0.041214 0.243006
v -0.065838 0.046738 0.246370
v -0.041971 0.046336 0.251867
v -0.041951 0.046165 0.252145
v -0.048667 0.037754 0.246582
v -0.048493 0.037751 0.246482
v -0.019522 0.036652 0.250122
v -0.019384 0.036716 0.249875
v -0.027977 0.043348 0.251945
v -0.008894 0.034460 0.249669
v -0.009380 0.034459 0.250028
v 0.002085 0.035219 0.251736
v 0.002237 0.034965 0.252442
v 0.002263 0.041023 0.253305
v -0.028400 0.043468 0.251916
v 0.019487 0.038882 0.250552
v 0.019575 0.038859 0.250738
v -0.008774 0.041751 0.253525
v 0.022328 0.041578 0.251649
v 0.022752 0.041692 0.251849
v 0.022752 0.041692 0.251849
v 0.245290 -0.138302 0.117785
v 0.243952 -0.132549 0.118946
v 0.243977 -0.132468 0.119046
v 0.236952 -0.107975 0.124463
v 0.240125 -0.121641 0.123323
v 0.239872 -0.121594 0.124487
v 0.251861 -0.188624 0.117730
v 0.251288 -0.180259 0.115664
v 0.251575 -0.184780 0.120616
v 0.245872 -0.157598 0.116762
v 0.245546 -0.158076 0.116512
v 0.235619 -0.104612 0.124940
v 0.238116 -0.116933 0.122440
v 0.251778 -0.189006 0.120363
v 0.254126 -0.212743 0.118975
v -0.258649 -0.204547 -0.001337
v -0.265497 -0.255264 0.017855
v -0.243455 -0.111809 -0.002519
v -0.264074 -0.287137 0.022996
v -0.261244 -0.295923 0.037322
v -0.258406 -0.290568 0.035456
v -0.264501 -0.291573 0.025683
v -0.259578 -0.289946 0.035496
v -0.258938 -0.269863 0.041074
v -0.258113 -0.269919 0.040999
v -0.270231 -0.274167 0.016953
v -0.264515 -0.286642 0.023647
v -0.264475 -0.292026 0.025659
v -0.224399 -0.065682 -0.009202
v -0.264131 -0.298935 0.032856
v -0.263933 -0.297339 0.033528
v -0.276273 -0.221465 -0.004112
v -0.276867 -0.200229 -0.009272
v -0.270333 -0.274027 0.016773
v -0.251149 -0.092755 -0.009066
v -0.279295 -0.244719 0.005561
v -0.276039 -0.255761 0.013832
v -0.275855 -0.258000 0.012081
v -0.272889 -0.264781 0.015307
v -0.278118 -0.174959 -0.012221
v -0.243799 -0.076443 -0.010401
v -0.276399 -0.221395 -0.003762
v -0.279342 -0.234306 0.001071
v -0.279377 -0.234370 0.001051
v -0.279284 -0.244813 0.005439
v -0.277137 -0.207032 -0.008072
v -0.259298 -0.102808 -0.010284
v -0.259354 -0.102666 -0.009597
v -0.276139 -0.200153 -0.008935
v -0.251177 -0.092753 -0.008976
v -0.243863 -0.076395 -0.010343
v -0.275667 -0.158276 -0.011836
v -0.275694 -0.158244 -0.011643
v -0.278248 -0.174959 -0.011713
v -0.280129 -0.197863 -0.010080
v -0.280129 -0.197863 -0.010080
v -0.272905 -0.264806 0.015429
v -0.235995 -0.068648 -0.010775
v -0.236071 -0.068429 -0.009888
v -0.281202 -0.187855 -0.011398
v -0.281202 -0.187855 -0.011398
v -0.282043 -0.178781 -0.012286
v -0.281986 -0.178679 -0.012131
v -0.224312 -0.066244 -0.010559
v -0.221982 -0.079354 -0.002205
v -0.221982 -0.079354 -0.002205
v -0.231058 -0.059051 -0.012972
v -0.231058 -0.059010 -0.012869
v -0.222750 -0.057545 -0.013972
v -0.222752 -0.057521 -0.013855
v -0.264965 -0.295075 0.033152
v -0.262531 -0.297712 0.036740
v -0.265610 -0.274462 0.049425
v -0.265610 -0.274462 0.049425
v -0.265610 -0.274462 0.049425
v -0.262387 -0.146456 0.133313
v -0.273770 -0.250127 0.127366
v -0.264962 -0.075246 0.148556
v -0.292618 -0.192174 0.138230
v -0.243311 -0.083758 0.142095
v -0.236196 -0.055942 0.152613
v -0.308971 -0.205306 0.133016
v -0.304238 -0.144695 0.139417
v -0.257248 -0.039775 0.151781
v -0.246301 -0.039151 0.156275
v -0.245997 -0.039134 0.155460
v -0.283985 -0.259165 0.122565
v -0.283963 -0.088063 0.146175
v -0.221889 -0.036931 0.163336
v -0.304425 -0.172338 0.138478
v -0.304349 -0.172301 0.138402
v -0.283365 -0.087531 0.145169
v -0.236108 -0.029578 0.159619
v -0.235862 -0.029511 0.159116
v -0.304158 -0.144535 0.139110
v -0.257247 -0.039777 0.151712
v -0.222049 -0.050149 0.157144
v -0.308888 -0.205338 0.132615
v -0.283866 -0.258980 0.121939
v -0.308439 -0.184853 0.135240
v -0.308439 -0.184853 0.135240
v -0.222949 -0.031783 0.163879
v -0.222949 -0.031783 0.163879
v -0.221335 -0.036709 0.162338
v -0.271831 -0.275267 0.129067
v -0.257925 -0.280488 0.132340
v -0.257891 -0.270620 0.130907
v -0.260586 -0.286877 0.128888
v -0.224308 -0.025104 0.164725
v -0.224259 -0.025107 0.164617
v -0.260994 -0.287206 0.129754
v -0.298854 -0.250983 0.120682
v -0.221591 -0.050631 0.155887
v -0.272371 -0.275424 0.129460
v -0.257964 -0.280437 0.132654
v -0.257647 -0.270910 0.130571
v -0.311425 -0.211607 0.129177
v -0.311514 -0.211661 0.129363
v -0.275507 -0.268547 0.126780
v -0.274657 -0.268286 0.125225
v -0.298816 -0.250943 0.120615
v -0.218022 -0.029523 0.167086
v -0.218084 -0.029558 0.167123
v -0.286409 -0.260687 0.119152
v -0.286830 -0.260488 0.119405
v -0.229224 -0.090872 0.129884
v -0.228896 -0.089222 0.130899
v -0.240394 -0.141022 0.116719
v -0.234178 -0.114077 0.122010
v -0.234805 -0.115212 0.121737
v -0.241421 -0.145317 0.116844
v -0.244373 -0.158462 0.115056
v -0.245576 -0.168585 0.115838
v -0.258006 -0.250148 0.119927
v -0.257723 -0.250700 0.119948
v -0.297100 -0.260980 0.117108
v -0.296038 -0.260065 0.116509
v -0.302799 -0.253611 0.117604
v -0.296887 -0.260961 0.115600
v -0.302394 -0.253148 0.117578
v -0.302543 -0.254087 0.117874
v -0.287757 -0.264220 0.119810
v -0.286993 -0.264497 0.119209
v -0.270118 -0.279676 0.127913
v -0.270042 -0.279621 0.127829
v -0.279231 -0.262272 0.125813
v -0.279231 -0.262272 0.125813
v -0.108311 -0.454575 0.188240
v -0.117028 -0.453454 0.188530
v -0.080124 -0.429011 0.237494
v -0.108328 -0.454760 0.188359
v -0.117052 -0.453547 0.188587
v -0.104035 -0.457602 0.184182
v -0.050456 -0.427695 0.245803
v -0.050456 -0.427695 0.245803
v -0.062276 -0.427640 0.243635
v -0.062276 -0.427640 0.243635
v -0.104035 -0.457688 0.184224
v -0.125885 -0.447077 0.195719
v -0.125890 -0.447148 0.195760
v -0.125890 -0.447148 0.195760
v -0.091332 -0.428490 0.234682
v -0.080103 -0.428907 0.237425
v -0.091323 -0.428452 0.234656
v -0.068985 -0.423146 0.248279
v -0.068985 -0.423146 0.248279
v -0.105325 -0.430865 0.226340
v -0.105403 -0.431228 0.226623
v -0.082839 -0.424291 0.243019
v -0.082839 -0.424291 0.243019
v -0.134728 -0.442613 0.199013
v -0.134728 -0.442613 0.199013
v -0.134089 -0.440122 0.202618
v -0.134015 -0.440069 0.202660
v -0.262931 0.050819 0.066127
v -0.251746 0.066334 0.073369
v -0.262781 0.050864 0.066091
v -0.262342 0.050627 0.066166
v -0.251440 0.065233 0.071976
v -0.253874 0.061232 0.069720
v -0.273304 0.034925 0.070465
v -0.273304 0.034925 0.070465
v -0.273562 0.027040 0.098209
v -0.244721 0.076957 0.072205
v -0.243735 0.060729 0.116435
v -0.251888 0.064251 0.064283
v -0.250812 0.063544 0.064408
v -0.244656 0.076949 0.072200
v -0.298625 -0.012863 0.072539
v -0.298625 -0.012863 0.072539
v -0.300673 -0.017423 0.077888
v -0.300747 -0.017389 0.077898
v -0.279488 0.024841 0.070383
v -0.279286 0.024729 0.070373
v -0.282887 0.018894 0.065839
v -0.282769 0.018829 0.065855
v -0.316997 -0.048346 0.081822
v -0.315605 -0.049032 0.081577
v -0.323058 -0.066199 0.083485
v -0.322371 -0.063082 0.077244
v -0.322371 -0.063082 0.077244
v -0.317984 -0.053070 0.076486
v -0.317984 -0.053070 0.076486
v -0.322917 -0.066254 0.083457
v -0.326889 -0.076414 0.085864
v -0.326577 -0.076479 0.085815
v -0.332847 -0.098617 0.092715
v -0.330858 -0.087589 0.085282
v -0.330744 -0.087625 0.085262
v -0.333075 -0.096281 0.087508
v -0.333075 -0.096281 0.087508
v -0.332544 -0.098708 0.092626
v -0.312001 -0.069510 0.119894
v -0.338574 -0.118569 0.090578
v -0.336698 -0.109964 0.088816
v -0.336698 -0.109964 0.088816
v -0.321442 -0.096271 0.117722
v -0.233115 0.059397 0.136224
v -0.310731 -0.069942 0.119744
v -0.302190 -0.059326 0.125500
v -0.302376 -0.059258 0.125655
v -0.335407 -0.132473 0.106598
v -0.271580 0.003289 0.124110
v -0.271184 0.003100 0.123818
v -0.338658 -0.118541 0.090584
v -0.320849 -0.096423 0.117356
v -0.236322 0.046497 0.138213
v -0.236150 0.046429 0.138095
v -0.241930 0.042647 0.133406
v -0.242063 0.042701 0.133497
v -0.311863 -0.077503 0.121598
v -0.233132 0.059400 0.136239
v -0.288979 -0.033264 0.126893
v -0.288818 -0.033260 0.126785
v -0.338388 -0.125661 0.095387
v -0.338388 -0.125661 0.095387
v -0.336556 -0.130845 0.102719
v -0.336556 -0.130845 0.102719
v -0.339131 -0.133011 0.097613
v -0.338965 -0.133031 0.097558
v -0.335177 -0.132514 0.106484
v -0.315320 -0.090255 0.123021
v -0.315120 -0.090319 0.122867
v -0.230675 0.048324 0.144960
v -0.230507 0.048451 0.144733
v -0.226510 0.061762 0.145180
v -0.226622 0.061755 0.145233
v -0.325323 -0.120153 0.121315
v -0.324785 -0.120247 0.120889
v -0.332107 -0.129452 0.111422
v -0.332107 -0.129452 0.111422
v -0.328778 -0.124938 0.115722
v -0.328778 -0.124938 0.115722
v -0.330103 -0.137111 0.117422
v -0.329821 -0.135163 0.117499
v -0.329589 -0.135404 0.117069
v -0.333087 -0.141670 0.113212
v -0.332874 -0.141670 0.113094
v -0.188636 0.444305 0.154623
v -0.206374 0.400150 0.122422
v -0.215041 0.387974 0.166202
v -0.188155 0.445510 0.219092
v -0.189969 0.421234 0.089822
v -0.181487 0.443143 0.281535
v -0.164426 0.477514 0.179524
v -0.165786 0.470447 0.132503
v -0.160985 0.459744 0.085425
v -0.151862 0.488055 0.206453
v -0.131768 0.500212 0.129742
v -0.168178 0.416337 0.043161
v -0.182864 0.398866 0.052785
v -0.121677 0.468942 0.044722
v -0.187296 0.390210 0.054584
v -0.187296 0.390210 0.054584
v -0.182681 0.398784 0.052888
v -0.111648 0.504472 0.098830
v -0.140728 0.483746 0.263249
v -0.154025 0.431570 0.040821
v -0.167723 0.416010 0.043497
v -0.174961 0.402576 0.042748
v -0.174530 0.402360 0.043085
v -0.153964 0.431522 0.040872
v -0.146206 0.440420 0.040833
v -0.146206 0.440420 0.040833
v -0.080250 0.525142 0.128429
v -0.104277 0.483446 0.051442
v -0.101897 0.518179 0.192255
v -0.122772 0.458546 0.036337
v -0.088456 0.505202 0.074206
v -0.154942 0.425005 0.036081
v -0.154942 0.425005 0.036081
v -0.161459 0.417453 0.036417
v -0.161204 0.417288 0.036641
v -0.133245 0.450267 0.037422
v -0.138970 0.442937 0.035849
v -0.138970 0.442937 0.035849
v -0.072776 0.516264 0.084492
v -0.120375 0.468155 0.046376
v -0.115709 0.471677 0.046064
v -0.133190 0.450206 0.037479
v -0.100102 0.507161 0.251543
v -0.092838 0.495221 0.060500
v -0.092890 0.495340 0.060446
v -0.104157 0.483216 0.051577
v -0.106373 0.476368 0.043910
v -0.106272 0.476200 0.044046
v -0.088262 0.504779 0.074401
v -0.122629 0.458370 0.036493
v -0.117948 0.461928 0.036427
v -0.117948 0.461928 0.036427
v -0.126397 0.452480 0.033504
v -0.126359 0.452435 0.033550
v -0.070789 0.528534 0.195633
v -0.165834 0.444467 0.309454
v -0.147873 0.450258 0.324269
v -0.080438 0.507736 0.073755
v -0.080763 0.507660 0.073904
v -0.055029 0.533489 0.145461
v -0.073000 0.515531 0.084726
v -0.165749 0.444368 0.309403
v -0.057041 0.521801 0.088273
v -0.107403 0.483233 0.305884
v -0.064912 0.517586 0.082372
v -0.064769 0.517116 0.082579
v -0.056966 0.521510 0.088370
v -0.018893 0.531107 0.093156
v -0.046363 0.523705 0.086870
v -0.046595 0.523594 0.086948
v -0.007630 0.538843 0.196222
v -0.155902 0.445053 0.321195
v -0.155902 0.445053 0.321195
v -0.024536 0.528155 0.088497
v -0.059337 0.520653 0.251411
v -0.147475 0.449659 0.323902
v -0.008867 0.538789 0.141420
v -0.024584 0.527818 0.088522
v -0.018815 0.530073 0.093426
v -0.085030 0.466480 0.347252
v -0.126775 0.453708 0.337292
v 0.021336 0.534050 0.226669
v 0.000918 0.531985 0.095022
v -0.146342 0.446954 0.329323
v -0.146231 0.446814 0.329212
v 0.008534 0.534067 0.100642
v 0.000911 0.531918 0.095037
v -0.016191 0.520423 0.268561
v -0.051892 0.491703 0.321364
v 0.008542 0.533381 0.100782
v 0.008178 0.531444 0.093373
v 0.008178 0.531444 0.093373
v -0.137108 0.449679 0.335089
v -0.136652 0.449178 0.334681
v 0.030590 0.533382 0.104209
v -0.126611 0.453413 0.337075
v 0.016575 0.532599 0.096455
v 0.016553 0.532167 0.096579
v 0.050370 0.537215 0.150058
v 0.003679 0.485208 0.341982
v 0.042888 0.532658 0.106744
v 0.025338 0.532254 0.098045
v 0.025329 0.532116 0.098083
v 0.030580 0.533223 0.104244
v -0.074222 0.470487 0.344825
v 0.073030 0.533100 0.182182
v -0.109221 0.458589 0.342305
v -0.084755 0.465471 0.346532
v -0.109370 0.458907 0.342563
v -0.122311 0.450969 0.343449
v -0.122256 0.450873 0.343362
v -0.074173 0.470338 0.344715
v 0.042874 0.532511 0.106775
v 0.048071 0.532817 0.111890
v 0.048144 0.533446 0.111780
v 0.044451 0.515727 0.276489
v 0.066441 0.530803 0.117789
v 0.056474 0.531763 0.113533
v 0.056474 0.531763 0.113533
v -0.059717 0.471981 0.347831
v -0.059717 0.471981 0.347831
v 0.087262 0.520222 0.235835
v 0.066411 0.530653 0.117813
v -0.050858 0.474753 0.346773
v -0.050858 0.474753 0.346773
v 0.063628 0.530413 0.109384
v 0.063474 0.529681 0.109589
v 0.075597 0.528776 0.117664
v -0.020637 0.476437 0.350315
v -0.035625 0.476386 0.347987
v -0.035625 0.476386 0.347987
v -0.041336 0.473631 0.350551
v -0.041336 0.473631 0.350551
v -0.020643 0.476478 0.350350
v 0.018123 0.487694 0.334849
v 0.088131 0.527508 0.132623
v 0.075672 0.529046 0.117602
v 0.123278 0.513484 0.206858
v 0.003611 0.483755 0.341053
v 0.095796 0.499099 0.286125
v 0.088046 0.527221 0.132654
v 0.018182 0.487906 0.334915
v 0.108191 0.522054 0.153790
v 0.096797 0.524498 0.132287
v 0.096744 0.524361 0.132306
v 0.016761 0.482238 0.342277
v 0.017557 0.482030 0.342516
v 0.016761 0.482238 0.342277
v 0.120080 0.517137 0.173938
v 0.103885 0.523244 0.146765
v 0.103885 0.523244 0.146765
v 0.108145 0.521929 0.153793
v 0.045104 0.485387 0.334808
v 0.044836 0.484521 0.334412
v 0.079791 0.495597 0.301553
v 0.067340 0.495922 0.306256
v 0.067409 0.496206 0.306408
v 0.105257 0.522382 0.137211
v 0.105062 0.521918 0.137276
v 0.079763 0.495498 0.301504
v 0.102497 0.499453 0.278203
v 0.102479 0.499402 0.278182
v 0.116737 0.497977 0.268324
v 0.120361 0.501049 0.255409
v 0.095593 0.498403 0.285805
v 0.087930 0.492354 0.303158
v 0.087936 0.492370 0.303161
v 0.102843 0.498913 0.284899
v 0.102050 0.496979 0.283930
v 0.115165 0.519123 0.155183
v 0.115126 0.519039 0.155187
v 0.118421 0.517690 0.163963
v 0.118421 0.517690 0.163963
v 0.125880 0.505974 0.231050
v 0.124458 0.513486 0.192598
v 0.114669 0.507849 0.241895
v 0.114669 0.507849 0.241895
v 0.119949 0.516838 0.173928
v 0.124549 0.513666 0.192615
v 0.122770 0.512292 0.206705
v 0.124855 0.514702 0.169426
v 0.124831 0.514654 0.169424
v 0.124831 0.514654 0.169424
v 0.122407 0.505109 0.239360
v 0.122407 0.505109 0.239360
v 0.125824 0.505852 0.231029
v 0.119934 0.502157 0.253184
v 0.119774 0.499926 0.258943
v 0.119774 0.499926 0.258943
v 0.126609 0.508363 0.220225
v 0.126431 0.508016 0.220152
v 0.131865 0.508540 0.213871
v 0.130986 0.507043 0.213627
v -0.229565 0.304377 0.256147
v -0.227938 0.341287 0.178601
v -0.212817 0.389269 0.224159
v -0.224736 0.326958 0.256434
v -0.221044 0.349383 0.247788
v -0.229079 0.304282 0.256090
v -0.224670 0.326945 0.256425
v -0.230184 0.294906 0.258707
v -0.230184 0.294906 0.258707
v -0.232211 0.283275 0.256795
v -0.232211 0.283275 0.256795
v -0.234208 0.276594 0.247659
v -0.233052 0.275149 0.258202
v -0.233052 0.275149 0.258202
v -0.234075 0.276576 0.247653
v -0.227783 0.304043 0.264240
v -0.228635 0.304183 0.264415
v -0.223607 0.322681 0.267463
v -0.224079 0.322775 0.267564
v -0.221070 0.349391 0.247797
v -0.220274 0.345671 0.257318
v -0.220333 0.345686 0.257328
v -0.222365 0.332923 0.262327
v -0.222365 0.332923 0.262327
v -0.234515 0.262887 0.256391
v -0.234896 0.262928 0.256433
v -0.208492 0.379353 0.275189
v -0.197842 0.403947 0.285114
v -0.197754 0.404366 0.285019
v -0.208557 0.379510 0.275529
v -0.213248 0.366282 0.266459
v -0.213248 0.366282 0.266459
v -0.194754 0.412428 0.284406
v -0.194754 0.412428 0.284406
v -0.188362 0.421485 0.297401
v -0.185991 0.422726 0.302289
v -0.185602 0.422548 0.302140
v -0.177795 0.431598 0.308574
v -0.177804 0.431616 0.308587
v -0.173743 0.436384 0.308860
v -0.173743 0.436384 0.308860
v -0.175261 0.431224 0.313927
v -0.175130 0.431134 0.313839
v -0.170431 0.439980 0.308895
v -0.170431 0.439980 0.308895
v -0.171413 0.434573 0.316370
v -0.171153 0.434365 0.316128
v 0.185271 0.451079 0.267506
v 0.186082 0.467278 0.204035
v 0.208560 0.432111 0.195367
v 0.195151 0.425605 0.280392
v 0.225549 0.389801 0.167641
v 0.218292 0.382289 0.247102
v 0.216507 0.356444 0.281050
v 0.233911 0.342863 0.200298
v 0.235701 0.280396 0.251317
v 0.234304 0.339837 0.129063
v 0.223201 0.247587 0.316998
v 0.199907 0.376270 0.309801
v 0.218767 0.394936 0.108627
v 0.207004 0.256579 0.343981
v 0.207104 0.277116 0.333814
v 0.197202 0.450046 0.137504
v 0.207292 0.238416 0.349669
v 0.175513 0.430709 0.317120
v 0.176064 0.440193 0.304663
v 0.205489 0.214532 0.359153
v 0.188325 0.383082 0.324317
v 0.203660 0.195449 0.362860
v 0.188202 0.383044 0.324233
v 0.208552 0.388245 0.070319
v 0.207251 0.277167 0.333941
v 0.203877 0.304862 0.328322
v 0.203877 0.304862 0.328322
v 0.203306 0.291740 0.333249
v 0.203245 0.291725 0.333202
v 0.207182 0.238395 0.349596
v 0.183731 0.396176 0.325022
v 0.183731 0.396176 0.325022
v 0.205217 0.214518 0.358964
v 0.206731 0.256489 0.343812
v 0.204234 0.244443 0.351582
v 0.204234 0.244443 0.351582
v 0.195676 0.346735 0.329245
v 0.194974 0.346548 0.328679
v 0.189499 0.369843 0.327863
v 0.189399 0.369824 0.327787
v 0.204247 0.222701 0.358341
v 0.176854 0.407804 0.329176
v 0.175378 0.430881 0.316886
v 0.203385 0.201073 0.362671
v 0.203385 0.201073 0.362671
v 0.185291 0.445040 0.082319
v 0.199750 0.416237 0.076500
v 0.201770 0.204145 0.365385
v 0.201618 0.204140 0.365262
v 0.166123 0.487841 0.151728
v 0.213906 0.361292 0.064230
v 0.203115 0.195517 0.362520
v 0.201996 0.407968 0.073905
v 0.175436 0.439699 0.304374
v 0.208065 0.388070 0.070527
v 0.199506 0.416139 0.076591
v 0.201898 0.407928 0.073948
v 0.167199 0.470758 0.091031
v 0.210316 0.373871 0.065213
v 0.210433 0.373910 0.065158
v 0.201691 0.402328 0.068451
v 0.201691 0.402328 0.068451
v 0.204304 0.392030 0.065591
v 0.204448 0.392082 0.065519
v 0.157532 0.484187 0.244329
v 0.171325 0.441831 0.307617
v 0.171325 0.441831 0.307617
v 0.186114 0.438159 0.077802
v 0.186880 0.438490 0.077308
v 0.184130 0.444279 0.082801
v 0.190565 0.428089 0.072954
v 0.190565 0.428089 0.072954
v 0.177420 0.452882 0.082718
v 0.153809 0.486411 0.103218
v 0.165709 0.448321 0.306428
v 0.165473 0.448057 0.306255
v 0.161768 0.462286 0.288206
v 0.177615 0.453114 0.082601
v 0.167414 0.466180 0.085169
v 0.166859 0.465630 0.085452
v 0.161670 0.462162 0.288143
v 0.160761 0.457509 0.297921
v 0.160761 0.457509 0.297921
v 0.166137 0.469719 0.091465
v 0.152235 0.490980 0.114892
v 0.152235 0.490980 0.114892
v 0.159422 0.477362 0.094868
v 0.159779 0.477757 0.094683
v 0.154155 0.467071 0.291127
v 0.153804 0.466562 0.290842
v 0.136255 0.508811 0.162334
v 0.153717 0.486311 0.103250
v 0.147437 0.477628 0.277052
v 0.147482 0.477698 0.277082
v 0.138328 0.506065 0.141038
v 0.146587 0.497286 0.123017
v 0.146587 0.497286 0.123017
v 0.146748 0.498994 0.131810
v 0.146748 0.498994 0.131810
v 0.137251 0.507747 0.154055
v 0.144091 0.497093 0.115241
v 0.144131 0.497154 0.115223
v 0.141270 0.503026 0.133686
v 0.141529 0.503446 0.133607
v 0.137214 0.507687 0.154059
v 0.136122 0.508593 0.162334
v 0.138258 0.505957 0.141052
v 0.133777 0.509075 0.146122
v 0.133928 0.509364 0.146097
v 0.140206 0.485114 0.272320
v 0.139789 0.484434 0.271988
v 0.134164 0.490437 0.264965
v 0.134164 0.490437 0.264965
v 0.126965 0.513475 0.159245
v 0.126965 0.513475 0.159245
v 0.127148 0.493696 0.266020
v 0.127148 0.493696 0.266020
v 0.204884 0.136255 0.275893
v 0.222773 0.175377 0.290006
v 0.206463 0.130034 0.213460
v 0.204865 0.136267 0.275936
v 0.205685 0.130481 0.213054
v 0.207533 0.145603 0.295163
v 0.205299 0.140681 0.289766
v 0.205299 0.140681 0.289766
v 0.231539 0.181662 0.169803
v 0.207307 0.145727 0.295122
v 0.209044 0.131597 0.202390
v 0.208973 0.131610 0.202406
v 0.208863 0.157746 0.317012
v 0.208289 0.152756 0.308372
v 0.208289 0.152756 0.308372
v 0.225525 0.150780 0.168207
v 0.205205 0.145686 0.305107
v 0.205205 0.145686 0.305107
v 0.208935 0.157701 0.317040
v 0.208862 0.165609 0.329334
v 0.234325 0.224582 0.268517
v 0.205830 0.171664 0.345735
v 0.219645 0.206912 0.333333
v 0.210993 0.128529 0.191638
v 0.217272 0.127572 0.176496
v 0.217076 0.127626 0.176434
v 0.235700 0.190125 0.093704
v 0.236696 0.130696 0.121133
v 0.239647 0.291553 0.142869
v 0.225342 0.113592 0.155528
v 0.237531 0.153181 0.096387
v 0.247968 0.090336 0.078678
v 0.240009 0.123593 0.074559
v 0.229711 0.323575 0.086955
v 0.248683 0.074139 0.108705
v 0.224986 0.113688 0.155422
v 0.237418 0.082587 0.132717
v 0.221492 0.127653 0.166682
v 0.221492 0.127653 0.166682
v 0.219122 0.123120 0.169771
v 0.219122 0.123120 0.169771
v 0.221916 0.121382 0.163469
v 0.221918 0.121377 0.163466
v 0.226493 0.101619 0.151058
v 0.226493 0.101619 0.151058
v 0.226493 0.101619 0.151058
v 0.257115 0.068022 0.083021
v 0.231995 0.088154 0.141040
v 0.237179 0.082586 0.132625
v 0.245832 0.074384 0.116775
v 0.245675 0.074327 0.116728
v 0.226435 0.184967 0.051990
v 0.248817 0.074165 0.108746
v 0.228698 0.126344 0.035759
v 0.238962 0.076642 0.130759
v 0.238962 0.076642 0.130759
v 0.232449 0.108045 0.033768
v 0.242542 0.071535 0.125995
v 0.242542 0.071535 0.125995
v 0.250796 0.069384 0.108023
v 0.250796 0.069384 0.108023
v 0.231937 0.088163 0.141021
v 0.212725 0.124093 0.183297
v 0.212725 0.124093 0.183297
v 0.206048 0.184860 0.354005
v 0.216785 0.331431 0.056087
v 0.246225 0.075362 0.041832
v 0.216926 0.261402 0.041655
v 0.253868 0.064345 0.104329
v 0.254132 0.064484 0.104424
v 0.255065 0.060477 0.039890
v 0.210869 0.128578 0.191583
v 0.208836 0.165621 0.329330
v 0.215138 0.347508 0.059724
v 0.228754 0.126733 0.035671
v 0.246477 0.075488 0.041659
v 0.206472 0.184654 0.354239
v 0.237768 0.087076 0.034990
v 0.216460 0.331380 0.056225
v 0.215356 0.339606 0.056931
v 0.215356 0.339606 0.056931
v 0.215045 0.347486 0.059766
v 0.253461 0.061668 0.109761
v 0.253461 0.061668 0.109761
v 0.213651 0.361227 0.064338
v 0.219238 0.203409 0.038429
v 0.219581 0.203523 0.038256
v 0.217191 0.236729 0.039117
v 0.217369 0.236748 0.039023
v 0.216621 0.261268 0.041808
v 0.220737 0.172806 0.035742
v 0.220750 0.172811 0.035739
v 0.231524 0.108369 0.034137
v 0.237686 0.087048 0.035029
v 0.201982 0.191997 0.363379
v 0.201982 0.191997 0.363379
v 0.216915 0.169510 0.026989
v 0.216683 0.169499 0.027173
v 0.211518 0.360112 0.059135
v 0.211801 0.360195 0.058994
v 0.213604 0.327594 0.049398
v 0.214224 0.327683 0.049049
v 0.213912 0.304230 0.044701
v 0.215936 0.302456 0.043279
v 0.208006 0.157750 0.323171
v 0.207136 0.158208 0.322847
v 0.204598 0.177343 0.351293
v 0.204598 0.177343 0.351293
v 0.205195 0.171922 0.345463
v 0.200232 0.185826 0.363942
v 0.200204 0.185845 0.363922
v 0.203091 0.166208 0.344096
v 0.203091 0.166208 0.344096
v 0.261703 0.052860 0.102331
v 0.256545 0.056058 0.105498
v 0.257867 0.056846 0.106150
v 0.206715 0.119826 0.192085
v 0.206710 0.119705 0.192070
v 0.211051 0.119603 0.183605
v 0.210978 0.119624 0.183566
v 0.205193 0.113533 0.189795
v 0.205529 0.114251 0.189951
v 0.205529 0.114251 0.189951
v 0.197775 0.193251 0.369586
v 0.197775 0.193251 0.369586
v 0.261949 0.052376 0.102140
v 0.270225 0.042431 0.099558
v 0.269876 0.042187 0.099430
v 0.280492 0.037007 0.072078
v 0.303667 -0.021255 0.102066
v 0.312230 -0.037828 0.098495
v 0.326426 -0.060231 0.073324
v 0.341779 -0.109507 0.077837
v 0.345979 -0.146076 0.089194
v 0.339236 -0.118911 0.096170
v 0.337593 -0.106820 0.092495
v 0.337295 -0.107200 0.092843
v 0.327996 -0.077526 0.096976
v 0.345276 -0.146153 0.089033
v 0.332824 -0.091457 0.094938
v 0.332824 -0.091457 0.094938
v 0.332824 -0.091457 0.094938
v 0.339295 -0.118899 0.096192
v 0.334828 -0.101867 0.097648
v 0.334828 -0.101867 0.097648
v 0.328121 -0.077504 0.097012
v 0.323831 -0.068726 0.101170
v 0.323903 -0.068715 0.101204
v 0.344196 -0.153773 0.093217
v 0.312010 -0.037906 0.098432
v 0.334478 -0.087003 0.049673
v 0.344944 -0.174827 0.091412
v 0.344202 -0.153773 0.093223
v 0.290890 0.006837 0.038956
v 0.303230 -0.021498 0.101911
v 0.343766 -0.164752 0.094975
v 0.343766 -0.164752 0.094975
v 0.280702 0.024231 0.099461
v 0.280857 0.024309 0.099522
v 0.344790 -0.174820 0.091369
v 0.340911 -0.124774 0.035967
v 0.277439 0.027321 0.103115
v 0.277497 0.027356 0.103143
v 0.341336 -0.199480 0.095309
v 0.340785 -0.124800 0.036005
v 0.343425 -0.178179 0.095066
v 0.343865 -0.178203 0.095234
v 0.340785 -0.199203 0.095031
v 0.271887 0.036137 0.103839
v 0.271887 0.036137 0.103839
v 0.340981 -0.131786 0.032181
v 0.262397 0.052268 0.038665
v 0.326827 -0.082940 0.032341
v 0.337908 -0.117067 0.032574
v 0.337425 -0.117222 0.032757
v 0.340961 -0.131785 0.032184
v 0.280567 0.023360 0.037138
v 0.290381 0.004809 0.039482
v 0.331337 -0.094419 0.034060
v 0.331337 -0.094419 0.034060
v 0.341844 -0.138750 0.031737
v 0.341844 -0.138750 0.031737
v 0.341067 -0.199364 0.095646
v 0.326852 -0.082939 0.032312
v 0.342043 -0.204462 0.089983
v 0.342043 -0.204462 0.089983
v 0.317786 -0.056313 0.038491
v 0.317800 -0.056311 0.038485
v 0.281815 0.022054 0.036829
v 0.274713 0.033535 0.037250
v 0.267147 0.042716 0.035645
v 0.248946 0.063671 0.034574
v 0.254706 0.060129 0.040001
v 0.253758 0.058360 0.035617
v 0.253758 0.058360 0.035617
v 0.261533 0.051823 0.039052
v -0.080368 0.477574 0.027950
v -0.042553 0.505686 0.048242
v -0.030272 0.460902 -0.004879
v 0.008921 0.486899 0.017006
v -0.004903 0.523335 0.071573
v 0.034654 0.517872 0.062600
v 0.042123 0.442516 -0.019252
v 0.065068 0.481141 0.020075
v -0.066767 0.441253 -0.009310
v 0.021451 0.421888 -0.034481
v -0.035497 0.400417 -0.041383
v 0.077158 0.515175 0.075706
v 0.104158 0.492037 0.053393
v 0.092679 0.434721 -0.008527
v 0.121982 0.461521 0.028523
v 0.061070 0.392338 -0.041700
v 0.001056 0.368631 -0.057871
v 0.041320 0.345382 -0.062125
v 0.014688 0.296873 -0.075968
v 0.117769 0.507016 0.093833
v -0.267665 0.041777 0.052773
v -0.268237 0.042584 0.058090
v -0.267870 0.042335 0.058125
v -0.267422 0.041591 0.052839
v -0.259471 0.042498 0.033114
v -0.239678 0.075935 0.046832
v -0.269659 0.035522 0.046461
v -0.269659 0.035522 0.046461
v -0.273633 0.024554 0.038475
v -0.273987 0.028766 0.046880
v -0.273987 0.028766 0.046880
v -0.229253 0.064624 0.017943
v -0.277867 0.020522 0.041285
v -0.277117 0.020183 0.041522
v -0.273524 0.024476 0.038525
v -0.277720 0.015698 0.036199
v -0.277654 0.015658 0.036237
v -0.276361 0.012797 0.030694
v -0.277212 0.013227 0.030170
v -0.256234 0.020023 0.008681
v -0.213659 0.098290 0.013515
v -0.303379 -0.041141 0.031748
v -0.303716 -0.041006 0.031549
v -0.310698 -0.058190 0.029382
v -0.310698 -0.058190 0.029382
v -0.326211 -0.116998 0.011386
v -0.318303 -0.073074 0.029969
v -0.318468 -0.072977 0.029886
v -0.323783 -0.089820 0.025081
v -0.323706 -0.089817 0.025137
v -0.328984 -0.103013 0.025976
v -0.329929 -0.102350 0.025445
v -0.332404 -0.125133 0.018736
v -0.332326 -0.125223 0.018921
v -0.328497 -0.123430 0.014057
v -0.328497 -0.123430 0.014057
v -0.325432 -0.118090 0.012277
v -0.330226 -0.137776 0.011383
v -0.330158 -0.137786 0.011431
v -0.309138 -0.130260 -0.005591
v -0.285596 -0.060488 0.000627
v -0.246203 -0.005852 -0.008463
v -0.212457 -0.013310 -0.024851
v -0.174720 0.044604 -0.036539
v -0.201111 0.043514 -0.017576
v -0.167352 0.140981 -0.024311
v -0.195555 -0.041185 -0.034614
v -0.136079 -0.037691 -0.072469
v -0.112924 -0.184758 -0.130094
v -0.122965 -0.088974 -0.090986
v -0.116764 0.073277 -0.065637
v -0.115328 0.225909 -0.051161
v -0.122109 0.326562 -0.032893
v -0.144297 0.279902 -0.026289
v -0.163945 0.364528 0.009926
v -0.179723 0.307497 0.009183
v -0.137658 0.410905 0.008519
v -0.329552 -0.142699 0.008523
v -0.321538 -0.179927 -0.001570
v -0.090021 0.387399 -0.029954
v -0.068731 0.282766 -0.066016
v -0.073891 0.039914 -0.085988
v -0.066676 0.367108 -0.046211
v -0.218084 -0.041364 -0.019774
v -0.081100 -0.161299 -0.132973
v -0.106839 0.436467 0.004684
v -0.297098 -0.172175 -0.012816
v -0.330504 -0.158249 0.008135
v -0.330504 -0.158249 0.008135
v -0.257684 -0.062502 -0.010166
v -0.329100 -0.142782 0.008946
v -0.081259 -0.075824 -0.102161
v -0.331350 -0.167016 0.008658
v -0.331350 -0.167016 0.008658
v -0.310473 -0.212555 -0.002950
v -0.270919 -0.090110 -0.010469
v -0.031871 0.021830 -0.097293
v -0.029935 0.230914 -0.080948
v -0.332515 -0.147206 0.012339
v -0.332515 -0.147206 0.012339
v -0.036094 -0.079733 -0.113554
v -0.032418 0.316756 -0.068249
v -0.329379 -0.205675 0.010322
v -0.042067 -0.143944 -0.134853
v -0.334155 -0.154282 0.013467
v -0.334155 -0.154282 0.013467
v -0.290144 -0.199531 -0.010929
v -0.334436 -0.178729 0.012824
v -0.334995 -0.178819 0.012467
v -0.325566 -0.213800 0.009060
v -0.330464 -0.203806 0.011152
v 0.009006 -0.052521 -0.111572
v 0.015204 -0.103728 -0.125054
v 0.011995 0.228171 -0.083741
v 0.028845 0.058428 -0.096914
v -0.334663 -0.198744 0.014995
v -0.333706 -0.198585 0.015606
v 0.016529 -0.166850 -0.150641
v -0.325453 -0.213804 0.009178
v -0.290108 -0.199508 -0.010627
v -0.301077 -0.236474 0.002494
v -0.293955 -0.213042 -0.007597
v -0.293878 -0.212760 -0.007136
v -0.295434 -0.230029 -0.001184
v -0.300956 -0.236369 0.002463
v -0.285966 -0.192329 -0.011356
v -0.285966 -0.192329 -0.011356
v -0.306405 -0.242081 0.008311
v -0.306405 -0.242081 0.008311
v -0.320939 -0.232056 0.011045
v -0.319444 -0.231700 0.012325
v -0.295512 -0.230345 -0.002097
v -0.312314 -0.240616 0.011257
v -0.312314 -0.240616 0.011257
v -0.284765 -0.200732 -0.010116
v -0.284765 -0.200732 -0.010116
v 0.199239 0.034723 -0.026448
v 0.224840 0.057971 0.001380
v 0.216753 -0.007600 -0.024794
v 0.153260 0.125651 -0.045203
v 0.173776 0.273142 -0.012058
v 0.113297 0.278343 -0.052845
v 0.149638 0.332679 -0.020019
v 0.158977 -0.054387 -0.069446
v 0.207614 -0.035632 -0.030902
v 0.196085 -0.062432 -0.039754
v 0.185757 0.342659 0.013180
v 0.165596 -0.114890 -0.080172
v 0.112468 0.027186 -0.079447
v 0.123307 -0.087026 -0.097683
v 0.096586 0.333467 -0.050035
v 0.150337 0.380929 -0.004454
v 0.113019 -0.169049 -0.130337
v 0.255187 -0.004402 -0.006190
v 0.279501 -0.057322 -0.003091
v 0.306283 -0.128368 -0.005631
v 0.318815 -0.127755 0.000767
v 0.066080 0.010031 -0.097003
v 0.074010 0.291553 -0.066326
v 0.062005 0.224788 -0.077901
v 0.163254 -0.247884 -0.126529
v 0.133867 -0.225231 -0.142330
v 0.120645 0.410190 -0.009592
v 0.265642 0.018808 0.011153
v 0.100938 -0.230041 -0.167522
v 0.197023 0.141239 -0.004997
v 0.198929 -0.101380 -0.043187
v 0.143844 -0.295694 -0.167999
v 0.230202 0.081430 0.018604
v 0.227248 -0.047478 -0.017459
v 0.074218 -0.084712 -0.112962
v 0.163650 0.424456 0.030875
v 0.296445 -0.155641 -0.011122
v 0.296436 -0.155639 -0.011135
v 0.222762 -0.061273 -0.012448
v 0.076523 -0.203031 -0.162239
v 0.114031 -0.271629 -0.188785
v 0.269549 -0.087413 -0.008787
v 0.052764 -0.155187 -0.141797
v 0.326989 -0.102871 0.018867
v 0.249048 0.063754 0.034506
v 0.191528 0.403025 0.048143
v 0.219037 -0.102936 -0.013753
v 0.235696 -0.046298 -0.015495
v 0.254801 -0.062924 -0.010447
v 0.260580 -0.071510 -0.009376
v 0.282850 -0.111929 -0.009758
v 0.282767 -0.111966 -0.008970
v 0.228132 -0.055689 -0.014069
v 0.223883 -0.208432 -0.037256
v 0.227256 -0.047543 -0.017299
v 0.228235 -0.055514 -0.014374
v 0.267810 0.042911 0.035085
v 0.244893 -0.053103 -0.012857
v 0.244893 -0.053103 -0.012857
v 0.249548 -0.063091 -0.011010
v 0.249548 -0.063097 -0.011099
v 0.254806 -0.062927 -0.010470
v 0.260580 -0.071504 -0.009401
v 0.235702 -0.046301 -0.015506
v 0.228828 -0.091532 0.004663
v 0.052760 -0.223101 -0.187790
v 0.082539 -0.271849 -0.222849
v 0.269486 -0.087393 -0.008200
v 0.262294 -0.078752 -0.009065
v 0.262290 -0.078738 -0.009246
v 0.288736 -0.138161 -0.010662
v 0.288754 -0.138175 -0.010851
v 0.223447 -0.061826 -0.014130
v 0.149186 0.466966 0.059349
v 0.232016 -0.053567 -0.014490
v 0.232016 -0.053567 -0.014490
v 0.227442 -0.083346 0.000043
v 0.233270 -0.112385 0.007481
v 0.085666 -0.304114 -0.260333
v -0.265702 -0.274574 0.100042
v -0.265724 -0.274383 0.100351
v -0.265219 -0.278087 0.079111
v -0.265872 -0.279356 0.078139
v -0.277530 -0.275552 0.102021
v -0.292715 -0.284079 0.089608
v -0.278311 -0.282506 0.086908
v -0.287384 -0.284229 0.090277
v -0.274292 -0.282540 0.084432
v -0.273937 -0.283748 0.084922
v -0.270604 -0.280432 0.077581
v -0.269968 -0.280836 0.077722
v -0.270089 -0.282385 0.071760
v -0.271155 -0.280520 0.068044
v -0.278466 -0.282821 0.086709
v -0.297269 -0.283583 0.090732
v -0.299016 -0.284297 0.092831
v -0.284898 -0.268637 0.112654
v -0.281114 -0.273335 0.108183
v -0.304453 -0.270147 0.101936
v -0.285581 -0.269222 0.113088
v -0.303316 -0.280215 0.087060
v -0.303438 -0.280294 0.087180
v -0.303043 -0.274395 0.096736
v -0.303043 -0.274395 0.096736
v -0.304303 -0.269887 0.101743
v -0.264280 -0.281201 0.059840
v -0.307684 -0.274918 0.093474
v -0.307003 -0.274149 0.092991
v -0.292874 -0.284442 0.090222
v -0.287374 -0.284235 0.090443
v -0.280230 -0.272646 0.108153
v -0.293780 -0.289657 0.088949
v -0.293657 -0.289435 0.088490
v -0.290199 -0.303887 0.084601
v -0.289390 -0.303879 0.083053
v -0.285891 -0.296758 0.087040
v -0.285108 -0.309493 0.080628
v -0.285108 -0.309493 0.080628
v -0.285922 -0.296674 0.086787
v -0.281493 -0.311358 0.080167
v -0.281748 -0.311157 0.079291
v -0.281188 -0.319622 0.074535
v -0.281085 -0.321883 0.072988
v -0.284510 -0.319000 0.074302
v -0.284624 -0.320124 0.075482
v -0.280906 -0.321201 0.072033
v -0.284412 -0.291415 0.087993
v -0.284412 -0.291415 0.087993
v -0.264667 -0.284794 0.111248
v -0.276338 -0.281343 0.114516
v -0.276082 -0.281351 0.114812
v -0.265079 -0.288179 0.115918
v -0.265771 -0.285858 0.110676
v -0.264455 -0.288252 0.116034
v -0.264201 -0.276493 0.101027
v -0.264453 -0.276663 0.100880
v -0.148285 0.183857 0.413347
v -0.181902 0.180274 0.387748
v -0.140143 0.185367 0.418116
v -0.129189 0.148595 0.411362
v -0.097950 0.166727 0.435079
v -0.123663 0.183467 0.426895
v -0.063874 0.147231 0.439155
v -0.136406 0.117427 0.383470
v -0.075711 0.108935 0.410388
v -0.066315 0.178810 0.448880
v -0.015577 0.118800 0.431525
v -0.010476 0.137960 0.443319
v -0.081999 0.180170 0.443850
v -0.078270 0.084362 0.380654
v -0.031868 0.093956 0.407569
v -0.021208 0.174352 0.455962
v -0.038718 0.170643 0.452518
v -0.066260 0.178453 0.448301
v -0.165384 0.185313 0.401261
v -0.123586 0.183494 0.426732
v -0.038707 0.170662 0.452444
v -0.081966 0.180185 0.443757
v -0.147979 0.183959 0.412903
v -0.165447 0.185317 0.401329
v -0.180955 0.180735 0.386713
v -0.139969 0.185422 0.417836
v -0.105660 0.186601 0.435361
v -0.106163 0.186509 0.436096
v -0.138533 0.190557 0.419638
v -0.138608 0.190580 0.419762
v -0.048312 0.178621 0.453057
v -0.130491 0.084266 0.337041
v -0.192098 0.180090 0.374604
v -0.158245 0.187140 0.406416
v -0.158245 0.187140 0.406416
v -0.192344 0.180010 0.374883
v -0.182444 0.186721 0.387011
v -0.182444 0.186721 0.387011
v -0.177377 0.190331 0.392241
v -0.177763 0.190283 0.392700
v -0.072706 0.182473 0.447032
v -0.072706 0.182473 0.447032
v -0.046673 0.177828 0.452583
v -0.082337 0.185205 0.444426
v -0.082389 0.185197 0.444612
v 0.129477 0.158933 0.414299
v 0.132457 0.181735 0.419760
v 0.145622 0.183278 0.411788
v 0.171990 0.188861 0.395608
v 0.132225 0.181834 0.419162
v 0.060086 0.137122 0.433544
v 0.116393 0.126510 0.402372
v 0.067246 0.181979 0.447368
v 0.033884 0.101896 0.414902
v 0.122030 0.184714 0.425320
v 0.121925 0.184717 0.425207
v 0.021381 0.179486 0.456304
v 0.033489 0.181710 0.453703
v 0.066733 0.182144 0.446226
v 0.096656 0.186885 0.436636
v 0.106538 0.185055 0.432276
v 0.096359 0.186626 0.436306
v 0.033464 0.181734 0.453536
v 0.021174 0.179747 0.454913
v 0.049140 0.185271 0.450942
v 0.049140 0.185271 0.450942
v 0.037882 0.185280 0.453152
v 0.037882 0.185280 0.453152
v 0.145575 0.183294 0.411709
v 0.051979 0.191353 0.450393
v 0.057754 0.187388 0.449085
v 0.057754 0.187388 0.449085
v -0.009708 0.176099 0.456016
v -0.009708 0.176099 0.456016
v 0.014775 0.184664 0.456606
v 0.014754 0.184706 0.456261
v -0.008709 0.180962 0.456745
v -0.008709 0.180962 0.456745
v -0.021146 0.174543 0.455196
v -0.017168 0.180618 0.456451
v -0.017168 0.180618 0.456451
v -0.026049 0.178868 0.455598
v -0.026049 0.178868 0.455598
v -0.035664 0.177466 0.454291
v -0.035664 0.177466 0.454291
v 0.177528 0.183399 0.388529
v 0.177528 0.183399 0.388529
v 0.177528 0.183399 0.388529
v 0.171979 0.171482 0.388813
v 0.163288 0.155643 0.388328
v 0.186206 0.163211 0.370373
v 0.173008 0.173275 0.388895
v 0.186011 0.188254 0.382291
v 0.152704 0.122309 0.371127
v 0.106391 0.099732 0.382539
v 0.139304 0.091774 0.340477
v 0.179335 0.122120 0.335410
v 0.071537 0.097199 0.399096
v 0.153455 0.189836 0.407947
v 0.185866 0.188287 0.382160
v 0.171504 0.188977 0.395085
v 0.153483 0.189840 0.408007
v 0.177613 0.191808 0.390196
v 0.085995 0.078965 0.364748
v 0.195400 0.186897 0.370922
v 0.195400 0.186897 0.370922
v 0.002832 0.074218 0.385284
v 0.161147 0.093321 0.296764
v 0.193362 0.190510 0.374669
v 0.193240 0.190529 0.374561
v 0.188350 0.116483 0.291481
v 0.154084 0.081345 0.230219
v 0.139885 0.067525 0.225443
v 0.117461 0.059021 0.233901
v 0.086086 0.050658 0.242767
v 0.189811 0.109657 0.214260
v 0.173013 0.082741 0.210706
v 0.151243 0.071513 0.221311
v 0.151243 0.071513 0.221311
v 0.140288 0.066942 0.225983
v 0.117592 0.058828 0.234146
v 0.105575 0.054811 0.237509
v 0.105575 0.054811 0.237509
v 0.105575 0.054811 0.237509
v 0.173641 0.083569 0.210509
v 0.042098 0.043110 0.249938
v 0.182015 0.089596 0.205600
v 0.182015 0.089596 0.205600
v 0.086051 0.050512 0.242953
v 0.196555 0.104037 0.196984
v 0.196404 0.104083 0.196960
v 0.196827 0.104382 0.195942
v 0.188380 0.096590 0.202767
v 0.188199 0.096675 0.202621
v 0.196644 0.100167 0.194404
v 0.196644 0.100167 0.194404
v 0.140335 0.062828 0.223558
v 0.140335 0.062828 0.223558
v 0.100178 0.052037 0.238197
v 0.106204 0.051773 0.236025
v 0.100178 0.052037 0.238197
v 0.161389 0.073261 0.214278
v 0.159913 0.072518 0.215629
v 0.063264 0.043589 0.246565
v 0.063361 0.043379 0.246974
v 0.117594 0.055579 0.232202
v 0.117634 0.055537 0.232278
v 0.041991 0.043042 0.250010
v 0.063106 0.043604 0.245979
v 0.032171 0.040746 0.250297
v 0.032171 0.040746 0.250297
v -0.008242 0.051683 0.316788
v -0.053853 0.064070 0.350306
v -0.074525 0.059783 0.314352
v -0.116954 0.071639 0.306946
v -0.092738 0.060158 0.255382
v -0.025529 0.049838 0.261452
v 0.037956 0.050667 0.260762
v 0.065717 0.056983 0.311525
v 0.014227 0.059870 0.353192
v 0.098564 0.061242 0.251000
v 0.085105 0.068034 0.340377
v 0.127082 0.074274 0.298126
v -0.142961 0.078393 0.242729
v -0.259564 -0.328975 0.134520
v -0.245579 -0.309331 0.173558
v -0.218989 -0.084196 0.156157
v -0.227960 -0.224929 0.194142
v -0.222348 -0.285465 0.218040
v -0.202502 -0.067308 0.183725
v -0.193759 -0.184831 0.242140
v -0.251814 -0.381003 0.137966
v -0.242395 -0.455417 0.083481
v -0.242412 -0.455421 0.083480
v -0.240860 -0.464621 0.086915
v -0.240447 -0.464532 0.086807
v -0.241741 -0.461983 0.080458
v -0.241741 -0.461983 0.080458
v -0.239448 -0.471783 0.086523
v -0.239490 -0.471784 0.086524
v -0.237247 -0.477509 0.092377
v -0.237209 -0.477507 0.092370
v -0.234682 -0.478759 0.099386
v -0.234682 -0.478759 0.099386
v -0.230667 -0.462176 0.119816
v -0.226286 -0.487773 0.113124
v -0.238521 -0.349638 0.182889
v -0.228324 -0.384962 0.183095
v -0.228093 -0.490081 0.108649
v -0.229135 -0.490104 0.109228
v -0.214214 -0.449398 0.154392
v -0.201320 -0.338198 0.237747
v -0.214990 -0.482680 0.125841
v -0.216624 -0.468950 0.133858
v -0.226693 -0.487935 0.113267
v -0.216552 -0.468893 0.133785
v -0.178355 -0.357556 0.250292
v -0.190961 -0.375831 0.228717
v -0.207751 -0.400979 0.194286
v -0.213402 -0.449062 0.153519
v -0.155469 -0.337183 0.278391
v -0.207771 -0.400168 0.196086
v -0.199856 -0.384838 0.214147
v -0.199856 -0.384838 0.214147
v -0.190844 -0.375760 0.228587
v -0.190844 -0.375760 0.228587
v -0.184850 -0.368523 0.238241
v -0.184850 -0.368523 0.238241
v -0.189502 -0.389308 0.219517
v -0.190829 -0.382825 0.223968
v -0.190829 -0.382825 0.223968
v -0.214974 -0.482677 0.125825
v -0.213059 -0.478413 0.130035
v -0.213292 -0.478599 0.130312
v -0.211445 -0.457383 0.149392
v -0.212566 -0.454228 0.150593
v -0.212662 -0.454416 0.150929
v -0.211360 -0.457468 0.149608
v -0.213696 -0.472855 0.133509
v -0.213669 -0.472827 0.133481
v -0.178283 -0.357515 0.250212
v -0.154436 -0.331539 0.280398
v -0.177163 -0.363663 0.247628
v -0.177163 -0.363663 0.247628
v -0.138679 -0.304957 0.299019
v -0.155006 -0.336919 0.277758
v -0.205143 -0.486049 0.131388
v -0.147702 -0.316758 0.289701
v -0.154420 -0.331536 0.280381
v -0.205044 -0.486109 0.131631
v -0.222897 -0.490710 0.119835
v -0.218424 -0.488794 0.122974
v -0.218424 -0.488794 0.122974
v -0.147647 -0.316736 0.289617
v -0.225431 -0.490845 0.112774
v -0.224955 -0.490081 0.116035
v -0.227785 -0.491874 0.113084
v -0.140321 -0.314558 0.294890
v -0.140401 -0.314598 0.295022
v -0.138360 -0.304854 0.298514
v -0.222369 -0.491086 0.119623
v -0.128498 -0.201102 0.307943
v -0.086557 -0.222734 0.331179
v -0.155672 -0.291661 0.291256
v -0.106411 -0.292482 0.318742
v -0.095676 -0.158638 0.319094
v -0.160791 -0.208492 0.283580
v -0.136245 -0.119363 0.281691
v -0.077212 -0.111849 0.314230
v -0.190074 -0.277751 0.260914
v -0.104735 -0.097780 0.294464
v -0.170739 -0.138626 0.255609
v -0.165059 -0.032559 0.217897
v -0.192792 -0.019748 0.190861
v -0.172361 0.030600 0.200103
v -0.183519 -0.052240 0.205467
v -0.225329 0.003274 0.163444
v -0.293044 -0.061534 0.136621
v -0.136378 -0.033314 0.239759
v -0.311715 -0.149844 0.135793
v -0.123660 -0.000391 0.234031
v -0.135471 0.035101 0.220812
v -0.330104 -0.187684 0.119833
v -0.066168 -0.053944 0.290230
v -0.078009 -0.015204 0.259059
v -0.331223 -0.165688 0.117626
v -0.331223 -0.165688 0.117626
v -0.328555 -0.192853 0.120002
v -0.331906 -0.178419 0.116309
v -0.332107 -0.178403 0.116447
v -0.332956 -0.158159 0.114910
v -0.332956 -0.158159 0.114910
v -0.029294 -0.174840 0.344283
v -0.130700 -0.299029 0.304405
v -0.051874 0.019982 0.248805
v -0.316029 -0.212143 0.126363
v -0.320053 -0.207308 0.124341
v -0.320053 -0.207308 0.124341
v -0.328015 -0.197305 0.118868
v -0.044569 -0.201595 0.342743
v -0.130627 -0.299007 0.304281
v -0.133989 -0.304947 0.301099
v -0.134065 -0.304982 0.301233
v -0.030461 -0.097289 0.322718
v -0.069586 -0.246029 0.336290
v -0.069581 -0.246034 0.336259
v -0.077368 -0.258026 0.332991
v -0.077368 -0.258026 0.332991
v -0.090245 -0.272980 0.327236
v -0.090201 -0.272969 0.327128
v -0.120976 -0.296734 0.309842
v -0.120976 -0.296734 0.309842
v -0.123291 -0.301971 0.307583
v -0.123341 -0.301996 0.307684
v -0.106100 -0.292547 0.317833
v -0.109908 -0.297492 0.315023
v -0.109908 -0.297492 0.315023
v -0.324690 -0.206673 0.120168
v -0.325244 -0.206833 0.120624
v -0.328575 -0.203687 0.116739
v -0.044454 -0.201635 0.342250
v -0.046259 -0.223585 0.342607
v -0.046297 -0.223583 0.342766
v -0.058110 -0.237530 0.339720
v -0.058218 -0.237531 0.340210
v -0.089557 -0.280541 0.326364
v -0.089557 -0.280541 0.326364
v -0.089590 -0.280554 0.326455
v -0.038407 -0.191723 0.342746
v -0.038407 -0.191723 0.342746
v -0.032484 -0.184202 0.343098
v -0.032484 -0.184202 0.343098
v -0.316049 -0.212178 0.126383
v -0.010283 -0.141237 0.338774
v -0.094614 -0.290367 0.322821
v -0.094614 -0.290367 0.322821
v -0.015742 -0.158511 0.341759
v -0.028875 -0.175176 0.342592
v -0.011524 -0.047274 0.298754
v -0.032714 -0.001851 0.261304
v -0.037217 -0.204954 0.343954
v -0.037217 -0.204954 0.343954
v -0.025385 -0.182263 0.344019
v -0.025393 -0.182256 0.344084
v -0.021677 -0.175225 0.343625
v -0.021677 -0.175225 0.343625
v -0.015743 -0.158535 0.341732
v -0.010250 -0.141346 0.338383
v -0.319213 -0.215333 0.122157
v -0.319269 -0.215366 0.122218
v 0.003320 -0.114372 0.331395
v 0.028413 -0.003611 0.264377
v -0.004390 -0.144253 0.339448
v -0.004390 -0.144253 0.339448
v 0.003905 -0.137987 0.338240
v 0.003909 -0.137963 0.338315
v 0.003301 -0.114429 0.331248
v 0.012007 -0.073008 0.313940
v 0.004788 0.028140 0.250562
v 0.003910 -0.104432 0.327750
v 0.003908 -0.104459 0.327679
v 0.022282 0.013882 0.254297
v 0.004786 0.028143 0.250587
v 0.014975 0.021706 0.251534
v 0.014975 0.021706 0.251534
v 0.020336 0.027784 0.249936
v 0.020336 0.027784 0.249936
v 0.009001 -0.111755 0.330077
v 0.009001 -0.111755 0.330077
v 0.009331 -0.094134 0.323340
v 0.009331 -0.094134 0.323340
v 0.014830 -0.080555 0.316875
v 0.014854 -0.080448 0.317077
v 0.013650 -0.103661 0.326801
v 0.013650 -0.103661 0.326801
v 0.013650 -0.103661 0.326801
v 0.021555 0.018581 0.252177
v 0.021555 0.018581 0.252177
v 0.025060 0.021700 0.250914
v 0.025089 0.021787 0.251224
v 0.022281 0.013738 0.254044
v 0.024692 0.004945 0.258323
v 0.027544 0.008298 0.256176
v 0.027544 0.008298 0.256176
v 0.024692 0.004943 0.258318
v 0.011984 -0.073294 0.313432
v 0.011643 -0.053002 0.302005
v 0.011644 -0.053017 0.302110
v 0.028139 -0.003126 0.263105
v 0.014346 -0.042897 0.294990
v 0.014346 -0.042897 0.294990
v 0.013213 -0.036952 0.291120
v 0.013201 -0.037099 0.290929
v 0.026183 -0.017069 0.273743
v 0.025962 -0.017003 0.273640
v 0.028266 -0.027208 0.281520
v 0.028305 -0.027039 0.281752
v 0.022042 -0.037363 0.290133
v 0.022085 -0.037170 0.290401
v -0.239356 -0.519892 0.057600
v -0.228145 -0.509373 0.124599
v -0.222650 -0.511072 0.142485
v -0.223405 -0.510516 0.143277
v -0.217271 -0.498590 0.133995
v -0.221368 -0.521765 0.152471
v -0.221691 -0.520750 0.151850
v -0.219629 -0.492046 0.123873
v -0.219629 -0.492046 0.123873
v -0.217757 -0.503836 0.139884
v -0.217247 -0.500667 0.134765
v -0.216708 -0.499769 0.134534
v -0.217693 -0.503924 0.139842
v -0.217693 -0.503924 0.139842
v -0.227976 -0.527112 0.117673
v -0.230301 -0.527615 0.141075
v -0.237609 -0.504987 0.089552
v -0.274673 -0.292474 0.036299
v -0.283278 -0.282113 0.037784
v -0.288854 -0.271622 0.025527
v -0.283318 -0.282217 0.037813
v -0.273512 -0.291477 0.036159
v -0.285393 -0.281087 0.040604
v -0.276663 -0.279483 0.019668
v -0.277317 -0.258684 0.013898
v -0.308677 -0.267314 0.026811
v -0.300274 -0.256552 0.013465
v -0.300239 -0.281950 0.044240
v -0.294012 -0.302115 0.052865
v -0.281201 -0.321448 0.065286
v -0.281259 -0.320132 0.065461
v -0.283042 -0.314701 0.058015
v -0.283082 -0.314150 0.058569
v -0.280898 -0.322502 0.066770
v -0.286266 -0.292632 0.048083
v -0.281136 -0.317551 0.061200
v -0.281054 -0.317688 0.060958
v -0.287439 -0.291456 0.051375
v -0.285444 -0.284498 0.044612
v -0.284151 -0.285812 0.043212
v -0.282454 -0.302468 0.051179
v -0.282333 -0.302437 0.051457
v -0.282457 -0.282363 0.044887
v -0.279981 -0.321338 0.065537
v -0.280614 -0.322617 0.068807
v -0.311443 -0.281024 0.065653
v -0.322305 -0.263393 0.042168
v -0.332285 -0.252428 0.055696
v -0.343031 -0.220449 0.074290
v -0.304433 -0.296338 0.063225
v -0.291444 -0.315474 0.072092
v -0.295409 -0.306460 0.077260
v -0.345499 -0.211222 0.055974
v -0.324276 -0.259429 0.084090
v -0.346217 -0.202729 0.046603
v -0.344179 -0.216257 0.065680
v -0.290795 -0.314337 0.072177
v -0.345142 -0.211498 0.055658
v -0.338578 -0.229411 0.077309
v -0.338578 -0.229411 0.077309
v -0.319495 -0.268695 0.079111
v -0.319269 -0.268541 0.079034
v -0.342863 -0.202010 0.031619
v -0.342926 -0.219923 0.074521
v -0.302717 -0.293611 0.079038
v -0.332079 -0.244631 0.080261
v -0.332079 -0.244631 0.080261
v -0.324281 -0.259437 0.084097
v -0.336488 -0.232911 0.081115
v -0.336963 -0.233103 0.081261
v -0.346357 -0.204568 0.053473
v -0.346357 -0.204568 0.053473
v -0.346756 -0.203990 0.058549
v -0.346805 -0.203997 0.058549
v -0.345832 -0.202654 0.046661
v -0.344590 -0.201300 0.039512
v -0.344590 -0.201300 0.039512
v -0.347066 -0.197708 0.050437
v -0.347771 -0.197723 0.050353
v -0.342219 -0.201813 0.031869
v -0.338208 -0.195175 0.019751
v -0.344751 -0.194221 0.036684
v -0.345166 -0.194233 0.036566
v -0.340515 -0.197176 0.026024
v -0.340515 -0.197176 0.026024
v -0.342440 -0.193661 0.029639
v -0.342440 -0.193661 0.029639
v -0.337758 -0.195120 0.019991
v -0.280753 -0.322974 0.069252
v -0.312570 -0.276254 0.080266
v -0.312392 -0.275976 0.080355
v -0.296147 -0.305686 0.077824
v -0.348423 -0.186018 0.074684
v -0.348399 -0.149678 0.068874
v -0.342222 -0.175104 0.099017
v -0.330378 -0.204073 0.118002
v -0.319537 -0.252215 0.101155
v -0.325025 -0.068368 0.056948
v -0.342210 -0.116167 0.060297
v -0.343514 -0.152234 0.030432
v 0.063729 0.280140 0.411990
v 0.063181 0.279387 0.410956
v 0.059103 0.291777 0.410757
v 0.058554 0.289928 0.410694
v 0.059050 0.286925 0.417888
v 0.057978 0.309254 0.413828
v 0.058842 0.315002 0.412992
v 0.058152 0.305697 0.408752
v 0.058569 0.305702 0.409062
v 0.059409 0.286578 0.418526
v 0.060071 0.313377 0.407626
v 0.065557 0.315696 0.410081
v 0.056868 0.317488 0.409415
v 0.061358 0.321286 0.411584
v 0.063055 0.321397 0.403392
v 0.068166 0.271537 0.416681
v 0.068409 0.271145 0.416417
v 0.074751 0.266180 0.414429
v 0.071019 0.264735 0.412436
v 0.075567 0.270225 0.413178
v 0.078801 0.265406 0.407548
v 0.078521 0.264216 0.406944
v 0.075694 0.266820 0.412073
v 0.267171 -0.282418 0.114014
v 0.266635 -0.285056 0.110278
v 0.282849 -0.267954 0.107595
v 0.282436 -0.269503 0.106311
v 0.274431 -0.277181 0.109984
v 0.274321 -0.277149 0.109802
v 0.274321 -0.277149 0.109802
v 0.266963 -0.282318 0.114086
v 0.266890 -0.282210 0.114038
v 0.278239 -0.273066 0.109227
v 0.278239 -0.273066 0.109227
v 0.282604 -0.267922 0.107647
v 0.267536 -0.285324 0.110063
v 0.266959 -0.285954 0.109951
v 0.267040 -0.281407 0.097138
v 0.266226 -0.280991 0.096732
v 0.110216 0.338270 0.390057
v 0.101058 0.336482 0.386540
v 0.077825 0.336716 0.399475
v 0.082645 0.335372 0.393785
v 0.082430 0.335255 0.394096
v 0.077572 0.336084 0.399471
v 0.081534 0.337370 0.400717
v 0.136727 0.316503 0.377887
v 0.134457 0.310207 0.373325
v 0.075328 0.331290 0.397965
v 0.075727 0.332252 0.398343
v 0.092716 0.312155 0.388664
v 0.078951 0.323094 0.401275
v 0.081797 0.293690 0.394744
v 0.069335 0.297802 0.409131
v 0.112382 0.321928 0.386681
v 0.096833 0.300428 0.386417
v 0.091110 0.298192 0.387165
v 0.125521 0.290361 0.385719
v 0.105600 0.289572 0.386070
v 0.096966 0.300950 0.387981
v 0.097100 0.295003 0.388625
v 0.096680 0.296118 0.388057
v 0.097091 0.296241 0.388796
v 0.093972 0.295221 0.391018
v 0.093507 0.295142 0.390562
v 0.106334 0.270520 0.397485
v 0.081143 0.274864 0.407366
v 0.091463 0.296677 0.391537
v 0.091960 0.297127 0.390855
v 0.095960 0.301384 0.388583
v 0.106867 0.262179 0.396374
v 0.065188 0.323622 0.403236
v 0.132756 0.278151 0.379386
v 0.075762 0.335103 0.403876
v 0.075500 0.334947 0.404269
v 0.072850 0.344381 0.406600
v 0.149273 0.356160 0.368928
v 0.142246 0.288045 0.379202
v 0.041619 0.267725 0.428934
v 0.156452 0.281449 0.375012
v 0.107372 0.383839 0.385882
v 0.048979 0.370075 0.409630
v 0.051762 0.259565 0.428748
v 0.039128 0.346092 0.416191
v 0.066221 0.394261 0.398465
v 0.141611 0.426051 0.352585
v 0.048943 0.370083 0.409467
v 0.041590 0.267725 0.429184
v 0.039080 0.346043 0.416000
v 0.028970 0.294479 0.427061
v 0.028970 0.294479 0.427061
v 0.029340 0.276068 0.430374
v 0.029414 0.276154 0.430765
v 0.185188 0.284867 0.354414
v 0.096551 0.426662 0.375169
v 0.050378 0.382317 0.405461
v 0.050386 0.382309 0.405481
v 0.033486 0.266359 0.431606
v 0.033486 0.266359 0.431606
v 0.066049 0.394091 0.397924
v 0.177696 0.408177 0.329917
v 0.064016 0.401177 0.396047
v 0.064016 0.401177 0.396047
v 0.051744 0.259521 0.428686
v 0.042194 0.260595 0.431112
v 0.061082 0.321613 0.410786
v 0.068042 0.408155 0.392169
v 0.068042 0.408155 0.392169
v 0.188342 0.242400 0.370190
v 0.135092 0.202194 0.419084
v 0.092015 0.205378 0.437115
v 0.092024 0.205599 0.437463
v 0.083348 0.201869 0.441059
v 0.143559 0.247343 0.399256
v 0.084700 0.222045 0.434976
v 0.178914 0.191897 0.391654
v 0.084571 0.221922 0.434628
v 0.075932 0.237986 0.431485
v 0.072386 0.194196 0.445893
v 0.076332 0.229075 0.434664
v 0.076375 0.229128 0.434809
v 0.075816 0.237823 0.431144
v 0.072409 0.193905 0.445183
v 0.063297 0.414274 0.390993
v 0.063333 0.414339 0.391138
v 0.069348 0.419920 0.386663
v 0.069348 0.419920 0.386663
v 0.069143 0.424872 0.384376
v 0.066364 0.238518 0.433695
v 0.069125 0.424840 0.384319
v 0.052411 0.191445 0.451100
v 0.121312 0.263669 0.397221
v 0.204608 0.222750 0.358620
v 0.055707 0.433296 0.383186
v 0.055707 0.433296 0.383186
v 0.055955 0.427856 0.386250
v 0.055955 0.427856 0.386250
v 0.153704 0.443975 0.326917
v 0.046513 0.435698 0.383885
v 0.051086 0.445642 0.375739
v 0.103209 0.461748 0.342423
v 0.051063 0.445745 0.375869
v 0.034344 0.463043 0.366018
v 0.030482 0.447998 0.377965
v 0.030482 0.447998 0.377965
v 0.033306 0.455754 0.370591
v 0.033405 0.456319 0.371198
v 0.034048 0.461870 0.364844
v 0.025091 0.473230 0.352990
v 0.024952 0.472848 0.353773
v 0.022569 0.469618 0.358028
v 0.022592 0.469968 0.358325
v 0.116842 0.498187 0.268410
v -0.085125 0.267308 0.419502
v -0.077579 0.282727 0.421383
v -0.075503 0.299984 0.422647
v -0.090235 0.285875 0.426133
v -0.093917 0.322158 0.422725
v -0.115046 0.262107 0.411947
v -0.103021 0.333788 0.414313
v -0.096763 0.336028 0.412401
v -0.141349 0.273303 0.391867
v -0.141696 0.294628 0.397790
v -0.113302 0.297687 0.419072
v -0.141999 0.319733 0.391188
v -0.124436 0.332978 0.404065
v -0.116512 0.253038 0.402334
v -0.151025 0.294605 0.377400
v -0.217373 0.246012 0.332989
v -0.218311 0.283121 0.309981
v -0.203646 0.346192 0.315708
v -0.188858 0.421651 0.297558
v -0.175616 0.405152 0.335132
v -0.208531 0.203145 0.358564
v -0.197894 0.276209 0.344166
v -0.187334 0.341985 0.341543
v -0.165046 0.425150 0.335247
v -0.184400 0.246319 0.373619
v -0.186793 0.210930 0.383391
v -0.155129 0.326376 0.376870
v -0.158308 0.270609 0.379486
v -0.126489 0.409984 0.373766
v -0.118827 0.347653 0.400981
v -0.152925 0.201901 0.410548
v -0.137775 0.333972 0.385210
v -0.017437 0.421309 0.398990
v -0.028978 0.376586 0.416564
v -0.067558 0.398285 0.403993
v 0.031516 0.398163 0.405278
v 0.046604 0.436183 0.384751
v -0.078696 0.339258 0.419952
v -0.006254 0.334168 0.425867
v -0.033197 0.255790 0.438187
v 0.005987 0.256066 0.438711
v -0.008845 0.201888 0.457432
v -0.067229 0.202540 0.449750
v 0.037166 0.210928 0.450723
v -0.072890 0.257217 0.429993
v 0.066504 0.238728 0.434211
v 0.042165 0.260551 0.430996
v -0.079281 0.264754 0.425692
v -0.024357 0.452878 0.378411
v -0.105071 0.430489 0.373331
v -0.046150 0.443304 0.382181
v -0.122588 0.220310 0.423227
v -0.082142 0.449552 0.366615
v -0.141258 0.267161 0.384444
v -0.113179 0.248595 0.411837
v -0.274226 -0.280294 0.051032
v -0.279928 -0.318914 0.065155
v -0.274763 -0.307137 0.061828
v -0.279664 -0.319256 0.063413
v -0.270734 -0.282406 0.055743
v -0.270116 -0.282264 0.055519
v -0.273748 -0.296302 0.059295
v -0.273748 -0.296302 0.059295
v -0.276543 -0.317782 0.065715
v -0.276378 -0.315597 0.064771
v -0.277208 -0.318447 0.066607
v -0.274918 -0.307106 0.061908
v -0.271503 -0.284578 0.060691
v -0.274371 -0.309067 0.065434
v -0.274105 -0.309131 0.065390
v -0.273467 -0.279905 0.050329
v -0.270194 -0.281566 0.060078
v -0.268406 -0.283844 0.059711
v -0.275783 -0.313135 0.073934
v 0.096639 0.299536 0.394018
v 0.097941 0.298044 0.392486
v 0.095205 0.297630 0.393081
v 0.094452 0.299077 0.396487
v 0.099590 0.302559 0.391662
v 0.097911 0.301024 0.391936
v 0.095794 0.300322 0.393609
v 0.315962 -0.266191 0.087013
v 0.291276 -0.272052 0.100273
v 0.309259 -0.248817 0.111601
v 0.328539 -0.220805 0.108260
v 0.322813 -0.235477 0.105309
v 0.322813 -0.235477 0.105309
v 0.336365 -0.205094 0.103960
v 0.331433 -0.203871 0.113181
v 0.339397 -0.206161 0.096408
v 0.339397 -0.206161 0.096408
v 0.325746 -0.220669 0.111779
v 0.323492 -0.203271 0.122462
v 0.325661 -0.220628 0.111703
v 0.331117 -0.203772 0.112962
v 0.307958 -0.246782 0.114794
v 0.283164 -0.264782 0.111671
v 0.279691 -0.250740 0.122571
v 0.273069 -0.255699 0.118347
v 0.308348 -0.235169 0.119623
v 0.306746 -0.203769 0.133221
v 0.309358 -0.210682 0.129437
v 0.306536 -0.203600 0.132543
v 0.269797 -0.273366 0.120627
v 0.319807 -0.216891 0.119882
v 0.319807 -0.216891 0.119882
v 0.323260 -0.203196 0.122250
v 0.278656 -0.242531 0.125414
v 0.273138 -0.249334 0.121629
v 0.273121 -0.249339 0.121538
v 0.272475 -0.257505 0.122307
v 0.320831 -0.208097 0.123011
v 0.320628 -0.208130 0.122986
v 0.308250 -0.235070 0.119452
v 0.314219 -0.215933 0.124583
v 0.314219 -0.215933 0.124583
v 0.312755 -0.208748 0.126946
v 0.312674 -0.208566 0.128311
v 0.291082 -0.271688 0.099815
v 0.270968 -0.265829 0.120759
v 0.336287 -0.205071 0.103919
v 0.268015 -0.271497 0.113962
v 0.260627 -0.263317 0.122459
v 0.267578 -0.266719 0.118578
v 0.267689 -0.266999 0.122539
v 0.275828 -0.272886 0.115298
v 0.277826 -0.272421 0.111950
v 0.277826 -0.272421 0.111950
v 0.283095 -0.264803 0.111608
v 0.309338 -0.210661 0.129390
v 0.275672 -0.272828 0.115226
v 0.278631 -0.242530 0.125781
v 0.300266 -0.194944 0.135997
v 0.300241 -0.194912 0.135803
v 0.294439 -0.200347 0.135715
v 0.294443 -0.200395 0.135911
v 0.306925 -0.193633 0.134275
v 0.306925 -0.193633 0.134275
v 0.264126 -0.252756 0.123394
v 0.267108 -0.297157 0.113565
v 0.265031 -0.279364 0.119509
v 0.265031 -0.279364 0.119509
v 0.265747 -0.281380 0.117131
v 0.265747 -0.281380 0.117131
v 0.255371 -0.293889 0.153360
v 0.253156 -0.319273 0.163238
v 0.248883 -0.286559 0.168462
v 0.248593 -0.317743 0.173337
v 0.248761 -0.286574 0.168409
v 0.245125 -0.289386 0.178037
v 0.245125 -0.289386 0.178037
v 0.263128 -0.331427 0.132887
v 0.258481 -0.324563 0.147928
v 0.258481 -0.324563 0.147928
v 0.252729 -0.319274 0.163079
v 0.268088 -0.300927 0.106564
v 0.269239 -0.311055 0.099776
v 0.269299 -0.311050 0.099783
v 0.269575 -0.323321 0.093801
v 0.269641 -0.323321 0.093805
v 0.265874 -0.332790 0.123715
v 0.256476 -0.345721 0.151503
v 0.256272 -0.345708 0.151427
v 0.263070 -0.340793 0.131044
v 0.263070 -0.340793 0.131044
v 0.259070 -0.335295 0.145576
v 0.259070 -0.335295 0.145576
v 0.268027 -0.300930 0.106555
v 0.268788 -0.300534 0.100048
v 0.268788 -0.300534 0.100048
v 0.263053 -0.331425 0.132865
v 0.249149 -0.277873 0.165610
v 0.248910 -0.277901 0.165524
v 0.259560 -0.263633 0.126028
v 0.259560 -0.263633 0.126028
v 0.247211 -0.198866 0.136325
v 0.237479 -0.241819 0.184790
v 0.258112 -0.272293 0.135779
v 0.258137 -0.272127 0.135604
v 0.255025 -0.293905 0.153267
v 0.234862 -0.130233 0.139424
v 0.233288 -0.102520 0.130233
v 0.252932 -0.214312 0.122539
v 0.252838 -0.214334 0.122509
v 0.261169 -0.249018 0.117824
v 0.262459 -0.248555 0.119048
v 0.255112 -0.230584 0.123977
v 0.255112 -0.230584 0.123977
v 0.257163 -0.225126 0.118038
v 0.231857 -0.114235 0.141547
v 0.231857 -0.114235 0.141547
v 0.225178 -0.087781 0.152740
v 0.230233 -0.100583 0.140829
v 0.230233 -0.100583 0.140829
v 0.228747 -0.110365 0.149831
v 0.228747 -0.110365 0.149831
v 0.225748 -0.099959 0.154563
v 0.225748 -0.099959 0.154563
v 0.226886 -0.066632 0.146577
v 0.233001 -0.077826 0.137148
v 0.227490 -0.066850 0.147025
v 0.223299 -0.057084 0.157339
v 0.231924 -0.027813 0.162238
v 0.202802 -0.062688 0.188310
v 0.221247 -0.061030 0.160095
v 0.221247 -0.061030 0.160095
v 0.218710 -0.067380 0.164604
v 0.195821 -0.032932 0.193244
v 0.212724 -0.016639 0.176041
v 0.201508 -0.017021 0.185049
v 0.200887 -0.017049 0.184366
v 0.195266 -0.032687 0.192923
v 0.218697 -0.067379 0.164595
v 0.232137 -0.027907 0.162730
v 0.231175 -0.063964 0.148711
v 0.230665 -0.064902 0.150218
v 0.240928 -0.038738 0.158649
v 0.240862 -0.066439 0.147830
v 0.236945 -0.061954 0.149548
v 0.236945 -0.061954 0.149548
v 0.253530 -0.061676 0.151435
v 0.260441 -0.065147 0.150602
v 0.252139 -0.082674 0.144777
v 0.254467 -0.091424 0.142313
v 0.273410 -0.111433 0.143178
v 0.252152 -0.082648 0.144722
v 0.258660 -0.119522 0.135725
v 0.249894 -0.090777 0.140807
v 0.249894 -0.090777 0.140807
v 0.274211 -0.132528 0.139824
v 0.254904 -0.121520 0.133558
v 0.274212 -0.132527 0.139822
v 0.274594 -0.169531 0.135006
v 0.263572 -0.147317 0.132163
v 0.255394 -0.121269 0.132773
v 0.258727 -0.119486 0.135590
v 0.276321 -0.147229 0.138363
v 0.276321 -0.147229 0.138363
v 0.265394 -0.176643 0.128763
v 0.270213 -0.211991 0.128411
v 0.270260 -0.211983 0.128330
v 0.258304 -0.173596 0.130630
v 0.272925 -0.212881 0.129509
v 0.272817 -0.212927 0.129815
v 0.283814 -0.207891 0.133826
v 0.279303 -0.162685 0.137486
v 0.279303 -0.162685 0.137486
v 0.283861 -0.207825 0.133643
v 0.286617 -0.197190 0.135763
v 0.272082 -0.230568 0.126300
v 0.272082 -0.230568 0.126300
v 0.249660 -0.048523 0.154243
v 0.249660 -0.048523 0.154243
v 0.273388 -0.111460 0.143273
v 0.253523 -0.061641 0.151241
v 0.253491 -0.047745 0.153710
v 0.253491 -0.047745 0.153710
v 0.236040 -0.036600 0.159322
v 0.236040 -0.036600 0.159322
v 0.223176 -0.057261 0.157459
v 0.225589 -0.070520 0.149765
v 0.225589 -0.070520 0.149765
v 0.233385 -0.102513 0.130269
v 0.246793 -0.198704 0.136418
v 0.230935 -0.122131 0.148384
v 0.230987 -0.122121 0.148400
v 0.230154 -0.135472 0.157279
v 0.230154 -0.135472 0.157279
v 0.234847 -0.130235 0.139420
v 0.258908 -0.253053 0.120499
v 0.259324 -0.253089 0.120625
v 0.286636 -0.197176 0.135664
v 0.254854 -0.195254 0.116205
v 0.274625 -0.169514 0.134953
v 0.267121 -0.218912 0.125698
v 0.263350 -0.208205 0.124226
v 0.263323 -0.208168 0.124239
v 0.231461 -0.230564 0.193380
v 0.236856 -0.241919 0.184531
v 0.231420 -0.230574 0.193362
v 0.226061 -0.217323 0.201376
v 0.225776 -0.217370 0.201242
v 0.214890 -0.174308 0.209008
v 0.211152 -0.163222 0.211742
v 0.216300 -0.205895 0.216541
v 0.214746 -0.174338 0.208932
v 0.216148 -0.075509 0.169459
v 0.198086 -0.048196 0.192436
v 0.186436 -0.060671 0.209465
v 0.186436 -0.060671 0.209465
v 0.180349 -0.044409 0.210852
v 0.180349 -0.044409 0.210852
v 0.201525 -0.176319 0.232838
v 0.192776 -0.138344 0.231867
v 0.188279 -0.134803 0.236799
v 0.189087 -0.083639 0.214630
v 0.188212 -0.134823 0.236748
v 0.182900 -0.138937 0.245898
v 0.191792 -0.149419 0.237195
v 0.191792 -0.149419 0.237195
v 0.201165 -0.176403 0.232605
v 0.210629 -0.181337 0.218929
v 0.197450 -0.182990 0.240280
v 0.181119 -0.061461 0.215519
v 0.144299 -0.103513 0.271543
v 0.159942 -0.047410 0.230248
v 0.175172 -0.050204 0.217954
v 0.175114 -0.050227 0.217890
v 0.173537 -0.039072 0.215729
v 0.173537 -0.039072 0.215729
v 0.149465 -0.048929 0.239630
v 0.149418 -0.048869 0.239618
v 0.141175 -0.092358 0.267752
v 0.141153 -0.092371 0.267726
v 0.167996 -0.033148 0.218687
v 0.167996 -0.033148 0.218687
v 0.163418 -0.039338 0.224537
v 0.163418 -0.039338 0.224537
v 0.153839 -0.042886 0.233600
v 0.153839 -0.042886 0.233600
v 0.143015 -0.038063 0.239333
v 0.132903 -0.043005 0.248639
v 0.125567 -0.084099 0.275916
v 0.122442 -0.042787 0.255219
v 0.131689 -0.077942 0.267967
v 0.131689 -0.077942 0.267967
v 0.105557 -0.064611 0.278088
v 0.097140 -0.086268 0.294540
v 0.116463 -0.117712 0.298689
v 0.130341 -0.091643 0.275803
v 0.130341 -0.091643 0.275803
v 0.132674 -0.114264 0.284149
v 0.132629 -0.114290 0.284088
v 0.110626 -0.120134 0.301591
v 0.099020 -0.137328 0.313321
v 0.095938 -0.158179 0.320033
v 0.117751 -0.175184 0.311923
v 0.095860 -0.158213 0.319871
v 0.085228 -0.188350 0.330063
v 0.094047 -0.200405 0.328274
v 0.124511 -0.191777 0.310367
v 0.125853 -0.205577 0.311411
v 0.134415 -0.247133 0.308902
v 0.126318 -0.259978 0.313709
v 0.140473 -0.221864 0.303429
v 0.124486 -0.191788 0.310323
v 0.134271 -0.247140 0.308657
v 0.127076 -0.180453 0.307079
v 0.126988 -0.180475 0.306947
v 0.132541 -0.194221 0.305601
v 0.154996 -0.180601 0.286426
v 0.132496 -0.194231 0.305536
v 0.138990 -0.205888 0.302641
v 0.138990 -0.205888 0.302641
v 0.147130 -0.194983 0.295198
v 0.147130 -0.194983 0.295198
v 0.117674 -0.175210 0.311792
v 0.140407 -0.221869 0.303333
v 0.125785 -0.205557 0.311377
v 0.097254 -0.226871 0.327712
v 0.083620 -0.248489 0.333276
v 0.083510 -0.248481 0.332976
v 0.075291 -0.247392 0.336049
v 0.075671 -0.247518 0.335696
v 0.093315 -0.111395 0.307224
v 0.067043 -0.116155 0.320227
v 0.085791 -0.103380 0.307642
v 0.062160 -0.112320 0.320306
v 0.069387 -0.081942 0.304959
v 0.070567 -0.138863 0.325960
v 0.086893 -0.163297 0.325613
v 0.091804 -0.146096 0.318703
v 0.091864 -0.146068 0.318832
v 0.069381 -0.081948 0.304933
v 0.093296 -0.111409 0.307185
v 0.050549 -0.053820 0.295814
v 0.072205 -0.071689 0.298439
v 0.045317 -0.064160 0.303114
v 0.021141 -0.108910 0.328395
v 0.021095 -0.109033 0.328054
v 0.093011 -0.051486 0.277369
v 0.072177 -0.071731 0.298365
v 0.093226 -0.076802 0.291703
v 0.093172 -0.076860 0.291592
v 0.083105 -0.077254 0.296580
v 0.083105 -0.077254 0.296580
v 0.021700 -0.116647 0.330771
v 0.021697 -0.116645 0.330781
v 0.029494 -0.122679 0.332144
v 0.029391 -0.122859 0.331548
v 0.067032 -0.074914 0.302049
v 0.067032 -0.074914 0.302049
v 0.050446 -0.054052 0.295449
v 0.053245 -0.045088 0.288914
v 0.053278 -0.045020 0.289012
v 0.101683 -0.049173 0.271012
v 0.101683 -0.049173 0.271012
v 0.084150 -0.093352 0.303918
v 0.084150 -0.093352 0.303918
v 0.082370 -0.085737 0.301193
v 0.082370 -0.085737 0.301193
v 0.066935 -0.116251 0.319945
v 0.061847 -0.144971 0.330307
v 0.061824 -0.144990 0.330234
v 0.088436 -0.023996 0.261450
v 0.106888 -0.032745 0.258171
v 0.106888 -0.032745 0.258171
v 0.117284 -0.022080 0.247476
v 0.073472 -0.031336 0.272191
v 0.073475 -0.031333 0.272196
v 0.117249 -0.022104 0.247401
v 0.091099 -0.011412 0.253099
v 0.091099 -0.011412 0.253099
v 0.035247 -0.132871 0.333497
v 0.035305 -0.132803 0.333769
v 0.069897 -0.046973 0.284308
v 0.069897 -0.046973 0.284308
v 0.063890 -0.134576 0.326965
v 0.051860 -0.146172 0.333563
v 0.051832 -0.146200 0.333419
v 0.063864 -0.134600 0.326886
v 0.125785 -0.205567 0.311261
v 0.092911 -0.051619 0.277115
v 0.091563 0.000238 0.247137
v 0.054788 -0.157684 0.335133
v 0.054788 -0.157684 0.335133
v 0.100704 -0.147528 0.315019
v 0.100704 -0.147528 0.315019
v 0.026241 -0.130430 0.334273
v 0.026300 -0.130284 0.334812
v 0.143806 -0.154542 0.289051
v 0.143806 -0.154542 0.289051
v 0.151148 -0.153182 0.282776
v 0.153631 -0.142623 0.277643
v 0.134886 -0.125461 0.286864
v 0.134839 -0.125486 0.286806
v 0.153477 -0.142681 0.277462
v 0.108272 -0.000131 0.241339
v 0.108220 -0.000174 0.241218
v 0.105083 0.026434 0.234215
v 0.124258 0.033625 0.226301
v 0.134471 0.010030 0.226886
v 0.159245 0.036159 0.209453
v 0.091690 0.016592 0.241066
v 0.091608 0.016497 0.240732
v 0.153720 0.040743 0.212727
v 0.126979 0.038440 0.225254
v 0.124382 0.033675 0.226537
v 0.157165 0.046689 0.210743
v 0.153750 0.040746 0.212781
v 0.100975 0.043447 0.235150
v 0.114463 0.038803 0.230023
v 0.114435 0.038807 0.229947
v 0.136716 0.001678 0.227485
v 0.168607 0.015312 0.206740
v 0.136411 0.001487 0.226882
v 0.105131 0.026461 0.234343
v 0.104326 0.035146 0.233471
v 0.104326 0.035146 0.233471
v 0.115682 0.035432 0.229665
v 0.115682 0.035432 0.229665
v 0.164298 -0.019087 0.217549
v 0.086679 0.039632 0.237960
v 0.086766 0.039505 0.237576
v 0.154871 -0.026534 0.226732
v 0.154851 -0.026550 0.226691
v 0.130606 -0.032070 0.244734
v 0.125468 -0.021809 0.242643
v 0.124852 -0.031222 0.248451
v 0.125039 -0.020615 0.242578
v 0.131062 -0.005173 0.233419
v 0.121488 -0.015987 0.242345
v 0.121488 -0.015987 0.242345
v 0.112723 -0.011417 0.244445
v 0.112755 -0.011600 0.244795
v 0.124694 -0.002420 0.235267
v 0.124694 -0.002420 0.235267
v 0.130979 -0.005218 0.233286
v 0.164243 -0.019113 0.217468
v 0.160129 -0.030990 0.224210
v 0.160129 -0.030990 0.224210
v 0.130570 -0.032098 0.244676
v 0.182246 0.069485 0.197484
v 0.179897 0.039747 0.196887
v 0.185193 0.064065 0.194073
v 0.182234 0.069497 0.197487
v 0.190973 0.051632 0.188604
v 0.190912 0.051641 0.188498
v 0.199438 0.056390 0.181511
v 0.191447 0.069019 0.189673
v 0.191447 0.069019 0.189673
v 0.204648 0.073959 0.177897
v 0.199491 0.056388 0.181565
v 0.202383 0.100582 0.186228
v 0.185068 0.076332 0.196129
v 0.185293 0.076269 0.196412
v 0.173670 0.075732 0.206296
v 0.173670 0.075732 0.206296
v 0.206994 0.088674 0.177463
v 0.207673 0.088514 0.178084
v 0.185230 0.064058 0.194123
v 0.179893 0.039744 0.196883
v 0.166814 0.035326 0.205692
v 0.166814 0.035326 0.205692
v 0.181009 0.027432 0.197022
v 0.181009 0.027432 0.197022
v 0.170006 0.027980 0.204376
v 0.170006 0.027980 0.204376
v 0.204730 0.073947 0.177965
v 0.213538 0.098042 0.170883
v 0.213586 0.098041 0.170891
v 0.201118 0.103763 0.190773
v 0.153681 -0.230150 0.294671
v 0.153601 -0.230160 0.294562
v 0.218691 0.099862 0.163923
v 0.218691 0.099862 0.163923
v 0.122137 0.004369 0.234005
v 0.122137 0.004369 0.234005
v 0.122137 0.004369 0.234005
v 0.100938 0.043457 0.234998
v 0.164928 -0.264479 0.287661
v 0.164816 -0.264466 0.287527
v 0.181048 -0.284107 0.273249
v 0.164411 -0.300740 0.285218
v 0.161706 -0.291370 0.288159
v 0.161706 -0.291370 0.288159
v 0.166854 -0.249730 0.285303
v 0.179895 -0.256785 0.273547
v 0.179895 -0.256785 0.273547
v 0.180614 -0.284076 0.272790
v 0.142935 -0.260277 0.303478
v 0.142816 -0.260270 0.303303
v 0.166780 -0.249734 0.285218
v 0.191663 -0.310779 0.259211
v 0.187075 -0.290943 0.266275
v 0.187075 -0.290943 0.266275
v 0.191016 -0.282592 0.263264
v 0.190747 -0.282588 0.263016
v 0.191520 -0.310748 0.259055
v 0.131249 -0.269494 0.310264
v 0.155916 -0.297713 0.291735
v 0.117822 -0.289693 0.315176
v 0.155830 -0.297685 0.291609
v 0.140675 -0.315059 0.297262
v 0.157916 -0.313577 0.286686
v 0.157933 -0.313582 0.286709
v 0.216108 -0.315311 0.230087
v 0.215894 -0.305750 0.231260
v 0.215752 -0.305736 0.231159
v 0.217180 -0.294189 0.230565
v 0.204559 -0.336403 0.238510
v 0.215352 -0.326120 0.228209
v 0.140588 -0.315019 0.297117
v 0.141832 -0.331117 0.291201
v 0.136727 -0.322466 0.296967
v 0.136727 -0.322466 0.296967
v 0.167036 -0.307188 0.281523
v 0.167036 -0.307188 0.281523
v 0.185639 -0.316272 0.264289
v 0.221968 -0.288434 0.224317
v 0.202293 -0.237179 0.245571
v 0.198494 -0.259723 0.253407
v 0.198494 -0.259723 0.253407
v 0.196777 -0.315650 0.252742
v 0.196725 -0.315639 0.252696
v 0.185297 -0.316177 0.263903
v 0.164184 -0.300687 0.284920
v 0.164184 -0.300687 0.284920
v 0.225768 -0.331233 0.212316
v 0.225768 -0.331233 0.212316
v 0.215227 -0.239517 0.226982
v 0.224835 -0.281700 0.218409
v 0.232268 -0.257330 0.199345
v 0.232268 -0.257330 0.199345
v 0.236479 -0.292624 0.197478
v 0.226353 -0.238956 0.206462
v 0.226353 -0.238956 0.206462
v 0.236730 -0.270184 0.192982
v 0.236730 -0.270184 0.192982
v 0.222192 -0.241250 0.215096
v 0.222192 -0.241250 0.215096
v 0.215739 -0.315271 0.229802
v 0.165014 -0.316231 0.280798
v 0.165014 -0.316231 0.280798
v 0.159399 -0.238005 0.290829
v 0.197082 -0.307111 0.253942
v 0.197082 -0.307111 0.253942
v 0.175437 -0.241241 0.276750
v 0.175437 -0.241241 0.276750
v 0.211455 -0.242504 0.233048
v 0.211807 -0.242464 0.233280
v 0.141772 -0.331082 0.291094
v 0.141798 -0.331097 0.291144
v 0.215101 -0.239534 0.226910
v 0.158395 -0.224316 0.290566
v 0.173597 -0.225930 0.276908
v 0.158194 -0.224349 0.290322
v 0.153136 -0.217340 0.293591
v 0.153136 -0.217340 0.293591
v 0.151899 -0.195426 0.290061
v 0.152599 -0.195291 0.290977
v 0.169783 -0.200089 0.276428
v 0.169783 -0.200089 0.276428
v 0.178042 -0.220337 0.271473
v 0.178144 -0.220318 0.271569
v 0.183278 -0.193232 0.260726
v 0.183302 -0.193227 0.260750
v 0.192911 -0.252109 0.259464
v 0.181665 -0.184408 0.260965
v 0.200067 -0.194879 0.239474
v 0.200067 -0.194879 0.239474
v 0.181421 -0.184463 0.260762
v 0.174856 -0.184850 0.268196
v 0.203438 -0.217924 0.240136
v 0.203438 -0.217924 0.240136
v 0.201910 -0.224848 0.244359
v 0.201656 -0.224872 0.244164
v 0.174816 -0.184859 0.268158
v 0.168215 -0.183641 0.275017
v 0.168082 -0.183677 0.274885
v 0.210845 -0.215922 0.228501
v 0.209911 -0.229713 0.233040
v 0.209911 -0.229713 0.233040
v 0.210779 -0.215933 0.228459
v 0.173162 -0.158494 0.262982
v 0.173162 -0.158494 0.262982
v 0.164066 -0.190253 0.280057
v 0.164066 -0.190253 0.280057
v 0.152148 -0.167126 0.285492
v 0.152148 -0.167126 0.285492
v 0.172240 -0.194813 0.272980
v 0.172240 -0.194813 0.272980
v 0.172240 -0.194813 0.272980
v 0.157248 -0.157630 0.278547
v 0.157248 -0.157630 0.278547
v 0.183162 -0.309231 0.267477
v 0.183162 -0.309231 0.267477
v 0.147689 -0.333476 0.286638
v 0.147689 -0.333476 0.286638
v 0.147689 -0.333476 0.286638
v 0.147689 -0.333476 0.286638
v 0.204370 -0.336350 0.238338
v 0.159289 -0.238013 0.290695
v 0.159289 -0.238013 0.290695
v 0.110445 -0.120237 0.301285
v 0.202756 0.100477 0.186536
v 0.041205 -0.156940 0.338077
v 0.052841 -0.177359 0.339050
v 0.052897 -0.177098 0.339129
v 0.126961 0.038443 0.225202
v 0.078576 -0.000783 0.251451
v 0.078599 -0.000748 0.251531
v 0.045009 0.018901 0.249967
v 0.083297 0.016954 0.242846
v 0.083297 0.016956 0.242852
v 0.050667 0.012549 0.251195
v 0.052006 0.003117 0.255607
v 0.052006 0.003117 0.255607
v 0.081790 -0.007948 0.254329
v 0.081790 -0.007948 0.254329
v 0.044949 0.018827 0.249724
v 0.078339 0.020770 0.242993
v 0.061842 0.036502 0.243924
v 0.031447 0.034280 0.249004
v 0.061972 0.036491 0.244277
v 0.031201 0.034297 0.248554
v 0.038520 0.037338 0.248262
v 0.038520 0.037338 0.248262
v 0.050073 0.036820 0.248325
v 0.050468 0.036663 0.249344
v 0.078680 0.035912 0.240983
v 0.079165 0.035877 0.242348
v 0.064854 0.039951 0.244524
v 0.064808 0.040000 0.244319
v 0.098000 0.046459 0.236532
v 0.098089 0.046407 0.236786
v 0.232332 -0.335337 0.201747
v 0.245229 -0.357251 0.173572
v 0.244347 -0.330303 0.181399
v 0.252201 -0.348416 0.160967
v 0.252201 -0.348416 0.160967
v 0.253311 -0.336046 0.160630
v 0.253311 -0.336046 0.160630
v 0.250381 -0.327288 0.168390
v 0.250381 -0.327288 0.168390
v 0.244147 -0.330283 0.181297
v 0.234476 -0.313482 0.201648
v 0.226304 -0.324339 0.212965
v 0.226304 -0.324339 0.212965
v 0.234207 -0.313466 0.201493
v 0.245105 -0.357234 0.173508
v 0.220408 -0.314311 0.222909
v 0.220266 -0.314114 0.222768
v 0.226775 -0.296869 0.214967
v 0.226775 -0.296869 0.214967
v 0.050795 -0.010087 0.264230
v 0.055599 -0.037776 0.283107
v 0.081207 -0.020423 0.262102
v 0.055610 -0.037760 0.283135
v 0.135211 -0.105254 0.278331
v 0.135211 -0.105254 0.278331
v 0.109623 -0.105022 0.295750
v 0.109623 -0.105022 0.295750
v 0.103552 -0.082422 0.288813
v 0.103552 -0.082422 0.288813
v 0.122440 -0.042789 0.255216
v 0.116044 -0.041572 0.258425
v 0.116044 -0.041572 0.258425
v 0.103977 -0.075224 0.284813
v 0.103977 -0.075224 0.284813
v 0.097043 -0.086350 0.294367
v 0.094677 -0.104290 0.303762
v 0.094680 -0.104289 0.303769
v 0.143066 -0.038027 0.239405
v 0.125438 -0.084192 0.275729
v 0.170934 -0.024387 0.213732
v 0.170934 -0.024387 0.213732
v 0.181141 -0.061458 0.215529
v 0.179345 -0.148981 0.253104
v 0.179342 -0.148983 0.253100
v 0.162595 -0.143285 0.269355
v 0.162556 -0.143333 0.269276
v 0.192730 -0.138356 0.231835
v 0.135051 -0.091668 0.272305
v 0.210592 -0.181343 0.218907
v 0.211683 -0.200266 0.222793
v 0.211683 -0.200266 0.222793
v 0.234013 -0.250429 0.193795
v 0.234013 -0.250429 0.193795
v 0.234013 -0.250429 0.193795
v 0.231215 -0.244185 0.198067
v 0.231215 -0.244185 0.198067
v 0.231215 -0.244185 0.198067
v 0.081190 -0.020456 0.262053
v 0.222274 -0.098238 0.162592
v 0.222415 -0.098191 0.162655
v 0.261458 -0.173221 0.126515
v 0.259369 -0.188270 0.122708
v 0.259369 -0.188270 0.122708
v 0.253588 -0.184958 0.117323
v 0.253363 -0.193159 0.118448
v 0.260405 -0.209805 0.121655
v 0.260405 -0.209805 0.121655
v 0.256419 -0.136953 0.129162
v 0.251530 -0.125739 0.128783
v 0.251779 -0.125664 0.128446
v 0.256304 -0.136928 0.129263
v 0.257940 -0.218872 0.118408
v 0.257940 -0.218872 0.118408
v 0.232113 -0.335289 0.201642
v 0.216199 -0.205913 0.216487
v 0.242424 -0.295556 0.185140
v 0.242424 -0.295556 0.185140
v 0.045001 -0.047627 0.292860
v 0.225412 -0.080505 0.150653
v 0.143713 -0.103810 0.270861
v 0.248412 -0.317746 0.173258
v 0.168686 0.015332 0.206875
v 0.054116 -0.006539 0.261016
v 0.054116 -0.006539 0.261016
v 0.244118 -0.276407 0.177482
v 0.244118 -0.276407 0.177482
v 0.225506 -0.110424 0.159146
v 0.225506 -0.110424 0.159146
v 0.225506 -0.110424 0.159146
v 0.189090 -0.083639 0.214632
v 0.155041 -0.180582 0.286486
v 0.291283 -0.195689 0.136293
v 0.291283 -0.195689 0.136293
v 0.281270 -0.122669 0.142740
v 0.198536 -0.048146 0.192835
v 0.187334 -0.030762 0.200551
v 0.187396 -0.030742 0.200617
v 0.294387 -0.167412 0.138672
v 0.276573 -0.096288 0.145674
v 0.299076 -0.179522 0.138278
v 0.297278 -0.129522 0.141866
v 0.271160 -0.076649 0.148239
v 0.299046 -0.179487 0.138007
v 0.306846 -0.175209 0.136615
v 0.306890 -0.175212 0.136732
v 0.311724 -0.190138 0.133026
v 0.311526 -0.190203 0.132305
v 0.313818 -0.158975 0.134994
v 0.311322 -0.155427 0.137418
v 0.316766 -0.180748 0.131263
v 0.316766 -0.180748 0.131263
v 0.303009 -0.145038 0.139799
v 0.303009 -0.145038 0.139799
v 0.298646 -0.123732 0.141815
v 0.259880 -0.045258 0.152298
v 0.279425 -0.131473 0.141410
v 0.279425 -0.131473 0.141410
v 0.281256 -0.122689 0.142897
v 0.276582 -0.096302 0.145862
v 0.294353 -0.167341 0.138608
v 0.259895 -0.045256 0.152348
v 0.257295 -0.048191 0.152889
v 0.257295 -0.048191 0.152889
v 0.261488 -0.059149 0.151174
v 0.261488 -0.059149 0.151174
v 0.298602 -0.123741 0.141643
v 0.291065 -0.083909 0.143665
v 0.291070 -0.083904 0.143667
v 0.294585 -0.082412 0.141849
v 0.300762 -0.086673 0.139493
v 0.300413 -0.086716 0.138942
v 0.309104 -0.091298 0.133357
v 0.309104 -0.091298 0.133357
v 0.318033 -0.151907 0.132868
v 0.323739 -0.134707 0.127484
v 0.323386 -0.134780 0.127095
v 0.329360 -0.144284 0.121165
v 0.331127 -0.164990 0.119058
v 0.331127 -0.164990 0.119058
v 0.334235 -0.159393 0.114742
v 0.334235 -0.159393 0.114742
v 0.338319 -0.150937 0.107867
v 0.327956 -0.132889 0.121981
v 0.334903 -0.132603 0.111023
v 0.334871 -0.132608 0.111005
v 0.336763 -0.140584 0.108954
v 0.336763 -0.140584 0.108954
v 0.321724 -0.104665 0.124343
v 0.327976 -0.132882 0.122015
v 0.332381 -0.095039 0.102009
v 0.311125 -0.084544 0.131376
v 0.310334 -0.084707 0.130644
v 0.300786 -0.067759 0.134747
v 0.303451 -0.064698 0.131180
v 0.303451 -0.064698 0.131180
v 0.313559 -0.103030 0.130202
v 0.314232 -0.102874 0.130972
v 0.318240 -0.103866 0.127446
v 0.318240 -0.103866 0.127446
v 0.304065 -0.078880 0.134794
v 0.304065 -0.078880 0.134794
v 0.314438 -0.057051 0.112408
v 0.319189 -0.067121 0.110594
v 0.297482 -0.019889 0.113866
v 0.296989 -0.020123 0.113568
v 0.307243 -0.034997 0.107578
v 0.283526 0.007486 0.112531
v 0.276266 0.015655 0.117492
v 0.276185 0.015611 0.117440
v 0.272594 0.010673 0.125998
v 0.273103 0.025655 0.113639
v 0.246013 0.046144 0.134721
v 0.254556 0.051602 0.118433
v 0.247245 0.058818 0.124917
v 0.249561 0.037753 0.135523
v 0.249561 0.037753 0.135523
v 0.247298 0.058844 0.124953
v 0.244568 0.064595 0.126263
v 0.240761 0.054511 0.137010
v 0.240828 0.054534 0.137071
v 0.235218 0.065335 0.140581
v 0.240153 0.067786 0.132170
v 0.240153 0.067786 0.132170
v 0.235172 0.065333 0.140566
v 0.234546 0.056311 0.144546
v 0.234546 0.056311 0.144546
v 0.238328 0.035644 0.148134
v 0.238333 0.035648 0.148143
v 0.246290 0.037401 0.139315
v 0.246290 0.037401 0.139315
v 0.251634 0.027023 0.139168
v 0.251373 0.026913 0.138945
v 0.299085 -0.051913 0.131395
v 0.295460 -0.053958 0.135408
v 0.247655 0.006072 0.151034
v 0.279732 -0.051157 0.145038
v 0.259169 -0.018579 0.149913
v 0.259169 -0.018579 0.149913
v 0.295194 -0.054067 0.135075
v 0.284109 -0.060877 0.144379
v 0.294598 -0.070510 0.139904
v 0.294598 -0.070510 0.139904
v 0.249176 -0.001416 0.152126
v 0.249176 -0.001416 0.152126
v 0.298247 -0.070430 0.137350
v 0.298247 -0.070430 0.137350
v 0.232551 0.037180 0.152956
v 0.228387 0.032801 0.158399
v 0.239679 0.010493 0.155626
v 0.239696 0.010501 0.155652
v 0.222015 0.032309 0.164290
v 0.221937 0.032286 0.164204
v 0.218267 0.039213 0.166073
v 0.218286 0.039217 0.166094
v 0.219825 0.009518 0.169892
v 0.214420 0.035615 0.169922
v 0.214329 0.035599 0.169820
v 0.202369 0.033255 0.180384
v 0.202369 0.033255 0.180384
v 0.247225 -0.005399 0.154531
v 0.234120 -0.022272 0.162031
v 0.258784 -0.029648 0.151954
v 0.258784 -0.029648 0.151954
v 0.258164 -0.036556 0.152757
v 0.258164 -0.036556 0.152757
v 0.265664 -0.042747 0.150268
v 0.265664 -0.042747 0.150268
v 0.251919 -0.033935 0.154948
v 0.251919 -0.033935 0.154948
v 0.257239 -0.022594 0.151723
v 0.257239 -0.022594 0.151723
v 0.230942 -0.015775 0.164048
v 0.230942 -0.015775 0.164048
v 0.230893 -0.009468 0.164059
v 0.230893 -0.009468 0.164059
v 0.232450 0.037150 0.152887
v 0.228394 0.032804 0.158403
v 0.250690 0.059874 0.117850
v 0.250690 0.059874 0.117850
v 0.244469 0.064563 0.126203
v 0.272323 0.010539 0.125764
v 0.260039 0.047943 0.112734
v 0.259930 0.047880 0.112674
v 0.288775 0.000785 0.109104
v 0.288775 0.000785 0.109104
v 0.280016 0.016568 0.110003
v 0.280016 0.016568 0.110003
v 0.254543 0.051595 0.118425
v 0.246063 0.046169 0.134761
v 0.299260 -0.018259 0.107298
v 0.299260 -0.018259 0.107298
v 0.309045 -0.041515 0.109845
v 0.309045 -0.041515 0.109845
v 0.314346 -0.057085 0.112358
v 0.338234 -0.129095 0.103393
v 0.338099 -0.129113 0.103339
v 0.340882 -0.157717 0.102254
v 0.340882 -0.157717 0.102254
v 0.332425 -0.177752 0.116949
v 0.332183 -0.177723 0.116780
v 0.328295 -0.200429 0.117987
v 0.332784 -0.197079 0.112606
v 0.332784 -0.197079 0.112606
v 0.329255 -0.174437 0.120957
v 0.321110 -0.177676 0.128869
v 0.325834 -0.195998 0.121525
v 0.325834 -0.195998 0.121525
v 0.321034 -0.196412 0.125824
v 0.321034 -0.196412 0.125824
v 0.319296 -0.186881 0.128763
v 0.319296 -0.186881 0.128763
v 0.317193 -0.195614 0.128193
v 0.317885 -0.195604 0.128314
v 0.336463 -0.172148 0.110776
v 0.336463 -0.172148 0.110776
v 0.335421 -0.195864 0.108744
v 0.335421 -0.195864 0.108744
v 0.340145 -0.146891 0.102984
v 0.340145 -0.146891 0.102984
v 0.317941 -0.059389 0.106712
v 0.317941 -0.059389 0.106712
v 0.314021 -0.051269 0.108373
v 0.310734 -0.039535 0.103938
v 0.310734 -0.039535 0.103938
v 0.331662 -0.095226 0.101697
v 0.322837 -0.115862 0.124963
v 0.322837 -0.115862 0.124963
v 0.334287 -0.123827 0.109852
v 0.338038 -0.165157 0.108305
v 0.338038 -0.165157 0.108305
v 0.338038 -0.165157 0.108305
v 0.333762 -0.169256 0.115248
v 0.333762 -0.169256 0.115248
v 0.333762 -0.169256 0.115248
v 0.329207 -0.174434 0.120916
v 0.329293 -0.144279 0.121118
v 0.317727 -0.151871 0.132489
v 0.313187 -0.147843 0.135442
v 0.313187 -0.147843 0.135442
v 0.294536 -0.082422 0.141761
v 0.294536 -0.082422 0.141761
v 0.305197 -0.128670 0.139371
v 0.266295 -0.050409 0.150450
v 0.266295 -0.050409 0.150450
v 0.266295 -0.050409 0.150450
v 0.192805 -0.252120 0.259372
v 0.193229 -0.264819 0.260173
v 0.193327 -0.265072 0.260147
v 0.180206 -0.239398 0.271779
v 0.180206 -0.239398 0.271779
v 0.180206 -0.239398 0.271779
v 0.115674 -0.032477 0.253387
v 0.115674 -0.032477 0.253387
v 0.153859 -0.342337 0.280189
v 0.155473 -0.352112 0.273606
v 0.155344 -0.352000 0.273418
v 0.153461 -0.342072 0.279580
v 0.153461 -0.342072 0.279580
v 0.206314 -0.198602 0.231035
v 0.206314 -0.198602 0.231035
v 0.206314 -0.198602 0.231035
v 0.146048 -0.212046 0.298371
v 0.146048 -0.212046 0.298371
v 0.146048 -0.212046 0.298371
v 0.202386 -0.347102 0.236394
v 0.202386 -0.347102 0.236394
v 0.200915 -0.339693 0.240941
v 0.200915 -0.339693 0.240941
v 0.160744 -0.152460 0.273826
v 0.160744 -0.152460 0.273826
v 0.219826 0.009517 0.169892
v 0.213780 -0.192071 0.216710
v 0.213780 -0.192071 0.216710
v 0.213780 -0.192071 0.216710
v 0.085750 -0.103421 0.307546
v 0.260747 -0.325785 0.141149
v 0.260747 -0.325785 0.141149
v 0.085591 -0.259242 0.331660
v 0.085591 -0.259242 0.331660
v 0.093297 -0.264525 0.328556
v 0.093288 -0.264524 0.328543
v 0.239258 -0.030962 0.159272
v 0.250213 -0.038904 0.155312
v 0.250213 -0.038904 0.155312
v 0.166135 -0.153400 0.268863
v 0.166135 -0.153400 0.268863
v 0.239258 -0.030962 0.159271
v 0.160062 -0.047353 0.230383
v 0.224482 -0.281728 0.218209
v 0.180527 -0.050669 0.212579
v 0.180527 -0.050669 0.212579
v 0.221291 -0.085253 0.161730
v 0.221291 -0.085253 0.161730
v 0.222742 0.103743 0.157904
v 0.222742 0.103743 0.157904
v 0.219422 0.094500 0.162085
v 0.219422 0.094500 0.162085
v 0.086707 -0.163372 0.325130
v 0.249804 -0.043064 0.155028
v 0.249804 -0.043064 0.155028
v 0.155593 -0.330526 0.282732
v 0.155593 -0.330526 0.282732
v 0.270184 -0.084210 0.147374
v 0.270184 -0.084210 0.147374
v 0.267040 -0.075318 0.148672
v 0.268391 -0.075571 0.148580
v 0.192614 -0.320577 0.255670
v 0.192614 -0.320577 0.255670
v 0.186790 0.017694 0.193990
v 0.204239 -0.003889 0.182547
v 0.204239 -0.003889 0.182547
v 0.218005 -0.001846 0.172108
v 0.218044 -0.001844 0.172158
v 0.210727 -0.008230 0.177682
v 0.210727 -0.008230 0.177682
v 0.186738 0.017687 0.193921
v 0.151091 -0.153201 0.282709
v 0.151091 -0.153201 0.282709
v 0.223644 -0.011457 0.168188
v 0.223815 -0.005047 0.168197
v 0.223815 -0.005047 0.168197
v 0.243956 -0.312702 0.182868
v 0.243956 -0.312702 0.182868
v 0.247121 -0.005434 0.154365
v 0.247121 -0.005434 0.154365
v 0.236388 -0.292628 0.197432
v 0.139373 -0.162525 0.294499
v 0.139373 -0.162525 0.294499
v 0.283491 0.007469 0.112512
v 0.283491 0.007469 0.112512
v 0.275609 -0.108293 0.144145
v 0.275609 -0.108293 0.144145
v 0.126114 -0.259968 0.313326
v 0.060372 -0.122419 0.324245
v 0.060372 -0.122419 0.324245
v 0.255642 -0.329823 0.155402
v 0.255642 -0.329823 0.155402
v 0.255642 -0.329823 0.155402
v 0.255642 -0.329823 0.155402
v 0.123713 -0.033035 0.249175
v 0.123713 -0.033035 0.249175
v 0.240244 -0.300547 0.190249
v 0.240244 -0.300547 0.190249
v 0.071453 -0.234455 0.337350
v 0.071453 -0.234455 0.337350
v 0.067981 -0.220218 0.338242
v 0.067981 -0.220218 0.338242
v 0.067981 -0.220218 0.338242
v 0.221403 -0.226102 0.212518
v 0.221403 -0.226102 0.212518
v 0.221403 -0.226102 0.212518
v 0.217635 -0.231845 0.220868
v 0.217635 -0.231845 0.220868
v 0.112845 -0.011931 0.244639
v 0.131153 -0.269481 0.310100
v 0.088470 -0.023938 0.261542
v 0.109624 -0.281472 0.319974
v 0.117660 -0.289631 0.314862
v 0.109593 -0.281466 0.319905
v 0.118067 -0.298755 0.312943
v 0.118199 -0.298820 0.313235
v 0.273021 0.025598 0.113588
v 0.091537 0.000203 0.247062
v 0.173509 -0.225941 0.276815
v 0.220007 -0.324062 0.222157
v 0.220007 -0.324062 0.222157
v 0.220007 -0.324062 0.222157
v 0.078108 -0.188253 0.332619
v 0.309443 -0.138452 0.137401
v 0.309443 -0.138452 0.137401
v 0.259980 -0.235260 0.115691
v 0.049768 0.036764 0.246500
v 0.039959 -0.056738 0.299784
v 0.040066 -0.056416 0.300295
v 0.246285 -0.322901 0.177700
v 0.246285 -0.322901 0.177700
v 0.246285 -0.322901 0.177700
v 0.066915 -0.128681 0.324077
v 0.066915 -0.128681 0.324077
v 0.280937 -0.149275 0.139521
v 0.280937 -0.149275 0.139521
v 0.280937 -0.149275 0.139521
v 0.042903 -0.008000 0.264252
v 0.042903 -0.008000 0.264252
v 0.046046 -0.000017 0.258537
v 0.040956 0.006988 0.255248
v 0.040956 0.006988 0.255248
v 0.034943 0.013360 0.252953
v 0.034943 0.013360 0.252953
v 0.092802 0.030409 0.237386
v 0.092802 0.030409 0.237386
v 0.092802 0.030409 0.237386
v 0.083004 -0.218106 0.332854
v 0.082982 -0.218116 0.332714
v 0.062118 -0.112364 0.320187
v 0.208824 -0.349246 0.228395
v 0.208824 -0.349246 0.228395
v 0.208824 -0.349246 0.228395
v 0.239380 -0.310258 0.192099
v 0.239380 -0.310258 0.192099
v 0.263591 -0.147308 0.132134
v 0.202774 0.042063 0.179245
v 0.202819 0.042070 0.179301
v 0.115627 -0.118142 0.297335
v 0.158623 -0.036328 0.227272
v 0.158623 -0.036328 0.227272
v 0.158623 -0.036328 0.227272
v 0.203623 0.051448 0.176951
v 0.306880 -0.147363 0.138432
v 0.306880 -0.147363 0.138432
v 0.203506 0.051722 0.178083
v 0.208872 0.056793 0.172913
v 0.208872 0.056793 0.172913
v 0.210695 0.069349 0.170675
v 0.210827 0.069327 0.170762
v 0.213867 0.065168 0.167551
v 0.213867 0.065168 0.167551
v 0.213867 0.065168 0.167551
v 0.177823 0.016035 0.200557
v 0.177788 0.016028 0.200506
v 0.177823 0.016035 0.200557
v 0.322062 -0.123889 0.127140
v 0.322062 -0.123889 0.127140
v 0.241326 -0.286925 0.186277
v 0.241326 -0.286925 0.186277
v 0.241326 -0.286925 0.186277
v 0.089754 -0.084715 0.297242
v 0.089754 -0.084715 0.297242
v 0.089754 -0.084715 0.297242
v 0.089754 -0.084715 0.297242
v 0.267157 -0.218900 0.125644
v 0.239437 -0.321794 0.191224
v 0.239437 -0.321794 0.191224
v 0.165562 0.025371 0.207450
v 0.165562 0.025371 0.207450
v 0.188785 -0.267834 0.264961
v 0.188785 -0.267834 0.264961
v 0.315056 -0.194307 0.130365
v 0.315056 -0.194307 0.130365
v 0.144524 -0.247096 0.302030
v 0.144524 -0.247096 0.302030
v 0.212707 -0.016635 0.176018
v 0.269820 -0.309854 0.090329
v 0.269820 -0.309854 0.090329
v 0.045286 -0.064232 0.302987
v 0.154405 -0.280512 0.294599
v 0.154405 -0.280512 0.294599
v 0.132412 -0.306465 0.303935
v 0.132412 -0.306465 0.303935
v 0.085124 -0.188389 0.329794
v 0.300738 -0.067775 0.134691
v 0.300738 -0.067775 0.134691
v 0.133670 -0.313971 0.301227
v 0.133670 -0.313971 0.301227
v 0.242618 -0.322263 0.185192
v 0.242618 -0.322263 0.185192
v 0.044616 -0.150466 0.336036
v 0.044616 -0.150466 0.336036
v 0.044616 -0.150466 0.336036
v 0.276780 -0.230324 0.126660
v 0.276818 -0.230371 0.126831
v 0.231987 -0.069272 0.142992
v 0.245170 -0.079626 0.143412
v 0.240961 -0.066178 0.147422
v 0.244944 -0.079514 0.143223
v 0.094369 -0.214821 0.328352
v 0.094369 -0.214821 0.328352
v 0.069930 -0.211278 0.337372
v 0.059242 -0.193003 0.339102
v 0.059242 -0.193003 0.339102
v 0.056441 -0.202163 0.340552
v 0.056441 -0.202163 0.340552
v 0.073592 -0.205093 0.335702
v 0.073592 -0.205093 0.335702
v 0.084110 -0.208303 0.332113
v 0.084110 -0.208303 0.332113
v 0.083887 -0.199074 0.331432
v 0.083887 -0.199074 0.331432
v 0.060976 -0.212844 0.339997
v 0.060990 -0.212842 0.340054
v 0.271164 -0.076658 0.148307
v 0.319087 -0.067146 0.110543
v 0.216880 -0.294193 0.230352
v 0.235247 -0.304728 0.200108
v 0.235247 -0.304728 0.200108
v 0.220839 -0.075596 0.161047
v 0.220839 -0.075596 0.161047
v 0.225257 -0.079896 0.149728
v 0.221701 -0.068894 0.158157
v 0.122245 -0.271054 0.314780
v 0.122245 -0.271054 0.314780
v 0.230543 -0.293760 0.208451
v 0.230543 -0.293760 0.208451
v 0.230543 -0.293760 0.208451
v 0.310506 -0.199661 0.131729
v 0.310506 -0.199661 0.131729
v 0.135028 -0.091682 0.272275
v 0.135028 -0.091682 0.272275
v 0.316661 -0.209333 0.125564
v 0.316661 -0.209333 0.125564
v 0.313958 -0.051297 0.108344
v 0.313958 -0.051297 0.108344
v 0.134706 -0.258454 0.308408
v 0.134706 -0.258454 0.308408
v 0.134706 -0.258454 0.308408
v 0.098922 -0.137393 0.313132
v 0.201883 0.012360 0.183099
v 0.201883 0.012360 0.183099
v 0.261068 -0.336127 0.139261
v 0.261068 -0.336127 0.139261
v 0.261068 -0.336127 0.139261
v 0.222938 0.095527 0.156745
v 0.222825 0.095535 0.156672
v 0.297269 -0.129520 0.141828
v 0.320772 -0.164398 0.129517
v 0.234155 -0.022276 0.162116
v 0.196428 -0.331137 0.248709
v 0.097223 -0.226870 0.327647
v 0.339110 -0.139081 0.103898
v 0.339110 -0.139081 0.103898
v 0.339110 -0.139081 0.103898
v 0.247674 0.006080 0.151062
v 0.225988 0.000761 0.166487
v 0.225988 0.000761 0.166487
v 0.225988 0.000761 0.166487
v 0.086332 0.039475 0.238768
v 0.291029 -0.029878 0.128631
v 0.291029 -0.029878 0.128631
v 0.241047 -0.095090 0.133070
v 0.241047 -0.095090 0.133070
v 0.242139 -0.085668 0.139019
v 0.242196 -0.085660 0.138914
v 0.237954 -0.079274 0.139792
v 0.237954 -0.079274 0.139792
v 0.247197 -0.111564 0.130388
v 0.246902 -0.111718 0.130714
v 0.240915 -0.112778 0.124060
v 0.240915 -0.112778 0.124060
v 0.337937 -0.198359 0.103078
v 0.337361 -0.198475 0.102811
v 0.053415 -0.111077 0.322332
v 0.053637 -0.110715 0.323231
v 0.328140 -0.200390 0.117858
v 0.328140 -0.200390 0.117858
v 0.069910 -0.211281 0.337310
v 0.069910 -0.211281 0.337310
v 0.196718 -0.246650 0.254109
v 0.196718 -0.246650 0.254109
v 0.050668 0.012553 0.251203
v 0.050668 0.012553 0.251203
v 0.274540 -0.122525 0.141624
v 0.274540 -0.122525 0.141624
v 0.274540 -0.122525 0.141624
v 0.279682 -0.051133 0.144992
v 0.223707 -0.011455 0.168284
v 0.193094 -0.265356 0.260110
v 0.046040 -0.000041 0.258496
v 0.046040 -0.000041 0.258496
v 0.103541 -0.111189 0.301776
v 0.103541 -0.111189 0.301776
v 0.103541 -0.111189 0.301776
v 0.221602 -0.066924 0.158917
v 0.221602 -0.066924 0.158917
v 0.315059 -0.235534 0.113847
v 0.315059 -0.235534 0.113847
v 0.315059 -0.235534 0.113847
v 0.232027 -0.027776 0.162388
v 0.197118 0.095335 0.191174
v 0.181954 0.080206 0.200994
v 0.181954 0.080206 0.200994
v 0.181346 0.085402 0.203872
v 0.181339 0.085406 0.203866
v 0.287004 -0.211855 0.133237
v 0.287004 -0.211855 0.133237
v 0.289165 -0.201392 0.135354
v 0.289165 -0.201392 0.135354
v 0.232921 -0.078091 0.137564
v 0.186625 -0.017267 0.198755
v 0.186625 -0.017267 0.198755
v 0.079336 -0.013825 0.258566
v 0.079336 -0.013825 0.258566
v 0.079336 -0.013825 0.258566
v 0.216521 -0.075448 0.169623
v 0.050770 -0.010144 0.264146
v 0.334237 -0.123839 0.109825
v 0.240728 -0.038549 0.157722
v 0.240728 -0.038549 0.157722
v 0.312177 -0.223677 0.122354
v 0.312177 -0.223677 0.122354
v 0.321399 -0.104734 0.124087
v 0.319771 -0.202574 0.125373
v 0.319771 -0.202574 0.125373
v 0.169023 -0.009758 0.211046
v 0.169288 -0.009658 0.211405
v 0.111064 0.029326 0.231931
v 0.111064 0.029326 0.231931
v 0.111064 0.029326 0.231931
v 0.200937 0.103835 0.190670
v 0.078322 0.020755 0.242936
v 0.302378 -0.081713 0.136764
v 0.302378 -0.081713 0.136764
v 0.302378 -0.081713 0.136764
v 0.176681 0.073912 0.203159
v 0.176681 0.073912 0.203159
v 0.176681 0.073912 0.203159
v 0.298701 -0.052079 0.131011
v 0.310805 -0.154450 0.136506
v 0.310805 -0.154450 0.136506
v 0.338134 -0.198034 0.102943
v 0.328302 -0.220699 0.108098
v 0.197195 0.095308 0.191243
v 0.254408 -0.091491 0.142514
v 0.334342 -0.202851 0.108340
v 0.334342 -0.202851 0.108340
v 0.334342 -0.202851 0.108340
v 0.125837 -0.306998 0.307216
v 0.125837 -0.306998 0.307216
v 0.225691 -0.079630 0.149617
v 0.173206 0.079214 0.208352
v 0.173206 0.079214 0.208352
v 0.265237 -0.332766 0.123613
v 0.240941 -0.274305 0.184455
v 0.240874 -0.274317 0.184290
v 0.259849 -0.234295 0.117900
v 0.220423 -0.314534 0.223339
v 0.052924 -0.187686 0.340165
v 0.053013 -0.187643 0.340578
v 0.215294 -0.326109 0.228166
v 0.305190 -0.128670 0.139353
v 0.305190 -0.128670 0.139353
v 0.271685 -0.277812 0.114378
v 0.271685 -0.277812 0.114378
v 0.271685 -0.277812 0.114378
v 0.157288 0.046595 0.210887
v 0.307426 -0.246164 0.114102
v 0.211077 -0.163242 0.211701
v 0.271568 -0.274983 0.117816
v 0.271568 -0.274983 0.117816
v 0.316368 -0.220260 0.121054
v 0.316368 -0.220260 0.121054
v 0.316368 -0.220260 0.121054
v 0.227758 -0.136970 0.164667
v 0.227758 -0.136970 0.164667
v 0.314806 -0.265505 0.086457
v 0.134444 0.010013 0.226825
v 0.339948 -0.165754 0.104464
v 0.339948 -0.165754 0.104464
v 0.260480 -0.065171 0.150428
v 0.263744 -0.275253 0.121772
v 0.263744 -0.275253 0.121772
v 0.041315 -0.156725 0.338169
v 0.196394 -0.331129 0.248666
v 0.033617 0.017714 0.251472
v 0.033617 0.017714 0.251472
v 0.338079 -0.150946 0.107742
v 0.338079 -0.150946 0.107742
v 0.266919 -0.234477 0.123211
v 0.263685 -0.228608 0.121930
v 0.263685 -0.228608 0.121930
v 0.266955 -0.234456 0.123148
v 0.269249 -0.239217 0.123355
v 0.269249 -0.239217 0.123355
v 0.269551 -0.228339 0.125584
v 0.269551 -0.228339 0.125584
v 0.078068 -0.188270 0.332501
v 0.162528 -0.143394 0.269265
v 0.202254 -0.237184 0.245541
v 0.099738 -0.272287 0.325148
v 0.099738 -0.272287 0.325148
v 0.160552 -0.323997 0.281707
v 0.160552 -0.323997 0.281707
v 0.070491 -0.138920 0.325759
v 0.221225 -0.288451 0.223822
v 0.266646 -0.297337 0.113467
v 0.100736 -0.280196 0.323742
v 0.100736 -0.280196 0.323742
v 0.318485 -0.121880 0.130277
v 0.318485 -0.121880 0.130277
v 0.093711 -0.200465 0.327501
v 0.093711 -0.200465 0.327501
v 0.320899 -0.164271 0.129718
v 0.086580 0.027476 0.239441
v 0.086580 0.027476 0.239441
v 0.086580 0.027476 0.239441
v 0.159447 0.036213 0.209907
v 0.181050 -0.013864 0.202870
v 0.105520 -0.064644 0.278021
v 0.273250 -0.097851 0.145464
v 0.273250 -0.097851 0.145464
v 0.176859 -0.033245 0.211065
v 0.176859 -0.033245 0.211065
v 0.044992 -0.047654 0.292822
v 0.284069 -0.060879 0.144313
v 0.309020 -0.248615 0.111350
v 0.256270 -0.056395 0.152147
v 0.256270 -0.056395 0.152147
v 0.307202 -0.035021 0.107558
v 0.175552 -0.004688 0.205513
v 0.175552 -0.004688 0.205513
v 0.268130 -0.247699 0.120397
v 0.268130 -0.247699 0.120397
v 0.176867 -0.018338 0.207341
v 0.176867 -0.018338 0.207341
v 0.319504 -0.114115 0.128192
v 0.319504 -0.114115 0.128192
v 0.319504 -0.114115 0.128192
v 0.240854 -0.274225 0.184671
v 0.171672 0.007640 0.206097
v 0.171672 0.007640 0.206097
v 0.106383 0.051461 0.235292
v 0.320924 -0.177674 0.128657
v 0.231813 -0.069635 0.143335
v 0.231813 -0.069635 0.143335
v 0.215157 -0.214881 0.220830
v 0.215157 -0.214881 0.220830
v 0.187407 -0.154440 0.244787
v 0.187407 -0.154440 0.244787
v 0.195913 0.033404 0.185455
v 0.195913 0.033404 0.185455
v 0.273231 -0.239467 0.124792
v 0.273231 -0.239467 0.124792
v 0.181071 -0.013859 0.202897
v 0.182555 -0.139039 0.245616
v 0.197322 -0.183013 0.240186
v 0.222715 -0.018670 0.168488
v 0.222715 -0.018670 0.168488
v 0.132911 -0.042997 0.248653
v 0.220746 0.056147 0.160962
v 0.219243 0.065870 0.161430
v 0.220672 0.056140 0.160899
v 0.219288 0.065869 0.161468
v -0.190199 -0.515346 0.150167
v -0.201875 -0.498263 0.143647
v -0.215304 -0.502964 0.143130
v -0.215548 -0.502706 0.143648
v -0.201675 -0.498492 0.143214
v -0.145210 -0.504625 0.159153
v -0.159272 -0.488828 0.150036
v -0.159518 -0.488660 0.151927
v -0.167801 -0.511556 0.164781
v -0.172781 -0.515046 0.162658
v -0.172781 -0.515046 0.162658
v -0.175108 -0.516664 0.160968
v -0.175108 -0.516664 0.160968
v -0.177305 -0.511724 0.154548
v -0.170948 -0.512245 0.162243
v -0.170948 -0.512245 0.162243
v -0.167632 -0.511786 0.164461
v -0.186936 -0.490127 0.143279
v -0.180150 -0.523849 0.153299
v -0.181727 -0.523673 0.154432
v -0.202902 -0.523052 0.157259
v -0.214375 -0.515690 0.154405
v -0.215066 -0.523690 0.157369
v -0.215066 -0.523690 0.157369
v -0.214164 -0.516176 0.153813
v -0.110446 -0.463620 0.175116
v -0.135573 -0.446602 0.193144
v -0.151615 -0.460662 0.174922
v -0.151618 -0.460673 0.174934
v -0.157284 -0.443096 0.190620
v -0.157882 -0.448231 0.184831
v -0.157882 -0.448231 0.184831
v -0.157212 -0.442912 0.190441
v -0.153278 -0.440108 0.195005
v -0.153278 -0.440108 0.195005
v -0.119900 -0.423258 0.230628
v -0.119904 -0.423270 0.230638
v -0.096322 -0.415622 0.249586
v -0.096338 -0.415681 0.249636
v -0.072804 -0.414136 0.258620
v -0.098133 -0.408034 0.256854
v -0.098158 -0.408561 0.257237
v -0.072788 -0.414063 0.258557
v -0.062744 -0.414346 0.260751
v -0.040124 -0.420803 0.257069
v -0.053511 -0.415439 0.261274
v -0.053511 -0.415439 0.261274
v -0.045104 -0.414652 0.263657
v -0.045104 -0.414652 0.263657
v -0.006740 -0.421492 0.258764
v -0.033091 -0.417772 0.261523
v -0.033091 -0.417772 0.261523
v -0.023486 -0.412992 0.268109
v -0.023501 -0.413240 0.268319
v -0.004222 -0.394407 0.289224
v -0.011623 -0.400401 0.282273
v -0.011623 -0.400401 0.282273
v -0.004198 -0.393867 0.288648
v 0.014895 -0.389907 0.292075
v 0.029899 -0.386734 0.293939
v 0.042985 -0.388010 0.291516
v 0.042945 -0.387777 0.291241
v 0.057689 -0.379947 0.295112
v 0.057707 -0.380022 0.295208
v 0.083327 -0.372460 0.294679
v 0.083298 -0.372388 0.294578
v 0.110159 -0.354026 0.296399
v 0.110114 -0.353971 0.296301
v 0.132874 -0.340235 0.292365
v 0.110013 -0.344826 0.300934
v 0.117843 -0.330793 0.303507
v 0.117920 -0.330857 0.303694
v 0.103123 -0.343113 0.304368
v 0.103123 -0.343113 0.304368
v 0.087081 -0.321215 0.319204
v 0.095922 -0.344251 0.306395
v 0.095973 -0.344325 0.306548
v 0.086968 -0.321084 0.318861
v 0.070696 -0.313907 0.326046
v 0.063892 -0.317556 0.326888
v 0.063828 -0.317413 0.326500
v 0.037541 -0.321375 0.329796
v 0.037581 -0.321224 0.329670
v 0.077346 -0.339867 0.314833
v 0.063441 -0.371607 0.300328
v 0.077255 -0.339695 0.314413
v 0.086213 -0.355935 0.303692
v 0.086213 -0.355935 0.303692
v 0.071612 -0.363252 0.303425
v 0.071612 -0.363252 0.303425
v 0.079423 -0.364763 0.300488
v 0.079423 -0.364763 0.300488
v 0.034653 -0.344691 0.320356
v 0.038368 -0.364528 0.308504
v 0.038368 -0.364528 0.308504
v 0.025340 -0.343480 0.321945
v 0.004733 -0.356936 0.315774
v 0.004729 -0.356797 0.315530
v 0.000760 -0.322723 0.332044
v -0.006988 -0.333737 0.326968
v -0.006988 -0.333737 0.326968
v 0.000761 -0.322565 0.331656
v 0.024734 -0.321773 0.330941
v 0.024734 -0.321773 0.330941
v 0.029978 -0.312155 0.334028
v 0.029960 -0.312082 0.333797
v 0.025109 -0.329423 0.327926
v 0.025109 -0.329423 0.327926
v 0.019660 -0.294210 0.339702
v 0.019660 -0.294210 0.339702
v 0.025770 -0.287309 0.340930
v 0.025757 -0.287282 0.340810
v 0.053971 -0.290295 0.336130
v 0.053979 -0.290297 0.336149
v 0.027944 -0.277927 0.342432
v 0.040635 -0.262952 0.343198
v 0.055713 -0.260621 0.340168
v 0.055713 -0.260621 0.340168
v 0.065736 -0.280334 0.335484
v 0.066058 -0.256394 0.338285
v 0.065702 -0.280312 0.335328
v 0.090093 -0.314688 0.320186
v 0.076444 -0.280559 0.332924
v 0.071693 -0.288508 0.332324
v 0.071673 -0.288492 0.332252
v 0.080430 -0.313334 0.323566
v 0.067332 -0.304841 0.329524
v 0.067332 -0.304841 0.329524
v 0.059222 -0.297359 0.332869
v 0.059272 -0.297434 0.333189
v 0.059926 -0.307002 0.330596
v 0.059926 -0.307002 0.330596
v 0.045844 -0.305146 0.333737
v 0.045855 -0.305163 0.333794
v 0.040263 -0.312895 0.332278
v 0.040263 -0.312895 0.332278
v 0.090040 -0.314643 0.320037
v 0.115521 -0.320993 0.308379
v 0.055771 -0.250958 0.341194
v 0.055718 -0.250947 0.340961
v 0.046505 -0.248964 0.342998
v 0.046505 -0.248964 0.342998
v 0.043444 -0.221924 0.344241
v 0.043475 -0.221924 0.344428
v 0.036752 -0.215366 0.345381
v 0.041282 -0.243985 0.344712
v 0.025190 -0.192793 0.346126
v 0.002982 -0.228363 0.348569
v 0.004329 -0.237760 0.348133
v 0.004326 -0.237757 0.348060
v 0.018831 -0.278696 0.343641
v 0.018776 -0.278614 0.343065
v -0.013696 -0.244780 0.347225
v -0.033571 -0.288141 0.339241
v -0.029077 -0.305065 0.335413
v -0.029126 -0.305198 0.335849
v 0.003725 -0.286910 0.342850
v -0.005842 -0.315390 0.334190
v -0.051894 -0.314193 0.329710
v -0.026433 -0.331576 0.326520
v -0.068271 -0.339957 0.315569
v -0.063704 -0.314511 0.326454
v -0.080723 -0.315136 0.321529
v -0.086607 -0.341489 0.309527
v -0.068225 -0.339869 0.315363
v -0.087658 -0.320374 0.317465
v -0.087658 -0.320374 0.317465
v -0.120633 -0.324378 0.303670
v -0.120251 -0.324056 0.302851
v -0.125396 -0.318202 0.302314
v -0.138242 -0.353265 0.280537
v -0.138242 -0.353265 0.280537
v -0.156301 -0.361730 0.264967
v -0.186198 -0.379958 0.230119
v -0.154412 -0.370418 0.261141
v -0.152988 -0.377365 0.256897
v -0.181911 -0.385691 0.229481
v -0.181911 -0.385691 0.229481
v -0.184133 -0.391994 0.223352
v -0.151786 -0.397551 0.241400
v -0.193284 -0.426523 0.186633
v -0.199017 -0.424455 0.183962
v -0.151735 -0.397476 0.241322
v -0.168052 -0.430915 0.197724
v -0.143003 -0.400651 0.243828
v -0.159518 -0.429529 0.203637
v -0.159526 -0.429547 0.203653
v -0.107878 -0.410916 0.253080
v -0.143513 -0.378116 0.262460
v -0.148577 -0.371563 0.264674
v -0.106338 -0.365677 0.289454
v -0.064467 -0.366437 0.303078
v -0.044390 -0.410919 0.269591
v -0.016024 -0.372443 0.306532
v -0.021889 -0.395042 0.286901
v -0.031996 -0.405663 0.275340
v -0.031996 -0.405663 0.275340
v -0.023199 -0.402213 0.279752
v -0.023199 -0.402213 0.279752
v -0.113215 -0.364808 0.286773
v -0.113215 -0.364808 0.286773
v -0.143410 -0.377981 0.262284
v -0.130274 -0.358991 0.282398
v -0.147148 -0.392135 0.248898
v -0.147148 -0.392135 0.248898
v -0.107589 -0.409821 0.251724
v -0.123096 -0.416854 0.237091
v -0.177279 -0.436083 0.188215
v -0.189493 -0.389983 0.220157
v -0.193278 -0.426510 0.186619
v -0.201015 -0.433132 0.175786
v -0.201015 -0.433132 0.175786
v -0.206397 -0.456353 0.155041
v -0.198772 -0.437425 0.176176
v -0.198085 -0.436672 0.175267
v -0.199036 -0.424474 0.183985
v -0.155762 -0.391867 0.243614
v -0.155762 -0.391867 0.243614
v -0.152928 -0.377303 0.256810
v -0.154170 -0.370181 0.260796
v -0.092392 -0.314056 0.318135
v -0.116037 -0.314934 0.307720
v -0.116037 -0.314934 0.307720
v -0.092307 -0.313749 0.317950
v -0.079894 -0.304071 0.325014
v -0.079796 -0.303644 0.325140
v -0.110921 -0.320785 0.308338
v -0.096161 -0.319410 0.314707
v -0.096161 -0.319410 0.314707
v -0.070957 -0.314668 0.324412
v -0.070957 -0.314668 0.324412
v -0.086526 -0.341378 0.309287
v -0.034874 -0.339585 0.321909
v -0.034874 -0.339585 0.321909
v -0.063678 -0.314478 0.326356
v -0.080695 -0.315106 0.321436
v -0.048118 -0.339520 0.319848
v -0.048118 -0.339520 0.319848
v -0.026808 -0.331624 0.326139
v -0.041407 -0.307202 0.333112
v -0.041407 -0.307202 0.333112
v -0.005837 -0.315356 0.334080
v 0.006213 -0.296514 0.339879
v -0.123084 -0.416806 0.237039
v -0.189594 -0.435286 0.181821
v -0.174402 -0.443192 0.183229
v -0.165704 -0.449527 0.180951
v -0.165718 -0.449556 0.180991
v -0.174397 -0.443175 0.183210
v -0.168348 -0.484651 0.150944
v -0.168243 -0.484580 0.150825
v -0.168090 -0.430995 0.197798
v -0.084050 -0.288191 0.327238
v -0.084001 -0.287966 0.327372
v -0.183976 -0.391829 0.223144
v -0.031967 -0.347824 0.318177
v -0.031967 -0.347824 0.318177
v -0.052733 -0.358057 0.309359
v -0.052745 -0.358097 0.309429
v -0.108432 -0.358800 0.292250
v -0.108432 -0.358800 0.292250
v -0.110890 -0.320757 0.308258
v -0.023465 -0.239813 0.347922
v -0.023194 -0.224298 0.346896
v -0.073232 -0.286873 0.331089
v -0.050689 -0.297457 0.334369
v -0.073138 -0.286826 0.330777
v -0.068266 -0.297813 0.329894
v -0.068285 -0.297831 0.329966
v -0.050636 -0.297396 0.334098
v -0.054924 -0.307112 0.330628
v -0.054924 -0.307112 0.330628
v -0.068230 -0.303445 0.328467
v -0.068230 -0.303445 0.328467
v -0.041688 -0.298880 0.335385
v -0.041688 -0.298880 0.335385
v -0.023172 -0.224329 0.346670
v -0.013668 -0.244763 0.346961
v -0.033563 -0.288128 0.339172
v 0.039158 -0.253983 0.344000
v 0.039148 -0.253976 0.343929
v -0.020339 -0.209631 0.347790
v -0.016318 -0.223025 0.347593
v 0.014106 -0.191005 0.346578
v 0.014106 -0.191005 0.346578
v 0.014357 -0.167165 0.344169
v 0.012131 -0.182643 0.345887
v 0.012132 -0.182647 0.345906
v -0.016299 -0.223029 0.347379
v -0.014950 -0.237991 0.347292
v -0.014940 -0.237988 0.347203
v -0.002906 -0.242198 0.347722
v -0.002906 -0.242198 0.347722
v 0.021926 -0.172642 0.343879
v 0.021916 -0.172653 0.343799
v 0.050032 -0.213052 0.342656
v 0.049988 -0.213062 0.342456
v 0.002976 -0.228387 0.348387
v 0.036737 -0.215367 0.345285
v 0.052340 -0.226043 0.342438
v 0.052340 -0.226043 0.342438
v -0.142958 -0.400575 0.243751
v 0.014337 -0.167273 0.343636
v -0.021881 -0.394947 0.286791
v -0.051790 -0.314021 0.329185
v 0.006214 -0.296484 0.339751
v -0.061476 -0.306404 0.329322
v -0.061476 -0.306404 0.329322
v -0.061476 -0.306404 0.329322
v -0.023244 -0.347766 0.319107
v -0.023244 -0.347766 0.319107
v 0.076266 -0.280476 0.332377
v -0.025631 -0.339307 0.323142
v -0.025631 -0.339307 0.323142
v -0.185315 -0.489875 0.143038
v -0.015875 -0.371674 0.305449
v -0.106264 -0.365553 0.289265
v 0.120436 -0.323768 0.304992
v 0.120296 -0.323656 0.304674
v -0.117435 -0.358596 0.288414
v -0.117435 -0.358596 0.288414
v -0.010665 -0.387219 0.294214
v -0.064632 -0.355296 0.308368
v -0.064632 -0.355296 0.308368
v -0.085474 -0.351908 0.304431
v -0.085534 -0.352017 0.304637
v -0.066362 -0.347010 0.312335
v -0.066362 -0.347010 0.312335
v -0.057622 -0.347001 0.314324
v -0.057622 -0.347001 0.314324
v 0.041208 -0.243980 0.344237
v -0.064238 -0.365849 0.302274
v -0.059777 -0.339624 0.317499
v -0.059777 -0.339624 0.317499
v -0.059777 -0.339624 0.317499
v -0.129787 -0.358984 0.282172
v -0.012587 -0.349715 0.318913
v -0.012587 -0.349715 0.318913
v -0.018319 -0.340195 0.323364
v -0.018319 -0.340195 0.323364
v 0.002931 -0.247514 0.347548
v 0.002931 -0.247514 0.347548
v -0.005271 -0.357320 0.315010
v -0.005271 -0.357320 0.315010
v 0.025132 -0.192821 0.345702
v -0.145798 -0.362772 0.270759
v -0.145798 -0.362772 0.270759
v -0.125360 -0.318181 0.302247
v 0.063286 -0.287844 0.334526
v 0.063286 -0.287844 0.334526
v 0.050318 -0.256704 0.341662
v 0.050318 -0.256704 0.341662
v 0.065986 -0.256374 0.338043
v 0.013640 -0.287846 0.341548
v 0.013640 -0.287846 0.341548
v 0.013640 -0.287846 0.341548
v 0.034941 -0.306933 0.334828
v 0.034941 -0.306933 0.334828
v 0.034941 -0.306933 0.334828
v 0.010730 -0.303165 0.337822
v 0.010730 -0.303165 0.337822
v -0.008219 -0.322287 0.331519
v -0.008219 -0.322287 0.331519
v 0.029842 -0.336237 0.324574
v 0.029842 -0.336237 0.324574
v -0.009623 -0.340641 0.323665
v -0.009623 -0.340641 0.323665
v -0.009623 -0.340641 0.323665
v 0.034623 -0.344559 0.320106
v 0.029395 -0.365707 0.308868
v -0.001001 -0.372043 0.306050
v 0.034134 -0.383090 0.296361
v 0.038188 -0.372206 0.303582
v 0.038188 -0.372206 0.303582
v 0.011438 -0.383737 0.297096
v 0.011438 -0.383737 0.297096
v -0.001002 -0.371926 0.305876
v 0.040793 -0.378490 0.298819
v 0.040793 -0.378490 0.298819
v 0.002435 -0.377174 0.302267
v 0.002435 -0.377174 0.302267
v 0.034122 -0.382974 0.296210
v 0.029392 -0.365647 0.308768
v 0.051207 -0.373228 0.301102
v 0.051207 -0.373228 0.301102
v 0.051207 -0.373228 0.301102
v 0.025323 -0.343312 0.321626
v -0.041562 -0.346070 0.317695
v -0.041258 -0.346435 0.317606
v -0.042160 -0.345618 0.317281
v -0.148047 -0.371338 0.264026
v -0.148047 -0.371338 0.264026
v -0.020252 -0.209754 0.346745
v -0.095371 -0.405250 0.262129
v -0.053514 -0.353491 0.311744
v -0.053514 -0.353491 0.311744
v -0.189616 -0.435310 0.181853
v -0.096434 -0.349717 0.301822
v -0.096434 -0.349717 0.301822
v -0.083489 -0.287823 0.327315
v -0.077675 -0.346802 0.309420
v -0.077675 -0.346802 0.309420
v -0.077675 -0.346802 0.309420
v -0.147608 -0.383517 0.255550
v -0.147608 -0.383517 0.255550
v -0.147608 -0.383517 0.255550
v -0.156132 -0.361594 0.264721
v -0.023243 -0.239729 0.346317
v -0.023243 -0.239729 0.346317
v -0.095221 -0.404854 0.261735
v 0.037881 -0.321216 0.329674
v 0.039180 -0.337124 0.323061
v 0.039180 -0.337124 0.323061
v 0.070675 -0.313882 0.325971
v 0.095558 -0.323379 0.315153
v 0.095558 -0.323379 0.315153
v 0.115416 -0.320928 0.308090
v 0.132836 -0.340205 0.292292
v 0.109985 -0.344797 0.300868
v -0.186128 -0.379907 0.230037
v -0.010663 -0.387188 0.294177
v -0.005363 -0.384146 0.296802
v -0.005363 -0.384146 0.296802
v 0.092915 -0.357551 0.300643
v 0.092915 -0.357551 0.300643
v 0.046273 -0.382893 0.294727
v 0.046273 -0.382893 0.294727
v 0.046273 -0.382893 0.294727
v 0.071512 -0.387445 0.286256
v 0.071512 -0.387445 0.286256
v 0.029889 -0.386544 0.293710
v 0.005632 -0.386934 0.294667
v 0.005632 -0.386934 0.294667
v 0.005632 -0.386934 0.294667
v 0.005632 -0.386934 0.294667
v -0.019505 -0.407356 0.274707
v -0.019505 -0.407356 0.274707
v -0.019505 -0.407356 0.274707
v -0.032884 -0.411398 0.269037
v -0.032884 -0.411398 0.269037
v -0.079780 -0.303630 0.325087
v -0.079780 -0.303630 0.325087
v -0.012539 -0.394486 0.287779
v -0.012539 -0.394486 0.287779
v -0.012539 -0.394486 0.287779
v -0.006733 -0.421381 0.258678
v -0.044184 -0.410031 0.268829
v -0.007737 -0.365249 0.310025
v -0.007737 -0.365249 0.310025
v -0.007737 -0.365249 0.310025
v -0.044398 -0.410352 0.268673
v -0.040113 -0.420685 0.256980
v -0.062737 -0.414302 0.260714
v -0.079995 -0.408392 0.262855
v -0.079995 -0.408392 0.262855
v -0.079995 -0.408392 0.262855
v -0.206328 -0.456279 0.154943
v -0.207590 -0.462606 0.148729
v -0.207307 -0.462274 0.148408
v -0.007930 -0.377622 0.301658
v -0.007930 -0.377622 0.301658
v -0.007930 -0.377622 0.301658
v -0.177271 -0.436073 0.188205
v -0.205032 -0.496986 0.140732
v -0.204917 -0.497252 0.140511
v -0.197180 -0.492317 0.140361
v -0.197180 -0.492317 0.140361
v -0.213341 -0.497250 0.135603
v -0.213341 -0.497250 0.135603
v -0.115240 -0.414589 0.243166
v -0.115240 -0.414589 0.243166
v -0.115240 -0.414589 0.243166
v -0.149539 -0.434223 0.203302
v -0.149539 -0.434223 0.203302
v -0.149539 -0.434223 0.203302
v -0.159252 -0.435784 0.197063
v -0.159252 -0.435784 0.197063
v -0.159252 -0.435784 0.197063
v -0.164526 -0.444171 0.186346
v -0.164526 -0.444171 0.186346
v -0.164526 -0.444171 0.186346
v -0.157921 -0.456776 0.176949
v -0.157921 -0.456776 0.176949
v -0.157921 -0.456776 0.176949
v -0.168055 -0.438982 0.189903
v -0.168055 -0.438982 0.189903
v -0.135637 -0.446847 0.193338
v -0.182719 -0.439016 0.182767
v -0.182719 -0.439016 0.182767
v 0.063398 -0.371467 0.300117
v 0.063398 -0.371467 0.300117
v -0.144424 -0.476896 0.162112
v -0.144424 -0.476896 0.162112
v -0.148187 -0.466428 0.170556
v -0.148187 -0.466428 0.170556
v -0.158834 -0.488127 0.150770
v -0.210214 -0.527440 0.159055
v -0.210198 -0.527470 0.158524
v -0.146563 -0.489733 0.152212
v -0.150947 -0.476756 0.161350
v -0.150947 -0.476756 0.161350
v -0.146638 -0.489878 0.152696
v -0.110409 -0.463766 0.175213
v -0.205076 -0.497219 0.140764
v -0.186583 -0.490228 0.142964
v 0.055503 -0.317495 0.328201
v 0.055503 -0.317495 0.328201
v 0.055503 -0.317495 0.328201
v 0.034105 -0.200556 0.345011
v 0.034105 -0.200556 0.345011
v -0.098273 -0.407990 0.257366
v 0.040580 -0.262882 0.342827
v 0.027937 -0.277917 0.342373
v -0.204051 -0.516732 0.154922
v -0.204051 -0.516732 0.154922
v -0.166173 -0.507555 0.161251
v -0.166173 -0.507555 0.161251
v 0.003753 -0.286781 0.342124
v 0.080413 -0.313314 0.323492
v 0.003462 -0.314582 0.334481
v 0.003462 -0.314582 0.334481
v 0.014884 -0.389804 0.291964
v 0.062481 -0.229010 0.339946
v 0.062481 -0.229010 0.339946
v -0.017435 -0.330442 0.327783
v -0.017435 -0.330442 0.327783
v -0.202950 -0.523094 0.157098
v -0.067838 -0.409582 0.264800
v -0.067838 -0.409582 0.264800
v -0.067838 -0.409582 0.264800
v -0.209896 -0.521250 0.157245
v -0.209896 -0.521250 0.157245
v 0.143485 -0.341980 0.285598
v 0.143485 -0.341980 0.285598
v -0.102049 -0.361724 0.293211
v -0.102049 -0.361724 0.293211
vn 0.6933 0.3513 0.6292
vn 0.7217 0.3619 0.5901
vn 0.6961 0.3641 0.6187
vn 0.9052 0.0983 -0.4135
vn 0.8770 -0.0000 -0.4804
vn 0.8822 0.1289 -0.4530
vn 0.9777 0.1092 -0.1792
vn 0.8830 0.2929 -0.3667
vn 0.9736 0.2282 0.0043
vn 0.9954 0.0382 -0.0880
vn 0.9915 0.0864 -0.0974
vn 0.9644 0.2598 0.0503
vn 0.9829 0.0991 -0.1551
vn -0.0818 -0.9127 0.4004
vn -0.0757 -0.9601 0.2693
vn -0.1281 -0.8174 0.5616
vn 0.9823 -0.1489 -0.1137
vn 0.9202 -0.2363 -0.3121
vn 0.9314 -0.3435 -0.1208
vn 0.9717 -0.2358 0.0132
vn 0.8269 -0.4467 -0.3416
vn 0.8653 -0.4886 -0.1121
vn 0.9707 -0.0807 -0.2262
vn 0.9966 -0.0132 -0.0811
vn 0.9993 -0.0367 -0.0116
vn 0.9987 0.0406 -0.0304
vn 0.9909 -0.0829 0.1058
vn 0.9990 -0.0365 0.0276
vn 0.9533 -0.2699 -0.1355
vn 0.9386 -0.3154 0.1402
vn 0.9431 -0.2865 0.1686
vn 0.9552 -0.2131 0.2054
vn 0.9087 -0.4093 -0.0824
vn 0.9130 -0.3599 0.1919
vn 0.9381 -0.3369 0.0797
vn 0.9380 -0.3104 0.1546
vn 0.9582 -0.2832 0.0410
vn 0.9276 -0.3185 0.1955
vn 0.8831 -0.4607 0.0891
vn 0.8531 -0.4989 0.1529
vn 0.9321 -0.3602 0.0376
vn 0.9268 -0.3698 0.0653
vn 0.8948 -0.3229 0.3084
vn 0.9056 -0.3194 0.2792
vn 0.9319 -0.2644 0.2482
vn 0.7698 -0.1616 -0.6175
vn 0.7381 -0.6393 0.2155
vn 0.7358 -0.6644 -0.1310
vn 0.6988 -0.7113 0.0762
vn 0.7459 -0.6657 0.0224
vn 0.8437 -0.4500 0.2928
vn 0.7860 -0.5499 0.2826
vn 0.7322 -0.6569 0.1799
vn 0.8656 -0.3323 0.3745
vn -0.8417 -0.4061 -0.3558
vn -0.8205 -0.4551 -0.3460
vn -0.8292 -0.4229 -0.3656
vn -0.4675 0.0338 -0.8833
vn -0.5666 0.0956 -0.8184
vn -0.8474 0.1629 -0.5053
vn -0.6221 0.0687 -0.7799
vn -0.4485 -0.0071 -0.8937
vn -0.4103 -0.2827 -0.8670
vn -0.4760 -0.1257 -0.8704
vn -0.1058 -0.2194 -0.9699
vn -0.3385 -0.2699 -0.9014
vn -0.2649 -0.4596 -0.8477
vn -0.3680 -0.6971 -0.6153
vn -0.4284 -0.8887 -0.1634
vn -0.5210 -0.6111 -0.5959
vn -0.4638 -0.3626 -0.8083
vn -0.4312 -0.8704 -0.2377
vn -0.5729 -0.7743 -0.2688
vn -0.5634 -0.7843 -0.2595
vn -0.2262 -0.7532 -0.6177
vn -0.3957 -0.6425 -0.6562
vn -0.4058 -0.7199 -0.5630
vn -0.1302 -0.6074 -0.7837
vn -0.4937 -0.8065 -0.3253
vn -0.5841 -0.7677 -0.2636
vn -0.2931 -0.8707 -0.3950
vn -0.5324 -0.8079 -0.2528
vn -0.6128 -0.7526 -0.2410
vn -0.3902 -0.7802 -0.4889
vn -0.4372 -0.8147 -0.3810
vn -0.4977 -0.7843 -0.3704
vn -0.5186 -0.8000 -0.3019
vn -0.5965 -0.7662 -0.2389
vn -0.4794 -0.8440 -0.2406
vn -0.6180 -0.7374 -0.2727
vn 0.9076 0.1489 -0.3925
vn 0.9065 0.1165 -0.4057
vn 0.8927 0.1670 -0.4186
vn 0.8868 0.1220 -0.4457
vn 0.9065 0.1355 -0.3999
vn 0.8936 0.0917 -0.4394
vn 0.8765 0.1325 -0.4628
vn 0.8311 0.1783 -0.5267
vn 0.8634 0.1286 -0.4878
vn 0.9168 0.0480 -0.3965
vn 0.8023 0.0393 -0.5957
vn 0.9514 0.0836 -0.2965
vn 0.9048 0.1403 -0.4021
vn 0.8446 -0.2394 -0.4789
vn 0.7113 -0.4836 -0.5101
vn 0.8630 -0.1438 -0.4842
vn 0.7740 -0.5471 -0.3189
vn 0.7675 -0.5529 -0.3245
vn 0.8124 -0.4394 -0.3832
vn 0.8560 -0.3664 -0.3648
vn 0.8895 -0.2049 -0.4085
vn 0.7157 -0.5107 -0.4763
vn 0.6472 -0.5764 -0.4989
vn 0.7518 -0.5107 -0.4171
vn 0.7301 -0.5763 -0.3672
vn 0.8544 0.0527 -0.5169
vn 0.8610 0.0874 -0.5010
vn 0.8695 0.0911 -0.4854
vn 0.8451 0.1325 -0.5179
vn 0.9093 0.0021 -0.4161
vn 0.8279 0.0322 -0.5599
vn 0.8627 -0.1204 -0.4912
vn 0.7678 0.1177 -0.6297
vn 0.8456 0.0664 -0.5297
vn 0.8002 0.1750 -0.5736
vn 0.7775 0.3496 -0.5227
vn 0.7882 0.1973 -0.5829
vn 0.7702 0.1927 -0.6080
vn 0.7918 0.2943 -0.5352
vn 0.8970 0.0832 -0.4341
vn 0.8977 -0.1264 -0.4221
vn 0.4138 -0.9065 -0.0833
vn 0.7356 -0.6130 -0.2883
vn 0.6980 -0.6518 -0.2966
vn 0.8399 -0.4217 -0.3418
vn 0.7462 -0.5656 -0.3512
vn 0.7400 -0.5890 -0.3248
vn 0.8146 -0.4681 -0.3424
vn 0.6046 -0.7203 -0.3401
vn 0.7457 -0.5763 -0.3343
vn 0.7945 -0.5032 -0.3401
vn 0.8282 -0.4165 -0.3749
vn 0.7210 -0.6229 -0.3035
vn 0.4626 -0.5643 0.6838
vn 0.5390 -0.4390 0.7189
vn 0.5027 -0.4660 0.7281
vn 0.5710 -0.4445 0.6902
vn 0.5619 -0.4130 0.7167
vn 0.6136 -0.4011 0.6801
vn 0.6018 -0.3482 0.7187
vn 0.5438 -0.4157 0.7290
vn 0.3295 -0.5099 0.7947
vn 0.3090 -0.6014 0.7368
vn 0.3258 -0.5204 0.7893
vn 0.5746 -0.4831 0.6607
vn 0.5980 -0.4423 0.6684
vn 0.4500 -0.4812 0.7523
vn 0.5034 -0.4047 0.7634
vn 0.3801 -0.5365 0.7535
vn 0.2573 -0.7083 0.6573
vn 0.3935 -0.4347 0.8101
vn 0.4162 -0.4525 0.7887
vn 0.4150 -0.4260 0.8039
vn 0.3190 -0.4973 0.8068
vn 0.7025 -0.2752 0.6563
vn 0.6271 -0.3632 0.6890
vn 0.6857 -0.3372 0.6451
vn 0.6543 -0.3539 0.6683
vn 0.6526 -0.3915 0.6487
vn 0.7964 -0.2772 0.5375
vn 0.8050 -0.2036 0.5572
vn 0.7841 -0.2338 0.5749
vn 0.7463 -0.2712 0.6078
vn 0.7156 -0.3389 0.6107
vn 0.7581 -0.2773 0.5902
vn 0.7745 -0.2220 0.5924
vn 0.8024 -0.1942 0.5643
vn 0.7179 -0.2775 0.6384
vn 0.7182 -0.3311 0.6120
vn 0.9498 -0.1905 0.2480
vn 0.9526 -0.1223 0.2787
vn 0.9447 -0.1512 0.2910
vn 0.4136 -0.6014 0.6836
vn 0.5481 -0.4909 0.6772
vn 0.9148 -0.1786 0.3623
vn 0.9633 0.1102 0.2449
vn 0.9748 -0.0561 0.2160
vn 0.9428 -0.1358 0.3043
vn 0.5371 -0.4985 0.6804
vn 0.8586 -0.1175 0.4990
vn 0.7813 -0.3357 0.5262
vn 0.9714 -0.1198 0.2049
vn 0.7124 -0.4022 0.5751
vn 0.3589 -0.5649 0.7431
vn 0.6940 -0.4489 0.5629
vn 0.8617 -0.2518 0.4405
vn 0.8337 -0.2624 0.4859
vn 0.8508 -0.1624 0.4997
vn 0.8306 0.3194 0.4561
vn 0.8935 -0.1441 0.4253
vn 0.9040 -0.1389 0.4044
vn 0.8187 -0.1714 0.5480
vn 0.8488 -0.1620 0.5034
vn 0.8690 -0.0762 0.4890
vn 0.6270 -0.4565 0.6313
vn 0.7649 -0.4270 0.4823
vn 0.4672 -0.5525 0.6903
vn 0.6951 -0.4304 0.5758
vn -0.8986 -0.3960 0.1888
vn -0.8174 -0.4385 0.3736
vn -0.8628 -0.2239 0.4533
vn -0.9084 -0.0251 0.4174
vn -0.7460 -0.0222 0.6656
vn -0.9209 -0.0943 0.3782
vn -0.8961 -0.0530 0.4406
vn -0.7898 0.1168 0.6022
vn -0.8346 0.0369 0.5496
vn -0.4058 0.1981 0.8922
vn -0.6422 0.0959 0.7605
vn -0.4681 -0.0511 0.8822
vn -0.6117 -0.2887 0.7365
vn -0.3372 -0.0366 0.9407
vn -0.5204 -0.4209 0.7430
vn -0.6151 -0.1363 0.7766
vn -0.3284 -0.7965 0.5076
vn -0.1318 -0.1678 0.9770
vn 0.6996 -0.5459 0.4610
vn 0.6940 -0.4778 0.5386
vn 0.3604 -0.0334 0.9322
vn -0.0015 -0.9966 0.0824
vn 0.0272 -0.9879 0.1527
vn 0.0725 -0.8829 0.4638
vn -0.0605 -0.8540 0.5168
vn -0.2500 -0.5777 0.7770
vn -0.4125 -0.3949 0.8209
vn 0.1430 -0.5693 0.8096
vn 0.4590 -0.0292 0.8880
vn 0.2463 -0.8675 0.4322
vn 0.1377 -0.6250 0.7684
vn 0.2451 -0.8287 0.5032
vn -0.8306 -0.5545 -0.0512
vn -0.6150 -0.7882 0.0227
vn -0.6243 -0.7229 0.2960
vn -0.5247 -0.5400 0.6581
vn -0.3796 -0.7450 0.5485
vn -0.3705 -0.6478 0.6657
vn -0.5437 -0.7511 0.3744
vn -0.2385 -0.9390 0.2478
vn -0.4383 -0.7903 0.4283
vn -0.3047 -0.7696 0.5611
vn -0.4626 -0.6246 0.6292
vn -0.1535 -0.6827 0.7144
vn -0.3356 -0.6622 0.6700
vn -0.2824 -0.7704 0.5716
vn -0.2527 -0.5523 0.7944
vn -0.5493 -0.8147 0.1860
vn -0.2941 -0.3573 0.8865
vn -0.2334 -0.0336 0.9718
vn -0.0335 -0.9980 0.0536
vn 0.3031 -0.9287 0.2137
vn -0.0412 -0.9987 -0.0299
vn -0.0791 -0.9873 -0.1377
vn -0.4130 -0.4381 0.7984
vn -0.7464 -0.4858 0.4549
vn -0.8946 -0.1364 0.4254
vn -0.7487 0.1116 0.6534
vn -0.6124 -0.7093 0.3491
vn -0.3356 -0.9247 0.1795
vn -0.4173 -0.8789 0.2310
vn -0.6457 -0.6943 0.3177
vn -0.6632 0.2605 0.7016
vn -0.6252 -0.7061 0.3324
vn -0.6206 -0.7598 0.1935
vn -0.6050 -0.0063 0.7962
vn -0.6211 -0.7238 0.3006
vn -0.4535 -0.0722 0.8883
vn -0.5904 -0.7638 0.2607
vn -0.3536 -0.9336 0.0571
vn -0.5353 -0.8086 0.2443
vn -0.5742 -0.8168 0.0560
vn -0.5338 -0.7007 0.4734
vn -0.5696 -0.3175 0.7581
vn -0.8426 0.0495 0.5362
vn 0.3112 0.2567 0.9150
vn 0.0792 -0.9901 0.1161
vn -0.7069 -0.6913 -0.1497
vn -0.5174 -0.8550 -0.0355
vn -0.2622 -0.9643 -0.0368
vn 0.0077 -1.0000 -0.0030
vn 0.4373 -0.8993 -0.0014
vn -0.2950 -0.9334 -0.2042
vn -0.6182 0.4564 0.6400
vn -0.2396 -0.7675 0.5946
vn -0.4543 0.3079 0.8360
vn 0.1447 0.6958 0.7035
vn -0.0142 0.5133 0.8581
vn 0.3168 0.5448 0.7764
vn -0.0725 0.0339 0.9968
vn -0.1683 -0.3984 0.9017
vn 0.0171 -0.9998 -0.0120
vn -0.2696 -0.6552 0.7057
vn 0.1193 0.4379 0.8911
vn -0.1205 0.4704 0.8742
vn 0.0543 0.6051 0.7943
vn 0.3628 0.4727 0.8031
vn 0.5131 -0.1723 0.8408
vn 0.8066 -0.0000 0.5911
vn 0.6747 0.4315 0.5988
vn 0.3303 0.1309 0.9348
vn 0.0123 0.2065 0.9784
vn 0.6353 0.1192 0.7630
vn 0.4211 0.1069 0.9007
vn 0.4390 0.0164 0.8983
vn 0.9136 0.4050 0.0364
vn 0.7506 -0.0540 0.6586
vn 0.0988 -0.2604 0.9604
vn -0.3262 -0.2203 0.9193
vn -0.2515 -0.5424 0.8016
vn -0.3023 -0.4878 0.8189
vn 0.6513 0.4026 0.6432
vn 0.7862 0.2987 0.5410
vn 0.8443 0.2654 0.4655
vn 0.1031 -0.9295 0.3542
vn 0.2568 -0.1923 0.9471
vn -0.3220 0.1642 0.9324
vn 0.0791 0.3183 0.9447
vn -0.4064 0.0279 0.9133
vn -0.2064 -0.6227 0.7548
vn 0.3092 -0.8837 0.3514
vn 0.5524 -0.6772 0.4860
vn 0.4103 -0.3753 0.8311
vn -0.2135 0.2717 0.9384
vn -0.4036 -0.0298 0.9145
vn 0.0295 0.4648 0.8849
vn 0.2804 0.6192 0.7334
vn 0.6805 -0.7140 0.1646
vn 0.5958 -0.5303 0.6032
vn 0.4557 0.6108 0.6475
vn 0.1066 0.4809 0.8703
vn 0.3521 0.3643 0.8622
vn 0.3821 0.5875 0.7133
vn 0.5324 0.0529 -0.8448
vn 0.3959 -0.0928 -0.9136
vn 0.5289 -0.1067 -0.8420
vn 0.6442 0.0148 -0.7647
vn 0.8089 -0.0841 -0.5819
vn 0.6376 0.0558 -0.7683
vn 0.6888 0.0056 -0.7249
vn 0.6548 -0.1401 -0.7427
vn 0.9076 -0.2247 -0.3546
vn 0.7894 -0.1922 -0.5830
vn 0.9233 -0.0081 -0.3839
vn 0.4644 0.0524 -0.8841
vn 0.7683 0.1912 -0.6108
vn 0.5970 0.1279 -0.7920
vn 0.6117 0.1216 -0.7817
vn 0.7745 0.0175 -0.6324
vn 0.5504 -0.2240 -0.8043
vn 0.6078 -0.3808 -0.6968
vn 0.9759 -0.0739 0.2054
vn 0.9353 -0.3514 0.0428
vn 0.9807 -0.1722 -0.0928
vn 0.5539 -0.5317 -0.6407
vn 0.0532 -0.5385 -0.8409
vn 0.2560 -0.2190 -0.9415
vn 0.4535 -0.2232 -0.8629
vn 0.4833 -0.0628 -0.8732
vn 0.6460 -0.2636 -0.7164
vn 0.6873 -0.1073 -0.7184
vn 0.5901 -0.2075 -0.7802
vn 0.6337 -0.0104 -0.7735
vn 0.0610 -0.9976 -0.0335
vn 0.0106 -0.9999 -0.0129
vn 0.5998 -0.4923 -0.6308
vn 0.8190 -0.4707 -0.3280
vn 0.4590 -0.8763 -0.1466
vn -0.0672 -0.9977 -0.0045
vn 0.7585 -0.6489 -0.0596
vn 0.4278 -0.6403 -0.6379
vn 0.5177 -0.2868 -0.8061
vn 0.0101 -0.9999 -0.0112
vn -0.0991 -0.2745 -0.9565
vn -0.1391 -0.6468 -0.7498
vn 0.0082 -0.9485 -0.3168
vn -0.0439 -0.9934 0.1062
vn -0.3670 -0.8297 -0.4206
vn -0.3194 -0.5860 -0.7447
vn -0.4739 -0.4955 -0.7280
vn -0.3566 -0.3432 -0.8689
vn -0.2730 -0.5877 -0.7616
vn -0.2266 -0.7323 -0.6422
vn 0.8211 -0.5578 0.1212
vn 0.5809 -0.8126 0.0465
vn 0.5327 -0.8424 0.0806
vn 0.9907 -0.0921 -0.1000
vn 0.8295 0.1732 0.5310
vn 0.7498 -0.6616 -0.0079
vn 0.8547 0.5091 0.1014
vn 0.8283 -0.5547 -0.0790
vn 0.7886 -0.5882 -0.1792
vn 0.9297 -0.3667 -0.0345
vn 0.9814 0.0192 0.1910
vn -0.5803 -0.2826 -0.7638
vn -0.5840 -0.3738 -0.7206
vn -0.5294 -0.3546 -0.7707
vn -0.5800 -0.0808 -0.8106
vn -0.6803 -0.1679 -0.7134
vn -0.1095 -0.9790 -0.1721
vn 0.0670 -0.9656 -0.2511
vn 0.0696 -0.9862 -0.1504
vn 0.5040 -0.7429 -0.4406
vn 0.6437 -0.6781 -0.3548
vn 0.0432 -0.7145 -0.6983
vn 0.0897 -0.9611 -0.2614
vn 0.2313 -0.8136 -0.5335
vn 0.3201 -0.9255 -0.2024
vn 0.4722 -0.8287 -0.3004
vn 0.5053 -0.6657 -0.5492
vn 0.2861 -0.5099 -0.8113
vn 0.5356 -0.5719 -0.6213
vn 0.6419 -0.5468 -0.5375
vn -0.0917 -0.3333 -0.9383
vn -0.2874 0.2487 -0.9249
vn -0.3264 0.4404 -0.8364
vn 0.5899 -0.7655 -0.2570
vn 0.4337 -0.8562 -0.2808
vn 0.2370 -0.9048 -0.3539
vn 0.6751 -0.6233 -0.3946
vn -0.0182 -0.9579 -0.2865
vn -0.3353 -0.0300 -0.9416
vn -0.3939 -0.1149 -0.9120
vn 0.0271 0.1474 -0.9887
vn -0.3766 -0.0904 -0.9219
vn -0.3347 -0.1069 -0.9362
vn -0.3624 -0.1384 -0.9217
vn -0.2214 -0.0553 -0.9736
vn -0.5324 0.0886 -0.8419
vn -0.2240 -0.1336 -0.9654
vn 0.3605 -0.1592 -0.9191
vn 0.1956 -0.1173 -0.9736
vn 0.0953 -0.0008 -0.9955
vn -0.0216 0.0057 -0.9998
vn -0.1342 0.0199 -0.9908
vn -0.1403 0.0122 -0.9900
vn 0.0064 0.0230 -0.9997
vn -0.2172 -0.0015 -0.9761
vn -0.0778 -0.0360 -0.9963
vn -0.1610 -0.0093 -0.9869
vn -0.1288 0.0191 -0.9915
vn -0.1022 0.0222 -0.9945
vn 0.5322 0.0662 -0.8440
vn 0.6015 -0.0059 -0.7989
vn 0.3400 0.1102 -0.9339
vn 0.4149 -0.0261 -0.9095
vn 0.4149 0.0623 -0.9077
vn 0.1860 -0.7972 -0.5743
vn 0.3409 -0.8991 -0.2745
vn 0.0988 -0.6029 -0.7917
vn -0.0916 -0.9807 0.1726
vn -0.1754 -0.6802 -0.7118
vn 0.5228 -0.8337 -0.1779
vn 0.1233 -0.3388 -0.9327
vn -0.1817 -0.0548 -0.9818
vn 0.4273 -0.2359 -0.8728
vn 0.0433 0.1168 -0.9922
vn -0.5051 0.2240 -0.8335
vn -0.3113 0.5053 -0.8048
vn 0.3854 -0.0986 -0.9175
vn 0.0782 0.2349 -0.9689
vn 0.0362 0.2005 -0.9790
vn 0.2159 -0.1970 -0.9563
vn 0.1325 -0.3060 -0.9428
vn -0.0665 0.4574 -0.8868
vn 0.4439 -0.2032 -0.8727
vn 0.6529 0.1314 -0.7460
vn 0.6019 0.1788 -0.7783
vn 0.7501 0.0073 -0.6613
vn 0.6975 0.0586 -0.7141
vn 0.6459 0.1531 -0.7479
vn 0.5293 -0.2070 -0.8228
vn 0.3727 -0.2594 -0.8909
vn 0.0557 -0.7734 0.6314
vn 0.4760 -0.7368 0.4802
vn -0.4441 -0.3804 0.8112
vn -0.5734 -0.3605 0.7357
vn -0.2068 -0.4342 0.8768
vn -0.3082 -0.5673 0.7637
vn -0.1197 -0.7350 0.6674
vn -0.2167 -0.3644 0.9057
vn 0.2005 -0.5471 0.8127
vn 0.4694 -0.4968 0.7300
vn 0.3433 -0.5717 0.7452
vn 0.3566 -0.6150 0.7033
vn -0.8132 -0.4610 0.3551
vn -0.4499 -0.8075 0.3815
vn -0.7049 -0.7062 -0.0670
vn -0.9922 -0.1205 0.0313
vn -0.6998 -0.3858 -0.6011
vn -0.3989 -0.8046 -0.4399
vn -0.6294 -0.6872 -0.3628
vn 0.0790 -0.9965 0.0265
vn -0.3702 -0.6944 -0.6171
vn -0.8350 -0.1765 -0.5212
vn -0.9354 -0.0929 -0.3413
vn -0.9256 -0.1093 -0.3623
vn -0.9498 -0.1166 -0.2903
vn -0.8278 -0.2015 -0.5237
vn -0.8894 -0.3772 -0.2581
vn -0.7353 -0.4460 -0.5102
vn -0.3784 -0.8733 0.3068
vn 0.2221 -0.9552 0.1955
vn -0.4190 -0.7373 0.5299
vn -0.6143 -0.3734 -0.6952
vn -0.8065 0.0122 -0.5911
vn -0.9815 -0.0213 0.1903
vn -0.9919 -0.0197 -0.1254
vn -0.8925 -0.2911 -0.3445
vn -0.3365 -0.1998 -0.9202
vn -0.5708 -0.5075 -0.6455
vn -0.4990 -0.0927 -0.8616
vn -0.6197 -0.7558 0.2114
vn -0.4839 -0.4830 0.7298
vn 0.0699 -0.9167 0.3934
vn -0.0501 -0.8457 0.5312
vn 0.5442 -0.8303 -0.1197
vn -0.9577 -0.2444 0.1520
vn -0.7696 -0.3591 -0.5279
vn -0.9418 -0.2845 0.1793
vn 0.8256 -0.5416 -0.1583
vn 0.7243 -0.5993 -0.3409
vn 0.8196 -0.5629 -0.1067
vn 0.6343 -0.5890 -0.5007
vn 0.3793 -0.5009 -0.7780
vn 0.5244 -0.4923 -0.6947
vn 0.4830 -0.4176 -0.7696
vn 0.5002 -0.2966 -0.8136
vn 0.5600 -0.1343 -0.8175
vn 0.6595 -0.7066 -0.2567
vn 0.7098 -0.6132 -0.3467
vn 0.6475 -0.6257 -0.4350
vn 0.6151 -0.6414 -0.4586
vn 0.7000 -0.6875 -0.1931
vn 0.5974 -0.7315 -0.3287
vn 0.7214 -0.6320 -0.2831
vn 0.7537 -0.6448 -0.1275
vn 0.7772 -0.4218 -0.4670
vn 0.6217 -0.7208 -0.3065
vn 0.5948 -0.7717 -0.2254
vn 0.3439 -0.9331 0.1056
vn 0.6932 -0.7072 -0.1391
vn 0.5385 -0.3868 -0.7486
vn 0.7852 -0.5831 -0.2084
vn 0.4844 -0.6107 -0.6264
vn 0.4822 -0.2762 -0.8314
vn 0.8998 -0.3760 -0.2215
vn 0.3684 -0.3673 -0.8540
vn 0.2094 -0.2852 -0.9353
vn 0.1842 -0.1738 -0.9674
vn 0.8400 0.0495 -0.5403
vn 0.8614 0.1316 -0.4906
vn 0.7320 -0.5693 -0.3742
vn 0.5943 -0.4718 -0.6513
vn 0.6333 -0.3703 -0.6796
vn 0.2176 -0.1214 -0.9685
vn 0.3539 -0.5904 -0.7254
vn 0.4625 -0.8336 0.3020
vn 0.6467 -0.7584 0.0811
vn 0.6377 -0.7187 0.2771
vn 0.7141 -0.6541 -0.2495
vn 0.8867 -0.4417 0.1362
vn 0.3796 -0.5250 -0.7618
vn -0.2390 -0.2958 -0.9249
vn -0.2448 -0.9530 0.1784
vn 0.4573 -0.7294 0.5087
vn 0.8344 0.3439 -0.4308
vn 0.8431 0.3250 -0.4284
vn 0.7527 0.5279 -0.3933
vn 0.7869 0.4748 -0.3941
vn 0.6914 0.6091 -0.3887
vn 0.5893 0.7142 -0.3778
vn 0.6496 0.6576 -0.3815
vn 0.6776 0.6220 -0.3923
vn 0.6159 0.6878 -0.3842
vn 0.8385 -0.3839 -0.3868
vn 0.7451 -0.5199 -0.4178
vn 0.8246 -0.3203 -0.4663
vn 0.7506 0.5271 -0.3985
vn 0.8523 0.3210 -0.4129
vn 0.8024 0.4283 -0.4156
vn 0.7928 0.4339 -0.4281
vn 0.7618 0.5089 -0.4009
vn 0.7209 0.5706 -0.3933
vn 0.7892 0.2809 -0.5462
vn 0.6767 0.5436 -0.4966
vn 0.7707 0.3696 -0.5191
vn 0.7601 0.3563 -0.5434
vn 0.7157 0.3982 -0.5738
vn 0.6134 -0.7051 -0.3559
vn 0.6813 -0.5437 -0.4901
vn 0.7401 -0.4923 -0.4581
vn 0.5638 -0.7016 -0.4358
vn 0.8415 -0.2076 -0.4988
vn 0.7593 0.3862 -0.5237
vn -0.0270 0.9685 -0.2474
vn 0.7452 0.4901 -0.4521
vn 0.7874 0.3906 -0.4769
vn -0.0601 -0.8598 0.5071
vn -0.1548 -0.8316 0.5334
vn -0.0816 -0.8827 0.4628
vn -0.1775 -0.8018 0.5706
vn -0.0870 -0.8738 0.4784
vn -0.0312 -0.8673 0.4969
vn -0.0601 -0.8283 0.5570
vn 0.3290 -0.9324 0.1498
vn 0.1507 -0.9867 0.0615
vn 0.1683 -0.9713 0.1679
vn 0.1899 -0.9816 -0.0204
vn 0.1927 -0.9712 0.1398
vn 0.2327 -0.9725 -0.0048
vn 0.3576 -0.8832 0.3033
vn 0.4903 -0.8653 0.1045
vn 0.2665 -0.9636 0.0221
vn 0.4827 -0.8540 -0.1939
vn 0.2693 -0.9532 -0.1373
vn 0.3879 -0.9139 -0.1201
vn 0.3648 -0.9309 -0.0202
vn 0.2904 -0.9520 -0.0970
vn 0.4984 -0.8668 0.0136
vn 0.6713 -0.7306 0.1250
vn 0.6176 -0.7864 0.0114
vn 0.4593 -0.8870 0.0487
vn 0.4035 -0.9136 0.0512
vn 0.4832 -0.8534 -0.1954
vn 0.6438 -0.7297 0.2305
vn 0.8316 -0.5513 0.0669
vn 0.7967 -0.5783 0.1753
vn 0.0475 -0.9926 -0.1117
vn 0.1211 -0.9294 0.3485
vn -0.0269 -0.9791 0.2018
vn 0.0939 -0.9885 0.1189
vn -0.0023 -0.9895 0.1444
vn 0.1594 -0.9868 0.0277
vn 0.0171 -0.9962 0.0852
vn 0.0293 -0.9995 0.0119
vn -0.0302 -0.9950 0.0953
vn 0.1760 -0.9841 -0.0257
vn 0.1676 -0.8221 0.5441
vn 0.0332 -0.8191 0.5727
vn 0.1745 -0.8107 0.5589
vn 0.4066 -0.7889 0.4608
vn 0.1026 -0.8907 0.4428
vn -0.0081 -0.9333 0.3590
vn -0.5691 -0.1802 -0.8023
vn -0.6946 -0.1303 -0.7075
vn -0.5441 -0.0830 -0.8349
vn -0.0665 -0.9955 0.0670
vn -0.0227 -0.9790 0.2027
vn 0.1091 -0.9153 -0.3878
vn 0.3191 -0.5812 -0.7486
vn 0.2658 -0.3290 -0.9062
vn 0.4347 -0.5099 -0.7423
vn 0.2750 -0.3019 -0.9128
vn 0.4859 -0.2787 -0.8284
vn 0.4383 -0.7081 -0.5536
vn 0.3976 -0.7369 -0.5467
vn 0.4452 -0.5995 -0.6651
vn 0.5195 -0.3012 -0.7996
vn 0.3430 -0.8469 -0.4062
vn 0.5581 -0.6504 -0.5153
vn 0.6163 -0.2614 -0.7429
vn 0.5246 -0.5555 -0.6451
vn 0.5727 -0.4701 -0.6716
vn 0.6496 -0.4407 -0.6195
vn 0.5804 -0.5740 -0.5777
vn 0.3525 -0.7524 -0.5565
vn 0.1541 -0.5954 -0.7886
vn 0.3084 -0.5865 -0.7489
vn 0.0261 -0.9711 -0.2373
vn 0.6820 -0.4336 -0.5889
vn 0.6214 -0.2343 -0.7476
vn 0.3879 -0.8588 -0.3347
vn 0.8210 -0.5415 -0.1808
vn 0.7395 -0.5456 -0.3943
vn 0.6118 -0.7403 -0.2788
vn 0.5300 -0.7215 -0.4455
vn 0.0913 -0.7531 -0.6515
vn 0.0041 -0.7841 -0.6207
vn 0.6924 -0.3039 -0.6544
vn 0.5964 -0.4088 -0.6908
vn 0.5082 -0.6120 -0.6059
vn 0.3945 -0.7632 -0.5118
vn 0.9232 -0.1794 -0.3399
vn 0.2539 -0.8499 -0.4618
vn 0.6008 -0.6072 -0.5200
vn 0.4240 -0.4463 -0.7881
vn 0.4125 -0.4746 -0.7776
vn 0.3838 -0.6646 -0.6411
vn 0.6466 -0.2799 -0.7096
vn 0.8488 -0.5172 -0.1098
vn 0.8424 -0.5339 0.0723
vn 0.0012 -0.8833 0.4688
vn 0.0186 -0.7821 0.6229
vn 0.0250 -0.8159 0.5777
vn 0.0396 -0.7953 0.6049
vn 0.0188 -0.8541 0.5197
vn 0.0840 -0.8406 0.5351
vn -0.0318 -0.8285 0.5591
vn -0.1056 -0.8915 0.4405
vn 0.0655 -0.7765 0.6268
vn 0.0870 -0.7677 0.6348
vn -0.0183 -0.9889 0.1472
vn -0.1488 -0.6874 0.7108
vn -0.3917 -0.7257 0.5655
vn -0.4561 -0.3180 0.8311
vn -0.4232 -0.5045 0.7526
vn -0.6806 -0.6682 0.3005
vn -0.7836 -0.2831 0.5530
vn -0.7505 -0.3751 0.5441
vn -0.6567 -0.4992 0.5653
vn -0.7158 -0.2100 0.6659
vn -0.8280 0.1169 0.5484
vn -0.5673 -0.3464 0.7471
vn -0.7198 0.3238 0.6141
vn -0.6179 -0.4607 0.6371
vn -0.2403 -0.9430 0.2303
vn -0.3984 -0.8816 0.2530
vn -0.4494 -0.6526 0.6100
vn -0.1939 -0.9739 0.1179
vn 0.1996 -0.6598 0.7245
vn 0.2300 -0.6282 0.7433
vn 0.1640 -0.7351 0.6578
vn 0.1343 -0.7582 0.6380
vn 0.0841 -0.7293 0.6790
vn 0.1128 -0.7535 0.6477
vn 0.0417 -0.7726 0.6336
vn 0.0674 -0.7293 0.6809
vn 0.1516 -0.6493 0.7453
vn 0.1596 -0.5905 0.7911
vn 0.2365 -0.5913 0.7710
vn -0.1272 -0.4724 0.8722
vn -0.0898 -0.2288 0.9693
vn 0.2610 -0.1857 0.9473
vn 0.4206 0.2544 0.8708
vn 0.5965 0.3187 0.7366
vn 0.5390 0.1056 0.8356
vn 0.2176 0.6136 0.7591
vn 0.2127 -0.5083 0.8345
vn 0.4220 -0.4879 0.7642
vn 0.2405 -0.6167 0.7496
vn 0.0944 -0.7345 0.6720
vn 0.0969 -0.7268 0.6800
vn 0.2549 -0.7146 0.6514
vn 0.3575 -0.2715 0.8936
vn 0.5964 -0.0006 0.8027
vn 0.3010 -0.7838 0.5432
vn 0.3280 -0.6241 0.7092
vn 0.4273 -0.5535 0.7149
vn 0.3930 -0.6686 0.6313
vn 0.5177 -0.4817 0.7070
vn 0.7110 0.0902 0.6974
vn 0.5468 -0.5095 0.6644
vn 0.5671 -0.3632 0.7392
vn 0.6124 -0.5731 0.5446
vn 0.5015 -0.6079 0.6157
vn 0.6062 -0.5415 0.5825
vn 0.4212 -0.5888 0.6899
vn 0.5072 -0.6593 0.5550
vn 0.5909 -0.5462 0.5936
vn 0.4574 -0.8339 0.3088
vn 0.6224 -0.4113 0.6659
vn 0.8723 -0.1995 0.4465
vn 0.6564 -0.6205 0.4292
vn 0.6226 -0.5902 0.5138
vn 0.0750 -0.0379 0.9965
vn 0.6313 0.1154 0.7669
vn 0.7299 0.3900 0.5614
vn 0.2685 0.1046 0.9576
vn 0.7614 -0.4019 0.5087
vn 0.7585 -0.2396 0.6060
vn 0.6137 -0.5414 0.5747
vn 0.7599 -0.5408 0.3608
vn 0.8199 -0.0163 0.5723
vn 0.1120 -0.7737 -0.6236
vn -0.1442 -0.7188 -0.6801
vn 0.0023 -0.2834 -0.9590
vn -0.0254 -0.9997 -0.0071
vn -0.3265 -0.9452 -0.0019
vn 0.1115 -0.7292 0.6752
vn 0.1942 -0.8442 0.4996
vn 0.3546 -0.8228 0.4442
vn -0.3349 -0.2293 -0.9139
vn -0.6124 -0.2809 -0.7390
vn 0.5480 -0.7322 -0.4045
vn -0.0179 -0.9998 -0.0128
vn -0.0002 -1.0000 -0.0000
vn 0.1453 -0.9888 -0.0354
vn 0.1702 -0.9850 -0.0276
vn 0.2878 -0.9572 -0.0309
vn 0.1502 -0.9827 -0.1082
vn 0.4745 -0.8622 -0.1773
vn 0.5256 -0.8345 -0.1655
vn 0.1109 -0.9586 0.2624
vn 0.0979 -0.9765 0.1920
vn 0.0336 -0.9984 0.0450
vn 0.7690 -0.5820 0.2644
vn 0.3537 -0.5734 0.7390
vn 0.8312 0.0791 0.5503
vn 0.1572 -0.8055 0.5714
vn 0.0452 -0.8311 0.5543
vn 0.2238 -0.7328 0.6426
vn -0.0632 -0.9406 0.3335
vn -0.1042 -0.9689 0.2247
vn -0.1834 0.5437 0.8190
vn -0.4182 -0.7815 0.4630
vn -0.2249 -0.8203 0.5258
vn 0.0732 -0.6866 0.7234
vn -0.5816 -0.6314 0.5128
vn -0.3394 -0.7121 0.6146
vn -0.4079 0.3113 0.8583
vn -0.6118 -0.3506 0.7091
vn 0.3496 -0.6172 0.7048
vn -0.1677 -0.5828 0.7951
vn 0.2279 -0.5327 0.8150
vn 0.0744 -0.8103 0.5812
vn 0.5665 -0.0540 0.8223
vn 0.2043 -0.6168 0.7601
vn 0.4054 -0.2390 0.8823
vn 0.3357 -0.4012 0.8522
vn -0.0497 -0.6437 0.7637
vn 0.5545 -0.1666 0.8153
vn 0.3118 -0.1615 0.9363
vn 0.0246 -0.9994 0.0263
vn -0.1107 -0.5959 0.7954
vn 0.3964 -0.6274 0.6703
vn 0.1641 -0.9535 0.2529
vn -0.0176 -0.9997 0.0159
vn 0.0075 -0.9039 0.4276
vn -0.0031 -0.9999 0.0136
vn -0.0189 -0.9998 -0.0033
vn 0.0096 -0.5435 0.8394
vn 0.3396 -0.8728 0.3505
vn 0.1919 -0.9813 0.0162
vn 0.5068 -0.8605 -0.0518
vn 0.7230 -0.6825 0.1066
vn 0.6684 -0.7434 -0.0252
vn 0.4850 -0.8500 0.2056
vn 0.0314 0.9992 -0.0251
vn 0.0790 -0.9967 -0.0168
vn 0.7771 -0.6252 -0.0725
vn 0.6055 -0.7930 -0.0665
vn 0.4502 -0.8920 -0.0413
vn 0.5978 -0.8016 0.0094
vn 0.8375 -0.5346 -0.1129
vn 0.7181 -0.6121 0.3312
vn 0.9049 -0.3785 0.1949
vn 0.8289 -0.5465 0.1195
vn 0.6781 -0.7350 0.0006
vn 0.9619 0.0140 -0.2732
vn 0.9215 -0.2856 0.2630
vn 0.7635 0.2351 0.6015
vn 0.8168 -0.4347 0.3793
vn 0.7468 -0.6650 0.0091
vn 0.9448 -0.2669 0.1899
vn 0.9847 -0.0941 0.1469
vn 0.9187 -0.2439 0.3107
vn 0.9387 -0.3433 -0.0317
vn 0.8096 -0.5855 -0.0420
vn 0.9626 0.1139 0.2459
vn 0.8288 0.0086 0.5595
vn 0.9991 -0.0409 -0.0130
vn 0.8939 0.0760 0.4417
vn 0.9115 -0.0438 0.4089
vn 0.9763 -0.1737 0.1293
vn 0.6655 0.4785 0.5729
vn 0.7794 -0.0433 0.6251
vn 0.9106 -0.2727 0.3105
vn 0.2349 0.3190 0.9182
vn -0.8790 0.2747 0.3898
vn -0.8744 0.1277 0.4681
vn -0.9184 0.1555 0.3639
vn -0.4306 -0.7439 0.5111
vn -0.6216 -0.7094 0.3323
vn -0.2585 0.4590 0.8500
vn -0.4404 0.0900 0.8933
vn -0.3219 0.4263 0.8454
vn -0.5338 -0.1070 0.8388
vn -0.0207 0.5257 0.8504
vn 0.4460 -0.5094 0.7360
vn -0.0896 -0.9544 -0.2848
vn -0.1402 -0.9862 -0.0881
vn -0.9024 -0.0256 0.4301
vn -0.8657 -0.4856 0.1213
vn -0.7434 -0.6350 0.2100
vn -0.7319 -0.6497 -0.2055
vn -0.7118 -0.6738 0.1983
vn -0.3486 -0.9327 0.0920
vn -0.5373 -0.8381 0.0948
vn -0.7012 -0.6984 0.1438
vn -0.3249 -0.9346 0.1450
vn -0.3722 -0.9094 0.1858
vn -0.2870 -0.9571 0.0398
vn -0.3550 -0.9342 0.0342
vn 0.0394 -0.8171 -0.5751
vn -0.1916 -0.8750 -0.4446
vn -0.2834 -0.9589 0.0118
vn -0.0659 -0.9827 0.1733
vn -0.4516 -0.8922 0.0037
vn -0.6317 -0.7752 0.0022
vn -0.3801 -0.9201 0.0947
vn -0.3874 -0.9192 -0.0702
vn -0.5048 -0.8629 0.0235
vn -0.4408 -0.8968 0.0373
vn -0.2668 -0.9637 0.0106
vn -0.4590 -0.7911 -0.4044
vn -0.7912 0.1387 -0.5956
vn -0.7872 -0.4757 -0.3924
vn -0.6913 -0.3794 -0.6150
vn -0.7413 -0.4011 -0.5381
vn -0.4321 -0.8961 -0.1012
vn -0.4772 -0.8604 -0.1791
vn -0.6726 -0.6665 -0.3215
vn -0.8421 -0.4360 -0.3175
vn -0.3508 -0.9114 -0.2152
vn -0.7543 -0.4519 -0.4763
vn -0.7981 -0.4631 -0.3855
vn -0.7522 -0.3048 -0.5842
vn -0.7104 -0.2858 -0.6431
vn -0.5469 -0.5474 -0.6335
vn -0.5382 -0.8294 -0.1499
vn -0.5101 -0.8574 -0.0681
vn -0.0197 -0.9950 0.0980
vn 0.1320 -0.1849 -0.9739
vn 0.3050 -0.3853 -0.8709
vn 0.8271 -0.3709 -0.4223
vn 0.8589 -0.1334 -0.4944
vn 0.4791 -0.2472 -0.8422
vn 0.4985 -0.2727 -0.8229
vn 0.5098 -0.3309 -0.7941
vn 0.4254 -0.2457 -0.8710
vn 0.3559 -0.4374 -0.8259
vn 0.5177 -0.6026 -0.6073
vn 0.6788 -0.5336 -0.5044
vn 0.7257 -0.4306 -0.5366
vn 0.5501 -0.4073 -0.7290
vn 0.5520 -0.2546 -0.7940
vn 0.4166 -0.3514 -0.8384
vn 0.5301 -0.3224 -0.7843
vn 0.4677 -0.2062 -0.8595
vn 0.6313 -0.4578 -0.6260
vn 0.6566 -0.5013 -0.5636
vn 0.7026 -0.4256 -0.5703
vn 0.7531 -0.4687 -0.4617
vn 0.7688 -0.4242 -0.4786
vn 0.6360 -0.5357 -0.5555
vn 0.6645 -0.6473 -0.3735
vn 0.7783 -0.4382 -0.4497
vn 0.1527 -0.4543 -0.8777
vn 0.0910 -0.6711 -0.7357
vn 0.2343 -0.5374 -0.8101
vn -0.1017 -0.4204 -0.9016
vn -0.6590 -0.4421 -0.6085
vn -0.6634 -0.5069 -0.5505
vn -0.6616 -0.3809 -0.6459
vn -0.5678 -0.3380 -0.7506
vn -0.5682 -0.2734 -0.7761
vn -0.6813 -0.6945 -0.2313
vn -0.6361 -0.6304 -0.4449
vn -0.3598 -0.8955 -0.2620
vn -0.4966 -0.7830 -0.3745
vn -0.5025 -0.7449 -0.4388
vn -0.0749 -0.5906 -0.8035
vn -0.6438 -0.2729 -0.7149
vn -0.6328 -0.2718 -0.7250
vn -0.4792 -0.1983 -0.8550
vn -0.7317 -0.3459 -0.5874
vn -0.7068 -0.3198 -0.6309
vn 0.7572 0.5168 -0.3994
vn 0.5688 0.7240 -0.3902
vn -0.2183 -0.8726 -0.4369
vn -0.7232 -0.5319 -0.4405
vn -0.6522 -0.6588 -0.3750
vn -0.3801 -0.7109 -0.5918
vn -0.3738 -0.7238 -0.5800
vn 0.0832 -0.7964 -0.5990
vn -0.2920 -0.7922 -0.5359
vn -0.3096 -0.7684 -0.5600
vn 0.6658 -0.5521 -0.5020
vn 0.2839 -0.7206 -0.6326
vn 0.4963 -0.6856 -0.5326
vn -0.7460 -0.3200 -0.5841
vn 0.7947 0.1808 -0.5794
vn 0.5184 0.5931 -0.6161
vn 0.5268 -0.6361 -0.5639
vn 0.7627 -0.3294 -0.5566
vn 0.7476 -0.2746 -0.6047
vn 0.7261 -0.1925 -0.6601
vn 0.5021 -0.2998 -0.8112
vn 0.4506 -0.6609 -0.6002
vn 0.7986 0.4648 -0.3823
vn 0.7545 -0.0104 -0.6562
vn 0.0951 -0.6427 0.7602
vn 0.2572 -0.6758 0.6908
vn -0.1145 -0.5269 0.8422
vn 0.0089 -0.1769 0.9842
vn 0.3310 -0.5915 0.7353
vn -0.1796 -0.1968 0.9639
vn 0.2773 0.4738 0.8358
vn 0.6011 0.4526 0.6587
vn 0.5406 0.6528 0.5306
vn 0.5129 0.3639 0.7775
vn 0.6505 0.5545 0.5190
vn 0.6737 0.3862 0.6301
vn 0.8684 0.2595 0.4225
vn 0.6582 0.0553 0.7508
vn 0.6576 -0.4112 0.6313
vn 0.6468 -0.4370 0.6250
vn 0.7915 -0.3149 0.5238
vn 0.9504 0.2227 0.2173
vn 0.6139 0.1660 0.7718
vn 0.6683 -0.4686 0.5777
vn -0.6523 0.5137 -0.5573
vn -0.8419 0.0242 -0.5391
vn -0.8364 -0.1224 -0.5343
vn -0.8205 -0.1204 -0.5589
vn -0.6549 0.0888 -0.7505
vn -0.8962 0.0406 -0.4419
vn -0.9831 0.1152 -0.1421
vn -0.9779 0.2057 -0.0365
vn -0.9951 -0.0549 0.0823
vn -0.9891 0.1468 0.0061
vn -0.9711 0.1682 -0.1692
vn 0.8056 -0.2015 -0.5571
vn -0.7148 -0.1547 -0.6820
vn -0.9198 -0.3597 -0.1569
vn -0.9310 -0.0609 -0.3598
vn -0.8282 -0.3323 0.4513
vn 0.9905 0.1292 0.0479
vn 0.2548 -0.8287 -0.4984
vn -0.7615 -0.1563 -0.6291
vn 0.9922 -0.1244 0.0015
vn 0.9935 -0.0979 -0.0574
vn 0.9914 -0.0072 0.1305
vn 0.9650 -0.1905 0.1802
vn 0.9729 -0.1767 0.1494
vn 0.9742 -0.1870 0.1262
vn 0.9701 -0.1420 0.1970
vn 0.9798 -0.1848 0.0763
vn 0.9494 0.0072 -0.3138
vn 0.9248 0.0785 -0.3722
vn -0.9201 -0.2646 0.2888
vn -0.9739 0.0271 0.2252
vn -0.9255 0.2139 0.3127
vn -0.8993 -0.2491 0.3596
vn -0.9875 0.0641 0.1438
vn -0.7609 -0.0782 0.6442
vn -0.6789 -0.5806 0.4494
vn -0.7127 -0.3497 0.6081
vn 0.9975 0.0567 0.0418
vn 0.9928 -0.0724 -0.0956
vn 0.6635 0.0296 0.7476
vn 0.9676 -0.0858 -0.2373
vn -0.2874 -0.9029 -0.3197
vn -0.2780 -0.8463 -0.4543
vn -0.4924 -0.8632 0.1117
vn -0.8575 -0.4455 0.2574
vn -0.3978 -0.8799 0.2599
vn -0.2162 -0.9582 0.1871
vn 0.2897 -0.9351 0.2042
vn 0.1928 0.9554 -0.2237
vn -0.7963 -0.2817 0.5354
vn -0.9317 -0.3382 0.1327
vn 0.9858 -0.0370 -0.1641
vn 0.9931 -0.1169 -0.0067
vn -0.9512 -0.2213 0.2150
vn -0.9577 0.0422 0.2848
vn -0.9614 -0.2723 0.0385
vn -0.9904 0.0080 0.1381
vn -0.9558 -0.2122 0.2037
vn -0.5499 -0.6971 -0.4601
vn -0.6787 -0.6005 -0.4228
vn -0.9273 -0.3659 -0.0785
vn -0.2172 -0.8470 -0.4852
vn -0.7724 -0.5962 -0.2188
vn 0.9727 0.0423 -0.2281
vn -0.4484 -0.5947 0.6673
vn -0.7298 -0.6765 -0.0987
vn -0.1549 -0.9614 -0.2274
vn -0.5105 -0.6296 -0.5857
vn -0.6540 -0.4281 0.6238
vn -0.6193 -0.4588 0.6371
vn 0.9750 -0.1122 0.1920
vn 0.9891 -0.1120 -0.0956
vn 0.8640 0.1576 -0.4783
vn 0.9164 -0.1502 -0.3709
vn 0.9376 -0.1050 -0.3315
vn 0.6788 -0.4969 -0.5407
vn 0.7298 -0.4497 -0.5149
vn 0.6559 -0.5605 -0.5056
vn -0.6254 -0.5829 0.5187
vn -0.7647 -0.6217 0.1694
vn 0.0823 -0.2567 -0.9630
vn -0.0690 -0.0763 -0.9947
vn -0.0922 -0.0200 -0.9955
vn -0.0764 -0.0073 -0.9971
vn -0.1944 0.0824 -0.9775
vn 0.1440 -0.9752 0.1680
vn 0.7373 0.5369 0.4100
vn 0.0489 0.0011 0.9988
vn 0.4653 0.5310 0.7082
vn 0.5841 0.5081 0.6330
vn 0.8594 0.1150 0.4981
vn 0.9174 0.2734 0.2891
vn 0.9740 0.0574 -0.2192
vn 0.9673 0.1836 0.1752
vn -0.4357 -0.8613 -0.2613
vn -0.4387 -0.8530 -0.2828
vn -0.2846 -0.9284 -0.2388
vn -0.2588 -0.9358 -0.2395
vn -0.5415 -0.7959 -0.2708
vn -0.5257 -0.7952 -0.3020
vn -0.5213 -0.8073 -0.2766
vn -0.6393 -0.6957 -0.3274
vn -0.3723 -0.8770 -0.3037
vn -0.4990 -0.8129 -0.3003
vn -0.2700 -0.8937 -0.3584
vn -0.5786 -0.7296 -0.3646
vn -0.1605 -0.8561 -0.4912
vn 0.1621 0.3975 -0.9032
vn -0.2158 -0.8079 -0.5484
vn -0.6849 0.0052 -0.7287
vn -0.6297 0.0071 -0.7768
vn 0.6926 0.3348 0.6389
vn 0.6807 0.3527 0.6421
vn 0.7510 0.3088 0.5837
vn 0.7285 0.3598 0.5830
vn 0.7252 0.4233 0.5431
vn 0.7337 0.3907 0.5559
vn 0.7961 0.4192 0.4365
vn 0.8216 0.4202 0.3852
vn 0.8017 0.4310 0.4141
vn 0.6994 0.3341 0.6318
vn 0.7902 0.3752 0.4845
vn 0.7849 0.4223 0.4534
vn 0.8001 0.3967 0.4500
vn 0.8109 0.4158 0.4118
vn 0.7912 0.4158 0.4484
vn 0.8293 0.4088 0.3810
vn 0.8470 0.3847 0.3670
vn 0.8330 0.4166 0.3639
vn 0.8166 0.4330 0.3817
vn 0.7971 0.4522 0.4002
vn 0.8473 0.4116 0.3357
vn 0.7025 0.3426 0.6238
vn 0.6944 0.3161 0.6464
vn 0.6683 0.3253 0.6690
vn 0.7638 0.4104 0.4982
vn 0.8152 0.3199 0.4829
vn 0.7572 0.3479 0.5528
vn 0.6643 0.3319 0.6697
vn 0.7627 0.4450 0.4693
vn 0.5157 0.1881 0.8358
vn 0.5767 0.2373 0.7817
vn 0.5506 0.2153 0.8065
vn 0.7331 0.4321 0.5252
vn 0.5787 0.2475 0.7771
vn 0.6580 0.2977 0.6916
vn 0.7219 0.4211 0.5491
vn 0.6658 0.3393 0.6645
vn 0.7643 0.4160 0.4927
vn 0.7964 0.4306 0.4247
vn 0.7742 0.4393 0.4557
vn 0.7619 0.3977 0.5112
vn 0.5453 0.1902 0.8164
vn 0.5150 0.1695 0.8403
vn 0.4629 0.1432 0.8748
vn 0.4942 0.1740 0.8518
vn 0.3583 0.0453 0.9325
vn 0.3455 0.0559 0.9367
vn 0.4073 0.0989 0.9079
vn 0.2730 -0.0117 0.9619
vn 0.3107 0.0316 0.9500
vn 0.3550 0.0476 0.9336
vn 0.1643 -0.0836 0.9829
vn 0.0217 -0.1805 0.9833
vn 0.0400 -0.1231 0.9916
vn 0.4381 0.1017 0.8931
vn 0.4105 0.0973 0.9066
vn 0.3322 0.0482 0.9420
vn 0.2496 -0.0366 0.9677
vn 0.4895 0.1736 0.8545
vn 0.4752 0.1465 0.8676
vn 0.4660 0.1547 0.8712
vn 0.3110 0.0317 0.9499
vn 0.5229 0.1704 0.8352
vn 0.4282 0.1171 0.8960
vn 0.8852 0.0986 0.4547
vn 0.8472 -0.0240 0.5308
vn 0.8175 0.1155 0.5643
vn 0.8732 0.1298 0.4697
vn 0.6846 0.2063 0.6992
vn 0.2170 0.3953 0.8925
vn 0.6796 0.2449 0.6915
vn 0.7834 0.2590 0.5650
vn 0.8389 0.2049 0.5042
vn 0.7650 0.1914 0.6150
vn 0.7690 0.2778 0.5757
vn 0.8046 0.2180 0.5523
vn 0.6844 0.3316 0.6493
vn 0.8152 0.2594 0.5179
vn 0.7346 0.3410 0.5865
vn 0.8104 -0.1003 0.5772
vn 0.7497 -0.0375 0.6608
vn 0.8295 -0.0556 0.5558
vn 0.7803 0.0242 0.6249
vn 0.6584 0.1255 0.7421
vn 0.6451 0.1452 0.7502
vn 0.7314 0.1181 0.6717
vn 0.7363 0.0120 0.6765
vn 0.7000 0.0237 0.7138
vn 0.7304 0.0915 0.6768
vn 0.7567 0.0504 0.6518
vn 0.6811 0.1965 0.7054
vn 0.6019 0.3483 0.7187
vn 0.6338 0.2545 0.7305
vn 0.6526 0.2592 0.7120
vn 0.6553 0.2443 0.7148
vn 0.5766 0.2089 0.7899
vn 0.5425 0.2086 0.8137
vn 0.5771 0.2396 0.7807
vn 0.6502 -0.0492 0.7582
vn 0.6175 0.0348 0.7858
vn 0.6582 0.0302 0.7522
vn 0.6506 0.0585 0.7572
vn 0.6875 -0.0519 0.7244
vn 0.7207 -0.0495 0.6914
vn 0.7163 -0.1044 0.6899
vn 0.7099 -0.0055 0.7043
vn 0.7364 0.0499 0.6747
vn 0.6461 0.0571 0.7611
vn 0.6249 0.0874 0.7758
vn 0.6341 0.1320 0.7619
vn 0.7148 -0.0254 0.6988
vn 0.6887 0.0003 0.7250
vn 0.5290 0.1640 0.8326
vn 0.6372 0.2531 0.7280
vn 0.6815 0.2479 0.6886
vn 0.6782 0.2785 0.6801
vn 0.7641 0.2355 0.6006
vn -0.2254 -0.0765 0.9713
vn 0.8918 0.4300 0.1406
vn 0.8508 0.5255 0.0020
vn 0.8529 0.4577 0.2510
vn 0.7517 0.5362 0.3839
vn 0.6603 0.3373 0.6710
vn 0.7621 0.5170 0.3899
vn 0.8227 0.5124 0.2463
vn 0.8722 0.4849 0.0647
vn 0.8468 0.4706 0.2479
vn 0.7800 0.4951 0.3828
vn 0.7752 0.5129 0.3688
vn 0.5780 0.2600 0.7735
vn 0.8099 0.4569 0.3678
vn 0.7847 0.4650 0.4099
vn 0.4815 0.0850 0.8723
vn 0.4096 -0.0139 0.9121
vn 0.3105 -0.1070 0.9445
vn 0.3004 -0.0188 0.9536
vn 0.2675 -0.1420 0.9531
vn 0.1351 -0.1725 0.9757
vn 0.0861 -0.1666 0.9823
vn 0.1801 -0.1220 0.9761
vn -0.0509 -0.2696 0.9616
vn 0.1027 -0.1403 0.9848
vn 0.3272 -0.0045 0.9449
vn 0.2230 -0.0602 0.9730
vn 0.1254 -0.1151 0.9854
vn 0.1392 -0.2530 0.9574
vn 0.2483 -0.1508 0.9569
vn 0.4114 0.0763 0.9082
vn 0.2892 -0.1593 0.9439
vn 0.0034 -0.2243 0.9745
vn 0.2703 -0.0642 0.9606
vn 0.2152 -0.1041 0.9710
vn 0.2695 -0.0670 0.9607
vn -0.1861 -0.3587 0.9147
vn -0.2362 -0.2873 0.9282
vn 0.1558 -0.5980 0.7862
vn -0.0282 -0.3637 0.9311
vn 0.1406 -0.6627 0.7356
vn 0.1001 -0.6103 0.7858
vn 0.2712 -0.2519 0.9290
vn 0.6182 0.1205 0.7767
vn 0.6428 0.1243 0.7558
vn 0.6123 0.1591 0.7745
vn 0.5483 -0.0149 0.8361
vn 0.5471 0.0103 0.8370
vn 0.5861 0.0296 0.8097
vn 0.6312 -0.0546 0.7737
vn 0.5746 0.0171 0.8183
vn 0.5888 0.0918 0.8030
vn 0.5853 0.0510 0.8092
vn 0.5487 0.0746 0.8327
vn 0.4080 -0.2334 0.8826
vn 0.5555 0.0694 0.8286
vn 0.5249 -0.0314 0.8506
vn 0.4985 -0.0558 0.8651
vn 0.4820 0.0059 0.8761
vn 0.4183 -0.0410 0.9074
vn 0.5332 0.0844 0.8418
vn 0.5034 0.0135 0.8640
vn 0.4978 -0.0308 0.8668
vn 0.5459 0.0219 0.8376
vn 0.5265 -0.0147 0.8500
vn 0.4991 0.0259 0.8661
vn 0.5478 0.0737 0.8334
vn 0.5710 -0.2833 0.7705
vn 0.1564 -0.1631 0.9741
vn 0.3427 -0.1531 0.9269
vn 0.2755 -0.1937 0.9416
vn 0.2331 -0.1679 0.9578
vn 0.3148 -0.1100 0.9428
vn 0.3727 -0.1447 0.9166
vn 0.3340 -0.0212 0.9423
vn 0.6351 0.1346 0.7606
vn 0.7375 0.0567 0.6729
vn 0.6010 0.0913 0.7940
vn 0.5909 0.0365 0.8059
vn 0.5763 -0.0224 0.8169
vn 0.5868 -0.0519 0.8080
vn 0.5722 -0.0276 0.8197
vn 0.6031 0.0825 0.7934
vn 0.6014 -0.0024 0.7990
vn 0.6006 0.0755 0.7960
vn 0.5632 -0.0573 0.8244
vn 0.6114 0.0677 0.7884
vn 0.6121 0.0601 0.7885
vn 0.6218 0.0777 0.7793
vn 0.6856 0.1566 0.7109
vn 0.6564 0.1210 0.7447
vn 0.6297 0.1232 0.7670
vn 0.6985 0.1464 0.7005
vn 0.6986 0.1253 0.7044
vn 0.6738 0.1254 0.7282
vn 0.6300 0.1786 0.7558
vn 0.2741 -0.0145 0.9616
vn 0.2015 -0.0400 0.9787
vn 0.2744 -0.0369 0.9609
vn 0.1033 -0.0544 0.9932
vn 0.1503 -0.0799 0.9854
vn 0.2529 -0.0466 0.9664
vn 0.3413 -0.0762 0.9369
vn 0.3567 -0.0363 0.9335
vn 0.3849 0.0026 0.9229
vn 0.3615 -0.0291 0.9319
vn 0.4486 0.0038 0.8937
vn 0.4226 -0.0392 0.9055
vn 0.4993 -0.1273 0.8570
vn 0.4320 -0.0462 0.9007
vn 0.3935 -0.0425 0.9184
vn 0.4611 -0.0079 0.8873
vn 0.4840 0.0346 0.8744
vn 0.3849 0.0026 0.9230
vn 0.3843 0.0015 0.9232
vn 0.4763 0.0279 0.8788
vn 0.5274 0.0983 0.8439
vn 0.6517 0.0035 0.7584
vn 0.5656 0.0817 0.8206
vn 0.5640 0.0195 0.8255
vn 0.6408 0.0205 0.7675
vn 0.6160 -0.0640 0.7852
vn 0.2741 0.0010 0.9617
vn 0.3033 0.0299 0.9524
vn 0.6314 0.1029 0.7686
vn 0.6771 0.1267 0.7249
vn 0.6778 0.1095 0.7270
vn 0.8082 0.1872 0.5584
vn 0.6989 0.1215 0.7048
vn 0.7499 0.1278 0.6491
vn 0.7197 0.1562 0.6765
vn 0.5140 0.0777 0.8542
vn 0.7593 0.1656 0.6293
vn 0.4884 0.1222 0.8640
vn 0.4692 0.1142 0.8757
vn 0.5819 0.1807 0.7929
vn 0.6264 0.1974 0.7541
vn 0.5833 0.1562 0.7971
vn 0.5848 0.1869 0.7893
vn 0.6311 0.1826 0.7539
vn 0.6335 0.2175 0.7426
vn 0.6358 0.2446 0.7321
vn 0.3588 0.0469 0.9322
vn 0.4586 0.1043 0.8825
vn 0.5285 0.1223 0.8401
vn 0.5291 0.1597 0.8334
vn -0.0330 -0.1327 0.9906
vn 0.4168 0.0402 0.9081
vn 0.6605 0.1834 0.7281
vn 0.5287 0.0581 0.8468
vn 0.7096 0.1252 0.6934
vn 0.5070 0.1503 0.8488
vn 0.7121 0.1811 0.6784
vn 0.7793 0.0817 0.6213
vn -0.3719 -0.3001 0.8784
vn -0.2006 -0.1691 0.9650
vn -0.0107 -0.1492 0.9887
vn 0.1202 -0.0964 0.9881
vn -0.3420 -0.1407 0.9291
vn -0.1712 -0.1511 0.9736
vn -0.0307 -0.1491 0.9883
vn -0.0155 -0.1201 0.9926
vn 0.0649 -0.1112 0.9917
vn -0.0926 -0.1526 0.9839
vn -0.1961 -0.1660 0.9664
vn -0.2447 -0.1630 0.9558
vn -0.1275 -0.1255 0.9839
vn -0.1228 -0.1412 0.9823
vn -0.1656 -0.1293 0.9777
vn -0.2223 -0.1509 0.9632
vn -0.1858 -0.1247 0.9746
vn 0.1403 -0.0979 0.9853
vn 0.0837 -0.1045 0.9910
vn -0.1247 -0.1493 0.9809
vn 0.9307 0.3213 0.1751
vn 0.9344 0.2832 0.2162
vn 0.9692 0.2297 0.0894
vn 0.9091 0.2461 0.3362
vn 0.9235 0.2353 0.3028
vn 0.9256 0.2678 0.2674
vn 0.9415 0.2282 0.2480
vn 0.9269 0.3744 0.0265
vn 0.8871 0.2378 0.3956
vn 0.9421 0.2863 0.1746
vn 0.8950 0.2973 0.3327
vn 0.9236 0.2353 0.3028
vn 0.9556 0.1866 0.2283
vn 0.9861 0.0743 0.1489
vn 0.8984 0.3669 0.2415
vn 0.9395 0.2659 0.2160
vn 0.8159 0.4716 0.3346
vn 0.8305 0.3663 0.4196
vn 0.8462 0.4055 0.3458
vn 0.8694 0.3193 0.3771
vn 0.8832 0.3707 0.2874
vn 0.9018 0.3020 0.3091
vn 0.8266 0.3910 0.4047
vn 0.8005 0.4482 0.3979
vn 0.8717 0.4074 0.2723
vn 0.7916 0.4297 0.4343
vn 0.7569 0.4906 0.4317
vn 0.8934 0.1267 0.4310
vn 0.9784 0.0491 0.2008
vn 0.8954 0.0789 0.4382
vn 0.8993 0.2950 0.3229
vn 0.8818 0.2215 0.4163
vn 0.9229 0.1807 0.3401
vn 0.8825 0.1974 0.4268
vn 0.8486 0.1322 0.5123
vn 0.7911 0.0140 0.6115
vn 0.8452 0.2870 0.4509
vn 0.8149 0.3346 0.4732
vn 0.8389 0.2805 0.4665
vn 0.8885 0.2858 0.3589
vn 0.8986 0.4175 0.1352
vn 0.9162 0.3514 0.1926
vn 0.8590 0.3412 0.3816
vn 0.8754 0.3647 0.3173
vn 0.8768 0.3855 0.2874
vn 0.8528 0.3087 0.4212
vn 0.8662 0.3337 0.3718
vn 0.8361 0.3305 0.4378
vn 0.8376 0.3686 0.4033
vn 0.8481 0.3553 0.3930
vn 0.8609 0.3822 0.3357
vn 0.8018 0.3275 0.4999
vn 0.7744 0.3208 0.5453
vn 0.8418 0.3890 0.3742
vn 0.8406 0.3637 0.4014
vn 0.8657 0.3732 0.3335
vn 0.5017 -0.1487 0.8522
vn 0.5844 -0.1164 0.8031
vn 0.5364 -0.0972 0.8383
vn 0.3185 -0.0990 0.9427
vn 0.0745 -0.0997 0.9922
vn 0.3611 -0.1166 0.9252
vn 0.5004 -0.2136 0.8390
vn 0.5092 -0.0910 0.8558
vn 0.5226 -0.1506 0.8392
vn 0.5067 -0.0891 0.8575
vn -0.2046 -0.0966 0.9741
vn -0.0288 -0.0893 0.9956
vn -0.2319 -0.1591 0.9596
vn -0.0804 -0.0288 0.9963
vn -0.0528 -0.1143 0.9920
vn 0.9210 0.0897 0.3792
vn 0.9239 0.0624 0.3776
vn 0.9367 0.0832 0.3402
vn 0.8799 -0.0071 0.4750
vn 0.9168 0.0174 0.3989
vn 0.8891 0.0384 0.4560
vn 0.9148 0.0577 0.3998
vn 0.8837 0.0754 0.4620
vn 0.9097 0.0930 0.4047
vn 0.9219 0.0235 0.3866
vn 0.9101 0.0428 0.4122
vn 0.9265 0.1402 0.3491
vn 0.9349 0.0419 0.3523
vn 0.8546 0.2512 0.4545
vn 0.8607 0.1571 0.4844
vn 0.9356 0.1850 0.3008
vn 0.6314 0.0427 0.7743
vn 0.6974 -0.0304 0.7161
vn 0.6996 0.0534 0.7125
vn 0.7112 0.0945 0.6966
vn 0.6638 0.0915 0.7423
vn 0.6427 -0.0727 0.7627
vn 0.7977 0.0280 0.6023
vn 0.8461 0.0384 0.5316
vn 0.8270 0.1003 0.5533
vn 0.8491 0.1071 0.5173
vn 0.7751 -0.0108 0.6317
vn 0.8342 0.0082 0.5514
vn 0.8706 -0.0148 0.4918
vn 0.7592 0.0208 0.6505
vn 0.7541 0.0645 0.6536
vn 0.7227 -0.0554 0.6890
vn 0.8878 0.0828 0.4528
vn 0.9105 0.0888 0.4038
vn 0.9071 0.1279 0.4011
vn 0.8743 0.1037 0.4742
vn 0.8805 0.1445 0.4514
vn 0.7118 0.0978 0.6955
vn 0.7347 0.1150 0.6686
vn 0.7644 -0.0535 0.6425
vn 0.8043 -0.0627 0.5910
vn 0.7923 -0.0198 0.6098
vn 0.8270 -0.0284 0.5614
vn 0.6240 -0.0805 0.7773
vn -0.3312 -0.1124 0.9368
vn -0.3091 -0.1549 0.9383
vn -0.2199 -0.1320 0.9666
vn -0.2532 -0.1161 0.9604
vn 0.5729 0.0736 0.8163
vn 0.5913 0.0907 0.8013
vn 0.5473 0.0500 0.8354
vn 0.5726 0.1045 0.8131
vn 0.5422 0.0883 0.8356
vn 0.5755 0.0738 0.8144
vn 0.5551 0.0037 0.8318
vn 0.5547 0.1462 0.8191
vn 0.5865 0.1430 0.7973
vn 0.5613 0.1330 0.8169
vn 0.5434 -0.2707 0.7947
vn 0.5698 -0.3562 0.7406
vn 0.5895 -0.3789 0.7134
vn 0.6247 -0.4330 0.6498
vn 0.4617 -0.5646 0.6841
vn 0.5078 -0.5917 0.6261
vn 0.5648 -0.7523 0.3390
vn 0.4923 -0.0997 0.8647
vn 0.5964 -0.1330 0.7916
vn 0.6454 -0.4938 0.5827
vn 0.5381 -0.3028 0.7867
vn 0.5205 -0.5040 0.6893
vn 0.4648 -0.3225 0.8246
vn 0.5183 -0.6702 0.5312
vn 0.4652 0.0202 0.8850
vn 0.5200 0.0639 0.8518
vn 0.4849 -0.0290 0.8741
vn 0.5103 0.0827 0.8560
vn 0.4572 0.0876 0.8850
vn 0.4247 0.0685 0.9027
vn 0.4911 0.0808 0.8673
vn 0.4550 0.2200 0.8629
vn 0.4574 0.0998 0.8836
vn 0.4569 0.2609 0.8504
vn 0.3832 0.1178 0.9161
vn 0.4045 0.2021 0.8919
vn 0.2923 -0.2604 0.9202
vn 0.3640 -0.3630 0.8578
vn 0.4064 -0.3623 0.8388
vn 0.4084 0.0844 0.9089
vn 0.4301 -0.0271 0.9024
vn -0.2997 -0.1166 0.9469
vn -0.2412 -0.2010 0.9494
vn -0.0093 -0.2283 0.9735
vn -0.1881 -0.1740 0.9666
vn -0.0664 -0.2491 0.9662
vn -0.0208 -0.1718 0.9849
vn -0.0939 -0.2363 0.9671
vn 0.0455 -0.1695 0.9845
vn -0.3288 -0.1503 0.9324
vn -0.1455 -0.2011 0.9687
vn -0.2799 -0.1697 0.9449
vn -0.2889 -0.1999 0.9362
vn 0.4484 0.4441 0.7757
vn 0.4481 0.4431 0.7765
vn 0.3893 0.4407 0.8088
vn 0.5180 -0.3327 0.7880
vn 0.5726 -0.3655 0.7339
vn 0.6172 -0.3448 0.7072
vn 0.5476 -0.2830 0.7874
vn 0.1635 -0.3400 0.9261
vn 0.3076 -0.3690 0.8770
vn 0.2628 -0.2238 0.9385
vn 0.3758 -0.3503 0.8580
vn 0.4496 -0.2529 0.8567
vn 0.5973 -0.1643 0.7850
vn 0.5340 -0.2462 0.8088
vn 0.4768 -0.2624 0.8389
vn 0.5092 -0.3372 0.7919
vn -0.0773 -0.1628 0.9836
vn 0.0986 -0.2272 0.9689
vn 0.0753 -0.3158 0.9458
vn 0.2073 -0.1517 0.9664
vn 0.8499 0.0409 0.5254
vn 0.8594 -0.0444 0.5093
vn 0.8191 0.1366 0.5571
vn 0.7758 0.1082 0.6217
vn 0.6563 0.2223 0.7210
vn 0.6761 0.2423 0.6958
vn 0.6925 0.2014 0.6927
vn 0.6992 0.2473 0.6708
vn 0.7030 0.2109 0.6792
vn 0.6508 0.2066 0.7306
vn 0.8176 -0.1735 0.5489
vn 0.8291 -0.0946 0.5511
vn 0.8768 -0.1447 0.4585
vn 0.8161 -0.3304 0.4742
vn 0.8429 -0.2839 0.4572
vn 0.8325 -0.3813 0.4021
vn 0.7532 -0.2938 0.5885
vn 0.8447 -0.2402 0.4783
vn 0.8235 -0.3362 0.4569
vn 0.8470 -0.3392 0.4093
vn 0.7610 -0.5802 0.2905
vn 0.8440 -0.3064 0.4402
vn 0.8182 -0.4258 0.3864
vn 0.7854 -0.3542 0.5077
vn 0.6402 -0.3340 0.6918
vn 0.7005 -0.3287 0.6334
vn 0.6576 -0.2744 0.7016
vn 0.8801 -0.1850 0.4373
vn 0.9288 -0.1903 0.3180
vn 0.9000 -0.2090 0.3826
vn 0.8873 -0.1996 0.4157
vn 0.6040 -0.2937 0.7409
vn 0.5326 -0.2342 0.8133
vn 0.6268 -0.1551 0.7636
vn 0.6753 -0.2101 0.7070
vn 0.7065 -0.1463 0.6924
vn 0.7774 -0.2818 0.5624
vn 0.8157 -0.3201 0.4819
vn 0.9210 -0.0477 0.3866
vn 0.9475 0.0161 0.3193
vn 0.9791 0.0008 0.2036
vn 0.9455 0.0075 0.3255
vn 0.9761 -0.0500 0.2114
vn 0.9200 -0.0010 0.3920
vn 0.9058 -0.0069 0.4237
vn 0.9896 -0.0996 0.1038
vn 0.9987 0.0310 0.0399
vn 0.9882 0.1483 -0.0386
vn 0.9026 -0.0190 0.4301
vn 0.8838 -0.0233 0.4674
vn 0.9179 -0.2867 0.2743
vn 0.8172 -0.0897 0.5693
vn 0.9090 -0.0974 0.4052
vn 0.8900 -0.2087 0.4054
vn 0.9004 -0.1551 0.4065
vn 0.8548 -0.1449 0.4983
vn 0.8493 -0.2828 0.4457
vn 0.8683 -0.2131 0.4480
vn 0.8901 -0.1479 0.4311
vn 0.8431 -0.1918 0.5024
vn 0.8766 -0.0946 0.4719
vn 0.8971 -0.2373 0.3726
vn 0.9083 -0.1347 0.3961
vn 0.9139 -0.2389 0.3282
vn 0.9380 -0.2011 0.2824
vn 0.9353 -0.1558 0.3178
vn 0.9680 -0.1055 0.2278
vn 0.9360 -0.0721 0.3445
vn 0.9638 -0.1956 0.1813
vn 0.8633 -0.0338 0.5035
vn 0.8373 0.0002 0.5467
vn 0.8748 -0.0678 0.4796
vn 0.8397 -0.0122 0.5429
vn 0.6286 -0.1528 0.7626
vn 0.7560 -0.0774 0.6500
vn 0.7726 -0.1025 0.6266
vn 0.7463 -0.1922 0.6373
vn 0.7516 -0.1838 0.6335
vn 0.7952 -0.2070 0.5699
vn 0.8159 -0.1501 0.5584
vn 0.8178 -0.1326 0.5600
vn 0.8709 -0.1275 0.4746
vn 0.8550 -0.1396 0.4995
vn 0.5402 0.2946 0.7883
vn 0.4522 0.3207 0.8323
vn 0.4863 0.3626 0.7950
vn 0.5206 0.3462 0.7804
vn 0.5746 0.3245 0.7513
vn 0.5645 0.2965 0.7703
vn 0.4605 0.4412 0.7702
vn 0.4529 0.4388 0.7761
vn 0.4767 0.4244 0.7698
vn 0.4551 0.4072 0.7919
vn 0.4556 0.4067 0.7919
vn 0.4785 0.4205 0.7709
vn 0.4769 0.3785 0.7933
vn 0.5081 0.3899 0.7680
vn 0.3874 0.3470 0.8541
vn 0.4393 0.4250 0.7915
vn 0.5249 0.3868 0.7582
vn 0.5181 0.3468 0.7819
vn 0.8795 -0.1908 0.4360
vn 0.8715 -0.2754 0.4058
vn 0.8669 -0.3501 0.3548
vn 0.8865 -0.3286 0.3257
vn 0.6668 -0.2481 0.7027
vn 0.7727 -0.3553 0.5260
vn 0.7116 -0.3087 0.6312
vn 0.7074 -0.3694 0.6026
vn 0.7453 -0.3403 0.5734
vn 0.7546 -0.2925 0.5874
vn 0.7773 -0.2498 0.5774
vn 0.7878 -0.2743 0.5515
vn 0.7502 -0.2463 0.6136
vn 0.8016 -0.1052 0.5885
vn 0.7615 -0.0915 0.6417
vn 0.7417 -0.2838 0.6077
vn 0.8648 -0.1999 0.4607
vn 0.6510 -0.3450 0.6761
vn 0.7256 -0.4722 0.5006
vn 0.7926 -0.3718 0.4833
vn 0.6987 -0.4064 0.5888
vn 0.6327 -0.1167 0.7656
vn 0.6215 -0.1082 0.7759
vn 0.6515 -0.0855 0.7538
vn 0.6301 -0.1245 0.7664
vn 0.6520 -0.1208 0.7485
vn 0.6656 -0.0676 0.7433
vn 0.6581 0.1966 0.7268
vn 0.6172 0.2153 0.7568
vn 0.6619 0.1742 0.7291
vn 0.6306 0.1735 0.7565
vn 0.6346 0.1488 0.7584
vn 0.6130 0.1472 0.7762
vn 0.5627 0.2311 0.7937
vn 0.6915 -0.4540 0.5620
vn 0.6086 -0.3268 0.7231
vn 0.6435 -0.0203 0.7652
vn 0.6306 -0.3544 0.6905
vn 0.6096 -0.3152 0.7274
vn 0.6531 -0.3487 0.6722
vn 0.6433 -0.2814 0.7120
vn 0.6227 -0.2653 0.7361
vn 0.5845 -0.2863 0.7592
vn 0.6069 -0.2459 0.7558
vn 0.6482 -0.1744 0.7413
vn 0.5216 0.1521 0.8395
vn 0.5123 0.1007 0.8529
vn 0.5427 0.1256 0.8305
vn 0.5422 0.0889 0.8355
vn 0.5973 0.1723 0.7833
vn 0.5885 0.1475 0.7949
vn 0.5727 0.0992 0.8137
vn 0.3928 0.3343 0.8567
vn -0.4377 -0.4695 0.7668
vn -0.3663 -0.3822 0.8484
vn -0.4296 -0.4452 0.7856
vn -0.3001 -0.5252 0.7963
vn -0.4629 -0.3801 0.8008
vn -0.6335 -0.2054 0.7460
vn -0.5304 -0.1096 0.8407
vn -0.4260 -0.1098 0.8980
vn 0.5622 -0.1546 0.8124
vn 0.5947 -0.2087 0.7764
vn 0.5687 -0.1297 0.8123
vn 0.1838 -0.1341 0.9738
vn 0.3528 -0.0934 0.9310
vn 0.5100 -0.1149 0.8525
vn 0.5168 -0.1808 0.8368
vn 0.4661 -0.2549 0.8472
vn 0.9306 -0.0548 0.3619
vn 0.7306 -0.1797 0.6587
vn 0.8323 -0.0866 0.5475
vn 0.8715 -0.0881 0.4824
vn 0.8494 -0.0356 0.5265
vn 0.8785 -0.0344 0.4765
vn 0.8635 -0.0812 0.4978
vn 0.8725 -0.0423 0.4868
vn 0.9017 -0.0721 0.4264
vn 0.8269 -0.0599 0.5592
vn 0.8992 -0.1718 0.4023
vn 0.8129 -0.1997 0.5471
vn -0.4287 -0.2406 0.8708
vn -0.4122 -0.1774 0.8937
vn -0.1424 -0.1250 0.9819
vn -0.1673 -0.1668 0.9717
vn -0.5255 -0.0827 0.8467
vn -0.3128 -0.1119 0.9432
vn 0.9612 0.2747 -0.0238
vn 0.9959 0.0718 0.0558
vn 0.9618 0.1882 -0.1988
vn 0.4182 -0.5490 0.7237
vn 0.2743 -0.3998 0.8746
vn -0.0211 -0.6032 0.7973
vn 0.1592 -0.7995 0.5792
vn -0.1256 -0.4606 0.8787
vn -0.3673 -0.4150 0.8324
vn -0.4082 -0.3322 0.8503
vn -0.5884 -0.3121 0.7459
vn -0.2932 -0.3165 0.9022
vn -0.3555 -0.2913 0.8881
vn -0.3710 -0.3031 0.8778
vn -0.3993 -0.0988 0.9115
vn -0.3082 -0.1100 0.9449
vn -0.3244 -0.1308 0.9368
vn -0.2479 -0.1268 0.9604
vn -0.2533 -0.1163 0.9604
vn 0.4337 0.4553 0.7776
vn 0.3937 0.4439 0.8049
vn 0.4641 0.4177 0.7811
vn 0.4189 0.4683 0.7780
vn 0.5741 0.3531 0.7388
vn 0.6156 0.2679 0.7411
vn 0.8018 0.0107 0.5975
vn 0.2668 0.5519 0.7900
vn 0.5903 0.2551 0.7658
vn 0.6366 0.2909 0.7142
vn 0.8828 -0.2336 0.4075
vn 0.6123 0.2686 0.7436
vn 0.5886 0.2845 0.7567
vn 0.6147 0.2970 0.7307
vn 0.6165 0.2566 0.7444
vn 0.6180 0.2300 0.7518
vn 0.6177 0.2336 0.7509
vn 0.6994 0.1955 0.6875
vn 0.7483 0.2072 0.6302
vn 0.6978 0.1574 0.6987
vn 0.6552 0.1969 0.7294
vn 0.7030 0.2183 0.6768
vn 0.7551 0.2367 0.6114
vn 0.7286 0.2118 0.6513
vn 0.7257 0.2270 0.6495
vn 0.5861 0.2198 0.7798
vn 0.6157 0.2069 0.7603
vn 0.6525 0.2219 0.7246
vn 0.5965 0.2427 0.7651
vn 0.9132 0.1109 -0.3921
vn 0.8602 0.1352 -0.4918
vn 0.8897 0.1767 -0.4210
vn 0.7634 0.4003 -0.5069
vn 0.6528 0.3858 -0.6519
vn 0.6773 0.5204 -0.5200
vn 0.9261 0.0866 -0.3671
vn 0.8981 0.1081 -0.4263
vn 0.9314 0.1329 -0.3390
vn 0.9453 0.1078 -0.3079
vn 0.9642 0.0782 -0.2533
vn 0.9560 0.1334 -0.2613
vn 0.9484 0.1507 -0.2790
vn 0.9227 0.1305 -0.3628
vn 0.9920 -0.0308 -0.1225
vn 0.9349 0.3094 -0.1740
vn 0.8991 0.2749 -0.3407
vn 0.8864 0.3428 -0.3110
vn 0.8772 0.2120 -0.4309
vn 0.7822 0.2738 -0.5596
vn 0.8825 0.2840 -0.3749
vn 0.8109 0.3320 -0.4819
vn 0.8911 0.2643 -0.3690
vn 0.9503 0.2203 -0.2200
vn 0.9632 0.1666 -0.2109
vn 0.8714 0.3764 -0.3146
vn 0.8396 0.3771 -0.3910
vn 0.8902 0.4060 -0.2066
vn 0.8789 0.4554 -0.1423
vn 0.8483 0.5291 -0.0231
vn 0.7733 0.6164 -0.1486
vn 0.9407 0.1995 -0.2743
vn 0.9647 0.0541 -0.2578
vn 0.7774 0.5575 -0.2914
vn 0.7915 0.5024 -0.3480
vn 0.7546 0.5057 -0.4181
vn 0.9949 0.0366 -0.0940
vn 0.9789 -0.1731 0.1083
vn 0.6589 0.3048 -0.6877
vn 0.7157 0.4721 -0.5146
vn 0.8518 0.4171 -0.3168
vn 0.8028 0.2615 -0.5358
vn 0.8239 0.1794 -0.5376
vn 0.9031 0.1804 -0.3897
vn 0.9140 0.2664 -0.3059
vn 0.9451 0.1682 -0.2800
vn 0.6669 0.5471 -0.5060
vn 0.6844 0.4838 -0.5454
vn 0.7158 0.5959 -0.3639
vn 0.7008 0.6380 -0.3191
vn 0.7467 0.6621 -0.0638
vn 0.8007 0.4178 -0.4294
vn 0.8411 0.2906 -0.4561
vn 0.7385 0.1490 -0.6576
vn 0.3870 0.1639 0.9074
vn 0.3943 0.1523 0.9063
vn 0.4642 0.1644 0.8704
vn 0.4499 0.1106 0.8862
vn 0.4901 0.1709 0.8547
vn 0.3491 0.2487 0.9035
vn 0.4227 0.2594 0.8684
vn 0.3486 0.3334 0.8759
vn 0.3881 0.2331 0.8917
vn 0.3748 0.2055 0.9040
vn 0.4051 0.2093 0.8900
vn 0.3922 0.2388 0.8883
vn 0.4187 0.2276 0.8791
vn 0.5175 0.3017 0.8007
vn 0.4034 0.2987 0.8649
vn 0.5662 0.1705 0.8065
vn 0.5112 0.1588 0.8447
vn 0.5239 0.1199 0.8433
vn 0.5379 0.1479 0.8299
vn 0.6447 0.0687 0.7613
vn 0.4041 0.2502 0.8798
vn 0.3216 0.3789 0.8678
vn 0.3541 0.3439 0.8697
vn -0.1777 -0.0186 0.9839
vn 0.5353 -0.0287 0.8442
vn 0.5925 -0.1894 0.7830
vn 0.3582 -0.2080 0.9102
vn 0.9462 0.1456 0.2891
vn 0.9398 0.1523 0.3060
vn 0.9528 0.1384 0.2701
vn 0.9293 0.0927 0.3575
vn 0.9399 0.0915 0.3290
vn 0.9334 0.1073 0.3425
vn 0.9045 0.1136 0.4112
vn 0.8486 0.0317 0.5281
vn 0.8944 0.1435 0.4237
vn 0.8598 0.1225 0.4957
vn 0.8726 0.1151 0.4746
vn 0.8771 0.1288 0.4628
vn 0.8862 0.1217 0.4471
vn 0.8933 0.1349 0.4287
vn 0.8941 0.1066 0.4349
vn 0.9058 0.1171 0.4071
vn 0.8965 0.1221 0.4258
vn 0.8504 0.0977 0.5170
vn 0.8752 0.1069 0.4717
vn 0.8649 0.1283 0.4852
vn 0.8856 0.1150 0.4499
vn 0.8698 0.0828 0.4864
vn 0.8899 0.1010 0.4449
vn 0.9047 0.1328 0.4047
vn 0.9059 0.1171 0.4071
vn 0.8984 0.0904 0.4298
vn 0.8770 0.1124 0.4672
vn 0.9165 0.1315 0.3777
vn 0.9117 0.1109 0.3957
vn 0.9109 0.0987 0.4006
vn 0.9209 0.1010 0.3766
vn 0.9142 0.0902 0.3952
vn 0.9377 0.1275 0.3231
vn 0.9175 0.1287 0.3764
vn 0.9187 0.1193 0.3765
vn 0.9509 0.1540 0.2684
vn 0.9192 0.1562 0.3615
vn 0.9511 0.1511 0.2694
vn 0.9408 0.1838 0.2846
vn 0.9476 0.1504 0.2817
vn 0.7274 0.1109 0.6772
vn 0.9043 0.1549 0.3978
vn 0.1503 0.0980 0.9838
vn 0.9534 0.1493 0.2622
vn 0.9479 0.0755 0.3094
vn 0.9757 0.0508 0.2133
vn 0.7979 0.1051 0.5936
vn 0.4696 0.1674 0.8668
vn 0.9233 0.0322 0.3828
vn 0.8985 -0.0658 0.4339
vn 0.9081 -0.0540 0.4153
vn 0.8648 0.1187 0.4879
vn 0.8843 0.1574 0.4395
vn 0.9209 0.1429 0.3627
vn 0.8806 0.0230 0.4734
vn 0.8804 0.0822 0.4670
vn 0.9034 0.0557 0.4252
vn 0.8690 -0.0694 0.4899
vn 0.7903 -0.2388 0.5643
vn 0.8331 -0.1506 0.5322
vn 0.9061 -0.0061 0.4231
vn 0.9050 -0.0066 0.4253
vn 0.9110 0.0403 0.4103
vn 0.9316 0.0414 0.3610
vn 0.9201 -0.0165 0.3913
vn 0.9020 0.0897 0.4223
vn 0.9295 0.1393 0.3414
vn 0.9335 0.1065 0.3424
vn 0.9169 0.1164 0.3817
vn 0.9240 0.1150 0.3648
vn 0.9039 0.0992 0.4160
vn 0.9329 0.1482 0.3281
vn 0.9332 0.1463 0.3282
vn 0.9426 0.1283 0.3083
vn 0.9223 0.1066 0.3715
vn 0.9487 0.1037 0.2985
vn 0.9552 0.1430 0.2593
vn 0.9092 -0.0869 0.4071
vn 0.9362 -0.0075 0.3514
vn 0.9308 0.0182 0.3652
vn 0.9419 0.1335 0.3083
vn 0.9518 0.1357 0.2751
vn 0.9541 0.1098 0.2785
vn 0.9441 0.1515 0.2928
vn 0.9402 0.1419 0.3096
vn 0.9263 0.1548 0.3436
vn 0.9349 0.1511 0.3212
vn 0.9453 0.1443 0.2925
vn 0.9534 0.1510 0.2611
vn 0.9474 0.1441 0.2857
vn 0.9521 0.0989 0.2892
vn 0.8235 0.0564 0.5645
vn 0.8739 0.1370 0.4665
vn 0.7937 0.2014 0.5740
vn 0.7991 0.2124 0.5624
vn 0.7810 0.2202 0.5844
vn 0.7906 0.2004 0.5786
vn 0.8213 0.1764 0.5426
vn 0.8077 0.2068 0.5522
vn 0.7833 0.1630 0.5998
vn 0.8574 0.1813 0.4816
vn 0.8532 0.1608 0.4961
vn 0.8544 0.1636 0.4933
vn 0.8723 0.1643 0.4606
vn 0.8626 0.1747 0.4747
vn 0.7548 0.1666 0.6345
vn 0.7803 0.1854 0.5973
vn 0.7318 0.2437 0.6365
vn 0.7774 0.1989 0.5968
vn 0.7606 0.2209 0.6104
vn 0.7313 0.2000 0.6520
vn 0.8327 0.1321 0.5377
vn 0.8258 0.1310 0.5486
vn 0.8043 0.1430 0.5767
vn 0.8301 0.1394 0.5399
vn 0.8403 0.1437 0.5227
vn 0.8334 0.1455 0.5332
vn 0.8443 0.1292 0.5201
vn 0.8511 0.1430 0.5051
vn 0.8499 0.1451 0.5066
vn 0.8648 0.1483 0.4796
vn 0.8595 0.1526 0.4879
vn 0.8124 0.1469 0.5643
vn 0.8261 0.1667 0.5383
vn 0.8047 0.1592 0.5719
vn 0.8600 0.1307 0.4932
vn 0.8679 0.1385 0.4771
vn 0.8627 0.1511 0.4827
vn 0.7771 0.1174 0.6183
vn 0.7880 0.2304 0.5709
vn 0.7673 0.2447 0.5927
vn 0.8709 0.1251 0.4752
vn 0.8563 0.1223 0.5017
vn 0.8545 0.1229 0.5047
vn 0.6514 0.2969 0.6982
vn 0.8350 0.1156 0.5380
vn 0.8149 0.1335 0.5640
vn 0.7995 0.1178 0.5890
vn 0.7929 0.0999 0.6011
vn 0.8394 0.1297 0.5278
vn 0.8301 0.1188 0.5447
vn 0.5115 0.3912 0.7651
vn 0.3661 0.3563 0.8597
vn 0.3845 0.2958 0.8744
vn 0.3111 0.2220 0.9241
vn 0.1031 0.3882 0.9158
vn 0.1469 0.3897 0.9092
vn 0.1286 0.3070 0.9430
vn 0.1111 -0.9295 0.3517
vn 0.1163 0.0109 0.9932
vn 0.1489 -0.0460 0.9878
vn 0.0648 0.2016 0.9773
vn 0.2039 0.1719 0.9638
vn 0.2541 0.1203 0.9597
vn 0.3208 0.1183 0.9397
vn 0.1465 -0.3324 0.9317
vn 0.2013 -0.2230 0.9538
vn 0.1450 -0.2431 0.9591
vn 0.1473 0.5094 0.8478
vn 0.2379 0.4795 0.8447
vn 0.2781 0.3790 0.8826
vn 0.2025 0.3181 0.9262
vn 0.2028 0.2316 0.9514
vn 0.1918 0.2440 0.9506
vn 0.2106 0.2767 0.9376
vn 0.2627 0.3048 0.9155
vn 0.3242 -0.8966 0.3018
vn 0.4476 -0.5673 0.6912
vn 0.2246 0.1871 0.9563
vn 0.4050 -0.3332 0.8514
vn 0.3368 -0.0110 0.9415
vn 0.3616 0.0891 0.9281
vn 0.3753 0.0249 0.9266
vn 0.3398 0.0043 0.9405
vn 0.4431 -0.2210 0.8688
vn 0.4332 -0.5120 0.7417
vn 0.3380 0.0662 0.9388
vn 0.2808 0.0435 0.9588
vn 0.2707 0.1834 0.9450
vn 0.4069 0.1625 0.8989
vn 0.3966 0.1351 0.9080
vn 0.4416 0.2376 0.8652
vn 0.2963 0.0341 0.9545
vn 0.2473 0.1554 0.9564
vn 0.2807 0.1440 0.9489
vn 0.2922 -0.1931 0.9367
vn 0.2535 -0.0870 0.9634
vn 0.3050 -0.1303 0.9434
vn 0.2751 -0.2497 0.9284
vn 0.3014 0.0723 0.9507
vn 0.2986 0.1605 0.9408
vn 0.3241 0.1354 0.9363
vn 0.3636 -0.5196 0.7732
vn 0.3475 -0.4490 0.8232
vn 0.3581 -0.3770 0.8542
vn 0.3385 0.0522 0.9395
vn 0.3689 -0.4179 0.8302
vn 0.2645 0.1216 0.9567
vn 0.4420 -0.2703 0.8553
vn 0.3998 -0.3048 0.8644
vn 0.4322 -0.2658 0.8617
vn 0.4023 -0.2506 0.8805
vn 0.1300 -0.1241 0.9837
vn 0.1649 -0.1175 0.9793
vn 0.0963 -0.2225 0.9702
vn 0.3872 -0.2315 0.8925
vn 0.2330 -0.3474 0.9083
vn 0.1140 -0.9273 0.3565
vn 0.2939 -0.5502 0.7816
vn 0.2863 -0.7235 0.6282
vn 0.2766 -0.2020 0.9395
vn 0.3535 -0.4898 0.7969
vn 0.3099 -0.5555 0.7716
vn 0.3279 -0.0113 0.9447
vn 0.3097 -0.3402 0.8879
vn 0.2081 0.2128 0.9547
vn 0.3351 0.4567 0.8241
vn 0.2956 0.4597 0.8374
vn 0.3370 0.4224 0.8414
vn 0.2622 0.4984 0.8263
vn 0.3368 0.4866 0.8061
vn 0.3019 0.4627 0.8335
vn 0.4045 0.4276 0.8084
vn 0.3959 0.4204 0.8164
vn 0.3903 0.4099 0.8244
vn 0.3837 0.4797 0.7891
vn 0.4357 0.4198 0.7962
vn 0.4021 0.4569 0.7934
vn 0.4165 0.3445 0.8413
vn 0.3735 0.3800 0.8463
vn 0.4157 0.3721 0.8299
vn 0.4273 0.3976 0.8120
vn 0.3520 0.4007 0.8459
vn 0.3829 0.4807 0.7888
vn 0.3924 0.4824 0.7832
vn 0.3247 0.4813 0.8142
vn 0.3687 0.4377 0.8201
vn 0.2747 0.5005 0.8210
vn 0.2575 0.4426 0.8590
vn 0.3245 0.4871 0.8108
vn 0.3134 0.5327 0.7861
vn 0.2734 0.5439 0.7934
vn 0.3087 0.5279 0.7912
vn 0.2961 0.5175 0.8028
vn 0.3249 0.5023 0.8013
vn 0.2752 0.5002 0.8210
vn 0.1430 0.3344 0.9315
vn 0.1727 0.4764 0.8621
vn 0.3943 0.3277 0.8585
vn 0.4129 0.3318 0.8482
vn 0.4111 0.3042 0.8594
vn 0.4629 0.3700 0.8055
vn 0.4485 0.4251 0.7862
vn 0.3422 0.3511 0.8716
vn 0.3668 0.3230 0.8724
vn 0.3213 0.3664 0.8732
vn 0.1987 0.5642 0.8014
vn 0.2536 0.4823 0.8385
vn 0.3408 0.4583 0.8208
vn 0.2720 0.4726 0.8382
vn 0.2988 0.4533 0.8398
vn 0.2456 0.4394 0.8641
vn 0.2785 0.4385 0.8545
vn 0.1768 0.5448 0.8197
vn 0.2059 0.5762 0.7910
vn 0.2404 0.5415 0.8056
vn 0.9708 0.0389 0.2366
vn 0.9106 -0.2895 0.2948
vn 0.8623 -0.2596 0.4347
vn -0.6544 -0.3262 0.6822
vn 0.5898 0.1287 0.7972
vn 0.8547 0.1960 0.4807
vn 0.9634 0.1283 0.2353
vn 0.8732 0.0520 0.4845
vn 0.6814 -0.6682 0.2987
vn 0.6744 -0.7183 0.1711
vn 0.6428 -0.6577 0.3927
vn 0.6447 -0.6316 0.4306
vn 0.3993 -0.2009 0.8945
vn -0.0541 -0.1282 0.9903
vn 0.6643 -0.2840 0.6914
vn 0.5769 -0.5307 0.6209
vn 0.7387 -0.4728 0.4804
vn 0.6887 -0.5416 0.4821
vn 0.6443 -0.6674 0.3735
vn 0.7456 -0.5900 0.3098
vn 0.7538 -0.6289 0.1904
vn 0.6975 -0.4678 0.5428
vn 0.4738 -0.5564 0.6827
vn 0.7408 -0.5768 0.3444
vn 0.7007 -0.6583 0.2749
vn 0.6367 -0.5656 0.5241
vn 0.2294 -0.1536 0.9611
vn 0.6175 -0.5134 0.5960
vn 0.2186 0.7504 -0.6238
vn 0.1445 -0.8641 0.4821
vn 0.3263 -0.7716 0.5460
vn 0.0036 -0.8610 0.5085
vn 0.0681 -0.8812 0.4678
vn 0.0684 -0.8243 0.5619
vn 0.0637 -0.9690 0.2386
vn 0.2444 0.3378 0.9089
vn 0.2413 0.5595 0.7929
vn 0.2797 0.5372 0.7957
vn 0.3027 0.5313 0.7913
vn 0.9428 0.0899 -0.3209
vn 0.3948 -0.9071 0.1459
vn 0.5821 -0.7964 0.1638
vn 0.8087 -0.5784 0.1065
vn 0.7339 -0.6620 0.1519
vn 0.8149 -0.4983 0.2959
vn 0.9141 -0.3942 0.0954
vn 0.9426 -0.3025 0.1418
vn 0.8095 -0.5741 0.1234
vn 0.8921 -0.4462 0.0715
vn 0.8880 -0.3668 0.2773
vn 0.5519 0.1197 0.8253
vn 0.6471 0.1862 0.7394
vn 0.6365 0.1587 0.7548
vn 0.6953 0.1653 0.6995
vn 0.6670 0.1266 0.7342
vn 0.5716 0.1890 0.7985
vn 0.5744 0.1269 0.8087
vn 0.5901 0.1432 0.7946
vn 0.6318 0.1214 0.7656
vn 0.7217 0.1925 0.6649
vn 0.6958 0.2002 0.6897
vn 0.7188 0.1666 0.6750
vn 0.7249 0.2219 0.6521
vn 0.7082 0.2235 0.6697
vn 0.7193 0.2107 0.6620
vn 0.6907 0.2606 0.6746
vn 0.7334 0.1430 0.6645
vn 0.7422 0.1660 0.6493
vn 0.7227 0.1523 0.6742
vn 0.7289 0.1127 0.6753
vn 0.7506 0.1253 0.6488
vn 0.6590 0.0947 0.7462
vn 0.6853 0.1223 0.7180
vn 0.6735 0.1409 0.7256
vn 0.6945 0.1266 0.7082
vn 0.6950 0.1574 0.7016
vn 0.7174 0.1246 0.6854
vn 0.7075 0.1366 0.6934
vn 0.7164 0.1304 0.6854
vn 0.7141 0.1386 0.6862
vn 0.7043 0.2118 0.6776
vn 0.5549 0.3814 0.7393
vn 0.6717 0.2069 0.7113
vn 0.6577 0.2010 0.7260
vn 0.6444 0.2342 0.7280
vn 0.6339 0.2107 0.7442
vn 0.6624 0.1940 0.7236
vn 0.6409 0.2039 0.7401
vn 0.6284 0.2530 0.7356
vn 0.6707 0.2112 0.7111
vn 0.6775 0.2324 0.6978
vn 0.6778 0.2285 0.6988
vn 0.6050 0.2057 0.7692
vn 0.6252 0.1890 0.7573
vn 0.5962 0.2269 0.7701
vn 0.6005 0.2573 0.7571
vn 0.5972 0.2407 0.7651
vn 0.5932 0.1898 0.7824
vn 0.6134 0.1755 0.7700
vn 0.5830 0.3759 0.7203
vn 0.5768 0.3680 0.7293
vn 0.9899 -0.0751 0.1205
vn 0.9984 0.0340 -0.0449
vn 0.8700 -0.4674 0.1572
vn 0.9981 -0.0190 0.0584
vn 0.9982 -0.0093 -0.0586
vn 0.9944 -0.0796 -0.0697
vn 0.9926 -0.0720 -0.0978
vn 0.9890 -0.0934 -0.1143
vn 0.9640 -0.2659 -0.0049
vn 0.9587 -0.2681 0.0947
vn 0.9286 -0.2691 0.2556
vn 0.9620 -0.1303 0.2398
vn 0.9435 -0.2999 0.1408
vn -0.6621 -0.1974 0.7229
vn -0.6456 -0.1814 0.7418
vn -0.6655 -0.2666 0.6972
vn -0.1871 -0.2071 0.9603
vn -0.5719 -0.3831 0.7254
vn -0.4025 -0.1986 0.8936
vn -0.4840 -0.4431 0.7546
vn -0.5842 -0.2614 0.7683
vn -0.4947 -0.3741 0.7844
vn 0.1881 0.1148 0.9754
vn -0.4993 -0.2035 0.8422
vn -0.3932 -0.1318 0.9100
vn -0.4414 -0.1448 0.8856
vn -0.4881 -0.1541 0.8591
vn -0.2774 -0.0378 0.9600
vn -0.4159 -0.2265 0.8808
vn -0.1719 0.0199 0.9849
vn -0.4209 -0.2230 0.8793
vn 0.0487 0.0240 0.9985
vn -0.3897 -0.0513 0.9195
vn -0.1753 -0.1601 0.9714
vn -0.2925 -0.2492 0.9232
vn -0.4163 -0.1479 0.8971
vn -0.6846 -0.1159 0.7197
vn -0.6052 -0.0014 0.7961
vn -0.6372 -0.1330 0.7591
vn 0.7225 0.0023 0.6913
vn -0.6229 -0.0206 0.7820
vn -0.6507 -0.0932 0.7536
vn -0.6883 -0.1098 0.7171
vn -0.5291 -0.1133 0.8410
vn -0.9104 -0.4123 0.0349
vn -0.6987 0.0292 0.7148
vn -0.8739 -0.1830 0.4503
vn -0.3891 -0.0966 0.9161
vn -0.5707 -0.1179 0.8126
vn -0.4716 0.0108 0.8817
vn -0.6499 -0.0858 0.7552
vn -0.9624 -0.1662 0.2148
vn -0.5856 -0.0791 0.8067
vn -0.5488 -0.0827 0.8319
vn -0.5000 -0.1642 0.8503
vn -0.4697 -0.1107 0.8759
vn -0.2791 -0.0422 0.9593
vn -0.6023 -0.1295 0.7877
vn -0.4585 -0.0608 0.8866
vn -0.4832 -0.4329 0.7610
vn -0.4799 -0.3962 0.7827
vn -0.6342 -0.2133 0.7432
vn -0.5438 -0.2587 0.7984
vn -0.6583 -0.3640 0.6589
vn -0.5286 -0.2993 0.7944
vn -0.5868 -0.1902 0.7871
vn -0.9672 -0.1846 0.1746
vn 0.6217 -0.3902 0.6792
vn 0.6399 -0.3930 0.6604
vn 0.5158 -0.6166 0.5947
vn 0.7447 -0.4177 0.5205
vn 0.5671 -0.3729 0.7344
vn 0.5165 -0.3723 0.7711
vn 0.6262 -0.3944 0.6725
vn 0.5162 -0.4150 0.7492
vn 0.5967 -0.4271 0.6793
vn 0.5111 -0.3928 0.7645
vn 0.3553 -0.5210 0.7761
vn 0.5722 -0.6540 0.4949
vn 0.5799 -0.7443 0.3313
vn 0.8081 -0.5880 0.0338
vn 0.7159 -0.3705 0.5918
vn 0.7362 -0.4061 0.5414
vn 0.7681 -0.3511 0.5355
vn 0.7032 -0.6343 0.3212
vn 0.6882 -0.6880 0.2301
vn 0.7813 -0.5296 0.3302
vn 0.7576 -0.4492 0.4736
vn 0.8477 -0.3814 0.3688
vn 0.8966 -0.4029 0.1837
vn 0.8711 -0.4245 0.2470
vn 0.8957 -0.3838 0.2244
vn 0.2755 0.4129 0.8681
vn 0.4388 0.3129 0.8424
vn 0.3722 0.4010 0.8371
vn 0.3731 0.4301 0.8221
vn 0.3714 0.3786 0.8478
vn 0.3742 0.4014 0.8360
vn 0.3986 0.4031 0.8238
vn 0.3775 0.3514 0.8568
vn 0.4151 0.3188 0.8521
vn 0.4214 0.3469 0.8379
vn 0.3859 0.3799 0.8407
vn 0.3894 0.3956 0.8318
vn 0.4107 0.3940 0.8222
vn 0.3734 0.3907 0.8414
vn 0.4307 0.3516 0.8312
vn 0.4416 0.3716 0.8166
vn 0.4121 0.4251 0.8059
vn 0.4308 0.3957 0.8110
vn 0.4548 0.4023 0.7945
vn 0.4537 0.4219 0.7850
vn 0.4587 0.3171 0.8301
vn 0.4585 0.3382 0.8218
vn 0.4790 0.3823 0.7902
vn 0.4554 0.3818 0.8043
vn 0.4572 0.3258 0.8275
vn 0.4833 0.3013 0.8220
vn 0.4853 0.3410 0.8051
vn 0.5082 0.3074 0.8045
vn 0.6047 0.3050 0.7357
vn 0.5968 0.3283 0.7322
vn 0.5700 0.3524 0.7423
vn 0.5684 0.3522 0.7436
vn 0.5736 0.3532 0.7391
vn 0.5802 0.3211 0.7485
vn 0.5938 0.3452 0.7268
vn 0.5769 0.3122 0.7548
vn 0.5960 0.2952 0.7467
vn 0.6086 0.3175 0.7272
vn 0.5340 0.3780 0.7563
vn 0.5552 0.3553 0.7520
vn 0.5560 0.3803 0.7391
vn 0.5066 -0.5918 0.6270
vn 0.5482 -0.5434 0.6358
vn 0.5616 0.1785 0.8079
vn -0.6706 0.1105 0.7335
vn -0.7382 -0.0142 0.6744
vn -0.5927 -0.0937 0.7999
vn -0.4937 -0.1918 0.8482
vn -0.5521 -0.2355 0.7998
vn -0.4815 -0.2908 0.8268
vn -0.4686 -0.1378 0.8726
vn -0.5450 -0.1547 0.8240
vn -0.4985 -0.2634 0.8259
vn -0.4789 -0.2123 0.8518
vn -0.4572 -0.3387 0.8224
vn -0.4874 -0.3674 0.7921
vn -0.5408 -0.2405 0.8061
vn -0.4114 -0.3377 0.8465
vn -0.4521 -0.2016 0.8689
vn -0.8465 0.0121 0.5322
vn -0.8005 0.1546 0.5791
vn -0.8975 0.1336 0.4202
vn -0.7234 0.1806 0.6664
vn -0.7180 0.2261 0.6582
vn -0.5976 0.2734 0.7537
vn -0.5306 0.3520 0.7711
vn -0.8294 0.1137 0.5470
vn -0.5417 0.1001 0.8346
vn -0.3735 -0.3010 0.8774
vn -0.5975 0.1437 0.7889
vn -0.3845 -0.2536 0.8876
vn -0.7276 -0.2139 0.6518
vn -0.9150 0.0102 0.4033
vn -0.8656 -0.1507 0.4776
vn -0.3486 -0.2945 0.8898
vn -0.3005 -0.3723 0.8781
vn -0.3396 -0.3352 0.8788
vn -0.2920 -0.3348 0.8959
vn -0.2605 -0.3214 0.9104
vn -0.3299 -0.2723 0.9039
vn -0.3395 -0.2971 0.8924
vn -0.3069 -0.3069 0.9009
vn -0.2371 -0.3678 0.8992
vn -0.2441 -0.3803 0.8921
vn -0.2488 -0.3115 0.9171
vn 0.1141 -0.2798 0.9533
vn 0.1378 -0.3129 0.9397
vn 0.1586 -0.2817 0.9463
vn 0.0388 -0.2822 0.9586
vn 0.0816 -0.3018 0.9499
vn 0.0667 -0.2496 0.9661
vn 0.1003 -0.3068 0.9465
vn 0.1352 -0.3097 0.9412
vn 0.1190 -0.2757 0.9539
vn 0.0202 -0.2992 0.9540
vn 0.0505 -0.2157 0.9752
vn 0.0182 -0.2455 0.9692
vn 0.0662 -0.2385 0.9689
vn 0.0371 -0.2728 0.9614
vn 0.1131 -0.2221 0.9684
vn 0.1282 -0.2540 0.9587
vn 0.1879 -0.1944 0.9628
vn -0.3621 -0.2390 0.9010
vn -0.3295 -0.2192 0.9184
vn -0.3294 -0.2014 0.9224
vn -0.3021 -0.2644 0.9159
vn -0.2959 -0.2821 0.9126
vn -0.2754 -0.2419 0.9304
vn -0.2847 -0.2440 0.9270
vn -0.2536 -0.2941 0.9215
vn -0.2504 -0.2557 0.9338
vn 0.0077 -0.2914 0.9566
vn -0.0450 -0.3044 0.9515
vn -0.0208 -0.1972 0.9801
vn -0.3793 -0.1973 0.9040
vn -0.3439 -0.1368 0.9290
vn -0.3565 -0.1711 0.9185
vn -0.3161 -0.1668 0.9339
vn -0.2408 -0.2507 0.9376
vn -0.2790 -0.2571 0.9252
vn -0.2467 -0.2660 0.9319
vn -0.2419 -0.2327 0.9420
vn -0.2255 -0.2677 0.9367
vn -0.2209 -0.2597 0.9401
vn -0.2279 -0.2959 0.9276
vn -0.1984 -0.2701 0.9422
vn -0.1856 -0.3006 0.9355
vn -0.1539 -0.2753 0.9489
vn -0.1904 -0.1822 0.9647
vn -0.1723 -0.3495 0.9210
vn -0.0940 -0.2876 0.9531
vn -0.4242 0.1933 0.8847
vn -0.4720 0.3598 0.8049
vn -0.4419 -0.1031 0.8911
vn -0.4300 -0.2133 0.8773
vn -0.4874 -0.1442 0.8612
vn -0.2950 -0.5641 0.7712
vn -0.3991 -0.2361 0.8860
vn -0.4326 -0.2047 0.8781
vn -0.4407 -0.2631 0.8582
vn -0.4111 -0.2988 0.8612
vn -0.4066 -0.2577 0.8765
vn -0.3835 0.0356 0.9229
vn -0.4009 -0.2167 0.8901
vn -0.4427 -0.1482 0.8844
vn -0.3870 -0.2895 0.8754
vn -0.3967 -0.3664 0.8417
vn -0.2717 -0.2115 0.9388
vn -0.3025 -0.1534 0.9407
vn 0.0685 -0.1729 0.9826
vn 0.0908 -0.2069 0.9741
vn 0.0407 -0.2245 0.9736
vn 0.0655 -0.1345 0.9887
vn 0.1458 -0.1778 0.9732
vn 0.1445 -0.1145 0.9829
vn 0.1030 -0.1689 0.9802
vn 0.3692 0.1135 0.9224
vn 0.3626 0.0865 0.9279
vn 0.4012 0.0874 0.9118
vn 0.3456 0.1150 0.9313
vn 0.1735 0.2827 0.9434
vn 0.2263 0.2480 0.9420
vn 0.2784 0.2806 0.9186
vn 0.2831 0.2330 0.9304
vn 0.3289 0.2475 0.9114
vn 0.2938 0.2609 0.9196
vn 0.3102 0.1900 0.9315
vn 0.2434 0.2249 0.9435
vn 0.2513 0.1894 0.9492
vn 0.2691 0.1804 0.9461
vn 0.3175 0.1227 0.9403
vn 0.1602 0.2130 0.9638
vn 0.1780 0.2182 0.9595
vn 0.2600 0.2665 0.9281
vn 0.3032 0.2849 0.9093
vn 0.0652 0.3835 0.9212
vn 0.0435 0.3537 0.9343
vn 0.1374 0.3700 0.9188
vn 0.2832 0.3010 0.9106
vn 0.3175 0.2823 0.9053
vn 0.3163 0.3118 0.8960
vn 0.3419 0.3637 0.8665
vn 0.2535 0.3314 0.9088
vn 0.2898 0.3281 0.8991
vn 0.0061 -0.2125 0.9771
vn -0.3758 -0.0686 0.9242
vn -0.3402 -0.0560 0.9387
vn -0.2525 -0.1306 0.9587
vn -0.2025 -0.1881 0.9610
vn -0.2137 -0.2754 0.9373
vn -0.2977 -0.1876 0.9361
vn -0.2878 -0.2399 0.9271
vn -0.2583 -0.2182 0.9411
vn -0.2773 -0.1791 0.9440
vn -0.3104 -0.1112 0.9441
vn -0.3201 -0.1362 0.9375
vn -0.2407 -0.1093 0.9644
vn -0.2668 -0.0933 0.9592
vn -0.1540 -0.0645 0.9860
vn -0.3072 -0.0114 0.9516
vn -0.2944 0.0228 0.9554
vn -0.2465 0.0860 0.9653
vn -0.3303 -0.1031 0.9382
vn -0.2284 -0.1064 0.9677
vn -0.2360 0.0096 0.9717
vn -0.1596 0.1155 0.9804
vn -0.1898 -0.2368 0.9528
vn -0.1527 -0.2471 0.9569
vn -0.1969 0.0239 0.9801
vn -0.1424 -0.1701 0.9751
vn 0.1035 -0.2914 0.9510
vn -0.1752 0.3731 0.9111
vn -0.1082 0.2605 0.9594
vn -0.1378 -0.2586 0.9561
vn -0.1170 -0.2193 0.9686
vn -0.1087 -0.2655 0.9580
vn -0.1131 -0.0432 0.9926
vn -0.0745 -0.0622 0.9953
vn -0.0835 -0.0371 0.9958
vn 0.0050 -0.1012 0.9948
vn 0.0650 -0.0353 0.9973
vn 0.0081 -0.0250 0.9997
vn -0.0434 -0.0297 0.9986
vn -0.1873 0.0348 0.9817
vn -0.0396 -0.0595 0.9974
vn -0.0004 -0.0728 0.9973
vn 0.0307 -0.0921 0.9953
vn 0.0129 -0.0417 0.9990
vn 0.1455 -0.0398 0.9886
vn 0.1602 -0.1403 0.9771
vn 0.2281 -0.0426 0.9727
vn 0.2565 -0.0036 0.9665
vn 0.2815 -0.0199 0.9593
vn 0.3039 -0.0423 0.9518
vn 0.2711 -0.0625 0.9605
vn 0.1691 0.0023 0.9856
vn 0.2221 0.0009 0.9750
vn 0.2422 0.0368 0.9695
vn 0.2923 0.0213 0.9561
vn 0.2830 0.0782 0.9559
vn 0.2919 0.0915 0.9521
vn 0.3326 0.0345 0.9424
vn 0.3242 0.0157 0.9458
vn 0.3504 0.0328 0.9360
vn 0.3293 0.0679 0.9418
vn 0.3326 0.0835 0.9394
vn 0.3049 0.0492 0.9511
vn 0.2615 0.0016 0.9652
vn 0.2948 -0.0065 0.9555
vn 0.2907 0.0242 0.9565
vn 0.3297 0.0521 0.9426
vn 0.3187 0.0367 0.9471
vn 0.3422 0.0203 0.9394
vn 0.3257 0.0221 0.9452
vn 0.3539 0.0495 0.9340
vn 0.3647 -0.0057 0.9311
vn 0.2024 -0.0776 0.9762
vn 0.2201 -0.1036 0.9700
vn 0.2076 -0.1457 0.9673
vn 0.1921 -0.0857 0.9776
vn 0.2166 -0.0977 0.9714
vn 0.2210 -0.0637 0.9732
vn 0.2584 -0.0748 0.9631
vn 0.0954 -0.0810 0.9921
vn 0.1650 -0.0460 0.9852
vn 0.1575 -0.0834 0.9840
vn 0.1871 -0.0633 0.9803
vn 0.1544 -0.1089 0.9820
vn -0.0749 0.2361 0.9688
vn -0.0426 0.1505 0.9877
vn -0.0351 0.2061 0.9779
vn -0.0117 0.1775 0.9840
vn 0.0287 0.2564 0.9661
vn 0.0287 0.2312 0.9725
vn 0.0540 0.1703 0.9839
vn 0.1082 0.2595 0.9597
vn -0.1120 0.0440 0.9927
vn -0.0123 0.1051 0.9944
vn -0.0209 0.3239 0.9459
vn 0.2028 0.1788 0.9628
vn 0.2831 0.1462 0.9479
vn 0.2066 0.2035 0.9570
vn 0.2269 0.0876 0.9700
vn 0.2751 0.0935 0.9568
vn 0.0613 0.1508 0.9867
vn 0.0769 0.1125 0.9907
vn 0.1011 0.1332 0.9859
vn 0.1623 0.1583 0.9740
vn 0.1591 0.1866 0.9695
vn 0.1749 0.2204 0.9596
vn 0.2008 0.0950 0.9750
vn 0.2033 0.1538 0.9670
vn 0.2047 0.2093 0.9562
vn 0.2169 0.2205 0.9509
vn 0.0790 0.0956 0.9923
vn 0.1206 0.0659 0.9905
vn 0.0276 -0.0000 0.9996
vn 0.1188 0.0975 0.9881
vn 0.0579 -0.0101 0.9983
vn 0.1820 0.0567 0.9817
vn 0.1735 0.0379 0.9841
vn 0.1881 0.0150 0.9820
vn 0.2100 0.0420 0.9768
vn 0.1963 0.0363 0.9799
vn 0.1735 0.0645 0.9827
vn 0.2148 0.0024 0.9766
vn 0.0287 0.0345 0.9990
vn 0.2347 0.0503 0.9708
vn 0.2483 0.0660 0.9664
vn 0.2561 0.0480 0.9655
vn 0.3104 0.0713 0.9479
vn 0.0028 -0.0189 0.9998
vn 0.0858 -0.0541 0.9948
vn 0.5600 -0.3531 0.7495
vn -0.2214 0.0513 0.9738
vn -0.2043 0.0442 0.9779
vn -0.1172 0.0626 0.9911
vn -0.0658 0.1316 0.9891
vn -0.1300 0.1166 0.9846
vn 0.1106 -0.1666 0.9798
vn -0.0828 -0.0969 0.9918
vn -0.1614 0.1486 0.9756
vn 0.1054 0.0601 0.9926
vn -0.0209 0.1696 0.9853
vn -0.1150 -0.0047 0.9934
vn -0.0895 -0.0009 0.9960
vn -0.2037 0.0967 0.9743
vn -0.1836 0.1111 0.9767
vn -0.1084 0.0381 0.9934
vn -0.0450 -0.0565 0.9974
vn 0.1191 0.2007 0.9724
vn 0.0796 0.3132 0.9463
vn 0.2028 0.3369 0.9195
vn 0.0596 0.3193 0.9458
vn 0.0191 0.3171 0.9482
vn 0.0792 0.3345 0.9391
vn -0.0146 0.3728 0.9278
vn 0.0621 0.2971 0.9528
vn 0.0825 0.3568 0.9305
vn 0.0045 0.3998 0.9166
vn 0.0118 0.3527 0.9357
vn 0.0751 0.3540 0.9322
vn 0.1020 0.3424 0.9340
vn 0.1446 0.4276 0.8923
vn 0.1499 0.5082 0.8481
vn 0.0966 0.5190 0.8493
vn 0.0924 0.4827 0.8709
vn -0.0295 0.4473 0.8939
vn 0.0310 0.5351 0.8442
vn -0.0895 0.5446 0.8339
vn 0.2547 0.4279 0.8672
vn 0.0444 0.5534 0.8317
vn 0.0821 0.5543 0.8283
vn -0.3016 0.4916 0.8169
vn -0.3503 0.3148 0.8821
vn 0.1182 0.3918 0.9124
vn -0.6065 -0.7482 -0.2690
vn -0.6899 -0.6518 -0.3151
vn -0.5828 -0.7658 -0.2717
vn -0.5568 0.0309 -0.8301
vn -0.6269 0.0523 -0.7773
vn -0.4067 -0.2522 -0.8781
vn -0.5381 0.1294 -0.8329
vn -0.6825 0.0527 -0.7289
vn -0.5164 0.1106 -0.8491
vn -0.8197 -0.0706 -0.5684
vn -0.8247 -0.4353 -0.3612
vn -0.7664 -0.5159 -0.3827
vn -0.8519 -0.3536 -0.3862
vn -0.6206 -0.6966 -0.3601
vn -0.7697 -0.3523 -0.5324
vn -0.5086 -0.3757 -0.7747
vn -0.6408 -0.3306 -0.6929
vn -0.4958 -0.7695 -0.4026
vn -0.3968 -0.2192 -0.8914
vn -0.3886 -0.7835 -0.4849
vn -0.4344 -0.7578 -0.4868
vn -0.4363 -0.2654 -0.8598
vn -0.4037 -0.3315 -0.8527
vn -0.4691 -0.8459 -0.2536
vn 0.0558 -0.9964 -0.0639
vn -0.4226 -0.8186 -0.3889
vn -0.4242 -0.7769 -0.4654
vn -0.5430 -0.7817 -0.3066
vn -0.4536 -0.8250 -0.3371
vn -0.4657 -0.8525 -0.2373
vn -0.4706 -0.8500 -0.2369
vn -0.4713 -0.8417 -0.2634
vn -0.5514 -0.7993 -0.2389
vn -0.5681 -0.7850 -0.2469
vn -0.5190 -0.8218 -0.2352
vn -0.5107 -0.8288 -0.2286
vn -0.9087 0.0033 -0.4174
vn -0.9200 -0.1439 -0.3644
vn -0.9773 -0.0912 -0.1913
vn -0.9341 -0.1260 -0.3339
vn -0.8494 -0.1778 -0.4970
vn -0.8326 0.0114 -0.5538
vn -0.7173 -0.1708 -0.6755
vn -0.8283 -0.2342 -0.5090
vn -0.8494 -0.2037 -0.4868
vn -0.9343 -0.1975 -0.2968
vn -0.8999 -0.1411 -0.4126
vn -0.7585 -0.5415 -0.3625
vn -0.9063 -0.0907 -0.4128
vn -0.8662 -0.3369 -0.3691
vn -0.6012 0.7078 -0.3709
vn -0.8481 0.0688 -0.5254
vn -0.8364 0.0600 -0.5449
vn 0.8620 0.1439 -0.4860
vn 0.7922 0.1665 -0.5871
vn 0.7723 0.1447 -0.6186
vn 0.6971 0.2422 -0.6748
vn 0.5991 0.2294 -0.7671
vn 0.6945 0.0362 -0.7186
vn 0.5475 0.1551 -0.8223
vn 0.9006 0.1314 -0.4142
vn 0.9093 0.1235 -0.3974
vn 0.8964 0.1245 -0.4255
vn 0.8743 0.1084 -0.4731
vn 0.8470 0.0693 -0.5271
vn 0.9035 0.1157 -0.4127
vn 0.9017 0.1562 -0.4033
vn 0.8798 0.1145 -0.4614
vn 0.9010 0.1111 -0.4194
vn 0.8854 0.1061 -0.4525
vn 0.8678 0.1140 -0.4837
vn 0.9752 -0.2008 -0.0928
vn 0.8769 -0.0112 -0.4806
vn -0.4798 -0.2192 -0.8495
vn 0.6359 -0.1922 -0.7475
vn 0.6132 -0.0574 -0.7878
vn 0.4102 0.2351 -0.8812
vn 0.8178 0.0347 -0.5745
vn 0.8814 -0.2803 -0.3803
vn 0.7756 0.1395 -0.6157
vn 0.8343 0.0710 -0.5468
vn 0.8104 0.1596 -0.5637
vn 0.9412 0.0850 -0.3270
vn 0.7910 0.1961 -0.5796
vn 0.7851 0.2512 -0.5662
vn 0.7379 0.3072 -0.6010
vn 0.5722 0.3453 -0.7439
vn 0.3753 0.3616 -0.8535
vn 0.4579 0.1265 -0.8799
vn 0.3750 0.2467 -0.8936
vn 0.5605 0.1998 -0.8037
vn 0.6681 0.1110 -0.7358
vn 0.5663 0.1135 -0.8163
vn 0.4413 0.4210 -0.7925
vn 0.5661 0.3206 -0.7594
vn 0.7079 0.2821 -0.6476
vn 0.7283 0.1308 -0.6727
vn 0.2710 0.1552 -0.9500
vn 0.0367 0.1700 -0.9848
vn 0.1563 0.2703 -0.9500
vn 0.2365 0.3868 -0.8913
vn 0.0523 0.4849 -0.8730
vn -0.1303 0.6352 -0.7613
vn 0.1535 0.5548 -0.8177
vn -0.2875 0.2922 -0.9121
vn -0.3876 0.3608 -0.8483
vn -0.1669 0.4211 -0.8915
vn -0.4195 0.5332 -0.7347
vn -0.2737 0.5461 -0.7917
vn -0.3121 0.7040 -0.6380
vn -0.0271 0.3253 -0.9452
vn 0.2423 0.8294 0.5034
vn 0.1811 0.7897 0.5862
vn 0.3344 0.7133 0.6160
vn 0.2804 0.8830 0.3765
vn 0.2244 0.8504 0.4760
vn 0.2024 0.8600 0.4684
vn -0.0545 0.6603 0.7490
vn -0.2589 0.6660 0.6996
vn -0.1697 0.5854 0.7928
vn 0.0730 0.6785 0.7310
vn 0.0741 0.5940 0.8011
vn 0.0722 0.5813 0.8105
vn 0.1354 0.6357 0.7599
vn 0.2450 0.6202 0.7452
vn 0.1519 0.7006 0.6972
vn 0.3388 0.4746 0.8124
vn -0.1655 0.8669 0.4702
vn -0.2866 0.8129 0.5070
vn -0.1726 0.8055 0.5669
vn -0.1845 0.7500 0.6352
vn -0.2282 0.7603 0.6082
vn -0.1924 0.8019 0.5657
vn 0.1207 0.9183 0.3770
vn 0.1232 0.8668 0.4832
vn 0.1758 0.8735 0.4539
vn 0.1031 0.8635 0.4937
vn 0.0388 0.7837 0.6199
vn 0.0436 0.7996 0.5990
vn 0.0712 0.7875 0.6122
vn 0.0513 0.7577 0.6506
vn 0.1587 0.7430 0.6502
vn 0.0133 0.7988 0.6014
vn -0.0496 0.7722 0.6334
vn 0.0542 0.8092 0.5850
vn 0.0094 0.8012 0.5984
vn 0.1776 0.7692 0.6139
vn 0.0049 0.8671 0.4982
vn 0.1454 0.8025 0.5786
vn -0.1026 0.8299 0.5484
vn -0.1385 0.7603 0.6346
vn -0.1614 0.7601 0.6295
vn -0.1538 0.8096 0.5665
vn -0.1354 0.8063 0.5758
vn -0.1021 0.7826 0.6140
vn -0.1075 0.8235 0.5570
vn -0.3572 0.8359 0.4168
vn -0.0607 0.9347 0.3503
vn -0.2088 0.9373 0.2790
vn -0.2686 0.7476 0.6074
vn -0.3413 0.6799 0.6490
vn 0.2599 0.9336 0.2468
vn 0.2798 0.8837 0.3752
vn 0.2200 0.8767 0.4277
vn 0.2581 0.8443 0.4696
vn -0.0435 0.9516 0.3043
vn 0.3433 0.8789 0.3311
vn 0.4271 0.8132 0.3954
vn -0.1731 0.8179 -0.5488
vn -0.1742 0.8928 -0.4155
vn -0.1061 0.9176 -0.3830
vn -0.0452 0.8939 -0.4461
vn -0.0606 0.9516 -0.3014
vn -0.1920 0.9341 -0.3011
vn -0.2288 0.9430 -0.2416
vn -0.1301 0.9695 -0.2077
vn -0.1287 0.8696 -0.4766
vn -0.3285 0.9355 -0.1303
vn -0.0317 0.9500 -0.3105
vn -0.2040 0.9773 -0.0570
vn -0.4088 0.9097 0.0729
vn -0.5287 0.8082 0.2594
vn -0.3647 0.8956 0.2546
vn -0.6122 0.7855 0.0903
vn 0.0533 0.9757 0.2127
vn 0.0042 0.9802 -0.1978
vn -0.0482 0.9968 -0.0646
vn 0.1212 0.9921 -0.0324
vn -0.0528 0.9933 0.1029
vn 0.2143 0.9739 0.0747
vn -0.2556 0.9612 0.1039
vn -0.3633 0.5344 0.7631
vn -0.2349 0.3844 0.8928
vn -0.6369 0.4743 0.6078
vn -0.4959 0.3785 0.7816
vn -0.7474 0.2975 0.5941
vn -0.7741 0.5926 0.2229
vn -0.5043 0.7418 0.4420
vn -0.7295 0.5957 0.3360
vn -0.7754 0.4467 0.4463
vn -0.6707 0.5811 0.4610
vn -0.6976 0.6061 0.3821
vn -0.6702 0.6373 0.3803
vn -0.5316 0.7976 0.2850
vn -0.6764 0.5920 0.4381
vn -0.4004 0.6504 0.6455
vn -0.3592 0.7817 0.5097
vn -0.3952 0.7543 0.5243
vn -0.5152 0.6007 0.6113
vn -0.4719 0.6541 0.5911
vn -0.3621 0.7727 0.5214
vn -0.4734 0.6022 0.6428
vn -0.3738 0.6845 0.6259
vn -0.5497 0.6401 0.5368
vn -0.5123 0.7296 0.4530
vn -0.5732 0.6469 0.5029
vn -0.6051 0.6815 0.4116
vn -0.6744 0.6487 0.3527
vn -0.6059 0.6250 0.4923
vn -0.0119 0.4608 0.8874
vn 0.1508 0.5169 0.8426
vn 0.1719 0.6557 0.7352
vn 0.2718 0.4596 0.8455
vn 0.3119 0.5021 0.8066
vn 0.2393 0.6624 0.7099
vn 0.2229 0.4803 0.8483
vn 0.2234 0.5561 0.8005
vn 0.5028 0.4430 0.7423
vn -0.0327 0.2866 0.9575
vn 0.1392 0.3383 0.9307
vn 0.2234 0.3900 0.8933
vn 0.2498 0.3482 0.9035
vn 0.2371 0.3418 0.9094
vn 0.3058 0.3322 0.8923
vn 0.2538 0.3867 0.8866
vn 0.2686 0.4149 0.8693
vn 0.2457 0.4531 0.8569
vn 0.2570 0.3892 0.8846
vn 0.2651 0.3956 0.8793
vn 0.2474 0.4876 0.8373
vn 0.2801 -0.3392 0.8980
vn 0.2220 -0.4048 0.8870
vn 0.3163 -0.3824 0.8682
vn 0.2327 -0.5082 0.8292
vn 0.2396 -0.5326 0.8118
vn 0.2562 -0.4644 0.8477
vn 0.2937 -0.4095 0.8637
vn 0.2572 -0.4122 0.8740
vn 0.2824 -0.4694 0.8366
vn 0.2150 -0.5889 0.7791
vn 0.2788 -0.5567 0.7826
vn 0.2294 -0.5599 0.7962
vn 0.1981 -0.3543 0.9139
vn 0.2551 -0.2736 0.9274
vn 0.2697 -0.2612 0.9269
vn 0.2708 -0.2885 0.9184
vn 0.2875 -0.3185 0.9033
vn 0.3066 -0.2877 0.9073
vn 0.3189 -0.3189 0.8925
vn 0.3335 -0.2384 0.9121
vn 0.3261 -0.3466 0.8795
vn 0.3813 -0.2805 0.8809
vn 0.3566 -0.3608 0.8618
vn 0.3779 -0.2075 0.9023
vn 0.3636 -0.1772 0.9146
vn 0.4439 -0.1222 0.8877
vn 0.6677 -0.1500 0.7292
vn 0.6740 -0.1796 0.7166
vn 0.7018 -0.1429 0.6979
vn 0.6950 -0.1869 0.6943
vn 0.6313 -0.2389 0.7378
vn 0.6858 -0.2333 0.6894
vn 0.7134 -0.1773 0.6779
vn 0.7211 -0.1518 0.6760
vn 0.7378 -0.1550 0.6570
vn 0.7027 -0.0878 0.7061
vn 0.7124 -0.0762 0.6976
vn 0.6646 -0.0577 0.7450
vn 0.7621 -0.0323 0.6466
vn 0.7502 -0.0813 0.6562
vn 0.7314 -0.1089 0.6732
vn 0.7221 0.3910 0.5706
vn 0.5693 -0.4153 0.7095
vn 0.6453 -0.3109 0.6978
vn 0.6396 -0.1088 0.7610
vn 0.6883 -0.0106 0.7253
vn 0.5563 -0.0268 0.8306
vn 0.5216 -0.1571 0.8386
vn 0.5503 -0.0737 0.8317
vn 0.6752 0.0495 0.7360
vn 0.6295 -0.0034 0.7770
vn 0.5206 -0.4134 0.7471
vn 0.5251 -0.4269 0.7362
vn 0.5982 -0.3099 0.7390
vn 0.5805 -0.3141 0.7512
vn 0.5583 -0.4196 0.7157
vn 0.5899 -0.3513 0.7271
vn 0.5853 -0.4082 0.7006
vn 0.4233 -0.0783 0.9026
vn 0.5059 -0.0865 0.8583
vn 0.4481 -0.0924 0.8892
vn 0.4828 -0.0305 0.8752
vn 0.4600 -0.0683 0.8853
vn 0.4936 -0.0516 0.8682
vn 0.5107 0.0333 0.8591
vn 0.4572 -0.0131 0.8893
vn 0.5482 -0.0289 0.8359
vn 0.5273 0.0150 0.8496
vn 0.5169 -0.0146 0.8559
vn 0.5462 -0.0079 0.8376
vn 0.5590 0.0233 0.8289
vn 0.5559 0.0622 0.8289
vn 0.5743 0.0303 0.8180
vn 0.4842 0.0706 0.8721
vn 0.5070 -0.0014 0.8619
vn 0.2870 -0.4805 0.8287
vn 0.3188 -0.5041 0.8026
vn 0.3496 -0.4480 0.8228
vn 0.3277 -0.4429 0.8345
vn 0.3211 -0.3980 0.8594
vn 0.5672 -0.2645 0.7800
vn 0.5072 -0.2667 0.8195
vn 0.5938 -0.1685 0.7868
vn 0.5648 -0.2017 0.8002
vn 0.5863 -0.2140 0.7813
vn 0.6056 -0.1962 0.7712
vn 0.6004 -0.2338 0.7648
vn 0.5003 -0.3234 0.8032
vn 0.5048 -0.2763 0.8178
vn 0.4988 -0.2185 0.8387
vn 0.5379 -0.2239 0.8127
vn 0.5663 -0.0758 0.8207
vn 0.5718 -0.1230 0.8111
vn 0.5938 -0.0923 0.7993
vn 0.5736 -0.1717 0.8009
vn 0.5545 -0.2612 0.7901
vn 0.6135 -0.0711 0.7865
vn 0.5822 -0.1443 0.8001
vn 0.6037 -0.1307 0.7864
vn 0.5199 -0.2901 0.8035
vn 0.4958 -0.3118 0.8105
vn 0.4992 -0.3444 0.7951
vn 0.5293 -0.3700 0.7635
vn 0.4704 -0.3850 0.7941
vn 0.5111 -0.3815 0.7702
vn 0.5057 -0.4252 0.7507
vn 0.5266 -0.4071 0.7463
vn 0.4695 -0.1237 0.8742
vn 0.4375 -0.2675 0.8585
vn 0.4344 -0.3005 0.8491
vn 0.4512 -0.2707 0.8504
vn 0.4818 -0.2882 0.8275
vn 0.4405 -0.2322 0.8672
vn 0.4429 -0.2766 0.8529
vn 0.4112 -0.2195 0.8847
vn 0.4389 -0.2176 0.8718
vn 0.4520 -0.2498 0.8563
vn 0.6688 0.0743 0.7398
vn 0.4658 -0.2085 0.8600
vn 0.4265 -0.3676 0.8264
vn 0.4482 -0.3178 0.8355
vn 0.4524 -0.2870 0.8444
vn 0.4382 -0.2511 0.8631
vn 0.4814 -0.2404 0.8429
vn 0.4546 -0.2846 0.8440
vn 0.3633 -0.4781 0.7997
vn 0.3711 -0.3834 0.8458
vn 0.3847 -0.4744 0.7918
vn 0.4090 -0.4244 0.8078
vn 0.4664 -0.3651 0.8057
vn 0.5017 -0.3509 0.7907
vn 0.4753 -0.3123 0.8225
vn 0.4658 -0.3579 0.8093
vn 0.4958 -0.3118 0.8106
vn 0.3664 -0.5231 0.7695
vn 0.3831 -0.5098 0.7703
vn 0.4204 -0.4699 0.7762
vn 0.3266 -0.3794 0.8657
vn 0.3462 -0.3983 0.8494
vn 0.7520 -0.1885 0.6316
vn 0.7973 -0.0923 0.5965
vn 0.6871 -0.3215 0.6515
vn 0.7043 -0.2742 0.6548
vn 0.6947 -0.2580 0.6714
vn 0.7012 -0.2223 0.6774
vn 0.7056 -0.2489 0.6634
vn 0.7268 -0.2236 0.6494
vn 0.7006 -0.2785 0.6570
vn 0.7997 -0.0346 0.5993
vn 0.8546 -0.0214 0.5188
vn 0.8270 -0.0100 0.5621
vn 0.8546 -0.0534 0.5166
vn 0.8256 -0.0799 0.5586
vn 0.8415 0.0143 0.5400
vn 0.8565 -0.0008 0.5162
vn 0.8596 0.0417 0.5093
vn 0.8425 -0.1250 0.5240
vn 0.8744 -0.0567 0.4818
vn 0.6877 -0.0194 0.7257
vn 0.6939 -0.0507 0.7183
vn 0.7097 -0.0087 0.7045
vn 0.5813 0.0506 0.8121
vn 0.5934 0.0299 0.8043
vn 0.6297 0.0211 0.7766
vn 0.6367 0.0417 0.7700
vn 0.6167 0.0459 0.7859
vn 0.5900 0.0947 0.8018
vn 0.6044 0.0694 0.7937
vn 0.6264 0.0960 0.7735
vn 0.6341 0.0832 0.7688
vn 0.6283 0.0581 0.7758
vn 0.5389 0.0930 0.8372
vn 0.5590 0.0708 0.8261
vn 0.5649 0.0955 0.8196
vn 0.5295 0.0940 0.8431
vn 0.5703 0.1027 0.8150
vn 0.5923 0.1038 0.7990
vn 0.6969 0.0347 0.7164
vn 0.7178 0.0782 0.6919
vn 0.6872 0.0672 0.7233
vn 0.6681 0.0691 0.7408
vn 0.7217 0.0777 0.6878
vn 0.7063 0.0461 0.7064
vn 0.7362 0.0343 0.6759
vn 0.7174 0.0240 0.6962
vn 0.7168 0.0192 0.6970
vn 0.7259 0.0430 0.6864
vn 0.7377 0.0793 0.6705
vn 0.7215 0.0775 0.6881
vn 0.7312 -0.2737 0.6249
vn 0.7567 -0.2747 0.5932
vn 0.7744 -0.2129 0.5958
vn 0.8086 -0.1857 0.5584
vn 0.7734 -0.1693 0.6109
vn 0.8100 -0.1485 0.5673
vn 0.7837 -0.2435 0.5714
vn 0.8461 -0.1674 0.5061
vn 0.8204 -0.1334 0.5560
vn 0.8402 -0.1242 0.5279
vn 0.8295 -0.1018 0.5492
vn 0.8116 -0.2154 0.5431
vn 0.8454 -0.1224 0.5199
vn 0.7083 -0.3071 0.6356
vn 0.7237 -0.2610 0.6388
vn 0.7326 -0.2616 0.6284
vn 0.6769 0.0963 0.7297
vn 0.7863 -0.0516 0.6156
vn 0.7844 0.0128 0.6201
vn 0.7212 -0.2681 0.6387
vn 0.7034 -0.3032 0.6429
vn 0.7081 -0.3278 0.6254
vn 0.7375 -0.2714 0.6184
vn 0.8107 -0.1186 0.5733
vn 0.8207 -0.0905 0.5642
vn 0.8017 -0.1033 0.5887
vn 0.8191 -0.0845 0.5673
vn 0.8278 -0.0579 0.5580
vn 0.8643 -0.0585 0.4996
vn 0.8652 -0.0218 0.5010
vn 0.8523 -0.0589 0.5198
vn 0.8681 -0.0497 0.4938
vn 0.8136 -0.1216 0.5686
vn 0.7891 -0.1433 0.5973
vn 0.7483 0.0348 0.6625
vn 0.7700 0.0566 0.6355
vn 0.7530 0.0682 0.6545
vn 0.7732 0.0837 0.6286
vn 0.7965 0.0529 0.6024
vn 0.7766 0.0881 0.6238
vn 0.3145 -0.0895 0.9450
vn 0.3284 -0.0449 0.9435
vn 0.3808 0.0444 0.9236
vn 0.3764 0.0228 0.9262
vn 0.2445 0.0094 0.9696
vn 0.4154 0.0187 0.9094
vn 0.3273 0.0877 0.9408
vn 0.3341 -0.1019 0.9370
vn 0.3109 -0.0941 0.9458
vn 0.4048 -0.0412 0.9135
vn 0.4228 -0.0468 0.9050
vn 0.2172 -0.1968 0.9561
vn 0.1996 -0.2753 0.9404
vn 0.2124 -0.3111 0.9263
vn 0.2313 -0.2582 0.9380
vn 0.2263 -0.1924 0.9549
vn 0.2588 -0.1884 0.9474
vn 0.2367 -0.1563 0.9589
vn 0.2377 -0.2933 0.9260
vn 0.2016 -0.2301 0.9521
vn 0.2409 -0.2469 0.9386
vn 0.2578 -0.2308 0.9382
vn 0.2830 -0.1498 0.9473
vn 0.3029 -0.1461 0.9418
vn 0.1954 -0.2662 0.9439
vn 0.3516 -0.2443 0.9037
vn 0.3632 -0.1084 0.9254
vn 0.3592 -0.1285 0.9244
vn 0.4795 0.1131 0.8702
vn 0.5208 0.0947 0.8484
vn 0.8910 0.0680 0.4489
vn 0.8720 0.0212 0.4891
vn 0.8734 0.0007 0.4870
vn 0.8810 -0.0034 0.4731
vn 0.8917 0.0392 0.4510
vn 0.8703 -0.0423 0.4907
vn 0.8883 -0.0115 0.4592
vn 0.8719 0.0261 0.4890
vn 0.8858 0.0198 0.4636
vn 0.8969 0.0240 0.4416
vn 0.8242 0.0915 0.5589
vn 0.8893 -0.0382 0.4557
vn 0.9016 -0.0008 0.4326
vn 0.8976 0.0240 0.4401
vn 0.9090 0.0250 0.4160
vn 0.9106 0.0476 0.4104
vn 0.9085 0.0709 0.4119
vn 0.9189 0.0656 0.3890
vn 0.9221 0.0677 0.3811
vn 0.9085 0.0503 0.4148
vn 0.8962 -0.0033 0.4436
vn 0.9063 0.0773 0.4155
vn 0.9138 0.0957 0.3948
vn 0.9183 0.0745 0.3888
vn 0.9130 0.0948 0.3968
vn 0.7991 0.0796 0.5959
vn 0.9411 -0.1671 0.2940
vn 0.9574 -0.1201 0.2624
vn 0.9414 -0.1313 0.3106
vn 0.9434 -0.0847 0.3206
vn 0.9552 -0.0676 0.2881
vn 0.9472 -0.0364 0.3185
vn 0.9536 -0.1766 0.2437
vn 0.9691 -0.1390 0.2036
vn 0.9439 -0.0406 0.3278
vn 0.9432 -0.0034 0.3323
vn 0.9328 -0.0266 0.3595
vn 0.9543 -0.0066 0.2989
vn 0.9360 -0.0108 0.3518
vn 0.8866 -0.0760 0.4562
vn 0.9160 -0.0365 0.3996
vn 0.9098 -0.0175 0.4146
vn 0.9240 -0.0514 0.3790
vn 0.9318 -0.0801 0.3540
vn 0.9173 -0.0289 0.3971
vn 0.9275 0.0030 0.3739
vn 0.9201 -0.0564 0.3877
vn 0.9386 -0.0518 0.3410
vn 0.9496 0.0427 0.3106
vn 0.9373 0.0421 0.3459
vn 0.8877 -0.0602 0.4564
vn 0.9029 -0.0277 0.4289
vn 0.8913 -0.0417 0.4514
vn 0.9138 -0.0015 0.4061
vn 0.8908 -0.0092 0.4542
vn 0.8785 -0.0495 0.4751
vn 0.9160 -0.1482 0.3728
vn 0.9314 -0.1303 0.3399
vn 0.9175 -0.1680 0.3606
vn 0.9302 -0.1200 0.3469
vn 0.9175 -0.1284 0.3765
vn 0.9337 -0.1663 0.3172
vn 0.8139 -0.2391 0.5296
vn 0.8287 -0.2023 0.5218
vn 0.8829 -0.1186 0.4543
vn 0.8285 -0.2395 0.5063
vn 0.8598 -0.1744 0.4800
vn 0.8869 -0.1558 0.4348
vn 0.8762 -0.1465 0.4591
vn 0.8728 -0.1943 0.4477
vn 0.9093 -0.0998 0.4041
vn 0.9005 -0.1522 0.4074
vn 0.9070 -0.1406 0.3970
vn 0.8993 -0.1754 0.4005
vn 0.9167 -0.0962 0.3879
vn 0.6939 0.1497 0.7044
vn 0.7382 0.1678 0.6534
vn 0.5827 0.1028 0.8061
vn 0.6964 0.0911 0.7118
vn 0.6935 0.0694 0.7171
vn 0.7158 0.1052 0.6903
vn -0.4164 0.6653 -0.6197
vn -0.2013 0.5896 -0.7822
vn -0.2522 0.6898 -0.6787
vn -0.5269 0.6210 -0.5803
vn -0.5726 0.6353 -0.5181
vn -0.5484 0.6028 -0.5795
vn -0.6252 0.4773 -0.6175
vn -0.8203 0.0457 -0.5701
vn -0.5894 0.3361 -0.7346
vn -0.6475 0.4646 -0.6041
vn -0.6587 0.4125 -0.6292
vn -0.5582 0.5156 -0.6501
vn -0.6058 0.5389 -0.5853
vn -0.6018 0.5505 -0.5786
vn -0.6446 0.5223 -0.5583
vn -0.5684 0.5737 -0.5897
vn -0.5473 0.5854 -0.5981
vn -0.4982 0.5971 -0.6287
vn -0.5818 0.5257 -0.6206
vn -0.4616 0.6089 -0.6451
vn -0.4510 0.5605 -0.6945
vn -0.4810 0.5884 -0.6499
vn -0.4827 0.6434 -0.5941
vn -0.5874 0.7966 -0.1430
vn -0.2025 0.4672 -0.8606
vn -0.3809 0.6291 -0.6776
vn -0.2403 0.5983 -0.7644
vn -0.2097 0.6005 -0.7716
vn -0.4253 0.5669 -0.7055
vn -0.2872 0.5284 -0.7990
vn -0.1616 0.5885 -0.7922
vn -0.4999 0.5869 -0.6369
vn -0.4311 0.5894 -0.6832
vn -0.4375 0.6298 -0.6418
vn -0.6730 0.3899 -0.6286
vn -0.7554 0.2365 -0.6111
vn -0.6667 0.2991 -0.6827
vn -0.6888 0.3208 -0.6502
vn -0.4386 0.3701 -0.8189
vn -0.2862 0.3905 -0.8750
vn -0.2252 0.5197 -0.8242
vn -0.1788 0.5459 -0.8185
vn -0.2943 0.5719 -0.7657
vn -0.7474 0.1903 -0.6366
vn -0.6651 0.2691 -0.6966
vn -0.7241 0.2047 -0.6586
vn -0.0449 0.7956 -0.6042
vn -0.7613 0.1505 -0.6306
vn -0.7052 0.2101 -0.6771
vn -0.6029 0.1959 -0.7734
vn -0.6564 0.2373 -0.7161
vn -0.5166 0.3394 -0.7861
vn -0.6296 0.3204 -0.7078
vn -0.6943 0.2347 -0.6804
vn -0.1952 0.5477 -0.8136
vn -0.2833 0.2413 -0.9282
vn -0.1520 0.3774 -0.9135
vn -0.4152 0.2623 -0.8711
vn -0.1318 0.5431 -0.8292
vn -0.1805 0.5269 -0.8305
vn -0.1408 0.8922 -0.4291
vn -0.1104 0.5906 -0.7994
vn -0.1237 0.5129 -0.8495
vn -0.1205 0.5531 -0.8243
vn -0.0991 0.5249 -0.8454
vn -0.0018 0.5744 -0.8186
vn -0.1445 0.2481 -0.9579
vn -0.8439 0.2883 -0.4525
vn -0.7834 0.3601 -0.5065
vn -0.6775 0.4934 -0.5455
vn -0.6910 0.4498 -0.5658
vn -0.6725 0.4419 -0.5936
vn -0.6534 0.4547 -0.6053
vn -0.7022 0.3956 -0.5920
vn -0.6393 0.4090 -0.6512
vn -0.6817 0.4101 -0.6058
vn -0.6567 0.4355 -0.6156
vn 0.0061 0.3190 -0.9477
vn 0.0854 0.5761 -0.8129
vn 0.0028 0.5086 -0.8610
vn 0.0366 0.6783 -0.7338
vn 0.0111 0.4587 -0.8885
vn 0.0259 0.4990 -0.8662
vn 0.1073 0.5344 -0.8384
vn -0.4048 -0.2086 -0.8903
vn -0.3353 -0.2501 -0.9083
vn -0.3747 -0.3285 -0.8670
vn -0.6102 -0.3379 -0.7166
vn -0.3637 -0.3204 -0.8747
vn -0.4048 -0.4078 -0.8184
vn 0.2817 -0.4312 -0.8572
vn 0.3547 -0.2082 -0.9115
vn 0.4843 0.0847 -0.8708
vn 0.5273 0.2327 -0.8172
vn 0.3815 0.1309 -0.9151
vn 0.2939 0.5369 -0.7908
vn 0.1758 0.5242 -0.8332
vn 0.1687 0.3898 -0.9053
vn 0.0015 0.1886 -0.9820
vn 0.1987 0.2592 -0.9452
vn 0.1144 0.5607 -0.8201
vn 0.3007 0.7712 -0.5612
vn -0.1389 0.1259 -0.9823
vn 0.0424 0.0947 -0.9946
vn -0.4266 0.1045 -0.8984
vn -0.4798 0.0978 -0.8719
vn -0.3193 0.1488 -0.9359
vn -0.2774 0.1200 -0.9532
vn -0.1590 0.0968 -0.9825
vn -0.5012 0.2096 -0.8395
vn 0.2086 0.1322 -0.9690
vn -0.9848 -0.1702 0.0353
vn -0.9856 -0.1586 0.0581
vn -0.9759 -0.1963 0.0948
vn -0.9927 -0.1062 0.0566
vn -0.9586 -0.1948 0.2076
vn -0.9830 -0.1836 -0.0058
vn -0.9455 -0.2458 0.2137
vn -0.9554 -0.2285 0.1872
vn -0.9764 -0.0804 0.2004
vn -0.9650 -0.2577 0.0489
vn -0.9568 -0.2766 0.0897
vn -0.9723 -0.1769 0.1528
vn -0.9457 -0.1039 0.3080
vn -0.9856 -0.0876 0.1446
vn -0.9317 -0.0443 0.3606
vn -0.8452 -0.1642 0.5086
vn -0.8387 -0.3316 0.4321
vn -0.8293 0.1324 0.5429
vn -0.9247 0.0681 0.3745
vn -0.9240 -0.2242 0.3096
vn -0.8945 -0.4468 -0.0170
vn -0.8807 0.2339 0.4118
vn -0.9757 -0.1552 0.1548
vn -0.9810 -0.1723 0.0890
vn -0.9766 -0.1582 0.1457
vn -0.9687 -0.2173 0.1204
vn -0.9296 -0.2228 0.2936
vn -0.9829 -0.1805 -0.0367
vn -0.5636 0.0672 0.8233
vn -0.3884 0.5491 0.7400
vn -0.3061 0.5909 0.7464
vn -0.9348 0.2271 0.2730
vn -0.9333 -0.2304 0.2754
vn -0.7609 0.3764 0.5285
vn -0.5679 -0.4950 0.6576
vn -0.3957 -0.4163 0.8186
vn -0.8570 0.1650 0.4881
vn -0.7691 0.4891 0.4115
vn -0.6191 0.5481 0.5623
vn -0.6571 0.3064 0.6888
vn -0.6128 0.4946 0.6164
vn -0.5921 0.5697 0.5699
vn -0.5997 0.2846 0.7479
vn -0.7659 0.1507 0.6251
vn -0.8979 -0.2607 0.3548
vn -0.5930 0.6464 0.4801
vn -0.7161 -0.1013 0.6906
vn -0.8979 -0.1481 0.4146
vn -0.5683 0.5980 0.5652
vn -0.6104 -0.4221 0.6703
vn -0.6937 -0.4447 0.5667
vn -0.5211 -0.4865 0.7013
vn -0.4211 -0.5195 0.7436
vn -0.6060 -0.3935 0.6913
vn -0.7006 -0.4207 0.5763
vn -0.5216 -0.5541 0.6488
vn -0.4818 0.7707 0.4171
vn -0.7337 0.5890 0.3389
vn -0.5496 0.7221 0.4201
vn -0.3104 0.7959 0.5198
vn -0.8261 0.4381 0.3546
vn -0.6339 0.6028 0.4846
vn -0.7632 0.5552 0.3306
vn -0.9411 -0.1873 -0.2817
vn -0.9333 -0.3450 -0.0995
vn -0.9659 -0.2519 -0.0600
vn -0.9642 -0.2232 -0.1433
vn -0.9307 -0.3629 0.0457
vn -0.9396 -0.3420 0.0154
vn -0.9803 -0.1069 -0.1659
vn -0.8565 -0.0177 -0.5159
vn -0.9917 -0.1047 -0.0751
vn -0.9660 -0.2334 -0.1110
vn -0.9972 -0.0545 -0.0508
vn -0.9982 -0.0570 0.0176
vn -0.9966 -0.0779 0.0281
vn -0.9987 -0.0481 -0.0167
vn -0.9984 -0.0571 0.0042
vn -0.9900 -0.0529 -0.1309
vn -0.9892 -0.1410 -0.0391
vn -0.9923 -0.0674 -0.1040
vn -0.9987 -0.0453 0.0224
vn -0.9817 -0.1761 -0.0719
vn -0.9876 -0.1502 0.0464
vn -0.9805 -0.1644 0.1076
vn -0.9873 -0.1513 0.0478
vn -0.9859 -0.1672 0.0064
vn -0.9948 -0.1022 -0.0012
vn -0.9878 -0.1453 0.0557
vn -0.7246 -0.4304 0.5382
vn -0.6669 -0.4896 0.5617
vn -0.5545 -0.5554 0.6197
vn -0.5073 -0.5859 0.6320
vn -0.7775 -0.3259 0.5379
vn -0.6236 -0.2302 0.7471
vn -0.6560 -0.4248 0.6238
vn -0.6665 -0.3895 0.6356
vn -0.6238 -0.4339 0.6501
vn -0.5960 -0.4787 0.6447
vn -0.5862 -0.4876 0.6471
vn -0.6026 -0.4451 0.6624
vn -0.6618 -0.3636 0.6556
vn -0.6328 -0.3285 0.7012
vn -0.5827 -0.4793 0.6563
vn -0.5679 -0.4368 0.6976
vn -0.6251 -0.4012 0.6696
vn -0.5653 -0.4464 0.6936
vn -0.6004 -0.4030 0.6908
vn -0.5629 -0.4288 0.7066
vn -0.5657 -0.4330 0.7017
vn -0.3541 -0.4860 0.7990
vn -0.3445 -0.4514 0.8231
vn -0.3732 -0.4493 0.8117
vn -0.4720 -0.5621 0.6792
vn -0.5097 -0.5481 0.6632
vn -0.4348 -0.6194 0.6536
vn -0.2913 -0.6592 0.6932
vn -0.2972 -0.5713 0.7650
vn -0.3417 -0.5492 0.7626
vn -0.4217 -0.5866 0.6914
vn -0.4238 -0.6124 0.6674
vn -0.3876 -0.6384 0.6650
vn -0.2236 -0.4784 0.8492
vn -0.3832 -0.5907 0.7100
vn -0.4587 -0.5501 0.6978
vn -0.3750 -0.6414 0.6693
vn -0.5392 -0.3907 0.7461
vn -0.4925 -0.3527 0.7956
vn -0.4705 -0.5122 0.7186
vn -0.4383 -0.5298 0.7261
vn -0.4666 -0.4848 0.7398
vn -0.4644 -0.4860 0.7403
vn -0.4581 -0.4365 0.7743
vn -0.4704 -0.4514 0.7582
vn -0.4596 -0.4420 0.7703
vn -0.4859 -0.3934 0.7805
vn -0.3957 -0.4600 0.7949
vn -0.3855 -0.4376 0.8123
vn -0.3727 -0.5189 0.7693
vn -0.4889 -0.5312 0.6920
vn -0.5318 -0.4826 0.6959
vn -0.4521 -0.5736 0.6831
vn -0.4381 -0.5522 0.7094
vn -0.4373 -0.5604 0.7033
vn -0.5415 -0.4786 0.6912
vn -0.4381 -0.5521 0.7094
vn -0.5820 -0.3764 0.7209
vn -0.5047 -0.5153 0.6926
vn -0.5124 -0.4280 0.7445
vn -0.4914 -0.4704 0.7330
vn -0.2531 -0.6410 0.7246
vn -0.1948 -0.6501 0.7345
vn -0.2305 -0.6756 0.7003
vn -0.6182 -0.4185 0.6653
vn -0.2559 -0.6665 0.7002
vn -0.6036 -0.4557 0.6542
vn -0.3281 -0.7008 0.6334
vn 0.0353 -0.9438 0.3286
vn -0.3905 -0.5909 0.7059
vn -0.3685 -0.6563 0.6584
vn -0.4556 -0.5824 0.6732
vn -0.4495 -0.5851 0.6750
vn -0.5822 -0.4969 0.6435
vn -0.6274 -0.4728 0.6188
vn -0.6126 -0.4671 0.6376
vn -0.6330 -0.4547 0.6265
vn -0.6040 -0.4780 0.6378
vn -0.2939 -0.7214 0.6271
vn -0.2996 -0.6943 0.6544
vn -0.2687 -0.7120 0.6487
vn -0.2911 -0.7249 0.6243
vn -0.3104 -0.6901 0.6538
vn -0.3285 -0.6937 0.6410
vn -0.2715 -0.6620 0.6986
vn -0.3213 -0.6174 0.7180
vn -0.2561 -0.6212 0.7406
vn -0.2681 -0.6679 0.6943
vn -0.2488 -0.6979 0.6716
vn -0.2896 -0.6817 0.6719
vn -0.3151 -0.6808 0.6612
vn -0.2727 -0.6771 0.6835
vn -0.2770 -0.6764 0.6824
vn -0.6033 -0.4444 0.6622
vn -0.4753 -0.8783 0.0519
vn -0.3026 -0.6577 0.6899
vn -0.3771 -0.5983 0.7070
vn -0.3138 -0.6263 0.7136
vn -0.3537 -0.6311 0.6904
vn -0.3050 -0.6645 0.6822
vn -0.2617 -0.6947 0.6700
vn -0.3367 -0.6678 0.6638
vn -0.5316 -0.4814 0.6969
vn -0.3818 -0.5558 0.7384
vn -0.5183 -0.5318 0.6698
vn -0.5230 -0.5231 0.6729
vn -0.4837 -0.5559 0.6760
vn -0.4896 -0.5214 0.6988
vn -0.4320 -0.5693 0.6995
vn -0.5762 -0.5000 0.6466
vn -0.6191 -0.4712 0.6282
vn -0.5855 -0.5231 0.6193
vn -0.2671 -0.5777 0.7713
vn 0.3267 0.5276 -0.7842
vn 0.2189 0.7190 -0.6597
vn 0.0080 0.7439 -0.6682
vn 0.1084 0.8697 -0.4816
vn 0.7859 0.4555 -0.4183
vn 0.7605 0.3690 -0.5343
vn 0.7038 0.5481 -0.4519
vn 0.7904 0.5379 -0.2933
vn 0.7484 0.4793 -0.4584
vn 0.3798 0.5342 -0.7552
vn 0.7996 0.5685 -0.1936
vn 0.6777 0.6025 -0.4215
vn 0.8107 0.4276 -0.3998
vn 0.8602 0.4371 -0.2628
vn 0.8465 0.3623 -0.3900
vn 0.9260 0.3299 -0.1835
vn 0.9120 0.2277 -0.3411
vn 0.8891 0.3031 -0.3430
vn 0.8473 0.3534 -0.3964
vn 0.8115 0.3255 -0.4852
vn 0.8242 0.3585 -0.4384
vn 0.8478 0.3537 -0.3952
vn 0.8531 0.3046 -0.4235
vn 0.6178 0.4770 -0.6251
vn 0.7244 0.2111 -0.6563
vn 0.5684 0.6633 -0.4867
vn 0.8291 0.1998 -0.5221
vn 0.8363 0.2409 -0.4925
vn 0.8984 0.1824 -0.3996
vn 0.8831 0.1949 -0.4267
vn 0.8187 0.2786 -0.5022
vn 0.8568 0.2803 -0.4327
vn 0.9101 0.2336 -0.3424
vn 0.8799 0.3023 -0.3667
vn 0.9144 0.1932 -0.3557
vn 0.8469 0.2434 -0.4728
vn 0.4403 0.6252 -0.6443
vn 0.3686 0.7692 -0.5220
vn -0.4933 -0.7981 0.3460
vn -0.6191 -0.7255 0.3007
vn -0.5221 -0.8133 0.2569
vn -0.5977 -0.6252 0.5019
vn -0.6150 -0.5579 0.5572
vn -0.6711 -0.6153 0.4135
vn -0.4964 -0.6151 0.6126
vn -0.5676 -0.6792 0.4654
vn -0.4966 -0.7719 0.3970
vn -0.5941 -0.6707 0.4440
vn -0.6588 -0.7097 0.2495
vn -0.4896 -0.7865 0.3763
vn -0.6845 -0.6889 0.2385
vn -0.6014 -0.7172 0.3519
vn -0.5985 -0.7025 0.3851
vn -0.5342 -0.7600 0.3701
vn -0.6425 -0.6376 0.4250
vn -0.6808 -0.6389 0.3583
vn -0.5867 -0.6604 0.4687
vn -0.5378 0.1324 0.8326
vn -0.4729 0.0345 0.8805
vn -0.3949 0.1115 0.9119
vn -0.4286 0.2817 0.8585
vn -0.6336 0.3109 0.7085
vn -0.6437 -0.2848 0.7103
vn -0.4710 -0.4346 0.7676
vn -0.5134 -0.2995 0.8042
vn -0.4631 -0.2373 0.8539
vn -0.3726 -0.3057 0.8762
vn -0.4676 -0.2716 0.8412
vn -0.5062 -0.0668 0.8598
vn -0.4585 -0.1435 0.8770
vn -0.6873 0.1382 0.7131
vn -0.6614 0.0212 0.7497
vn -0.5770 -0.0182 0.8165
vn -0.5606 -0.0590 0.8260
vn -0.5484 -0.0642 0.8337
vn -0.5939 -0.1815 0.7838
vn -0.5788 0.0043 0.8155
vn -0.4764 -0.2191 0.8515
vn -0.2887 -0.6277 0.7230
vn -0.2434 -0.4287 0.8700
vn -0.3761 -0.8715 0.3147
vn -0.2757 -0.8128 0.5132
vn -0.6088 -0.7770 0.1601
vn -0.1715 -0.9280 0.3307
vn 0.3140 0.4288 0.8471
vn 0.3600 0.3339 0.8711
vn 0.4327 0.3682 0.8229
vn -0.0149 0.1520 0.9883
vn -0.0657 -0.0742 0.9951
vn -0.0024 -0.0810 0.9967
vn 0.1074 0.0290 0.9938
vn 0.3912 0.1601 0.9063
vn 0.4727 0.1390 0.8702
vn 0.2034 0.0400 0.9783
vn 0.1588 0.2434 0.9568
vn 0.2424 0.2561 0.9358
vn 0.2290 0.3319 0.9151
vn 0.2436 0.2988 0.9227
vn 0.2470 0.2693 0.9309
vn 0.2801 0.2932 0.9141
vn -0.1676 -0.1217 0.9783
vn -0.0593 -0.2541 0.9654
vn -0.1188 -0.0083 0.9929
vn -0.2437 0.1425 0.9593
vn -0.3863 -0.1242 0.9140
vn -0.3566 -0.1222 0.9262
vn -0.3072 -0.0680 0.9492
vn -0.3493 -0.1705 0.9214
vn -0.3063 -0.0215 0.9517
vn -0.2640 -0.2562 0.9299
vn -0.3015 -0.2154 0.9288
vn -0.2480 -0.0408 0.9679
vn -0.1516 -0.0417 0.9876
vn -0.2592 -0.1480 0.9544
vn 0.3592 0.0433 0.9323
vn 0.3029 -0.0372 0.9523
vn 0.3865 0.0268 0.9219
vn 0.1242 -0.1372 0.9827
vn 0.1413 -0.1008 0.9848
vn 0.1462 -0.0367 0.9886
vn 0.1816 -0.0462 0.9823
vn 0.1834 0.1092 0.9770
vn 0.1862 -0.0150 0.9824
vn 0.2072 -0.1651 0.9643
vn 0.2716 -0.0881 0.9584
vn 0.2737 -0.2643 0.9248
vn 0.2702 -0.1576 0.9498
vn 0.2027 0.0759 0.9763
vn 0.2254 -0.0399 0.9735
vn 0.0980 -0.2761 0.9561
vn 0.4084 -0.0200 0.9126
vn 0.4465 -0.2656 0.8545
vn 0.3749 -0.2029 0.9046
vn 0.4427 -0.0152 0.8965
vn 0.3612 -0.3183 0.8765
vn 0.4554 -0.3632 0.8128
vn -0.1023 -0.0684 0.9924
vn -0.1011 -0.1960 0.9754
vn -0.1390 -0.3316 0.9331
vn -0.1819 -0.1833 0.9661
vn -0.1049 -0.2544 0.9614
vn -0.2040 -0.0693 -0.9765
vn -0.2858 -0.1213 -0.9506
vn -0.2019 -0.0760 -0.9764
vn -0.0638 -0.0886 -0.9940
vn -0.1632 -0.0173 -0.9864
vn -0.2777 -0.0821 -0.9572
vn 0.0135 -0.1849 -0.9827
vn -0.3234 -0.3396 -0.8832
vn -0.0085 0.0365 -0.9993
vn 0.1075 0.0078 -0.9942
vn 0.1632 0.1121 -0.9802
vn 0.2421 0.1230 -0.9624
vn 0.1697 0.1162 -0.9786
vn 0.4190 0.1628 -0.8933
vn 0.0527 0.0262 -0.9983
vn -0.0205 0.0169 -0.9996
vn 0.2554 0.1051 -0.9611
vn -0.0000 0.0356 -0.9994
vn 0.1178 0.0448 -0.9920
vn 0.1966 -0.0108 -0.9804
vn 0.0956 -0.0106 -0.9954
vn 0.2568 0.0497 -0.9652
vn 0.3509 0.1294 -0.9274
vn 0.4276 0.1156 -0.8966
vn 0.6033 0.1935 -0.7737
vn 0.4044 0.1031 -0.9087
vn -0.0678 0.0272 -0.9973
vn -0.1987 0.0008 -0.9801
vn -0.2927 -0.0205 -0.9560
vn -0.2005 -0.0134 -0.9796
vn -0.2280 0.0095 -0.9736
vn -0.1877 0.0139 -0.9821
vn 0.3981 0.0844 -0.9135
vn 0.5099 0.0564 -0.8584
vn -0.0567 -0.0693 -0.9960
vn 0.2278 0.0770 -0.9707
vn 0.2345 -0.0422 -0.9712
vn 0.1619 -0.0063 -0.9868
vn 0.2568 0.0546 -0.9649
vn 0.2592 0.8715 -0.4162
vn 0.0400 0.9412 -0.3354
vn 0.6523 0.6537 -0.3837
vn 0.5754 0.7204 -0.3871
vn 0.6715 0.6530 -0.3501
vn 0.6997 0.6587 -0.2766
vn 0.5702 0.5912 -0.5704
vn 0.6678 0.5917 -0.4515
vn 0.3281 0.7379 -0.5898
vn 0.6512 0.7267 -0.2185
vn 0.8346 0.5380 -0.1185
vn 0.6665 0.7430 -0.0605
vn 0.9013 0.4284 0.0647
vn 0.7520 0.6537 0.0848
vn 0.9553 0.2957 -0.0013
vn 0.9837 0.1542 -0.0927
vn 0.9607 0.1186 -0.2510
vn 0.5381 0.8427 0.0194
vn 0.5000 0.8496 0.1678
vn 0.5539 0.8310 -0.0510
vn 0.5490 0.8322 -0.0779
vn 0.4221 0.9055 -0.0447
vn 0.3395 0.9402 -0.0284
vn 0.3659 0.9299 -0.0380
vn 0.2988 0.9280 -0.2228
vn 0.2069 0.9428 -0.2613
vn 0.4320 0.8416 -0.3242
vn 0.4608 0.8833 -0.0859
vn 0.4007 0.9040 -0.1493
vn 0.5011 0.8479 -0.1730
vn 0.6420 0.7662 0.0286
vn 0.1512 0.9864 -0.0638
vn 0.3422 0.9171 -0.2042
vn 0.2838 0.9527 -0.1085
vn 0.3567 0.9283 -0.1048
vn 0.3452 0.9304 -0.1230
vn 0.2583 0.9641 -0.0610
vn 0.2937 0.9556 -0.0229
vn 0.4551 0.8901 -0.0245
vn 0.5094 0.8602 -0.0259
vn 0.4422 0.8965 -0.0270
vn 0.4597 0.8874 0.0338
vn 0.4976 0.8672 -0.0194
vn 0.4164 0.9092 0.0003
vn 0.4699 0.8797 -0.0731
vn 0.3233 0.9463 0.0040
vn 0.1408 0.9887 -0.0519
vn 0.1113 0.9836 -0.1418
vn 0.1963 0.9726 -0.1245
vn 0.1883 0.9566 -0.2223
vn 0.2430 0.8894 -0.3873
vn 0.2104 0.9735 -0.0898
vn 0.5422 0.7707 -0.3347
vn 0.5319 0.8110 -0.2437
vn 0.5937 0.7818 -0.1907
vn 0.5874 0.7973 -0.1389
vn 0.5494 0.8257 -0.1282
vn 0.7906 0.1211 -0.6003
vn 0.9270 0.0700 -0.3684
vn 0.8662 0.1123 -0.4870
vn 0.9140 0.1234 -0.3864
vn 0.9021 0.0942 -0.4211
vn 0.9277 0.1451 -0.3441
vn 0.8320 0.2062 -0.5150
vn 0.9072 0.0617 -0.4161
vn 0.8399 0.0647 -0.5388
vn 0.8405 0.1058 -0.5314
vn 0.8487 0.2206 -0.4807
vn 0.8796 0.1303 -0.4575
vn 0.8966 0.1393 -0.4203
vn 0.9806 0.0064 0.1960
vn 0.9685 0.0383 -0.2462
vn 0.9027 0.0699 -0.4246
vn 0.6362 0.7463 -0.1957
vn 0.5923 0.7865 -0.1748
vn 0.5613 0.7981 -0.2190
vn 0.6179 0.7720 -0.1491
vn 0.5948 0.7731 -0.2202
vn 0.7556 0.1584 -0.6357
vn 0.7139 0.1053 -0.6923
vn 0.6048 0.0358 -0.7956
vn 0.7933 0.1582 -0.5879
vn 0.8517 0.0333 -0.5230
vn 0.8998 0.0206 -0.4358
vn 0.7753 0.4780 -0.4128
vn 0.7834 0.4757 -0.4000
vn 0.7665 0.5024 -0.4001
vn 0.6886 0.5665 -0.4527
vn 0.5168 0.6586 -0.5470
vn 0.6653 0.4593 -0.5886
vn 0.4633 0.5104 -0.7245
vn 0.7752 0.4079 -0.4823
vn 0.8984 0.1528 -0.4118
vn 0.8450 0.3049 -0.4392
vn 0.8137 0.4169 -0.4051
vn 0.1847 0.5627 -0.8057
vn 0.1469 0.5680 -0.8098
vn 0.1654 0.5370 -0.8272
vn 0.1329 0.5983 -0.7902
vn 0.1403 0.6003 -0.7874
vn 0.2244 0.6012 -0.7670
vn 0.2215 0.5778 -0.7855
vn 0.2226 0.6529 -0.7240
vn 0.3557 0.6295 -0.6908
vn 0.3588 0.7000 -0.6175
vn 0.4555 0.7576 -0.4675
vn 0.4202 0.8022 -0.4242
vn 0.2818 0.8642 -0.4167
vn 0.3658 0.7778 -0.5111
vn 0.5446 0.7074 -0.4506
vn 0.2140 0.8209 -0.5295
vn 0.3800 0.7038 -0.6002
vn 0.7292 0.5472 -0.4110
vn 0.4481 0.8079 -0.3828
vn 0.5778 0.7141 -0.3952
vn 0.5301 0.7565 -0.3830
vn 0.4982 0.7653 -0.4076
vn 0.6570 0.6383 -0.4011
vn 0.5833 0.6995 -0.4130
vn 0.6829 0.6210 -0.3847
vn 0.6406 0.6555 -0.3999
vn 0.7287 0.5627 -0.3903
vn 0.3602 0.6982 -0.6187
vn 0.3932 0.6824 -0.6162
vn 0.2106 0.8743 -0.4374
vn 0.3951 0.7775 -0.4893
vn 0.4458 0.7021 -0.5553
vn 0.3956 0.6839 -0.6131
vn 0.1490 0.6044 -0.7826
vn 0.1929 0.6952 -0.6924
vn 0.2188 0.6355 -0.7404
vn 0.1680 0.5876 -0.7915
vn 0.2661 0.6882 -0.6750
vn 0.1877 0.6672 -0.7208
vn 0.2198 0.6450 -0.7319
vn 0.8086 0.2501 -0.5325
vn 0.7852 0.2889 -0.5477
vn 0.7960 0.2983 -0.5268
vn 0.7193 0.4154 -0.5568
vn 0.7604 0.4039 -0.5086
vn 0.7971 0.3412 -0.4981
vn 0.7356 0.4177 -0.5333
vn 0.7957 0.3910 -0.4625
vn -0.9388 0.1543 0.3081
vn -0.9416 0.1540 0.2994
vn -0.9438 0.1537 0.2925
vn -0.9098 0.0565 0.4112
vn -0.9379 0.0754 0.3387
vn 0.5031 -0.1843 0.8443
vn 0.4471 0.1473 0.8823
vn 0.6643 -0.1240 0.7371
vn 0.0445 -0.0341 0.9984
vn -0.1460 -0.0525 0.9879
vn 0.0350 -0.1287 0.9911
vn -0.1329 -0.0676 0.9888
vn -0.6461 -0.0679 0.7603
vn -0.5627 -0.1140 0.8188
vn -0.5511 0.0194 0.8342
vn -0.6386 -0.0835 0.7650
vn -0.4445 -0.0601 0.8938
vn -0.3950 0.0341 0.9181
vn -0.9037 0.1703 0.3929
vn -0.9462 0.1186 0.3012
vn -0.8995 0.1266 0.4182
vn -0.9935 0.0986 0.0569
vn -0.9855 -0.0703 0.1545
vn -0.9307 -0.0294 0.3645
vn -0.8738 0.0702 0.4813
vn -0.4789 -0.0761 0.8746
vn -0.2212 -0.2266 0.9486
vn -0.8664 -0.0529 0.4965
vn -0.8561 0.0273 0.5161
vn -0.8230 0.0878 0.5612
vn -0.8585 0.1576 0.4880
vn -0.8219 0.1125 0.5584
vn -0.8466 0.1688 0.5048
vn -0.6886 0.1178 0.7155
vn -0.8680 0.1599 0.4700
vn -0.8092 0.0058 0.5875
vn -0.8196 0.0386 0.5717
vn -0.7612 0.0323 0.6477
vn -0.7376 0.0396 0.6740
vn -0.8554 0.0949 0.5091
vn -0.9106 -0.0015 0.4132
vn -0.8371 0.0023 0.5471
vn -0.7586 -0.1789 0.6265
vn -0.6973 -0.2135 0.6842
vn -0.8457 -0.2128 0.4894
vn -0.5846 -0.1313 0.8006
vn -0.5629 -0.2370 0.7918
vn -0.5745 0.1316 0.8078
vn -0.5815 -0.1433 0.8008
vn -0.6798 0.0699 0.7300
vn -0.6052 0.2153 0.7664
vn -0.7361 0.2613 0.6244
vn -0.3918 -0.2427 0.8875
vn -0.3830 -0.0183 0.9236
vn -0.5695 -0.3169 0.7584
vn -0.8083 -0.0767 0.5837
vn -0.7210 0.3897 0.5729
vn -0.6740 0.3319 0.6600
vn -0.8502 0.3336 0.4073
vn -0.7742 0.4045 0.4867
vn -0.7657 0.4102 0.4954
vn -0.7287 0.2642 0.6318
vn -0.7282 0.2536 0.6368
vn -0.8663 0.2712 0.4194
vn -0.6079 0.1603 0.7776
vn -0.6895 0.3131 0.6531
vn -0.9109 0.1672 0.3773
vn -0.8899 0.2127 0.4036
vn -0.8302 0.1688 0.5314
vn -0.8322 0.2553 0.4922
vn -0.7095 0.2088 0.6731
vn -0.7167 0.2337 0.6571
vn 0.3493 -0.3271 0.8780
vn 0.5025 -0.3551 0.7883
vn -0.0281 -0.3822 0.9237
vn -0.1638 -0.3919 0.9053
vn -0.4112 0.0731 0.9086
vn -0.3727 0.0923 0.9234
vn -0.3698 0.0194 0.9289
vn -0.2879 -0.0244 0.9573
vn -0.0095 -0.1508 0.9885
vn -0.2284 -0.1572 0.9608
vn -0.3235 -0.2169 0.9210
vn -0.4300 -0.1690 0.8869
vn -0.5711 -0.0924 0.8156
vn -0.3258 -0.0778 0.9422
vn -0.4298 -0.1273 0.8939
vn -0.5379 0.1186 0.8346
vn -0.1838 -0.0287 0.9825
vn 0.6338 -0.2801 0.7210
vn 0.9292 -0.2832 0.2373
vn -0.9659 0.2400 -0.0972
vn -0.7214 0.4901 -0.4893
vn -0.8018 0.4128 -0.4320
vn -0.8302 0.4614 -0.3128
vn -0.6286 0.4037 -0.6648
vn -0.6757 0.5628 -0.4761
vn -0.7004 0.5564 -0.4471
vn -0.7123 0.5663 -0.4147
vn -0.7936 0.4840 -0.3686
vn -0.8224 0.4041 -0.4005
vn -0.8604 0.4040 -0.3107
vn -0.9143 0.3852 -0.1254
vn -0.8737 0.4785 -0.0879
vn -0.8993 0.4373 -0.0005
vn -0.8780 0.4650 0.1133
vn -0.8949 0.3885 0.2195
vn -0.8219 0.4842 0.2999
vn -0.8667 0.4832 0.1237
vn -0.8932 0.4496 -0.0005
vn -0.9003 0.4351 0.0145
vn -0.9252 0.3756 0.0538
vn -0.9377 0.3443 0.0461
vn -0.9072 0.3932 0.1495
vn -0.9054 0.4236 0.0271
vn -0.8968 0.3914 -0.2064
vn -0.9433 0.3317 -0.0142
vn -0.9495 0.3136 -0.0048
vn -0.8987 0.4253 0.1070
vn -0.9036 0.2291 0.3620
vn -0.9122 0.2150 0.3487
vn -0.9479 0.2744 0.1621
vn -0.9527 0.2559 0.1641
vn -0.9278 0.2705 0.2571
vn -0.8997 0.2832 0.3323
vn -0.9665 0.2507 -0.0546
vn -0.9654 0.1971 0.1708
vn -0.9514 0.2525 0.1762
vn -0.9006 0.3487 0.2594
vn -0.9226 0.3298 0.1999
vn -0.9461 0.3166 0.0677
vn -0.9442 0.2920 0.1523
vn -0.8304 -0.2195 0.5121
vn -0.9521 0.1503 0.2663
vn -0.9299 0.1513 0.3352
vn -0.9284 0.1407 0.3439
vn -0.1477 -0.8238 0.5473
vn -0.0737 -0.8268 0.5576
vn -0.1225 -0.8207 0.5580
vn -0.1826 -0.8134 0.5523
vn -0.1848 -0.8118 0.5539
vn -0.1373 -0.8443 0.5180
vn -0.0959 -0.8648 0.4929
vn -0.0723 -0.8880 0.4541
vn -0.0584 -0.8916 0.4490
vn -0.0645 -0.8890 0.4534
vn -0.0830 -0.8101 0.5804
vn -0.0016 -0.7950 0.6067
vn -0.0802 -0.7206 0.6887
vn -0.0740 -0.7448 0.6632
vn -0.0535 -0.7545 0.6541
vn -0.1082 -0.7420 0.6616
vn -0.0662 -0.7819 0.6199
vn -0.0427 -0.7683 0.6387
vn -0.0505 -0.8191 0.5715
vn -0.0183 -0.7884 0.6149
vn -0.0251 -0.8289 0.5589
vn -0.0317 -0.8619 0.5061
vn -0.0837 -0.7968 0.5984
vn -0.1149 -0.8064 0.5801
vn -0.0992 -0.8178 0.5669
vn -0.0606 -0.8538 0.5170
vn -0.0995 -0.7581 0.6445
vn -0.0803 -0.7875 0.6111
vn -0.0692 -0.7747 0.6286
vn -0.1035 -0.7339 0.6713
vn -0.1659 -0.7594 0.6291
vn -0.0777 -0.7757 0.6263
vn -0.2056 -0.8439 0.4955
vn 0.1083 -0.6828 0.7226
vn 0.1190 -0.7734 0.6227
vn -0.0449 -0.8333 0.5510
vn 0.0083 -0.8023 0.5969
vn 0.0601 -0.8185 0.5714
vn 0.0174 -0.8478 0.5300
vn -0.0829 -0.8588 0.5055
vn -0.1179 -0.8697 0.4793
vn 0.0074 -0.8411 0.5408
vn 0.0586 -0.8532 0.5183
vn -0.0260 -0.8748 0.4839
vn 0.0954 -0.7800 0.6184
vn 0.1751 -0.7627 0.6225
vn 0.1453 -0.8065 0.5732
vn -0.0210 -0.8739 0.4857
vn -0.0326 -0.9038 0.4267
vn -0.0512 -0.9013 0.4302
vn -0.4505 -0.0470 -0.8915
vn -0.5897 -0.0285 -0.8071
vn -0.1458 -0.6501 0.7457
vn -0.0996 -0.6470 0.7559
vn -0.0672 -0.5679 0.8203
vn -0.0475 -0.7309 0.6808
vn -0.0682 -0.7044 0.7066
vn -0.0173 -0.7370 0.6756
vn -0.0564 -0.7060 0.7060
vn -0.0313 -0.6993 0.7142
vn -0.3329 -0.4199 0.8443
vn -0.3104 -0.4330 0.8463
vn -0.2724 -0.4466 0.8523
vn -0.2861 -0.4041 0.8688
vn -0.1409 -0.7861 0.6018
vn -0.2378 -0.7629 0.6012
vn -0.1530 -0.8173 0.5556
vn -0.1972 -0.7687 0.6084
vn -0.1762 -0.7545 0.6322
vn -0.1431 -0.7876 0.5994
vn -0.1942 -0.7154 0.6712
vn -0.1685 -0.7465 0.6437
vn -0.1626 -0.7248 0.6695
vn -0.1748 -0.7280 0.6629
vn -0.1754 -0.7334 0.6568
vn -0.1603 -0.7174 0.6780
vn -0.1394 -0.7651 0.6287
vn -0.1441 -0.7162 0.6829
vn -0.1333 -0.7373 0.6623
vn -0.1148 -0.7181 0.6864
vn -0.1260 -0.7364 0.6647
vn -0.1833 -0.7769 0.6023
vn -0.1574 -0.8096 0.5654
vn -0.1195 -0.7851 0.6078
vn -0.0819 -0.8067 0.5853
vn -0.0614 -0.8300 0.5544
vn -0.3543 -0.4290 0.8309
vn -0.3250 -0.4979 0.8040
vn -0.3139 -0.4748 0.8222
vn -0.3194 -0.4530 0.8323
vn -0.2677 -0.4691 0.8416
vn -0.1960 -0.5538 0.8093
vn -0.2931 -0.7251 0.6232
vn -0.2638 -0.7543 0.6012
vn -0.2796 -0.7230 0.6317
vn -0.2609 -0.7557 0.6007
vn -0.2638 -0.7340 0.6258
vn -0.2679 -0.7138 0.6471
vn -0.2665 -0.7332 0.6256
vn -0.2318 -0.7389 0.6328
vn -0.2518 -0.7051 0.6629
vn -0.2257 -0.6384 0.7359
vn 0.1176 -0.9073 0.4037
vn -0.2219 -0.6732 0.7054
vn -0.2292 -0.6876 0.6890
vn -0.1927 -0.7001 0.6876
vn -0.2157 -0.7430 0.6336
vn -0.2306 -0.6957 0.6803
vn -0.2245 -0.7307 0.6448
vn 0.0210 -0.9452 0.3258
vn -0.1351 -0.6956 0.7056
vn -0.1879 -0.6490 0.7372
vn -0.2391 -0.7637 0.5997
vn -0.2784 -0.7323 0.6215
vn -0.2096 -0.7749 0.5964
vn -0.1822 -0.7678 0.6143
vn -0.1648 -0.7995 0.5776
vn -0.2157 -0.7898 0.5742
vn -0.1828 -0.7743 0.6058
vn -0.2098 -0.7954 0.5686
vn 0.1427 -0.3211 -0.9362
vn 0.1207 -0.2175 -0.9686
vn 0.1828 -0.2599 -0.9482
vn 0.1639 -0.2932 -0.9419
vn 0.1986 -0.1703 -0.9652
vn -0.0245 -0.2750 -0.9611
vn 0.2728 -0.2627 -0.9255
vn 0.2588 -0.0265 -0.9656
vn 0.5062 -0.4037 -0.7621
vn 0.0662 -0.1444 -0.9873
vn -0.1468 -0.4398 0.8860
vn -0.0587 -0.3018 0.9516
vn -0.0865 -0.3981 0.9132
vn -0.0176 -0.3949 0.9186
vn -0.4006 -0.8449 0.3544
vn -0.4653 -0.8284 0.3119
vn -0.3674 -0.9245 0.1015
vn -0.5611 -0.8206 0.1091
vn -0.2572 -0.9637 0.0711
vn -0.4516 -0.8694 0.2006
vn -0.4332 -0.8871 0.1595
vn -0.3439 -0.9275 0.1467
vn -0.3885 -0.9196 0.0578
vn -0.4283 -0.8862 0.1767
vn -0.5053 -0.8624 0.0315
vn -0.4474 -0.8884 0.1029
vn -0.5039 -0.8620 0.0549
vn -0.7309 -0.6706 0.1263
vn -0.2892 -0.9420 0.1705
vn -0.2184 -0.9629 0.1584
vn -0.3771 -0.8328 0.4053
vn -0.2935 -0.2265 0.9288
vn -0.2762 0.0303 0.9606
vn -0.2867 -0.4437 0.8491
vn -0.4178 0.0345 0.9079
vn -0.1721 -0.7776 0.6048
vn -0.2960 -0.5823 0.7572
vn -0.4081 -0.5376 0.7379
vn -0.2346 -0.4131 0.8799
vn -0.0984 -0.9339 0.3437
vn -0.2101 -0.5938 0.7767
vn -0.1604 -0.7586 0.6315
vn -0.1868 -0.3187 0.9293
vn -0.3055 -0.3848 0.8710
vn -0.1715 0.2693 0.9477
vn -0.1365 0.1472 0.9796
vn -0.0245 -0.0313 0.9992
vn -0.0280 -0.9897 0.1405
vn -0.0426 -0.0334 0.9985
vn -0.0476 0.1094 0.9929
vn 0.1665 0.3989 0.9017
vn 0.0745 0.1513 0.9857
vn 0.0024 0.3004 0.9538
vn 0.0157 0.1529 0.9881
vn -0.1052 -0.1983 0.9745
vn 0.0834 -0.1651 0.9828
vn 0.0826 -0.1567 0.9842
vn 0.1025 -0.1450 0.9841
vn 0.0947 0.2992 0.9495
vn -0.0994 0.5178 0.8497
vn 0.0349 0.5699 0.8210
vn 0.0972 0.3754 0.9218
vn 0.0720 0.2684 0.9606
vn 0.0515 0.4381 0.8975
vn 0.0717 0.3982 0.9145
vn 0.1032 0.3883 0.9157
vn 0.0641 0.3052 0.9501
vn 0.0907 0.3246 0.9415
vn 0.0901 0.4551 0.8859
vn 0.0871 0.5068 0.8577
vn 0.1227 0.5318 0.8379
vn 0.1169 0.4582 0.8811
vn 0.1475 0.3902 0.9089
vn 0.1198 0.4601 0.8798
vn 0.1443 0.5164 0.8441
vn 0.1633 0.4741 0.8652
vn 0.1469 0.3897 0.9091
vn 0.9459 0.1243 -0.2998
vn 0.1703 0.4339 0.8847
vn 0.1195 0.6150 0.7794
vn 0.1769 0.5366 0.8251
vn 0.1665 0.5915 0.7889
vn 0.1514 0.5613 0.8136
vn 0.1819 0.5287 0.8291
vn 0.1776 0.5606 0.8088
vn 0.0962 0.5733 0.8137
vn 0.1512 0.5170 0.8425
vn 0.1913 0.5722 0.7975
vn -0.3030 0.4794 0.8236
vn -0.3966 0.2782 0.8748
vn 0.0298 0.6031 0.7971
vn 0.2977 0.5177 0.8021
vn 0.1186 0.6119 0.7820
vn 0.1284 -0.6710 0.7303
vn 0.0163 -0.8491 0.5279
vn 0.2585 -0.7152 0.6493
vn 0.2818 -0.8445 0.4554
vn 0.0592 -0.9433 0.3265
vn 0.2740 -0.9152 0.2957
vn -0.3125 0.2222 0.9236
vn -0.4245 0.0670 0.9029
vn -0.2960 0.4373 0.8492
vn -0.5228 0.2014 0.8283
vn -0.3876 -0.4739 0.7907
vn -0.4468 0.2906 0.8461
vn -0.4096 0.5772 0.7065
vn -0.5249 0.3064 0.7941
vn -0.8026 -0.3347 0.4938
vn -0.7199 0.0571 0.6917
vn 0.0122 -0.1439 0.9895
vn -0.7442 -0.0066 0.6679
vn -0.7724 -0.0157 0.6349
vn -0.4610 0.0204 0.8872
vn 0.3919 -0.2573 0.8833
vn 0.6088 0.2283 0.7597
vn 0.2780 0.2692 0.9221
vn 0.3354 0.1727 0.9261
vn -0.5618 0.8168 0.1313
vn -0.6306 0.7083 0.3171
vn -0.8565 0.5101 -0.0790
vn 0.0631 -0.6444 0.7621
vn 0.2175 -0.6799 0.7003
vn 0.2332 -0.7591 0.6078
vn 0.6169 0.3328 0.7132
vn 0.1661 0.2947 0.9410
vn 0.7395 -0.6562 -0.1504
vn -0.3712 -0.5420 0.7540
vn 0.3681 -0.2344 0.8997
vn 0.2749 -0.4974 0.8228
vn 0.4796 -0.5021 0.7196
vn 0.2449 -0.3071 0.9196
vn 0.3962 0.1488 0.9060
vn 0.3591 0.6552 0.6646
vn 0.4201 0.1393 0.8967
vn 0.2834 0.8381 0.4662
vn 0.1322 0.6975 0.7043
vn 0.4759 0.1120 0.8723
vn -0.1319 0.5806 0.8034
vn 0.8742 0.4674 -0.1314
vn 0.7717 0.5409 0.3346
vn 0.9565 0.2914 0.0125
vn 0.4196 0.0396 0.9069
vn 0.3055 0.2360 0.9225
vn 0.6924 -0.4163 -0.5893
vn 0.7930 -0.0934 0.6020
vn 0.4964 0.2229 0.8390
vn 0.6589 -0.7098 0.2491
vn 0.6200 -0.7240 0.3024
vn 0.3455 -0.9301 0.1243
vn 0.7762 -0.1637 0.6089
vn 0.7132 -0.2026 0.6710
vn 0.4752 -0.0147 0.8797
vn 0.9367 0.1575 0.3127
vn 0.6207 -0.3856 0.6827
vn 0.4236 0.0011 0.9058
vn 0.7012 0.2263 0.6761
vn 0.3979 0.1445 0.9060
vn 0.7143 -0.2411 0.6570
vn 0.3721 0.2041 0.9055
vn 0.8098 -0.4361 0.3926
vn 0.6769 -0.7142 0.1781
vn 0.3549 0.1660 0.9200
vn 0.9824 0.0527 0.1795
vn 0.3560 -0.4364 0.8263
vn 0.6011 -0.0232 0.7988
vn 0.3055 0.2193 0.9266
vn 0.6015 0.6877 0.4065
vn -0.0798 0.8797 0.4688
vn -0.4031 0.8041 -0.4369
vn 0.2205 0.0662 0.9731
vn 0.2285 0.1586 0.9605
vn 0.2902 0.1969 0.9365
vn 0.0516 0.1959 0.9793
vn 0.2021 0.1909 0.9606
vn 0.1778 0.1837 0.9668
vn 0.0951 -0.1541 0.9835
vn 0.4142 0.2224 0.8826
vn 0.3086 0.2739 0.9109
vn 0.1622 0.2345 0.9585
vn 0.2414 0.2737 0.9311
vn 0.1743 0.3122 0.9339
vn -0.2605 0.3604 0.8957
vn 0.1327 0.4141 0.9005
vn 0.5435 0.1653 0.8229
vn -0.4339 0.0321 0.9004
vn -0.8608 0.2788 0.4257
vn -0.4646 -0.2722 0.8427
vn -0.4652 0.6643 0.5850
vn -0.2658 0.1836 0.9464
vn -0.0970 0.2333 0.9676
vn 0.0793 0.2559 0.9635
vn 0.1798 0.1793 0.9672
vn -0.2544 0.6533 0.7131
vn -0.5041 0.0987 0.8580
vn -0.5734 0.0886 0.8145
vn 0.5052 0.4572 0.7319
vn 0.4633 0.2682 0.8447
vn 0.0901 0.2501 0.9640
vn 0.2312 0.3270 0.9163
vn 0.1895 0.2954 0.9364
vn 0.2662 0.4279 0.8637
vn 0.4326 0.2100 0.8768
vn 0.3362 0.4082 0.8488
vn 0.3402 0.3935 0.8540
vn 0.2191 0.3465 0.9121
vn 0.2355 0.3253 0.9158
vn 0.2049 0.1790 0.9623
vn 0.2684 0.2339 0.9345
vn 0.8959 0.0028 0.4443
vn 0.1870 0.1673 0.9680
vn 0.2163 0.1854 0.9586
vn 0.2441 0.2465 0.9379
vn 0.2505 0.2947 0.9222
vn 0.2358 0.1020 -0.9664
vn -0.1628 0.2144 -0.9631
vn 0.0283 0.0969 -0.9949
vn -0.0109 -0.8560 0.5169
vn -0.0021 -0.8285 0.5600
vn 0.0036 -0.7595 0.6505
vn 0.0062 -0.7938 0.6082
vn -0.0151 -0.7987 0.6015
vn -0.0035 -0.8244 0.5660
vn 0.0195 -0.8144 0.5800
vn 0.0733 -0.3518 0.9332
vn 0.0088 -0.3748 0.9271
vn 0.0567 -0.3969 0.9161
vn 0.0844 -0.3779 0.9220
vn 0.0960 -0.4035 0.9099
vn 0.1136 -0.3607 0.9257
vn 0.0786 -0.3515 0.9329
vn 0.1223 -0.4027 0.9071
vn 0.1043 -0.5652 0.8183
vn 0.1042 -0.6636 0.7408
vn 0.1638 -0.6131 0.7728
vn 0.1288 -0.4714 0.8725
vn 0.1491 -0.4838 0.8624
vn 0.1302 -0.5618 0.8169
vn 0.1436 -0.5965 0.7897
vn 0.1680 -0.5481 0.8194
vn 0.1713 -0.4783 0.8613
vn 0.1758 -0.5536 0.8140
vn 0.2071 -0.5111 0.8342
vn 0.1896 -0.5803 0.7920
vn -0.1118 -0.4641 0.8787
vn -0.0813 -0.4604 0.8840
vn -0.0678 -0.4293 0.9006
vn -0.0472 -0.4618 0.8857
vn 0.1539 -0.5635 0.8117
vn 0.0178 -0.4846 0.8745
vn -0.0352 -0.4664 0.8839
vn -0.0023 -0.4922 0.8705
vn -0.0224 -0.4398 0.8978
vn -0.0394 -0.4352 0.8995
vn -0.0957 -0.4247 0.9002
vn -0.0313 -0.3977 0.9170
vn -0.0294 -0.5002 0.8654
vn -0.0129 -0.4332 0.9012
vn 0.0225 -0.4963 0.8679
vn -0.0213 -0.4125 0.9107
vn -0.0404 -0.5322 0.8456
vn -0.0535 -0.5340 0.8438
vn 0.0069 -0.5686 0.8226
vn 0.0676 -0.5329 0.8435
vn 0.0562 -0.4453 0.8936
vn 0.0733 -0.3830 0.9209
vn 0.0719 -0.4448 0.8927
vn 0.1015 -0.4471 0.8887
vn 0.0766 -0.5273 0.8462
vn 0.0996 -0.5555 0.8255
vn 0.1033 -0.5203 0.8477
vn 0.1224 -0.5045 0.8547
vn 0.1168 -0.6088 0.7847
vn 0.0800 -0.6157 0.7839
vn 0.1003 -0.6354 0.7657
vn 0.1128 -0.5805 0.8064
vn 0.0708 -0.5813 0.8106
vn 0.1333 -0.5953 0.7924
vn 0.1871 -0.4193 0.8883
vn 0.1045 -0.5890 0.8013
vn 0.1180 -0.5555 0.8231
vn 0.0930 -0.5595 0.8236
vn 0.1316 -0.3598 0.9237
vn 0.1665 -0.6268 0.7612
vn 0.2466 -0.4670 0.8492
vn 0.2297 -0.5050 0.8320
vn 0.1614 -0.6622 0.7318
vn 0.2068 -0.6229 0.7545
vn 0.1801 -0.6262 0.7586
vn 0.1804 -0.6570 0.7320
vn -0.1405 -0.4517 0.8810
vn -0.1304 -0.4828 0.8660
vn -0.1333 -0.4550 0.8804
vn -0.1656 -0.4683 0.8679
vn -0.1035 -0.4861 0.8678
vn -0.1594 -0.3987 0.9031
vn -0.1345 -0.4553 0.8801
vn -0.1305 -0.4068 0.9042
vn -0.1226 -0.4223 0.8981
vn -0.1342 -0.4510 0.8824
vn -0.1078 -0.4636 0.8795
vn -0.1079 -0.3680 0.9235
vn -0.0918 -0.4227 0.9016
vn -0.0913 -0.4278 0.8993
vn -0.1332 -0.3968 0.9082
vn -0.1300 -0.4363 0.8904
vn -0.0817 -0.3812 0.9209
vn -0.0744 -0.3670 0.9273
vn -0.0681 -0.3510 0.9339
vn -0.1821 -0.3975 0.8994
vn -0.1959 -0.4119 0.8899
vn 0.1701 -0.3078 0.9361
vn 0.1264 -0.3624 0.9234
vn 0.1476 -0.3101 0.9392
vn 0.1239 -0.3386 0.9327
vn 0.1750 -0.3167 0.9322
vn 0.1977 -0.2504 0.9478
vn 0.1145 -0.2437 0.9631
vn 0.1565 -0.2482 0.9560
vn 0.2377 -0.2792 0.9303
vn -0.0295 -0.3161 0.9483
vn -0.0406 -0.3529 0.9348
vn -0.0098 -0.3552 0.9347
vn 0.0042 -0.3119 0.9501
vn 0.0802 -0.7146 0.6949
vn 0.1329 -0.6883 0.7131
vn -0.0114 -0.7051 0.7090
vn 0.0495 -0.6458 0.7619
vn 0.0507 -0.6766 0.7346
vn 0.0219 -0.5900 0.8071
vn -0.0271 -0.6679 0.7437
vn -0.0337 -0.6414 0.7665
vn -0.0375 -0.6685 0.7428
vn -0.0149 -0.6678 0.7442
vn -0.0327 -0.6384 0.7690
vn 0.0064 -0.6358 0.7718
vn 0.0091 -0.6293 0.7771
vn -0.0186 -0.6150 0.7883
vn 0.0352 -0.6481 0.7607
vn 0.0287 -0.6200 0.7841
vn -0.0500 -0.5598 0.8271
vn -0.0323 -0.5879 0.8083
vn -0.0159 -0.5586 0.8293
vn -0.0312 -0.5344 0.8446
vn -0.0301 -0.6132 0.7893
vn 0.0292 -0.5895 0.8072
vn -0.0191 -0.6201 0.7843
vn -0.0024 -0.5900 0.8074
vn 0.0313 -0.6007 0.7988
vn 0.0558 -0.6129 0.7882
vn 0.0641 -0.6320 0.7723
vn -0.4942 -0.3275 0.8053
vn -0.0622 -0.7114 0.7000
vn 0.0350 -0.7492 0.6614
vn 0.0266 -0.7872 0.6162
vn 0.0532 -0.7324 0.6788
vn 0.0928 -0.7567 0.6471
vn -0.0551 -0.6709 0.7395
vn -0.1302 -0.6710 0.7300
vn 0.1253 -0.7239 0.6784
vn 0.0948 -0.7568 0.6467
vn -0.2510 -0.4332 0.8657
vn -0.2076 -0.4521 0.8675
vn -0.2271 -0.4080 0.8843
vn -0.2144 -0.4431 0.8705
vn -0.1822 -0.4443 0.8772
vn -0.1650 -0.4623 0.8712
vn -0.2006 -0.4756 0.8565
vn -0.1629 -0.4945 0.8538
vn -0.1712 -0.4702 0.8658
vn -0.2433 -0.4508 0.8588
vn -0.2411 -0.4294 0.8703
vn -0.2153 -0.4444 0.8696
vn -0.1888 -0.5186 0.8339
vn 0.0281 0.1135 0.9931
vn 0.1090 -0.7497 0.6528
vn 0.3250 -0.7093 0.6255
vn 0.1809 -0.3581 0.9160
vn 0.2800 -0.8196 0.4998
vn 0.0060 -0.6003 0.7997
vn -0.1239 -0.6353 0.7623
vn -0.0289 -0.6261 0.7792
vn 0.1896 0.1531 0.9699
vn 0.4008 0.3511 0.8462
vn 0.0995 0.4457 0.8896
vn 0.5993 0.2828 0.7489
vn 0.4973 -0.1428 0.8557
vn 0.2200 0.0019 0.9755
vn 0.3229 -0.6141 0.7201
vn 0.2964 -0.6725 0.6781
vn 0.2707 -0.6134 0.7419
vn -0.7686 -0.6320 0.0993
vn -0.7817 -0.6141 0.1085
vn -0.6960 -0.3183 -0.6437
vn -0.0509 -0.9684 -0.2444
vn 0.0582 -0.9806 -0.1870
vn 0.0012 -1.0000 -0.0034
vn -0.1773 -0.9754 -0.1309
vn 0.0005 -1.0000 -0.0023
vn -0.6798 -0.6866 -0.2576
vn -0.8860 -0.4269 -0.1808
vn -0.0488 -0.9954 -0.0827
vn -0.0094 -1.0000 -0.0013
vn -0.0007 -1.0000 0.0003
vn 0.0562 -0.9984 -0.0077
vn -0.0020 -1.0000 -0.0001
vn -0.7614 -0.5686 -0.3113
vn -0.9453 -0.0659 -0.3195
vn -0.4569 -0.8895 -0.0097
vn 0.0078 -1.0000 0.0010
vn -0.3368 -0.7522 0.5663
vn 0.0012 -0.9570 0.2901
vn -0.0051 -0.9994 0.0343
vn -0.1472 -0.9867 -0.0690
vn -0.0008 -1.0000 -0.0004
vn -0.0560 -0.5469 0.8353
vn -0.0726 -0.9166 0.3932
vn 0.0678 -0.8287 0.5556
vn -0.3623 -0.8872 0.2856
vn 0.2515 -0.6542 0.7133
vn 0.1730 -0.4382 0.8821
vn 0.2785 -0.0343 0.9598
vn 0.3990 -0.5178 0.7568
vn 0.4996 -0.0246 0.8659
vn 0.2020 -0.4323 0.8788
vn 0.5860 -0.0905 0.8052
vn -0.0156 0.0923 0.9956
vn -0.0306 0.2087 0.9775
vn -0.3069 -0.1808 0.9344
vn 0.1272 -0.0956 0.9873
vn -0.0259 -0.0915 0.9955
vn -0.0408 -0.3942 0.9181
vn 0.1103 -0.2173 0.9699
vn -0.5413 0.0266 0.8404
vn -0.7440 -0.2210 0.6306
vn -0.4909 -0.8682 0.0720
vn -0.4460 -0.8655 0.2280
vn -0.3747 -0.9098 0.1784
vn -0.8729 -0.4879 -0.0006
vn -0.7524 0.2949 0.5890
vn -0.5448 0.2108 0.8116
vn 0.3080 -0.1345 0.9418
vn -0.4438 -0.0491 0.8948
vn -0.6012 -0.7910 -0.1138
vn -0.1503 -0.6191 0.7708
vn -0.0908 -0.6482 0.7561
vn -0.1435 -0.6476 0.7483
vn -0.1821 -0.5661 0.8040
vn -0.1199 -0.6130 0.7809
vn -0.0850 -0.6499 0.7553
vn -0.1481 0.5398 0.8287
vn -0.4715 0.1759 0.8641
vn -0.7469 0.0922 0.6586
vn -0.4059 0.5776 0.7082
vn -0.5091 0.5187 0.6869
vn -0.6060 0.5372 0.5867
vn -0.4428 0.5738 0.6890
vn -0.2120 0.3985 0.8923
vn -0.2205 0.1822 0.9582
vn -0.1991 0.7865 0.5846
vn -0.0936 0.7496 0.6552
vn 0.0176 0.7249 0.6887
vn -0.3254 0.5845 0.7433
vn -0.9304 -0.1344 -0.3410
vn -0.3484 0.6791 0.6461
vn 0.5789 0.4350 0.6897
vn -0.2104 -0.5792 0.7876
vn 0.1403 -0.4281 0.8927
vn -0.1693 -0.4483 0.8777
vn -0.6920 0.2142 0.6893
vn -0.2789 0.0769 0.9572
vn -0.2940 0.5057 0.8111
vn -0.6781 0.1880 0.7105
vn -0.4794 0.0533 0.8760
vn -0.2782 0.5031 0.8182
vn -0.2971 0.3051 0.9048
vn -0.0021 0.3531 0.9356
vn -0.0248 0.1793 0.9835
vn 0.1195 0.3788 0.9177
vn 0.1223 0.6900 0.7134
vn 0.2640 0.1705 0.9494
vn 0.4912 -0.3719 0.7877
vn 0.0211 0.3735 0.9274
vn 0.1873 0.2661 0.9456
vn -0.4565 0.6880 0.5641
vn -0.2570 0.8500 0.4599
vn -0.3582 0.5819 0.7302
vn -0.3180 0.5341 0.7833
vn -0.3176 0.6059 0.7294
vn -0.3213 0.4939 0.8080
vn -0.6946 0.7101 0.1150
vn -0.5899 0.5376 0.6025
vn -0.3089 -0.6130 0.7271
vn -0.1502 -0.6199 0.7702
vn -0.1873 -0.6429 0.7427
vn -0.7183 -0.3372 0.6086
vn -0.8277 -0.3196 0.4613
vn -0.8334 -0.1570 0.5299
vn -0.7932 0.2897 0.5356
vn -0.9206 0.1095 0.3749
vn -0.6520 0.3372 0.6791
vn -0.8627 0.3357 0.3782
vn -0.6184 0.5301 0.5802
vn -0.6508 0.4159 0.6352
vn -0.3508 0.4291 0.8323
vn -0.4215 0.0193 0.9066
vn -0.0763 0.5717 0.8169
vn 0.2083 0.5056 0.8372
vn -0.6868 -0.2742 0.6732
vn -0.8499 -0.0538 0.5242
vn -0.7955 -0.0661 0.6023
vn -0.8240 -0.0144 0.5664
vn -0.7435 0.0640 0.6657
vn -0.7231 0.4443 0.5289
vn -0.1327 0.2062 0.9695
vn 0.2051 -0.9707 0.1252
vn -0.5712 -0.5655 -0.5949
vn -0.7586 -0.3996 -0.5146
vn -0.8800 -0.4745 -0.0231
vn -0.8708 -0.4750 0.1269
vn -0.8988 -0.3275 0.2915
vn -0.9501 -0.2936 0.1056
vn -0.9489 -0.2990 0.1014
vn -0.8753 -0.4324 0.2165
vn -0.7842 -0.5312 0.3207
vn -0.9930 -0.1062 0.0520
vn -0.9520 0.1273 0.2783
vn -0.8667 0.1859 0.4628
vn -0.9665 0.1546 0.2047
vn -0.9676 -0.1430 0.2081
vn -0.9927 -0.0396 0.1141
vn -0.9876 -0.1489 0.0502
vn -0.9779 0.0764 0.1948
vn -0.9798 0.0073 0.1997
vn -0.9418 0.0738 0.3279
vn -0.9617 -0.0180 0.2736
vn -0.9272 0.0226 0.3738
vn -0.9773 0.0467 0.2065
vn -0.9348 -0.1366 0.3280
vn -0.9259 -0.0495 0.3746
vn -0.8400 0.0110 0.5424
vn -0.9398 -0.1660 0.2987
vn -0.9285 0.0352 0.3697
vn -0.9826 0.0997 0.1565
vn -0.9818 0.0762 0.1739
vn -0.8988 -0.2304 0.3729
vn -0.8703 -0.2721 0.4105
vn -0.7597 -0.5715 0.3101
vn -0.5424 -0.5284 0.6532
vn -0.7153 -0.5618 0.4156
vn -0.8312 -0.2964 0.4704
vn -0.7662 -0.4542 0.4547
vn -0.6485 -0.4798 0.5910
vn -0.7340 -0.4817 0.4788
vn -0.6859 -0.5011 0.5278
vn -0.7442 -0.3537 0.5666
vn -0.7139 -0.4109 0.5669
vn -0.7291 -0.3688 0.5765
vn -0.7595 -0.4055 0.5086
vn -0.7545 -0.3373 0.5629
vn -0.6942 -0.4615 0.5524
vn -0.7934 -0.2562 0.5522
vn -0.7861 -0.3560 0.5054
vn -0.7606 -0.1391 0.6341
vn -0.7621 -0.0185 0.6472
vn -0.6770 -0.2416 0.6952
vn -0.8436 -0.0724 0.5320
vn -0.8133 -0.2965 0.5007
vn -0.8136 -0.1732 0.5550
vn -0.8658 -0.1805 0.4667
vn -0.6673 -0.0102 0.7447
vn -0.6420 -0.1221 0.7569
vn -0.9052 0.1467 -0.3990
vn -0.9774 0.0680 -0.2000
vn -0.9330 0.1460 -0.3290
vn -0.9775 0.0522 -0.2044
vn -0.5543 0.0581 -0.8303
vn -0.8766 0.0972 -0.4713
vn -0.8994 0.0762 -0.4303
vn -0.8485 0.0896 -0.5216
vn -0.9457 0.1777 -0.2722
vn -0.9387 0.1858 -0.2905
vn -0.8675 0.1291 -0.4803
vn -0.8788 0.2271 -0.4197
vn -0.9133 0.1676 -0.3712
vn -0.7755 0.2170 -0.5930
vn -0.9008 0.1502 -0.4075
vn -0.9485 0.3057 -0.0836
vn -0.8701 0.0997 -0.4826
vn -0.8696 0.2512 -0.4250
vn -0.8433 0.1032 -0.5274
vn -0.8791 0.1059 -0.4648
vn -0.8021 0.1165 -0.5856
vn -0.8984 0.1095 -0.4253
vn -0.9433 0.3241 0.0714
vn -0.9343 0.3147 0.1672
vn -0.9554 0.2584 0.1432
vn -0.9702 0.2078 0.1247
vn -0.9637 0.2058 0.1699
vn -0.9406 0.3365 0.0459
vn -0.9477 0.2733 0.1645
vn -0.9764 0.2132 0.0330
vn -0.9088 0.4171 -0.0050
vn -0.9660 0.1534 0.2079
vn -0.9915 0.0727 0.1083
vn -0.9987 -0.0129 -0.0491
vn -0.9984 -0.0123 -0.0545
vn -0.9475 -0.1156 0.2980
vn -0.7255 0.1530 -0.6710
vn -0.8786 0.1151 -0.4636
vn -0.7744 0.0813 -0.6275
vn -0.6688 0.1306 -0.7319
vn -0.8230 0.0754 -0.5631
vn -0.8858 0.1023 -0.4527
vn -0.8376 0.0957 -0.5379
vn -0.7034 0.0611 -0.7081
vn -0.8748 0.0800 -0.4779
vn -0.8106 0.1087 -0.5755
vn -0.8079 0.1200 -0.5770
vn -0.8200 0.1335 -0.5566
vn -0.7922 0.1978 -0.5773
vn -0.9476 0.0976 0.3042
vn -0.9996 -0.0295 0.0032
vn -0.9964 0.0195 0.0821
vn -0.8769 0.3348 -0.3450
vn -0.9305 0.3060 -0.2014
vn -0.7142 0.4087 -0.5682
vn -0.9540 0.2613 -0.1472
vn -0.9467 0.2679 -0.1788
vn -0.8706 0.4543 -0.1890
vn -0.9256 0.3511 -0.1414
vn -0.9128 0.3935 -0.1097
vn -0.8757 0.4803 -0.0494
vn -0.9429 0.3322 -0.0258
vn -0.9224 0.3857 0.0191
vn -0.9251 0.3781 0.0358
vn -0.9308 0.3555 -0.0855
vn -0.9599 0.2778 0.0371
vn -0.9374 0.3332 0.1014
vn -0.9304 0.3281 -0.1633
vn -0.5909 0.1254 -0.7969
vn 0.5994 0.7204 0.3488
vn 0.5274 0.7792 0.3385
vn 0.5232 0.7599 0.3858
vn 0.5167 0.6423 0.5661
vn 0.7660 0.5901 0.2548
vn 0.7275 0.5605 0.3957
vn 0.4868 0.7488 0.4498
vn 0.6030 0.6876 0.4045
vn 0.6228 0.6902 0.3686
vn 0.5853 0.6693 0.4576
vn 0.5788 0.7021 0.4148
vn 0.5549 0.6784 0.4815
vn 0.5519 0.6213 0.5563
vn 0.6289 0.6311 0.4541
vn 0.6330 0.5449 0.5500
vn 0.6077 0.7489 0.2642
vn 0.4489 0.8127 0.3714
vn 0.9319 0.1041 0.3474
vn 0.9872 0.0756 0.1403
vn 0.9349 0.2075 0.2881
vn 0.8746 0.3858 0.2938
vn 0.9455 0.2685 0.1844
vn 0.9841 0.1579 0.0814
vn 0.2106 -0.1034 0.9721
vn 0.4679 0.2305 0.8532
vn 0.0776 0.9622 0.2611
vn 0.8717 -0.3784 0.3114
vn 0.9932 0.0392 0.1093
vn 0.6890 -0.5477 0.4747
vn 0.8921 -0.4472 0.0648
vn 0.3297 -0.0759 0.9410
vn -0.1324 -0.0868 0.9874
vn 0.6449 0.2311 0.7285
vn 0.8824 -0.2143 0.4189
vn 0.8355 -0.1684 0.5230
vn 0.7806 -0.2718 0.5628
vn 0.8132 0.2922 0.5033
vn 0.8340 0.3599 0.4183
vn 0.7924 0.3108 0.5249
vn 0.6545 0.3019 0.6931
vn 0.8417 0.2299 0.4886
vn 0.8789 0.2781 0.3875
vn 0.8633 0.2479 0.4396
vn 0.8087 0.2324 0.5404
vn 0.7837 0.2123 0.5837
vn 0.8249 0.1813 0.5354
vn 0.6840 0.1871 0.7050
vn 0.9023 0.2643 0.3405
vn 0.7303 0.1805 0.6588
vn 0.8242 0.1779 0.5377
vn 0.7043 0.2619 0.6599
vn 0.8591 0.1540 0.4881
vn 0.8735 0.2374 0.4250
vn 0.8124 0.1790 0.5549
vn 0.6366 0.2571 0.7271
vn 0.7077 0.2859 0.6461
vn 0.8724 0.1454 0.4666
vn 0.8665 0.1740 0.4679
vn 0.7458 0.2057 0.6336
vn 0.9376 -0.0712 0.3402
vn 0.8681 0.0672 0.4919
vn 0.7613 0.0538 0.6462
vn 0.8300 -0.1028 0.5481
vn 0.8463 -0.0416 0.5310
vn 0.8156 0.0151 0.5784
vn 0.7578 0.0385 0.6513
vn 0.7868 -0.0998 0.6090
vn 0.8334 0.0670 0.5486
vn 0.7295 0.1719 0.6621
vn 0.7697 -0.0882 0.6323
vn 0.6512 -0.0078 0.7589
vn 0.7497 0.2390 0.6171
vn 0.8085 0.1961 0.5548
vn 0.7629 0.1847 0.6195
vn 0.6859 0.6061 0.4027
vn -0.8465 -0.2290 0.4807
vn -0.8389 0.2315 0.4925
vn -0.8323 0.1861 0.5221
vn -0.8784 0.1752 0.4446
vn -0.8423 0.3904 0.3716
vn -0.9095 0.2309 0.3457
vn -0.8955 0.1134 0.4303
vn -0.8790 0.1412 0.4554
vn -0.8289 0.1422 0.5411
vn -0.8807 0.0460 0.4715
vn -0.4706 -0.8679 0.1589
vn -0.5873 -0.6857 0.4299
vn -0.4655 -0.8721 0.1506
vn -0.1963 -0.9767 0.0869
vn -0.4351 -0.8793 0.1938
vn -0.4390 -0.7710 0.4612
vn -0.6050 -0.4336 0.6678
vn -0.5226 -0.4585 0.7188
vn -0.4927 -0.8620 0.1190
vn -0.8179 -0.0252 0.5748
vn -0.7978 0.1932 0.5711
vn -0.8085 0.1907 0.5568
vn -0.8230 0.1487 0.5483
vn -0.7748 0.3678 0.5142
vn -0.8247 0.1325 0.5499
vn -0.7973 0.2004 0.5693
vn -0.7587 -0.0637 0.6483
vn -0.6396 -0.1005 0.7621
vn -0.5859 0.0635 0.8079
vn -0.5123 -0.0913 0.8540
vn -0.7213 -0.1291 0.6805
vn -0.6721 -0.1888 0.7160
vn -0.5863 -0.3225 0.7432
vn -0.6965 -0.2762 0.6623
vn -0.7445 -0.1700 0.6456
vn -0.7081 -0.2658 0.6542
vn -0.7644 -0.0900 0.6384
vn 0.0035 -0.3165 0.9486
vn -0.7418 -0.1174 0.6602
vn -0.6983 -0.1099 0.7073
vn -0.6880 -0.1144 0.7167
vn -0.6257 -0.1384 0.7677
vn -0.7786 0.0027 0.6275
vn -0.7200 0.0235 0.6935
vn -0.7078 -0.2390 0.6647
vn -0.8115 0.2576 0.5246
vn -0.7589 0.4133 0.5033
vn -0.7742 0.2456 0.5833
vn -0.7209 0.4237 0.5485
vn 0.0349 -0.3777 0.9253
vn -0.2597 -0.2203 0.9402
vn -0.4574 -0.3105 0.8333
vn -0.4521 -0.4097 0.7923
vn -0.3331 -0.3574 0.8725
vn -0.2881 -0.7256 0.6249
vn -0.3952 -0.8472 0.3552
vn -0.4046 -0.8554 0.3234
vn -0.7516 0.4354 0.4956
vn -0.8450 0.5345 -0.0155
vn -0.9668 0.1373 0.2154
vn -0.9626 0.1221 0.2419
vn -0.8759 0.3478 0.3345
vn -0.8865 0.2754 0.3718
vn -0.9283 0.2904 0.2322
vn -0.9127 0.0993 0.3964
vn -0.7838 0.5927 -0.1854
vn -0.8303 0.5000 -0.2462
vn -0.7976 0.5302 -0.2876
vn -0.8151 0.5258 -0.2431
vn -0.7662 0.5586 -0.3176
vn -0.8219 0.5243 -0.2228
vn -0.7585 0.6120 -0.2239
vn -0.8030 0.5912 -0.0753
vn -0.8084 0.5879 -0.0277
vn -0.8451 0.5273 -0.0880
vn -0.7832 0.6217 -0.0126
vn -0.8294 0.5512 0.0909
vn -0.4668 0.6278 -0.6229
vn -0.8466 0.4552 -0.2760
vn -0.5596 0.2913 -0.7759
vn -0.8355 0.4959 -0.2367
vn -0.8860 0.4635 0.0136
vn -0.8570 0.5150 0.0196
vn -0.8540 0.5203 0.0023
vn -0.8346 0.5508 -0.0009
vn -0.8276 0.5482 0.1206
vn 0.5509 -0.7420 0.3819
vn 0.6051 -0.7953 -0.0373
vn 0.4773 -0.8729 0.1016
vn -0.1118 -0.9882 0.1049
vn 0.4559 -0.8886 0.0508
vn -0.0872 -0.9514 -0.2955
vn -0.6559 -0.7524 -0.0616
vn -0.9973 -0.0034 0.0733
vn -0.9756 -0.2101 0.0636
vn 0.9738 -0.2241 -0.0388
vn 0.8354 -0.5379 0.1128
vn 0.9563 -0.2491 0.1532
vn -0.9988 -0.0000 0.0498
vn 0.8423 -0.3685 0.3935
vn 0.9382 -0.1814 0.2948
vn 0.4702 -0.8525 0.2282
vn 0.6491 -0.7520 0.1146
vn 0.7853 -0.3794 -0.4892
vn 0.4519 -0.8274 -0.3335
vn 0.2595 -0.9630 0.0725
vn -0.9975 0.0149 -0.0684
vn -0.9618 -0.0159 -0.2734
vn -0.9938 -0.1035 -0.0409
vn -0.9810 -0.1899 -0.0392
vn -0.9914 -0.0820 0.1018
vn -0.9965 -0.0640 -0.0542
vn -0.9888 -0.1427 -0.0427
vn -0.9932 0.0206 -0.1149
vn -0.9985 -0.0506 0.0193
vn -0.9917 -0.1063 -0.0727
vn -0.9961 -0.0738 -0.0492
vn -0.9269 -0.3449 0.1478
vn -0.9831 -0.1796 -0.0339
vn -0.9845 -0.1742 -0.0220
vn 0.0872 -0.9067 0.4127
vn -0.9925 -0.1170 0.0368
vn -0.9916 -0.1249 0.0343
vn -0.9937 -0.0848 0.0739
vn 0.7144 -0.5567 -0.4241
vn -0.3405 -0.8033 -0.4886
vn -0.8698 -0.4057 -0.2808
vn -0.9601 -0.0678 0.2714
vn 0.9366 -0.1861 -0.2968
vn 0.9773 -0.1149 0.1779
vn 0.6964 -0.2938 -0.6548
vn -0.7301 -0.6480 -0.2169
vn -0.5784 -0.7344 -0.3551
vn -0.5990 -0.7677 -0.2277
vn 0.7052 -0.5647 0.4288
vn 0.8403 -0.5409 0.0363
vn -0.5636 -0.7972 0.2164
vn -0.7090 -0.6717 0.2146
vn -0.2771 -0.8819 0.3814
vn -0.1596 -0.9832 0.0887
vn 0.7237 -0.2280 0.6513
vn 0.5318 -0.8462 -0.0329
vn 0.8959 -0.3811 -0.2281
vn 0.5819 -0.6469 -0.4928
vn -0.9273 -0.1316 0.3504
vn -0.9118 0.1502 0.3822
vn -0.9322 0.1259 0.3394
vn -0.4872 -0.3679 0.7920
vn -0.4452 -0.3494 0.8244
vn -0.4421 -0.2976 0.8462
vn -0.4512 -0.3161 0.8346
vn -0.3265 -0.3747 0.8678
vn -0.3216 -0.2922 0.9007
vn -0.5994 -0.3482 0.7207
vn -0.6106 -0.4782 0.6313
vn -0.6478 -0.3446 0.6795
vn -0.7421 -0.4285 0.5154
vn -0.5884 -0.3152 0.7446
vn -0.5476 -0.2328 0.8037
vn -0.6752 -0.2936 0.6767
vn -0.6467 -0.6585 0.3850
vn -0.2935 -0.7882 0.5409
vn -0.4298 -0.6914 0.5807
vn -0.8663 -0.4906 0.0936
vn -0.8911 -0.4415 -0.1048
vn -0.8323 -0.5491 -0.0762
vn -0.8919 -0.4402 -0.1041
vn -0.7876 -0.4795 0.3869
vn -0.6204 -0.6496 0.4394
vn -0.7500 -0.5978 0.2831
vn -0.3849 -0.3695 0.8458
vn -0.4969 -0.4401 0.7479
vn -0.3284 -0.4681 0.8204
vn -0.0111 -0.8524 0.5228
vn -0.6399 -0.4205 0.6432
vn -0.4930 0.0744 0.8668
vn -0.3653 -0.1070 0.9247
vn -0.6787 -0.7117 0.1815
vn -0.7273 -0.4658 0.5040
vn -0.3114 -0.4258 0.8496
vn -0.0597 -0.8847 0.4622
vn -0.3660 0.0149 0.9305
vn -0.2973 -0.0701 0.9522
vn -0.7137 -0.0765 0.6962
vn -0.6926 -0.2949 0.6583
vn -0.8470 -0.4260 -0.3180
vn -0.0409 -0.6033 0.7964
vn -0.7230 -0.6397 -0.2609
vn -0.7140 -0.6505 0.2590
vn -0.4601 -0.8044 -0.3759
vn -0.5663 -0.5601 0.6046
vn -0.2655 -0.7639 0.5882
vn -0.5596 -0.7026 0.4395
vn -0.6536 -0.6123 0.4449
vn -0.7074 -0.6182 0.3427
vn -0.4230 -0.6116 0.6686
vn -0.2539 -0.1487 0.9557
vn 0.0599 0.2149 0.9748
vn -0.6861 -0.6136 0.3908
vn -0.3602 -0.0787 0.9296
vn -0.3755 -0.7344 -0.5654
vn -0.4858 -0.4686 0.7378
vn -0.2882 -0.3791 0.8793
vn -0.7819 -0.5930 0.1923
vn 0.0315 -0.6302 0.7758
vn -0.8627 -0.4812 0.1554
vn -0.8530 -0.4907 -0.1779
vn -0.8489 -0.4931 0.1902
vn -0.6841 -0.5624 0.4645
vn -0.5945 -0.5556 0.5813
vn -0.5075 -0.5000 0.7017
vn -0.4709 -0.6179 0.6296
vn 0.5888 -0.1268 0.7983
vn 0.4283 -0.4396 0.7895
vn -0.0599 -0.2474 0.9671
vn -0.0546 -0.3563 0.9328
vn -0.2331 -0.4728 0.8498
vn 0.2170 -0.4930 0.8425
vn -0.0039 -0.4841 0.8750
vn 0.2906 -0.4746 0.8309
vn 0.4083 -0.5315 0.7422
vn 0.2612 -0.4461 0.8560
vn 0.6141 -0.3451 0.7098
vn 0.2989 -0.2069 0.9316
vn 0.2948 -0.1938 0.9357
vn 0.4063 -0.2370 0.8824
vn 0.4242 -0.2491 0.8707
vn 0.2130 -0.3359 0.9175
vn -0.9354 0.0176 -0.3531
vn 0.7057 -0.4020 -0.5834
vn 0.5848 -0.8068 -0.0845
vn 0.0929 -0.9939 -0.0592
vn 0.7731 -0.4774 0.4177
vn 0.9814 -0.1078 0.1589
vn 0.8390 -0.4451 0.3131
vn -0.9253 -0.1626 -0.3426
vn 0.9653 -0.1016 -0.2405
vn -0.9173 0.0698 -0.3920
vn 0.0565 -0.8048 0.5908
vn 0.6585 -0.1716 0.7328
vn 0.2203 -0.6276 0.7467
vn 0.6699 -0.3832 0.6359
vn 0.5012 -0.8307 -0.2422
vn 0.8475 -0.3080 -0.4323
vn -0.5685 -0.7983 0.1986
vn -0.4411 -0.6885 -0.5757
vn 0.5470 -0.3514 -0.7598
vn 0.5810 -0.2198 -0.7837
vn 0.7063 -0.2163 -0.6741
vn 0.7160 -0.3659 -0.5946
vn 0.8923 -0.2107 -0.3993
vn 0.9739 -0.1956 -0.1147
vn 0.4711 -0.4071 -0.7825
vn 0.6118 -0.5435 -0.5747
vn 0.8665 -0.2277 -0.4443
vn -0.8834 -0.3165 0.3457
vn -0.3965 0.7586 -0.5170
vn 0.4341 0.8084 -0.3976
vn 0.1732 0.8904 -0.4209
vn 0.5726 0.7250 -0.3828
vn 0.5588 0.7312 -0.3912
vn 0.6414 0.6608 -0.3898
vn -0.2315 0.8486 -0.4756
vn -0.3660 0.8217 -0.4369
vn -0.0223 0.8915 -0.4525
vn 0.7192 0.5609 -0.4101
vn 0.3448 0.8569 -0.3831
vn -0.6656 0.5410 -0.5141
vn -0.6212 0.5735 -0.5341
vn -0.7158 -0.5270 -0.4582
vn -0.7239 0.4743 -0.5010
vn -0.7610 0.4115 -0.5016
vn -0.7008 0.4824 -0.5256
vn -0.7523 0.4692 -0.4626
vn -0.8563 0.2297 -0.4625
vn -0.8337 -0.1186 -0.5394
vn -0.5262 -0.3174 -0.7889
vn -0.4221 -0.7445 -0.5173
vn -0.2589 -0.7929 -0.5516
vn -0.0891 -0.8761 -0.4739
vn -0.1027 -0.6724 -0.7330
vn -0.1966 -0.7829 -0.5902
vn -0.3791 -0.7483 -0.5444
vn -0.1073 -0.8491 -0.5172
vn -0.8082 0.1618 -0.5663
vn -0.5503 0.1986 -0.8110
vn -0.5730 0.6626 -0.4824
vn -0.5657 0.6822 -0.4632
vn -0.8905 0.2616 -0.3722
vn -0.7692 0.5000 -0.3978
vn -0.7623 0.4966 -0.4151
vn -0.7190 0.5752 -0.3900
vn -0.7812 0.4857 -0.3923
vn -0.5738 0.7018 -0.4222
vn -0.7308 0.5608 -0.3893
vn -0.7777 0.4826 -0.4029
vn -0.5350 0.7025 -0.4693
vn -0.8054 0.4095 -0.4286
vn -0.5599 0.7221 -0.4064
vn -0.5104 0.7431 -0.4328
vn -0.7534 0.4477 -0.4816
vn -0.8401 0.3593 -0.4064
vn -0.6708 0.6212 -0.4051
vn 0.0763 -0.8289 -0.5542
vn 0.7855 0.3514 -0.5095
vn 0.6528 0.2646 -0.7098
vn 0.6833 0.4272 -0.5921
vn 0.3437 0.7199 -0.6030
vn 0.6262 0.5906 -0.5090
vn -0.7100 0.5270 -0.4670
vn -0.7531 0.4093 -0.5151
vn 0.1734 0.6341 -0.7535
vn -0.5715 0.3758 -0.7295
vn -0.3431 0.7550 -0.5587
vn -0.1813 0.0573 -0.9818
vn 0.5708 -0.5604 -0.6001
vn 0.0403 -0.4686 -0.8825
vn 0.1009 -0.6124 -0.7841
vn 0.5392 0.1066 -0.8354
vn 0.6196 -0.2327 -0.7497
vn 0.6157 -0.1350 -0.7764
vn 0.7002 -0.1908 -0.6880
vn -0.7620 0.3518 -0.5436
vn 0.1653 -0.5936 -0.7876
vn 0.9095 -0.3204 0.2649
vn 0.8825 -0.3388 0.3261
vn 0.7787 -0.2135 0.5899
vn 0.8219 -0.1589 0.5470
vn 0.8074 -0.2289 0.5438
vn 0.7653 -0.3562 0.5361
vn 0.8186 -0.2194 0.5308
vn 0.7169 -0.4228 0.5544
vn 0.8148 -0.3921 0.4271
vn 0.8027 -0.3872 0.4536
vn 0.7829 -0.3561 0.5101
vn 0.7705 -0.4877 0.4106
vn 0.7760 -0.5187 0.3588
vn 0.7044 -0.2857 0.6498
vn 0.7600 -0.2592 0.5960
vn 0.7511 -0.1621 0.6400
vn 0.4211 -0.5456 0.7246
vn 0.5622 -0.6101 0.5583
vn 0.5869 -0.4204 0.6919
vn 0.4895 -0.7951 0.3581
vn 0.6972 -0.6219 0.3565
vn 0.8028 -0.5327 0.2679
vn 0.5070 -0.4581 0.7301
vn 0.8174 -0.5310 0.2236
vn 0.8092 -0.5506 0.2050
vn 0.8306 -0.5288 0.1748
vn 0.8700 -0.4559 0.1876
vn 0.8190 -0.5436 0.1836
vn 0.8443 -0.4898 0.2174
vn 0.8832 -0.4477 0.1397
vn 0.9475 -0.2989 0.1131
vn 0.8730 -0.3469 0.3429
vn 0.8356 -0.4632 0.2952
vn 0.8911 -0.3969 0.2200
vn 0.8188 -0.5517 0.1586
vn 0.7448 -0.2860 0.6029
vn 0.5671 0.0391 0.8227
vn 0.4925 -0.1866 0.8501
vn 0.5319 -0.2573 0.8068
vn 0.6081 -0.2810 0.7424
vn 0.5408 -0.1626 0.8253
vn 0.5011 -0.1448 0.8532
vn 0.6574 -0.4058 0.6349
vn 0.7134 -0.3361 0.6149
vn 0.6398 -0.2575 0.7241
vn 0.7314 -0.0806 0.6772
vn 0.6609 -0.2551 0.7058
vn 0.1079 -0.5259 0.8437
vn 0.0102 -0.5245 0.8514
vn 0.0888 -0.3963 0.9138
vn 0.0442 -0.7178 0.6949
vn 0.1299 -0.7703 0.6243
vn -0.1326 -0.7629 0.6328
vn 0.0091 -0.6255 0.7802
vn 0.1836 -0.9730 0.1395
vn 0.0735 -0.4622 0.8837
vn 0.0796 -0.5510 0.8307
vn -0.0028 -0.4052 0.9142
vn 0.0956 -0.2095 0.9731
vn 0.3997 -0.7155 0.5730
vn -0.0467 -0.5864 0.8087
vn -0.1119 -0.7395 0.6638
vn 0.2423 -0.4535 0.8577
vn 0.0082 -0.0361 0.9993
vn -0.0089 0.0282 0.9996
vn -0.0142 -0.1809 0.9834
vn 0.0072 -0.1217 0.9925
vn -0.0000 -0.0689 0.9976
vn -0.0067 -0.4427 0.8966
vn -0.0640 -0.1964 0.9784
vn 0.4923 -0.1516 0.8571
vn 0.9593 0.1230 0.2544
vn 0.9266 0.1662 0.3373
vn 0.9219 0.0987 0.3747
vn 0.9669 0.1548 0.2030
vn 0.9808 -0.0328 0.1923
vn 0.9925 0.0098 0.1219
vn 0.9903 0.0227 0.1372
vn 0.9939 0.0624 0.0907
vn 0.9931 0.0291 0.1136
vn 0.9969 0.0390 0.0686
vn 0.9977 0.0357 0.0576
vn 0.9928 0.0802 0.0888
vn 0.9551 0.0398 0.2935
vn 0.9721 -0.0228 0.2334
vn 0.9538 -0.0468 0.2968
vn 0.9630 0.0141 0.2690
vn 0.9569 -0.0449 0.2869
vn 0.6784 -0.6899 0.2526
vn 0.7490 -0.6615 0.0388
vn 0.6295 -0.7655 -0.1336
vn 0.6330 -0.7717 0.0620
vn 0.7484 -0.6535 0.1133
vn 0.9999 0.0101 -0.0099
vn 0.9962 -0.0554 0.0669
vn 0.9973 -0.0452 0.0583
vn 0.9865 -0.1506 0.0637
vn 0.9880 -0.1167 0.1012
vn 0.9836 -0.1386 0.1151
vn 0.9919 -0.1232 0.0302
vn 0.9955 -0.0506 0.0800
vn 0.9566 -0.0781 0.2806
vn 0.9680 -0.0678 0.2417
vn 0.9657 -0.0294 0.2581
vn 0.9772 -0.0449 0.2076
vn 0.9650 -0.1699 0.1997
vn 0.9796 -0.1289 0.1539
vn 0.9984 0.0488 0.0269
vn 0.9984 -0.0331 0.0459
vn 0.9987 0.0200 0.0467
vn 0.9958 0.0243 0.0887
vn 0.9992 -0.0334 -0.0217
vn 1.0000 0.0015 -0.0086
vn 0.9996 0.0026 0.0273
vn 0.9996 -0.0034 -0.0271
vn 0.9974 0.0254 -0.0676
vn 0.9260 -0.3723 -0.0630
vn 0.6753 -0.6738 -0.2999
vn 0.3365 -0.7982 -0.4996
vn 0.8678 -0.4174 0.2697
vn 0.9961 -0.0865 0.0199
vn 0.9964 0.0387 -0.0749
vn 0.9893 -0.0642 -0.1310
vn -0.9224 0.3860 0.0124
vn -0.4275 0.0936 -0.8992
vn -0.9186 0.3695 0.1404
vn -0.9254 0.3222 0.1993
vn -0.8845 0.2913 0.3644
vn -0.9260 0.2451 0.2873
vn -0.8807 0.2040 0.4275
vn -0.8249 0.3472 0.4460
vn -0.9029 0.1833 0.3889
vn -0.7460 0.2283 0.6256
vn -0.7568 0.1769 0.6292
vn -0.9459 0.2042 0.2521
vn -0.7318 0.6631 -0.1572
vn -0.7144 0.6995 -0.0139
vn -0.5558 0.8193 -0.1410
vn -0.8513 0.5193 -0.0749
vn -0.6910 0.6374 -0.3411
vn -0.4814 0.8264 -0.2921
vn -0.5303 0.6653 -0.5255
vn -0.3163 0.7950 -0.5177
vn -0.2785 0.8311 -0.4813
vn -0.4082 0.8233 -0.3944
vn -0.3151 0.8990 -0.3040
vn -0.2547 0.8650 -0.4323
vn -0.2409 0.8156 -0.5261
vn -0.3370 0.8668 -0.3677
vn -0.7245 0.4974 -0.4771
vn -0.3705 0.7536 -0.5429
vn -0.4623 0.7526 -0.4688
vn -0.4593 0.7776 -0.4294
vn -0.3611 0.8270 -0.4309
vn -0.1949 0.8606 -0.4705
vn -0.2362 0.9315 -0.2765
vn -0.8430 0.5336 0.0672
vn -0.9409 0.3288 0.0814
vn -0.9763 0.2116 0.0455
vn -0.9329 0.3330 0.1372
vn -0.9186 0.3678 -0.1448
vn -0.9419 0.3344 -0.0333
vn -0.8393 0.4613 -0.2876
vn -0.7479 0.5473 0.3756
vn -0.7105 0.5520 0.4365
vn -0.7915 0.4673 0.3939
vn -0.8592 0.4446 0.2530
vn -0.8259 0.4056 0.3915
vn -0.9596 0.2178 0.1780
vn -0.9676 0.2063 0.1458
vn -0.9550 0.2427 0.1706
vn -0.9584 0.2287 0.1705
vn -0.9868 0.1603 -0.0219
vn -0.9539 0.1964 0.2272
vn -0.9553 0.2472 0.1622
vn -0.9501 0.3087 0.0451
vn -0.9645 0.2327 0.1247
vn -0.9592 0.1835 0.2151
vn -0.9623 0.1941 0.1907
vn -0.2332 -0.3292 -0.9150
vn -0.3990 -0.3700 -0.8390
vn -0.4306 -0.2400 -0.8700
vn -0.4783 -0.6680 -0.5701
vn -0.7764 -0.3904 -0.4948
vn -0.4611 -0.4745 -0.7498
vn -0.5973 -0.3521 -0.7206
vn -0.5412 -0.3788 -0.7508
vn -0.4622 -0.3970 -0.7930
vn -0.2620 -0.5631 -0.7838
vn -0.4494 -0.4446 -0.7748
vn -0.2418 -0.4563 -0.8563
vn -0.8488 -0.2437 -0.4692
vn -0.8165 -0.2536 -0.5187
vn -0.6735 -0.1401 -0.7258
vn -0.5801 -0.0461 -0.8133
vn -0.6082 -0.2293 -0.7599
vn -0.9105 -0.2218 -0.3489
vn -0.6909 -0.2437 -0.6807
vn -0.7621 -0.5634 -0.3189
vn -0.9442 0.1004 -0.3137
vn -0.9911 -0.0841 -0.1027
vn -0.4523 0.1444 -0.8801
vn -0.7322 0.2440 -0.6359
vn -0.7190 0.4676 -0.5142
vn -0.8280 0.1500 -0.5403
vn -0.7562 0.1374 -0.6397
vn -0.8373 0.1396 -0.5286
vn -0.6585 0.2266 -0.7177
vn -0.8624 0.1944 -0.4675
vn -0.7700 0.2122 -0.6018
vn -0.7464 -0.0097 -0.6655
vn -0.8437 0.2080 -0.4949
vn -0.7318 0.2237 -0.6437
vn -0.6562 0.3834 -0.6499
vn -0.9176 0.2973 -0.2639
vn -0.8427 0.2937 -0.4513
vn -0.0494 -0.1132 -0.9923
vn -0.1186 0.0701 -0.9905
vn -0.2212 0.1025 -0.9698
vn -0.2025 -0.0169 -0.9791
vn 0.0704 -0.0499 -0.9963
vn 0.0414 0.0119 -0.9991
vn -0.1168 -0.1440 -0.9827
vn -0.1935 -0.2543 -0.9476
vn 0.1665 -0.1533 -0.9741
vn 0.0679 -0.0752 -0.9949
vn 0.0946 -0.2453 -0.9648
vn 0.0631 -0.2767 -0.9589
vn 0.0506 -0.2417 -0.9690
vn 0.0533 -0.2139 -0.9754
vn 0.0922 -0.0702 -0.9933
vn 0.0430 -0.1158 -0.9923
vn 0.1449 -0.1360 -0.9800
vn -0.6780 0.1618 -0.7170
vn -0.7305 0.0520 -0.6809
vn -0.7499 0.3743 -0.5455
vn -0.7683 0.3765 -0.5176
vn -0.7822 0.3998 -0.4778
vn -0.8672 0.4028 -0.2926
vn -0.7733 0.3662 -0.5176
vn -0.7911 0.3810 -0.4785
vn -0.4857 0.2341 -0.8422
vn 0.0094 -0.4044 -0.9145
vn -0.8432 0.0836 -0.5310
vn -0.8839 -0.0133 -0.4675
vn -0.8371 0.0861 -0.5402
vn -0.8206 0.0718 -0.5670
vn -0.7638 0.0383 -0.6443
vn -0.7656 0.0580 -0.6407
vn -0.7625 -0.1851 -0.6199
vn -0.8578 -0.1035 -0.5034
vn -0.9582 -0.0542 -0.2810
vn -0.9449 -0.2084 -0.2524
vn -0.9219 -0.0278 -0.3863
vn -0.9077 -0.1680 -0.3845
vn -0.9061 -0.0813 -0.4152
vn -0.9804 0.0050 -0.1968
vn -0.9780 -0.0653 -0.1983
vn -0.9299 0.0582 -0.3632
vn -0.9077 -0.0206 -0.4192
vn -0.7807 -0.0464 -0.6231
vn -0.7525 0.0118 -0.6585
vn -0.7550 -0.0985 -0.6482
vn -0.9490 -0.2533 -0.1877
vn -0.9853 -0.1689 0.0253
vn -0.9627 -0.2582 -0.0806
vn -0.9944 -0.0926 -0.0510
vn -0.9621 -0.2229 -0.1574
vn -0.9899 -0.1323 -0.0504
vn -0.9591 -0.2579 -0.1171
vn -0.9918 -0.1249 -0.0276
vn -0.9771 0.2120 -0.0162
vn -0.9840 0.1057 -0.1436
vn -0.9949 0.0775 -0.0649
vn -0.9770 0.2131 -0.0001
vn -0.9848 0.1588 -0.0705
vn -0.9891 0.1357 -0.0565
vn -0.9685 0.1543 -0.1954
vn -0.9416 0.2255 -0.2502
vn -0.9652 0.1752 -0.1944
vn -0.9531 0.2483 -0.1731
vn -0.9565 0.2704 -0.1092
vn -0.9788 0.1895 -0.0774
vn -0.9855 0.1326 -0.1057
vn -0.9513 0.2882 -0.1091
vn -0.9668 0.2111 -0.1443
vn -0.9608 0.2710 -0.0583
vn -0.9981 0.0577 -0.0211
vn -0.9931 0.1170 -0.0057
vn -0.9875 0.1553 0.0266
vn -0.9021 0.3351 -0.2720
vn -0.9347 0.2753 -0.2247
vn -0.9314 0.3036 -0.2009
vn -0.8826 0.2166 -0.4173
vn -0.9099 0.2238 -0.3492
vn -0.9382 0.2917 -0.1863
vn -0.7251 0.6274 -0.2838
vn -0.6174 0.5008 -0.6066
vn -0.6642 0.3996 -0.6318
vn -0.5885 0.5232 -0.6163
vn -0.5581 0.4100 -0.7214
vn -0.8196 0.3891 -0.4205
vn -0.8577 0.3440 -0.3821
vn -0.8723 0.3411 -0.3502
vn -0.6391 0.4386 -0.6318
vn -0.8615 0.3188 -0.3951
vn -0.8097 0.1991 -0.5521
vn -0.7878 0.2532 -0.5615
vn -0.6663 0.2673 -0.6962
vn -0.7319 0.3378 -0.5918
vn -0.8840 0.1174 -0.4525
vn -0.9254 0.0991 -0.3658
vn -0.8443 0.3446 -0.4104
vn -0.8094 0.3142 -0.4962
vn -0.8170 0.3342 -0.4700
vn -0.8104 0.3515 -0.4687
vn -0.8602 0.3034 -0.4099
vn -0.8483 0.2993 -0.4368
vn -0.7728 0.3035 -0.5574
vn -0.8604 0.3137 -0.4016
vn -0.8479 0.3173 -0.4247
vn -0.8692 0.2169 -0.4444
vn -0.8542 0.2783 -0.4393
vn -0.8400 0.3058 -0.4482
vn -0.8435 0.3347 -0.4201
vn -0.7618 0.3421 -0.5501
vn -0.7220 0.4440 -0.5306
vn -0.9945 0.0413 0.0962
vn -0.9967 0.0155 0.0796
vn -0.9870 0.0537 0.1513
vn -0.9753 0.1802 0.1279
vn -0.9907 0.1095 0.0812
vn -0.9885 0.1424 0.0517
vn -0.9857 0.1364 0.0990
vn -0.9833 0.1160 0.1399
vn -0.9807 0.1303 0.1454
vn -0.9931 0.1017 0.0577
vn -0.9979 0.0644 0.0077
vn -0.9981 0.0368 0.0490
vn -0.9967 0.0458 0.0676
vn -0.9932 0.0721 0.0909
vn -0.9946 0.0426 0.0943
vn -0.9970 0.0766 0.0088
vn -0.9880 0.1214 0.0952
vn -0.9865 0.1632 -0.0104
vn -0.9583 0.1293 0.2549
vn -0.9891 0.1413 0.0417
vn 0.1270 0.5615 0.8177
vn 0.0339 0.5933 0.8043
vn 0.1915 0.5173 0.8341
vn 0.2161 0.4854 0.8472
vn 0.2307 0.5174 0.8241
vn 0.1332 0.5831 0.8014
vn 0.2063 0.5390 0.8166
vn -0.6662 0.2294 -0.7096
vn -0.7517 0.1469 -0.6429
vn -0.6838 0.2191 -0.6960
vn -0.6748 0.1340 -0.7258
vn -0.7753 -0.0674 -0.6279
vn -0.6792 0.0168 -0.7338
vn -0.6804 0.1941 -0.7067
vn -0.5467 0.2111 -0.8103
vn -0.4592 0.1545 -0.8748
vn -0.5512 0.1678 -0.8173
vn -0.4530 0.0815 -0.8878
vn -0.5709 0.1737 -0.8025
vn -0.5793 -0.0405 -0.8141
vn -0.6683 0.0296 -0.7433
vn -0.7067 -0.6525 -0.2735
vn -0.6229 0.1296 -0.7715
vn -0.5825 0.1772 -0.7933
vn -0.8390 0.1282 -0.5288
vn -0.6408 -0.0465 -0.7663
vn -0.6006 -0.1255 -0.7896
vn -0.6380 -0.0323 -0.7694
vn -0.6690 0.0481 -0.7417
vn -0.6167 0.0399 -0.7862
vn -0.6437 -0.0097 -0.7652
vn -0.5928 -0.0076 -0.8053
vn -0.6078 0.0587 -0.7919
vn -0.5602 -0.7753 -0.2917
vn -0.5575 -0.7719 -0.3055
vn -0.4815 -0.8280 -0.2872
vn -0.5721 -0.7558 -0.3186
vn -0.5972 -0.7165 -0.3605
vn -0.5744 -0.7243 -0.3814
vn -0.2562 -0.8768 -0.4070
vn -0.5355 -0.7742 -0.3374
vn -0.4028 -0.8628 -0.3055
vn 0.4055 -0.8959 -0.1813
vn -0.4506 -0.5497 -0.7034
vn -0.0426 -0.9920 -0.1185
vn -0.2184 -0.8884 -0.4039
vn -0.0475 -0.4194 -0.9066
vn -0.3652 -0.7077 -0.6048
vn -0.6329 -0.5782 -0.5149
vn -0.5305 -0.8425 0.0934
vn -0.0634 -0.5649 -0.8227
vn -0.3287 -0.4404 -0.8355
vn 0.6761 0.1306 -0.7251
vn -0.1178 -0.2980 -0.9473
vn -0.7750 -0.3770 -0.5072
vn 0.2839 -0.6601 -0.6955
vn -0.0088 -0.4693 -0.8830
vn -0.3578 -0.6701 -0.6503
vn 0.0405 -0.4947 -0.8681
vn -0.7340 -0.6435 -0.2169
vn -0.4014 -0.5033 -0.7652
vn -0.6226 -0.6677 -0.4081
vn -0.3766 -0.8099 -0.4497
vn -0.5066 -0.6831 -0.5261
vn -0.2777 -0.6362 -0.7198
vn -0.9480 -0.2008 0.2470
vn -0.8997 -0.4334 -0.0519
vn -0.8701 -0.2877 0.4002
vn -0.8981 -0.4001 0.1825
vn -0.9108 -0.3466 0.2244
vn -0.8911 -0.3989 0.2166
vn -0.9431 -0.3304 0.0378
vn -0.9718 -0.2313 -0.0451
vn -0.9783 -0.2028 0.0421
vn 0.4423 0.8492 0.2886
vn 0.4284 0.8594 0.2792
vn 0.4068 0.8657 0.2916
vn 0.4409 0.8517 0.2833
vn 0.3735 0.8602 0.3473
vn 0.4270 0.8422 0.3291
vn 0.4460 0.8612 0.2437
vn 0.5816 0.7814 0.2262
vn 0.4648 0.8318 0.3036
vn 0.4818 0.8145 0.3232
vn 0.3584 0.8948 0.2664
vn 0.3349 0.8910 0.3064
vn 0.3242 0.8915 0.3163
vn 0.4485 0.8916 0.0622
vn 0.4275 0.9036 -0.0276
vn 0.3746 0.9267 0.0291
vn 0.4689 0.8829 -0.0232
vn 0.4431 0.8964 0.0145
vn 0.4126 0.9102 0.0371
vn 0.4183 0.9078 -0.0301
vn 0.5873 0.7859 0.1934
vn 0.3760 0.9128 0.1595
vn 0.3851 0.8928 0.2339
vn 0.5217 0.8240 0.2211
vn 0.2725 0.9519 0.1400
vn 0.5240 0.8506 0.0435
vn 0.4327 0.8651 0.2539
vn 0.3756 0.8931 0.2476
vn 0.4095 0.8706 0.2727
vn 0.4740 0.8455 0.2459
vn 0.4275 0.8510 0.3051
vn -0.8431 -0.0479 -0.5357
vn -0.7312 -0.1694 -0.6608
vn 0.6047 -0.3812 -0.6994
vn 0.4762 -0.1977 -0.8568
vn 0.5620 -0.3924 -0.7281
vn 0.6685 -0.1754 -0.7227
vn 0.3981 -0.3807 -0.8346
vn -0.8915 0.1228 -0.4360
vn -0.8923 0.1227 -0.4344
vn -0.8509 0.0639 -0.5214
vn -0.6278 -0.3908 -0.6732
vn -0.6609 -0.0557 -0.7484
vn -0.6215 -0.1196 -0.7742
vn 0.7314 -0.1295 -0.6696
vn -0.8544 0.1320 -0.5025
vn -0.8891 0.1106 -0.4441
vn -0.8578 0.1972 -0.4746
vn 0.3936 -0.0863 -0.9152
vn -0.7416 -0.0667 -0.6675
vn 0.1102 0.9924 0.0540
vn -0.0174 0.9490 -0.3147
vn -0.0101 0.9331 -0.3594
vn 0.0027 0.9293 -0.3693
vn -0.0526 0.9727 -0.2260
vn 0.1016 0.9862 -0.1311
vn 0.1112 0.9576 -0.2658
vn 0.0568 0.9852 -0.1618
vn 0.1210 0.9356 -0.3317
vn 0.0938 0.9704 -0.2223
vn 0.1204 0.9598 -0.2536
vn 0.0550 0.9643 -0.2591
vn 0.0716 0.9484 -0.3088
vn -0.3763 -0.3513 -0.8573
vn -0.1946 -0.2865 -0.9381
vn -0.3708 -0.1532 -0.9160
vn 0.0970 -0.1449 -0.9847
vn 0.0730 -0.3201 -0.9446
vn -0.1446 -0.4446 -0.8840
vn 0.1695 -0.3620 -0.9166
vn 0.1859 -0.1715 -0.9675
vn 0.0522 -0.0668 -0.9964
vn -0.0041 -0.5102 -0.8600
vn 0.0755 -0.4345 -0.8975
vn -0.1171 -0.4613 -0.8795
vn 0.0958 -0.5879 -0.8033
vn 0.2913 -0.2036 -0.9347
vn 0.2052 -0.3485 -0.9145
vn -0.1465 0.1023 -0.9839
vn -0.6689 -0.2254 -0.7083
vn -0.5829 -0.8120 -0.0296
vn 0.5519 -0.2122 -0.8064
vn 0.7040 -0.1803 -0.6870
vn 0.4561 -0.3203 -0.8303
vn 0.3259 -0.4181 -0.8479
vn 0.6670 -0.2770 -0.6917
vn 0.4280 -0.3351 -0.8394
vn 0.6866 -0.3770 -0.6217
vn 0.7643 -0.4815 -0.4289
vn 0.8733 -0.3227 -0.3650
vn 0.8634 -0.1424 -0.4840
vn 0.6216 -0.7101 -0.3307
vn 0.3164 -0.1291 -0.9398
vn 0.2993 -0.1092 -0.9479
vn 0.1099 -0.0669 -0.9917
vn 0.0919 0.0171 -0.9956
vn 0.3218 -0.0809 -0.9433
vn -0.0278 0.0407 -0.9988
vn 0.1307 -0.0889 -0.9874
vn 0.2460 -0.1330 -0.9601
vn 0.1133 -0.1252 -0.9856
vn 0.0689 -0.0800 -0.9944
vn 0.1834 -0.0375 -0.9823
vn 0.0756 -0.3180 -0.9451
vn 0.1442 -0.3754 -0.9156
vn 0.7233 -0.2748 -0.6335
vn 0.4527 -0.3134 -0.8348
vn -0.0527 -0.3555 -0.9332
vn 0.3376 -0.0101 -0.9412
vn 0.4339 -0.0972 -0.8957
vn 0.4813 -0.0694 -0.8738
vn 0.4774 -0.2799 -0.8329
vn -0.4696 -0.8274 -0.3080
vn -0.5169 0.5784 -0.6310
vn -0.5740 0.5804 -0.5776
vn -0.4900 0.5763 -0.6540
vn -0.3861 0.5910 -0.7083
vn -0.4099 0.6902 -0.5963
vn -0.4424 0.6449 -0.6233
vn -0.5107 0.6804 -0.5255
vn -0.0573 0.4519 -0.8902
vn -0.4297 0.6895 -0.5831
vn -0.4948 0.5808 -0.6463
vn -0.4766 0.6188 -0.6245
vn -0.7229 0.6468 -0.2430
vn -0.6029 0.5234 -0.6022
vn -0.6052 0.5217 -0.6013
vn -0.5838 0.5711 -0.5770
vn -0.5668 0.5329 -0.6283
vn -0.5521 0.5850 -0.5941
vt 0.453150 0.008297
vt 0.446837 0.005677
vt 0.464411 0.005677
vt 0.462074 0.551091
vt 0.456758 0.546836
vt 0.463077 0.547944
vt 0.462785 0.556786
vt 0.464420 0.553423
vt 0.463522 0.558849
vt 0.460638 0.565688
vt 0.466936 0.564021
vt 0.467047 0.556190
vt 0.466888 0.559873
vt 0.727817 0.017049
vt 0.721486 0.025016
vt 0.727791 0.021106
vt 0.438691 0.572382
vt 0.429128 0.561702
vt 0.417882 0.578379
vt 0.434587 0.579079
vt 0.407658 0.564825
vt 0.403383 0.576624
vt 0.444712 0.569704
vt 0.455862 0.569426
vt 0.449165 0.573407
vt 0.460979 0.569194
vt 0.439699 0.578483
vt 0.442901 0.573863
vt 0.427686 0.579292
vt 0.422766 0.579739
vt 0.429755 0.582697
vt 0.433794 0.582969
vt 0.411223 0.578437
vt 0.067696 0.836261
vt 0.059371 0.831210
vt 0.063103 0.824515
vt 0.059305 0.826230
vt 0.066984 0.831185
vt 0.406013 0.580345
vt 0.059652 0.847863
vt 0.057568 0.842705
vt 0.057666 0.836041
vt 0.070338 0.832712
vt 0.070980 0.828658
vt 0.070373 0.824017
vt 0.432014 0.545999
vt 0.063769 0.867791
vt 0.055617 0.871245
vt 0.062448 0.862396
vt 0.055196 0.854875
vt 0.067729 0.845387
vt 0.070988 0.851586
vt 0.067104 0.859353
vt 0.072496 0.834510
vt 0.036099 0.666812
vt 0.035589 0.663319
vt 0.054921 0.663319
vt 0.151727 0.909655
vt 0.141737 0.906114
vt 0.146874 0.910010
vt 0.140235 0.908426
vt 0.136621 0.911150
vt 0.130561 0.920659
vt 0.129526 0.914893
vt 0.143163 0.945415
vt 0.131914 0.929125
vt 0.136669 0.950639
vt 0.129852 0.926833
vt 0.133033 0.937612
vt 0.130320 0.933368
vt 0.128735 0.923651
vt 0.499080 0.822429
vt 0.486753 0.832652
vt 0.491976 0.824991
vt 0.443953 0.882607
vt 0.431898 0.876820
vt 0.437531 0.875205
vt 0.138865 0.950292
vt 0.450185 0.872970
vt 0.455538 0.869692
vt 0.450280 0.890742
vt 0.456120 0.865099
vt 0.461338 0.859919
vt 0.443744 0.877232
vt 0.446829 0.876224
vt 0.445040 0.871465
vt 0.448849 0.867828
vt 0.466723 0.850950
vt 0.477934 0.842242
vt 0.472840 0.841236
vt 0.504575 0.555972
vt 0.517863 0.559359
vt 0.508124 0.561252
vt 0.504257 0.547574
vt 0.497873 0.551772
vt 0.536500 0.564294
vt 0.522226 0.569185
vt 0.526935 0.562141
vt 0.520725 0.564280
vt 0.528861 0.533466
vt 0.509885 0.542837
vt 0.474577 0.557933
vt 0.494566 0.548748
vt 0.614242 0.521434
vt 0.625427 0.546863
vt 0.615194 0.598066
vt 0.665402 0.637257
vt 0.665796 0.647554
vt 0.652646 0.606309
vt 0.671378 0.665751
vt 0.633909 0.626228
vt 0.626682 0.560733
vt 0.627049 0.553988
vt 0.633448 0.563861
vt 0.637992 0.576963
vt 0.560362 0.584365
vt 0.549018 0.578201
vt 0.539143 0.569623
vt 0.536065 0.573775
vt 0.568545 0.542096
vt 0.573014 0.587866
vt 0.589407 0.558173
vt 0.568623 0.590727
vt 0.600436 0.616735
vt 0.595278 0.617610
vt 0.597972 0.628719
vt 0.593049 0.622287
vt 0.581379 0.600417
vt 0.602237 0.637584
vt 0.630110 0.651149
vt 0.673165 0.725915
vt 0.644407 0.589297
vt 0.651588 0.599296
vt 0.607148 0.865879
vt 0.608163 0.898809
vt 0.606718 0.905716
vt 0.609556 0.841878
vt 0.610294 0.856171
vt 0.603643 0.814497
vt 0.610428 0.821842
vt 0.611101 0.837395
vt 0.677131 0.680483
vt 0.671381 0.660947
vt 0.881217 0.806177
vt 0.870716 0.816551
vt 0.866895 0.811516
vt 0.876515 0.819394
vt 0.870477 0.820394
vt 0.879045 0.823929
vt 0.872935 0.825000
vt 0.866731 0.819181
vt 0.846738 0.789842
vt 0.849839 0.784471
vt 0.851780 0.792179
vt 0.917924 0.820037
vt 0.896560 0.824807
vt 0.857837 0.807000
vt 0.858325 0.810930
vt 0.853656 0.796127
vt 0.868667 0.775821
vt 0.849936 0.797485
vt 0.854800 0.802460
vt 0.847750 0.802609
vt 0.847292 0.794713
vt 0.880101 0.827461
vt 0.553739 0.382118
vt 0.559572 0.394962
vt 0.554262 0.386818
vt 0.566388 0.393175
vt 0.566507 0.419404
vt 0.561366 0.415581
vt 0.558826 0.409656
vt 0.555871 0.399894
vt 0.563492 0.401627
vt 0.559927 0.407243
vt 0.553142 0.404535
vt 0.554397 0.409813
vt 0.556390 0.394555
vt 0.583373 0.406639
vt 0.572776 0.448770
vt 0.566972 0.449563
vt 0.570483 0.446924
vt 0.921849 0.800292
vt 0.938992 0.811177
vt 0.569689 0.439508
vt 0.570567 0.443586
vt 0.563791 0.442368
vt 0.566895 0.445943
vt 0.965057 0.790984
vt 0.634015 0.441864
vt 0.592484 0.414858
vt 0.627082 0.454845
vt 0.929947 0.818448
vt 0.603901 0.417261
vt 0.618213 0.423881
vt 0.568198 0.429408
vt 0.567633 0.424943
vt 0.563106 0.425963
vt 0.568749 0.434689
vt 0.563492 0.431163
vt 0.562996 0.434282
vt 0.559484 0.417423
vt 0.563116 0.421409
vt 0.563408 0.438565
vt 0.953344 0.804518
vt 0.959079 0.799320
vt 0.625800 0.424887
vt 0.629023 0.427544
vt 0.731674 0.102949
vt 0.733946 0.123190
vt 0.726168 0.125466
vt 0.728891 0.129983
vt 0.539104 0.657319
vt 0.540197 0.661925
vt 0.541976 0.655389
vt 0.544277 0.665365
vt 0.545233 0.655631
vt 0.558356 0.667201
vt 0.549450 0.656012
vt 0.559536 0.656451
vt 0.551436 0.654711
vt 0.568860 0.678201
vt 0.570335 0.687871
vt 0.578565 0.682950
vt 0.575345 0.689499
vt 0.582745 0.688353
vt 0.534028 0.154354
vt 0.542874 0.155983
vt 0.539628 0.160351
vt 0.920521 0.593666
vt 0.933055 0.592406
vt 0.928793 0.600533
vt 0.924517 0.600533
vt 0.584911 0.688060
vt 0.585126 0.683807
vt 0.538827 0.167128
vt 0.537533 0.165886
vt 0.538357 0.163484
vt 0.928842 0.602183
vt 0.931998 0.600328
vt 0.733427 0.074614
vt 0.740726 0.087751
vt 0.741793 0.109177
vt 0.740662 0.138117
vt 0.744075 0.138915
vt 0.742651 0.140175
vt 0.895913 0.581651
vt 0.902638 0.580117
vt 0.898585 0.582861
vt 0.899636 0.585522
vt 0.904700 0.585382
vt 0.901242 0.588241
vt 0.898808 0.587211
vt 0.908357 0.585845
vt 0.557367 0.679438
vt 0.558505 0.683583
vt 0.561526 0.685310
vt 0.557122 0.674719
vt 0.916816 0.590596
vt 0.958897 0.583560
vt 0.889266 0.551815
vt 0.918145 0.486030
vt 0.552299 0.677512
vt 0.735992 0.135105
vt 0.733273 0.133191
vt 0.733353 0.135403
vt 0.745606 0.124102
vt 0.890852 0.559170
vt 0.897304 0.571181
vt 0.743439 0.125689
vt 0.548864 0.670512
vt 0.744490 0.128113
vt 0.741938 0.133323
vt 0.548663 0.673179
vt 0.741238 0.136090
vt 0.738537 0.138633
vt 0.895584 0.573197
vt 0.897109 0.575343
vt 0.895698 0.578597
vt 0.744015 0.135939
vt 0.896008 0.583852
vt 0.552575 0.675608
vt 0.546646 0.670205
vt 0.947407 0.587929
vt 0.951635 0.587988
vt 0.742388 0.061432
vt 0.888840 0.534116
vt 0.892585 0.510536
vt 0.967769 0.535435
vt 0.961753 0.574572
vt 0.897311 0.501407
vt 0.582686 0.675033
vt 0.588324 0.687344
vt 0.580826 0.669633
vt 0.415924 0.940147
vt 0.406979 0.941246
vt 0.403445 0.937564
vt 0.575319 0.662460
vt 0.573828 0.659257
vt 0.566191 0.658217
vt 0.566239 0.654585
vt 0.429536 0.932373
vt 0.430165 0.942804
vt 0.421710 0.938973
vt 0.416778 0.926679
vt 0.537635 0.147234
vt 0.541768 0.145767
vt 0.544376 0.146380
vt 0.401358 0.917920
vt 0.398932 0.926507
vt 0.398511 0.914591
vt 0.400989 0.921895
vt 0.404996 0.920017
vt 0.407430 0.921228
vt 0.404854 0.920985
vt 0.690330 0.628064
vt 0.678003 0.635584
vt 0.681132 0.627769
vt 0.686830 0.627043
vt 0.403989 0.929759
vt 0.406142 0.926262
vt 0.544376 0.151759
vt 0.541316 0.164878
vt 0.414273 0.915424
vt 0.690158 0.642234
vt 0.414893 0.912983
vt 0.688681 0.644105
vt 0.678048 0.630851
vt 0.955761 0.592047
vt 0.964685 0.590314
vt 0.962035 0.593650
vt 0.690760 0.633764
vt 0.413238 0.913406
vt 0.411604 0.910634
vt 0.691972 0.639390
vt 0.966566 0.584048
vt 0.692003 0.625764
vt 0.691371 0.629002
vt 0.405967 0.909514
vt 0.401122 0.906392
vt 0.416552 0.902805
vt 0.695303 0.446832
vt 0.697499 0.459185
vt 0.689827 0.449460
vt 0.692413 0.446134
vt 0.631345 0.516353
vt 0.645280 0.527853
vt 0.642451 0.528337
vt 0.641607 0.532283
vt 0.672819 0.485508
vt 0.679429 0.499841
vt 0.653165 0.489707
vt 0.707080 0.445088
vt 0.699584 0.444260
vt 0.655227 0.522168
vt 0.648168 0.524005
vt 0.667324 0.515341
vt 0.689086 0.452976
vt 0.636298 0.541104
vt 0.651317 0.446072
vt 0.664967 0.454308
vt 0.660545 0.468766
vt 0.747357 0.448019
vt 0.746565 0.462534
vt 0.739665 0.461462
vt 0.742150 0.449522
vt 0.737952 0.446804
vt 0.685792 0.510454
vt 0.683536 0.512213
vt 0.740863 0.446238
vt 0.721486 0.443231
vt 0.954172 0.495943
vt 0.961612 0.506878
vt 0.686779 0.497238
vt 0.679008 0.477472
vt 0.965529 0.517750
vt 0.966429 0.553129
vt 0.670932 0.452080
vt 0.691852 0.508670
vt 0.688438 0.512602
vt 0.943835 0.488174
vt 0.737605 0.478714
vt 0.746712 0.474444
vt 0.924495 0.484530
vt 0.934837 0.484942
vt 0.902564 0.486706
vt 0.911180 0.485030
vt 0.742943 0.498216
vt 0.737594 0.492567
vt 0.744638 0.488346
vt 0.747364 0.481929
vt 0.662156 0.428544
vt 0.663969 0.426370
vt 0.656610 0.420438
vt 0.657404 0.424202
vt 0.654811 0.417405
vt 0.967853 0.579870
vt 0.966448 0.588590
vt 0.964559 0.573242
vt 0.966776 0.574689
vt 0.659802 0.428122
vt 0.653091 0.431241
vt 0.993711 0.345988
vt 0.994958 0.351219
vt 0.990494 0.346155
vt 0.997112 0.318913
vt 0.997563 0.341216
vt 0.527082 0.855308
vt 0.559524 0.824962
vt 0.542807 0.873409
vt 0.609599 0.750531
vt 0.615050 0.781729
vt 0.553816 0.945914
vt 0.540955 0.936812
vt 0.561010 0.946060
vt 0.567920 0.869060
vt 0.571968 0.933190
vt 0.587202 0.943575
vt 0.581882 0.952960
vt 0.589325 0.956457
vt 0.605009 0.964914
vt 0.573888 0.952070
vt 0.572610 0.949978
vt 0.580615 0.953521
vt 0.589291 0.877359
vt 0.588464 0.834048
vt 0.597276 0.763741
vt 0.612620 0.944748
vt 0.574677 0.785187
vt 0.977734 0.325809
vt 0.980820 0.338302
vt 0.987401 0.349944
vt 0.990786 0.354133
vt 0.982749 0.343763
vt 0.982758 0.349550
vt 0.980071 0.343823
vt 0.986003 0.281920
vt 0.975196 0.286192
vt 0.439831 0.522881
vt 0.426000 0.520493
vt 0.440409 0.517914
vt 0.437155 0.515720
vt 0.976840 0.338265
vt 0.975179 0.322495
vt 0.975851 0.329593
vt 0.972919 0.313903
vt 0.969887 0.295801
vt 0.968805 0.307526
vt 0.972666 0.329381
vt 0.969963 0.315473
vt 0.455440 0.528666
vt 0.450627 0.528648
vt 0.458682 0.525510
vt 0.443633 0.524507
vt 0.452120 0.525074
vt 0.383658 0.526157
vt 0.380240 0.524711
vt 0.384987 0.522483
vt 0.556113 0.129565
vt 0.557455 0.128301
vt 0.555878 0.125336
vt 0.973947 0.282309
vt 0.979015 0.279329
vt 0.972570 0.289361
vt 0.981244 0.272564
vt 0.986978 0.271778
vt 0.980645 0.277144
vt 0.398857 0.522265
vt 0.403678 0.521493
vt 0.406415 0.522468
vt 0.406829 0.524788
vt 0.976860 0.278521
vt 0.983244 0.271555
vt 0.426197 0.534152
vt 0.461012 0.530950
vt 0.466936 0.527484
vt 0.457793 0.540131
vt 0.460040 0.535841
vt 0.464734 0.530421
vt 0.393913 0.529671
vt 0.390239 0.521832
vt 0.718381 0.023743
vt 0.719261 0.026817
vt 0.662131 0.106076
vt 0.651589 0.106846
vt 0.661209 0.102554
vt 0.707966 0.025001
vt 0.702960 0.026285
vt 0.713405 0.026709
vt 0.072496 0.872740
vt 0.069191 0.874092
vt 0.071382 0.871519
vt 0.069530 0.877263
vt 0.648375 0.113536
vt 0.644310 0.111322
vt 0.644234 0.115823
vt 0.127814 0.989545
vt 0.127663 0.996374
vt 0.126348 0.987662
vt 0.122761 0.993114
vt 0.125274 0.984012
vt 0.122678 0.989353
vt 0.946220 0.445287
vt 0.951870 0.444723
vt 0.953731 0.450059
vt 0.953587 0.453822
vt 0.950285 0.442872
vt 0.949136 0.438866
vt 0.947476 0.439772
vt 0.642531 0.128044
vt 0.641206 0.128125
vt 0.645158 0.120178
vt 0.953886 0.466578
vt 0.656327 0.135526
vt 0.652755 0.133046
vt 0.662124 0.135721
vt 0.956654 0.458674
vt 0.946825 0.465755
vt 0.946810 0.469552
vt 0.945323 0.456118
vt 0.542292 0.131441
vt 0.543727 0.129556
vt 0.541740 0.128375
vt 0.549589 0.131203
vt 0.541962 0.121397
vt 0.647774 0.131102
vt 0.645496 0.130876
vt 0.649933 0.122213
vt 0.399127 0.571285
vt 0.397511 0.567090
vt 0.399227 0.575517
vt 0.394080 0.558983
vt 0.388222 0.543431
vt 0.403171 0.549800
vt 0.389420 0.561041
vt 0.380599 0.545304
vt 0.383374 0.557052
vt 0.047457 0.861885
vt 0.043237 0.866773
vt 0.044687 0.863447
vt 0.039982 0.863130
vt 0.050925 0.855555
vt 0.392441 0.563431
vt 0.047016 0.857824
vt 0.042514 0.878154
vt 0.040144 0.873024
vt 0.393305 0.566516
vt 0.050817 0.886500
vt 0.043609 0.889541
vt 0.042622 0.884013
vt 0.371043 0.556554
vt 0.377551 0.558359
vt 0.040908 0.887374
vt 0.368741 0.554028
vt 0.055931 0.850685
vt 0.396497 0.534564
vt 0.411882 0.524818
vt 0.414597 0.521424
vt 0.458974 0.543302
vt 0.462054 0.544945
vt 0.543512 0.115972
vt 0.552185 0.119195
vt 0.548941 0.116017
vt 0.944200 0.463748
vt 0.390041 0.538700
vt 0.063397 0.886319
vt 0.060617 0.888720
vt 0.062895 0.878518
vt 0.054978 0.887284
vt 0.058499 0.889071
vt 0.364495 0.554021
vt 0.371526 0.548791
vt 0.043334 0.891220
vt 0.068399 0.868912
vt 0.679082 0.774120
vt 0.665889 0.741326
vt 0.644070 0.719224
vt 0.636813 0.700076
vt 0.650987 0.739399
vt 0.647177 0.737002
vt 0.641802 0.725537
vt 0.641578 0.720909
vt 0.637867 0.724833
vt 0.684374 0.720675
vt 0.688745 0.738993
vt 0.688486 0.750796
vt 0.633877 0.690465
vt 0.628489 0.679404
vt 0.631514 0.690784
vt 0.627285 0.682709
vt 0.634857 0.702211
vt 0.634847 0.706339
vt 0.594754 0.631718
vt 0.604557 0.644812
vt 0.605230 0.650461
vt 0.600217 0.647427
vt 0.598505 0.637460
vt 0.615132 0.763274
vt 0.616596 0.744253
vt 0.617629 0.751934
vt 0.690723 0.758339
vt 0.689819 0.763823
vt 0.610206 0.656231
vt 0.615280 0.657568
vt 0.617701 0.662790
vt 0.614329 0.662740
vt 0.846578 0.693855
vt 0.852360 0.680199
vt 0.856774 0.675726
vt 0.855656 0.663641
vt 0.851726 0.672835
vt 0.848765 0.705624
vt 0.842267 0.705219
vt 0.914872 0.650363
vt 0.945484 0.649673
vt 0.910681 0.665747
vt 0.472537 0.957581
vt 0.463875 0.956188
vt 0.463046 0.951876
vt 0.904328 0.648926
vt 0.937868 0.642625
vt 0.947587 0.645798
vt 0.454283 0.945980
vt 0.459586 0.928860
vt 0.460845 0.950023
vt 0.943718 0.641751
vt 0.947094 0.642954
vt 0.942937 0.639956
vt 0.755059 0.433883
vt 0.756480 0.449919
vt 0.753172 0.446500
vt 0.752584 0.440835
vt 0.456636 0.950855
vt 0.751756 0.417004
vt 0.762811 0.436941
vt 0.930464 0.642738
vt 0.484498 0.922858
vt 0.884669 0.664568
vt 0.904992 0.698278
vt 0.940572 0.666730
vt 0.940780 0.674278
vt 0.949395 0.662416
vt 0.470455 0.972483
vt 0.474840 0.963742
vt 0.475171 0.978421
vt 0.951384 0.656139
vt 0.867353 0.650741
vt 0.865550 0.646773
vt 0.869157 0.646054
vt 0.892442 0.646158
vt 0.863486 0.650571
vt 0.861274 0.667300
vt 0.177484 0.909256
vt 0.175976 0.906114
vt 0.174249 0.909175
vt 0.490406 0.983351
vt 0.484660 0.983984
vt 0.465927 0.911944
vt 0.179277 0.959535
vt 0.172263 0.953333
vt 0.177279 0.962723
vt 0.145329 0.965048
vt 0.149787 0.971400
vt 0.763655 0.167025
vt 0.770361 0.170811
vt 0.766655 0.170597
vt 0.172117 0.968335
vt 0.761083 0.159950
vt 0.177644 0.965576
vt 0.158219 0.976408
vt 0.787619 0.487174
vt 0.781558 0.487729
vt 0.780464 0.485626
vt 0.787219 0.483301
vt 0.183247 0.952490
vt 0.180167 0.953539
vt 0.775871 0.173246
vt 0.778245 0.171133
vt 0.760766 0.478814
vt 0.759118 0.479276
vt 0.757803 0.474064
vt 0.762747 0.463479
vt 0.778615 0.475190
vt 0.460713 0.921699
vt 0.459883 0.917724
vt 0.457777 0.905983
vt 0.454604 0.897448
vt 0.765529 0.485958
vt 0.763290 0.487752
vt 0.761983 0.486594
vt 0.759543 0.483621
vt 0.458525 0.917964
vt 0.459392 0.913400
vt 0.154844 0.977421
vt 0.155433 0.975789
vt 0.152426 0.977509
vt 0.759859 0.487451
vt 0.172216 0.970690
vt 0.783065 0.452765
vt 0.777808 0.431884
vt 0.850534 0.711436
vt 0.844231 0.724179
vt 0.850217 0.727558
vt 0.851152 0.732674
vt 0.848233 0.719941
vt 0.868051 0.742236
vt 0.845048 0.710102
vt 0.914792 0.739292
vt 0.916568 0.762049
vt 0.850612 0.742426
vt 0.945143 0.684313
vt 0.934646 0.753126
vt 0.934845 0.739887
vt 0.937098 0.746834
vt 0.937413 0.740096
vt 0.710495 0.115142
vt 0.719685 0.125128
vt 0.719528 0.128471
vt 0.714076 0.128565
vt 0.716347 0.132657
vt 0.718875 0.132649
vt 0.717795 0.135673
vt 0.937636 0.732497
vt 0.937544 0.737006
vt 0.932373 0.715180
vt 0.942727 0.719866
vt 0.715301 0.136504
vt 0.951571 0.690862
vt 0.846510 0.765347
vt 0.844690 0.770464
vt 0.846628 0.755179
vt 0.848900 0.752541
vt 0.845444 0.747288
vt 0.849658 0.747030
vt 0.847872 0.737136
vt 0.845270 0.740989
vt 0.373902 0.532314
vt 0.373902 0.527948
vt 0.370387 0.528431
vt 0.258660 0.294091
vt 0.266853 0.290655
vt 0.281607 0.294436
vt 0.268676 0.278294
vt 0.282057 0.302061
vt 0.279880 0.295430
vt 0.282890 0.296868
vt 0.873281 0.631004
vt 0.878223 0.634778
vt 0.873309 0.634435
vt 0.867020 0.641638
vt 0.868188 0.639155
vt 0.873256 0.638651
vt 0.281279 0.280989
vt 0.277333 0.270250
vt 0.281922 0.279793
vt 0.875209 0.636064
vt 0.280898 0.275696
vt 0.276426 0.266224
vt 0.274376 0.263862
vt 0.272441 0.263975
vt 0.765512 0.390214
vt 0.765549 0.393207
vt 0.761559 0.395512
vt 0.888057 0.641779
vt 0.892533 0.643430
vt 0.886734 0.639005
vt 0.763162 0.391025
vt 0.757946 0.404410
vt 0.758781 0.395531
vt 0.767068 0.394198
vt 0.765069 0.405367
vt 0.755100 0.406813
vt 0.900741 0.646318
vt 0.261661 0.283958
vt 0.257564 0.278694
vt 0.258098 0.271892
vt 0.276118 0.283694
vt 0.256715 0.275501
vt 0.785403 0.386114
vt 0.786899 0.385598
vt 0.784353 0.389243
vt 0.262931 0.261684
vt 0.182863 0.943326
vt 0.183648 0.929496
vt 0.175733 0.939454
vt 0.779139 0.160413
vt 0.784397 0.173828
vt 0.816953 0.172078
vt 0.803658 0.176358
vt 0.797225 0.176417
vt 0.177206 0.923333
vt 0.185852 0.911645
vt 0.786578 0.477708
vt 0.765017 0.111753
vt 0.773192 0.128704
vt 0.763361 0.140113
vt 0.760552 0.150680
vt 0.759112 0.143230
vt 0.763170 0.155543
vt 0.789527 0.473897
vt 0.787287 0.467986
vt 0.799347 0.065632
vt 0.802244 0.070029
vt 0.787616 0.075127
vt 0.265703 0.306337
vt 0.260113 0.297077
vt 0.268505 0.297206
vt 0.989233 0.656429
vt 0.990773 0.658944
vt 0.986418 0.660701
vt 0.807817 0.068169
vt 0.816255 0.072884
vt 0.988744 0.647219
vt 0.988824 0.640809
vt 0.978630 0.651748
vt 0.862478 0.010070
vt 0.860493 0.007789
vt 0.860479 0.011177
vt 0.858665 0.006968
vt 0.856505 0.006932
vt 0.855421 0.009610
vt 0.855191 0.011620
vt 0.852812 0.010430
vt 0.853653 0.006550
vt 0.484601 0.057927
vt 0.491652 0.057786
vt 0.486823 0.056336
vt 0.489514 0.053911
vt 0.487595 0.054285
vt 0.489459 0.051700
vt 0.491652 0.051092
vt 0.794450 0.085506
vt 0.258432 0.285798
vt 0.257178 0.283566
vt 0.778360 0.072309
vt 0.769578 0.086471
vt 0.256178 0.288553
vt 0.778363 0.095383
vt 0.762625 0.099914
vt 0.776666 0.068539
vt 0.770729 0.068976
vt 0.770676 0.082666
vt 0.789543 0.398856
vt 0.789294 0.402472
vt 0.787051 0.402269
vt 0.765155 0.074034
vt 0.783954 0.075281
vt 0.759799 0.114955
vt 0.758052 0.119821
vt 0.756151 0.134594
vt 0.785627 0.433373
vt 0.784171 0.438012
vt 0.763574 0.082736
vt 0.783169 0.404098
vt 0.783967 0.392321
vt 0.786199 0.417701
vt 0.767487 0.085649
vt 0.763145 0.086637
vt 0.781439 0.391941
vt 0.262104 0.266350
vt 0.261392 0.261976
vt 0.783536 0.400839
vt 0.782214 0.399453
vt 0.780039 0.395060
vt 0.779419 0.402118
vt 0.762195 0.081465
vt 0.759461 0.084353
vt 0.775553 0.395704
vt 0.773641 0.399603
vt 0.258107 0.268454
vt 0.268016 0.255959
vt 0.769321 0.404219
vt 0.264284 0.255445
vt 0.766403 0.402131
vt 0.270276 0.306217
vt 0.280664 0.307243
vt 0.277908 0.314631
vt 0.982811 0.637458
vt 0.986356 0.634498
vt 0.982224 0.640554
vt 0.987571 0.636355
vt 0.279443 0.314033
vt 0.280891 0.317467
vt 0.283392 0.315029
vt 0.979454 0.643241
vt 0.282359 0.310098
vt 0.274790 0.312913
vt 0.467970 0.899968
vt 0.512347 0.957698
vt 0.722260 0.123017
vt 0.717327 0.091871
vt 0.709947 0.103441
vt 0.712617 0.059453
vt 0.709741 0.092030
vt 0.955382 0.705785
vt 0.964474 0.698044
vt 0.959330 0.704007
vt 0.708714 0.096237
vt 0.950599 0.711333
vt 0.963981 0.692306
vt 0.965280 0.694726
vt 0.547498 0.947951
vt 0.543388 0.949226
vt 0.504834 0.979871
vt 0.493733 0.985590
vt 0.510528 0.979823
vt 0.707844 0.083715
vt 0.507272 0.981179
vt 0.516688 0.967431
vt 0.968805 0.695316
vt 0.707924 0.065328
vt 0.710254 0.066604
vt 0.526802 0.958886
vt 0.537640 0.952192
vt 0.713162 0.049458
vt 0.713612 0.039665
vt 0.715985 0.041211
vt 0.710848 0.062797
vt 0.709884 0.060217
vt 0.523684 0.964887
vt 0.521051 0.964067
vt 0.711380 0.052691
vt 0.530156 0.957816
vt 0.732941 0.049333
vt 0.722266 0.036939
vt 0.716083 0.038565
vt 0.537663 0.954800
vt 0.520472 0.966718
vt 0.518017 0.969637
vt 0.950176 0.687092
vt 0.704135 0.476249
vt 0.696206 0.476042
vt 0.610082 0.917419
vt 0.612165 0.931007
vt 0.688256 0.461072
vt 0.646059 0.542695
vt 0.648740 0.545707
vt 0.591997 0.959517
vt 0.694734 0.475877
vt 0.689750 0.468503
vt 0.611737 0.960477
vt 0.607588 0.966167
vt 0.684974 0.456266
vt 0.686548 0.453548
vt 0.640780 0.537318
vt 0.640842 0.540375
vt 0.642639 0.535618
vt 0.632435 0.542071
vt 0.630151 0.545846
vt 0.627662 0.542368
vt 0.615981 0.955961
vt 0.610699 0.962977
vt 0.635185 0.542744
vt 0.603558 0.966302
vt 0.618190 0.949651
vt 0.700907 0.481444
vt 0.708679 0.501626
vt 0.700508 0.483961
vt 0.709619 0.498990
vt 0.738865 0.037366
vt 0.743787 0.036266
vt 0.735323 0.036872
vt 0.739592 0.502160
vt 0.736320 0.503595
vt 0.742019 0.050317
vt 0.740048 0.046558
vt 0.745606 0.051658
vt 0.894258 0.499151
vt 0.893604 0.495024
vt 0.555598 0.947844
vt 0.724741 0.509546
vt 0.720100 0.513833
vt 0.714329 0.509355
vt 0.732282 0.038355
vt 0.734407 0.506348
vt 0.667561 0.761644
vt 0.660205 0.756115
vt 0.598597 0.730993
vt 0.594422 0.732328
vt 0.597590 0.727135
vt 0.601236 0.725436
vt 0.605962 0.724823
vt 0.609723 0.723489
vt 0.604434 0.722630
vt 0.608115 0.721097
vt 0.618190 0.739024
vt 0.614620 0.719075
vt 0.617077 0.730207
vt 0.610918 0.720125
vt 0.682786 0.776315
vt 0.682609 0.779350
vt 0.617992 0.725046
vt 0.691670 0.772653
vt 0.690853 0.777871
vt 0.688013 0.780185
vt 0.691855 0.785671
vt 0.616640 0.718086
vt 0.668514 0.766391
vt 0.685883 0.780844
vt 0.942807 0.764060
vt 0.918058 0.783441
vt 0.938207 0.753089
vt 0.940270 0.759144
vt 0.956668 0.781672
vt 0.585773 0.662620
vt 0.427520 0.916693
vt 0.428616 0.897268
vt 0.412736 0.896110
vt 0.401584 0.900740
vt 0.420292 0.892153
vt 0.425137 0.891267
vt 0.641460 0.434307
vt 0.636518 0.434418
vt 0.634465 0.429572
vt 0.968699 0.795923
vt 0.963302 0.798623
vt 0.644330 0.431155
vt 0.430170 0.893650
vt 0.635545 0.423732
vt 0.991239 0.274644
vt 0.993343 0.278782
vt 0.996159 0.276547
vt 0.997087 0.286403
vt 0.998807 0.272646
vt 0.992032 0.264891
vt 0.993352 0.266022
vt 0.434757 0.052705
vt 0.443487 0.049133
vt 0.436126 0.058902
vt 0.432777 0.057295
vt 0.525600 0.533542
vt 0.988841 0.260498
vt 0.992328 0.257345
vt 0.443934 0.047363
vt 0.453155 0.045843
vt 0.997379 0.302784
vt 0.378947 0.522843
vt 0.383928 0.521504
vt 0.568908 0.472451
vt 0.564866 0.476346
vt 0.564681 0.471278
vt 0.574247 0.453808
vt 0.571280 0.458552
vt 0.573558 0.463168
vt 0.570582 0.454314
vt 0.572983 0.467329
vt 0.537127 0.511244
vt 0.535541 0.532890
vt 0.447784 0.052389
vt 0.441707 0.058732
vt 0.191120 0.925993
vt 0.190220 0.926277
vt 0.190198 0.917467
vt 0.446361 0.053925
vt 0.447004 0.061238
vt 0.550042 0.485072
vt 0.556704 0.484373
vt 0.547079 0.488511
vt 0.571351 0.499661
vt 0.959161 0.455772
vt 0.961335 0.455631
vt 0.704458 0.017101
vt 0.708990 0.018446
vt 0.712645 0.017938
vt 0.712497 0.014592
vt 0.724049 0.012975
vt 0.716639 0.020525
vt 0.661891 0.110808
vt 0.660098 0.114047
vt 0.537599 0.493239
vt 0.546184 0.485325
vt 0.660167 0.123375
vt 0.538031 0.503437
vt 0.646217 0.116722
vt 0.647070 0.118865
vt 0.661473 0.126743
vt 0.691237 0.013712
vt 0.692200 0.015214
vt 0.699576 0.017739
vt 0.961408 0.451432
vt 0.697313 0.014726
vt 0.453867 0.059976
vt 0.451940 0.061541
vt 0.960049 0.474508
vt 0.959041 0.470670
vt 0.453537 0.048932
vt 0.453213 0.053825
vt 0.568747 0.467863
vt 0.617223 0.471101
vt 0.536110 0.533589
vt 0.586921 0.514387
vt 0.618790 0.492577
vt 0.612329 0.966954
vt 0.615622 0.963219
vt 0.629889 0.548500
vt 0.554738 0.131138
vt 0.557382 0.130461
vt 0.987435 0.260614
vt 0.985065 0.264936
vt 0.983149 0.269001
vt 0.394779 0.521742
vt 0.397215 0.520655
vt 0.400996 0.903416
vt 0.652541 0.414105
vt 0.653757 0.417274
vt 0.651742 0.417591
vt 0.405767 0.897810
vt 0.403341 0.897979
vt 0.408553 0.896112
vt 0.649655 0.421203
vt 0.646686 0.424302
vt 0.517904 0.800668
vt 0.530992 0.790460
vt 0.523857 0.823794
vt 0.471576 0.887099
vt 0.507035 0.810085
vt 0.528832 0.788791
vt 0.548458 0.773803
vt 0.555691 0.764225
vt 0.556764 0.769731
vt 0.541074 0.777534
vt 0.577301 0.745480
vt 0.564556 0.756848
vt 0.141990 0.959046
vt 0.455066 0.896577
vt 0.443132 0.884652
vt 0.163926 0.907410
vt 0.154303 0.907313
vt 0.763338 0.224355
vt 0.751965 0.204528
vt 0.767664 0.236224
vt 0.761543 0.218249
vt 0.757297 0.198911
vt 0.753307 0.202645
vt 0.762713 0.202428
vt 0.766733 0.205321
vt 0.761522 0.197163
vt 0.539104 0.750655
vt 0.536467 0.744378
vt 0.539104 0.738428
vt 0.769979 0.217194
vt 0.762713 0.202428
vt 0.236819 0.215284
vt 0.234188 0.203120
vt 0.236819 0.198690
vt 0.232425 0.214803
vt 0.777985 0.224145
vt 0.773236 0.215034
vt 0.765166 0.191176
vt 0.762181 0.190228
vt 0.777738 0.215682
vt 0.974821 0.723312
vt 0.972356 0.724626
vt 0.970522 0.718426
vt 0.745467 0.179786
vt 0.739554 0.177032
vt 0.736656 0.185120
vt 0.738462 0.189649
vt 0.756638 0.192974
vt 0.742358 0.220977
vt 0.765228 0.237627
vt 0.736078 0.212305
vt 0.976740 0.703331
vt 0.735214 0.208258
vt 0.729888 0.192483
vt 0.973803 0.702718
vt 0.738993 0.195931
vt 0.003076 0.474395
vt 0.007469 0.472282
vt 0.007469 0.479039
vt 0.971722 0.686026
vt 0.004029 0.467686
vt 0.734828 0.214639
vt 0.748243 0.973953
vt 0.759439 0.974236
vt 0.758258 0.971616
vt 0.742504 0.230570
vt 0.747098 0.233389
vt 0.742549 0.226838
vt 0.119092 0.575065
vt 0.117311 0.579342
vt 0.117400 0.570497
vt 0.745161 0.240769
vt 0.742693 0.247010
vt 0.743908 0.249814
vt 0.750250 0.254972
vt 0.989895 0.973607
vt 0.985906 0.939301
vt 0.987330 0.947266
vt 0.740176 0.239935
vt 0.755330 0.237211
vt 0.741403 0.223154
vt 0.779877 0.971616
vt 0.989895 0.950750
vt 0.757997 0.242168
vt 0.984622 0.961422
vt 0.805990 0.783833
vt 0.800191 0.774851
vt 0.818610 0.782137
vt 0.810199 0.788248
vt 0.832481 0.772644
vt 0.823085 0.779148
vt 0.834361 0.776387
vt 0.825206 0.784122
vt 0.818398 0.787617
vt 0.727664 0.181340
vt 0.732990 0.181123
vt 0.728411 0.176112
vt 0.735961 0.190356
vt 0.737430 0.174280
vt 0.976714 0.727948
vt 0.796882 0.766148
vt 0.811947 0.762016
vt 0.799993 0.771330
vt 0.815241 0.768254
vt 0.829907 0.759333
vt 0.828783 0.762671
vt 0.820512 0.767769
vt 0.939490 0.249840
vt 0.944200 0.245852
vt 0.944200 0.255459
vt 0.938928 0.254465
vt 0.833020 0.763808
vt 0.833946 0.768456
vt 0.730014 0.206529
vt 0.725766 0.192302
vt 0.722590 0.195289
vt 0.013620 0.145415
vt 0.003954 0.145415
vt 0.005382 0.148219
vt 0.009404 0.149782
vt 0.816383 0.752196
vt 0.817364 0.745717
vt 0.819568 0.754356
vt 0.824482 0.752335
vt 0.719231 0.188361
vt 0.729674 0.184993
vt 0.725879 0.180895
vt 0.817909 0.758981
vt 0.814720 0.763858
vt 0.704291 0.193066
vt 0.704450 0.197813
vt 0.712749 0.195235
vt 0.721242 0.191666
vt 0.731009 0.187997
vt 0.764671 0.246792
vt 0.554921 0.619020
vt 0.551775 0.626510
vt 0.551406 0.618777
vt 0.775101 0.253376
vt 0.770230 0.243122
vt 0.422874 0.479064
vt 0.392000 0.457263
vt 0.394594 0.473918
vt 0.759427 0.181511
vt 0.754493 0.176443
vt 0.751234 0.174939
vt 0.382944 0.472281
vt 0.367614 0.459878
vt 0.367576 0.473073
vt 0.758991 0.185633
vt 0.750032 0.180811
vt 0.375344 0.473000
vt 0.391878 0.475742
vt 0.386025 0.475340
vt 0.734832 0.214636
vt 0.727865 0.224571
vt 0.731481 0.228818
vt 0.738190 0.232323
vt 0.738809 0.229576
vt 0.125226 0.573723
vt 0.124117 0.579344
vt 0.123074 0.574417
vt 0.740382 0.248313
vt 0.740614 0.246431
vt 0.119904 0.567423
vt 0.121271 0.575702
vt 0.122271 0.582096
vt 0.732122 0.235309
vt 0.739300 0.240907
vt 0.736978 0.238603
vt 0.737279 0.241533
vt 0.126977 0.581172
vt 0.122232 0.569265
vt 0.123622 0.571132
vt 0.739110 0.241766
vt 0.733983 0.252246
vt 0.741507 0.260032
vt 0.729784 0.251048
vt 0.731619 0.250130
vt 0.963990 0.401054
vt 0.961191 0.406506
vt 0.964228 0.404707
vt 0.717073 0.208846
vt 0.715326 0.192919
vt 0.718030 0.196285
vt 0.721531 0.221320
vt 0.722892 0.219654
vt 0.719443 0.217399
vt 0.714802 0.224762
vt 0.721405 0.226033
vt 0.409051 0.053076
vt 0.415071 0.055470
vt 0.410756 0.058952
vt 0.726641 0.229394
vt 0.722107 0.213734
vt 0.224517 0.170875
vt 0.216600 0.170875
vt 0.221561 0.175983
vt 0.217694 0.174349
vt 0.725029 0.218020
vt 0.725460 0.221359
vt 0.681575 0.001427
vt 0.684974 0.000437
vt 0.684974 0.005677
vt 0.678823 0.003884
vt 0.723302 0.247550
vt 0.728981 0.235815
vt 0.726634 0.229394
vt 0.563708 0.282919
vt 0.561448 0.285153
vt 0.560193 0.280923
vt 0.563708 0.277293
vt 0.732114 0.235364
vt 0.126977 0.566376
vt 0.707234 0.223620
vt 0.700903 0.231603
vt 0.700562 0.204287
vt 0.710048 0.217266
vt 0.903779 0.215284
vt 0.903588 0.223117
vt 0.898685 0.216308
vt 0.415069 0.042358
vt 0.714049 0.220154
vt 0.708046 0.208717
vt 0.895870 0.220670
vt 0.704037 0.199211
vt 0.827777 0.746266
vt 0.828991 0.750574
vt 0.696148 0.228642
vt 0.696928 0.222324
vt 0.693774 0.219741
vt 0.672671 0.604910
vt 0.677946 0.600662
vt 0.677944 0.610917
vt 0.691314 0.219791
vt 0.099210 0.596070
vt 0.098858 0.592793
vt 0.104130 0.584716
vt 0.770110 0.279630
vt 0.777012 0.305462
vt 0.775049 0.287080
vt 0.780747 0.302416
vt 0.777464 0.287857
vt 0.046134 0.687773
vt 0.035456 0.687773
vt 0.040333 0.690393
vt 0.031195 0.690369
vt 0.785562 0.309560
vt 0.782809 0.293091
vt 0.780662 0.291049
vt 0.781481 0.287160
vt 0.778116 0.282785
vt 0.104130 0.593878
vt 0.774421 0.278268
vt 0.774421 0.278268
vt 0.767386 0.256776
vt 0.784828 0.288609
vt 0.236819 0.037991
vt 0.232351 0.036556
vt 0.236819 0.034288
vt 0.232114 0.028339
vt 0.770138 0.276462
vt 0.777937 0.262999
vt 0.782678 0.268494
vt 0.781270 0.262741
vt 0.783803 0.262695
vt 0.575134 0.960472
vt 0.577768 0.959389
vt 0.575132 0.966376
vt 0.782096 0.272871
vt 0.577768 0.965805
vt 0.987362 0.974236
vt 0.763812 0.254769
vt 0.767047 0.246434
vt 0.768494 0.244967
vt 0.768791 0.253274
vt 0.747886 0.993949
vt 0.742183 0.994707
vt 0.748243 0.996581
vt 0.554921 0.627511
vt 0.768493 0.244966
vt 0.761507 0.256565
vt 0.038299 0.991703
vt 0.042619 0.990238
vt 0.032953 0.987336
vt 0.755211 0.264689
vt 0.763812 0.254769
vt 0.041192 0.987336
vt 0.741472 0.992576
vt 0.773358 0.257890
vt 0.734921 0.993668
vt 0.770598 0.250952
vt 0.737442 0.996943
vt 0.727997 0.993136
vt 0.743461 0.264627
vt 0.755656 0.273002
vt 0.754084 0.265920
vt 0.751285 0.258862
vt 0.758298 0.284088
vt 0.757378 0.278745
vt 0.772847 0.055229
vt 0.770211 0.062844
vt 0.770939 0.051092
vt 0.772847 0.063319
vt 0.681826 0.548098
vt 0.687955 0.549782
vt 0.689367 0.546288
vt 0.756337 0.271091
vt 0.760848 0.277961
vt 0.760920 0.282821
vt 0.748791 0.254419
vt 0.750250 0.254972
vt 0.680580 0.546288
vt 0.457727 0.480963
vt 0.466240 0.480876
vt 0.477682 0.470504
vt 0.798330 0.983843
vt 0.798330 0.989083
vt 0.793937 0.984290
vt 0.475565 0.480617
vt 0.449872 0.467089
vt 0.795370 0.254384
vt 0.798252 0.251309
vt 0.794176 0.244463
vt 0.472047 0.483238
vt 0.482233 0.483492
vt 0.498723 0.481587
vt 0.364152 0.474661
vt 0.361307 0.474674
vt 0.368299 0.476321
vt 0.824700 0.796124
vt 0.824479 0.800858
vt 0.816408 0.797055
vt 0.820082 0.801943
vt 0.817255 0.801643
vt 0.743464 0.175326
vt 0.828128 0.803243
vt 0.823287 0.803930
vt 0.829641 0.795803
vt 0.832746 0.799353
vt 0.353679 0.487806
vt 0.328596 0.478786
vt 0.349480 0.492246
vt 0.360178 0.479192
vt 0.817048 0.791535
vt 0.813656 0.788939
vt 0.360618 0.484696
vt 0.733174 0.173565
vt 0.357149 0.487192
vt 0.820967 0.791160
vt 0.824443 0.791819
vt 0.784273 0.241230
vt 0.790165 0.240547
vt 0.433516 0.478841
vt 0.451952 0.482470
vt 0.784740 0.236586
vt 0.781675 0.232601
vt 0.783923 0.223978
vt 0.646309 0.579476
vt 0.650049 0.582969
vt 0.652516 0.579476
vt 0.076889 0.506689
vt 0.073552 0.512227
vt 0.073374 0.504826
vt 0.778036 0.227783
vt 0.780621 0.236308
vt 0.076889 0.502620
vt 0.781676 0.232601
vt 0.655097 0.582837
vt 0.781519 0.225653
vt 0.755087 0.086026
vt 0.757030 0.090479
vt 0.754394 0.093549
vt 0.058436 0.145622
vt 0.063285 0.146771
vt 0.064902 0.137761
vt 0.065406 0.133727
vt 0.061417 0.137256
vt 0.790224 0.311589
vt 0.787270 0.304206
vt 0.772609 0.316338
vt 0.774875 0.314979
vt 0.773374 0.299810
vt 0.060900 0.153216
vt 0.072328 0.142468
vt 0.802279 0.277250
vt 0.804161 0.281057
vt 0.811555 0.278523
vt 0.250879 0.273537
vt 0.247364 0.268961
vt 0.250879 0.265065
vt 0.012742 0.814410
vt 0.014506 0.817904
vt 0.018558 0.814410
vt 0.018893 0.817892
vt 0.806302 0.286471
vt 0.801723 0.283971
vt 0.800913 0.272024
vt 0.810662 0.282987
vt 0.803159 0.265605
vt 0.796216 0.270363
vt 0.802632 0.258852
vt 0.786846 0.278637
vt 0.788501 0.294763
vt 0.556120 0.727821
vt 0.550633 0.725120
vt 0.548455 0.727292
vt 0.791017 0.302387
vt 0.792390 0.282603
vt 0.801727 0.283971
vt 0.790013 0.277018
vt 0.796952 0.275066
vt 0.796441 0.293027
vt 0.798516 0.289451
vt 0.803540 0.291433
vt 0.562830 0.725896
vt 0.556954 0.723647
vt 0.797086 0.298488
vt 0.799398 0.278873
vt 0.069859 0.169869
vt 0.065466 0.166362
vt 0.069859 0.163898
vt 0.065739 0.161135
vt 0.785074 0.273017
vt 0.785255 0.268552
vt 0.545255 0.723581
vt 0.702548 0.138219
vt 0.699033 0.139301
vt 0.702548 0.132314
vt 0.699145 0.134039
vt 0.800060 0.294728
vt 0.757030 0.095633
vt 0.763826 0.291989
vt 0.378144 0.879039
vt 0.380931 0.884050
vt 0.377417 0.884562
vt 0.380931 0.893886
vt 0.828310 0.735490
vt 0.834359 0.737529
vt 0.821857 0.736867
vt 0.833682 0.731441
vt 0.695013 0.195218
vt 0.701533 0.198063
vt 0.703600 0.191915
vt 0.691197 0.205899
vt 0.690221 0.213989
vt 0.696493 0.203231
vt 0.697510 0.169617
vt 0.705418 0.171611
vt 0.705242 0.169517
vt 0.705719 0.167029
vt 0.311880 0.070101
vt 0.304701 0.069251
vt 0.302274 0.079036
vt 0.691550 0.183162
vt 0.710154 0.177199
vt 0.289512 0.067376
vt 0.299384 0.066544
vt 0.684254 0.168612
vt 0.684065 0.171122
vt 0.691109 0.168347
vt 0.012742 0.438066
vt 0.017135 0.430131
vt 0.017135 0.438865
vt 0.694756 0.190889
vt 0.690943 0.188928
vt 0.692096 0.195429
vt 0.013653 0.433771
vt 0.950008 0.301447
vt 0.954745 0.300873
vt 0.954745 0.309868
vt 0.670814 0.183167
vt 0.671066 0.196897
vt 0.659907 0.173896
vt 0.663925 0.170996
vt 0.670516 0.170451
vt 0.673146 0.181294
vt 0.688527 0.185409
vt 0.091252 0.132557
vt 0.094326 0.126287
vt 0.079902 0.136984
vt 0.772371 0.322336
vt 0.774467 0.324096
vt 0.774467 0.318262
vt 0.770743 0.335316
vt 0.072736 0.139578
vt 0.766970 0.326526
vt 0.768451 0.336035
vt 0.093326 0.133858
vt 0.095939 0.129621
vt 0.775989 0.824891
vt 0.776427 0.807284
vt 0.779004 0.802116
vt 0.668381 0.831004
vt 0.671793 0.830768
vt 0.671335 0.827511
vt 0.665641 0.827511
vt 0.743237 0.357723
vt 0.760653 0.355363
vt 0.765413 0.337694
vt 0.765530 0.342103
vt 0.068515 0.133532
vt 0.069614 0.129196
vt 0.067118 0.128417
vt 0.767729 0.341953
vt 0.767221 0.346415
vt 0.771944 0.344922
vt 0.075251 0.140752
vt 0.759775 0.333286
vt 0.744120 0.352955
vt 0.763942 0.331875
vt 0.718152 0.252441
vt 0.721326 0.249417
vt 0.705089 0.249982
vt 0.700846 0.239688
vt 0.631565 0.758515
vt 0.625315 0.758515
vt 0.628728 0.763755
vt 0.684683 0.243266
vt 0.686930 0.237713
vt 0.683097 0.236563
vt 0.736442 0.171315
vt 0.741090 0.172283
vt 0.746894 0.162185
vt 0.332243 0.519377
vt 0.329444 0.514794
vt 0.329059 0.519898
vt 0.726176 0.163417
vt 0.735357 0.157908
vt 0.730086 0.158749
vt 0.326952 0.514073
vt 0.275962 0.077843
vt 0.269679 0.066703
vt 0.258705 0.068740
vt 0.261244 0.066062
vt 0.773377 0.351530
vt 0.775440 0.356894
vt 0.779282 0.346602
vt 0.325959 0.503876
vt 0.313810 0.502497
vt 0.325342 0.509591
vt 0.328205 0.506168
vt 0.776392 0.347536
vt 0.787561 0.329617
vt 0.248882 0.178603
vt 0.251106 0.182969
vt 0.252871 0.178603
vt 0.783437 0.351684
vt 0.776962 0.358747
vt 0.813361 0.295804
vt 0.811414 0.288889
vt 0.814880 0.293484
vt 0.508916 0.486341
vt 0.514994 0.484938
vt 0.502739 0.484462
vt 0.248515 0.273799
vt 0.529012 0.473516
vt 0.506977 0.465623
vt 0.500247 0.461164
vt 0.806166 0.290951
vt 0.784525 0.368360
vt 0.800667 0.299435
vt 0.806238 0.319314
vt 0.968386 0.751465
vt 0.966324 0.748035
vt 0.962864 0.750649
vt 0.786425 0.356479
vt 0.015378 0.824017
vt 0.011330 0.824017
vt 0.014799 0.827398
vt 0.807985 0.307350
vt 0.788572 0.360316
vt 0.805387 0.321165
vt 0.791522 0.362808
vt 0.970562 0.748035
vt 0.815895 0.306827
vt 0.528913 0.489546
vt 0.516672 0.487433
vt 0.534885 0.478411
vt 0.898506 0.469331
vt 0.898506 0.472926
vt 0.893234 0.466812
vt 0.803542 0.295396
vt 0.894071 0.472430
vt 0.796590 0.311384
vt 0.799794 0.310051
vt 0.794764 0.326233
vt 0.794770 0.326216
vt 0.705185 0.033624
vt 0.707298 0.036989
vt 0.709666 0.033624
vt 0.710457 0.037991
vt 0.805773 0.308729
vt 0.793514 0.339470
vt 0.010984 0.828384
vt 0.255272 0.181536
vt 0.673573 0.219048
vt 0.665267 0.203720
vt 0.657194 0.217105
vt 0.024928 0.776105
vt 0.025923 0.768996
vt 0.013465 0.776857
vt 0.647346 0.221352
vt 0.633142 0.230872
vt 0.650767 0.223220
vt 0.653785 0.217338
vt 0.896494 0.619358
vt 0.902900 0.617031
vt 0.895870 0.623986
vt 0.902900 0.624017
vt 0.657143 0.210719
vt 0.656062 0.225006
vt 0.663927 0.223623
vt 0.743945 0.159773
vt 0.741663 0.155972
vt 0.736910 0.155895
vt 0.324001 0.518325
vt 0.712700 0.174667
vt 0.722982 0.167189
vt 0.716215 0.163366
vt 0.727597 0.166044
vt 0.722767 0.164136
vt 0.498596 0.996959
vt 0.494288 0.990830
vt 0.495096 0.994056
vt 0.722900 0.161562
vt 0.730147 0.174305
vt 0.808479 0.757466
vt 0.499561 0.990830
vt 0.801103 0.760454
vt 0.710912 0.168094
vt 0.276809 0.067502
vt 0.270568 0.064192
vt 0.711468 0.165709
vt 0.612962 0.146953
vt 0.613796 0.150829
vt 0.608872 0.152402
vt 0.609236 0.145970
vt 0.716062 0.179820
vt 0.711265 0.180799
vt 0.688233 0.227933
vt 0.685463 0.221965
vt 0.687490 0.213557
vt 0.784271 0.983052
vt 0.783278 0.978603
vt 0.777280 0.979695
vt 0.681499 0.217220
vt 0.282419 0.066829
vt 0.711021 0.171281
vt 0.712768 0.188544
vt 0.547891 0.475970
vt 0.545703 0.476419
vt 0.547891 0.469432
vt 0.544698 0.470183
vt 0.707117 0.173434
vt 0.543497 0.474987
vt 0.613796 0.141921
vt 0.692184 0.201011
vt 0.126313 0.976856
vt 0.124341 0.971379
vt 0.129613 0.976282
vt 0.129613 0.968122
vt 0.778135 0.985265
vt 0.770211 0.978603
vt 0.696493 0.203231
vt 0.670754 0.201375
vt 0.046348 0.012282
vt 0.046850 0.007902
vt 0.039965 0.013941
vt 0.045450 0.015332
vt 0.050216 0.010858
vt 0.753752 0.293626
vt 0.758009 0.308854
vt 0.762709 0.303539
vt 0.794411 0.311698
vt 0.248243 0.182414
vt 0.793249 0.307111
vt 0.068230 0.139680
vt 0.767603 0.332737
vt 0.768273 0.336673
vt 0.060703 0.132570
vt 0.063451 0.125333
vt 0.334425 0.498680
vt 0.341344 0.497282
vt 0.796931 0.770938
vt 0.795694 0.775239
vt 0.744210 0.176220
vt 0.748843 0.174740
vt 0.745502 0.171979
vt 0.797750 0.779111
vt 0.749319 0.167857
vt 0.740857 0.175328
vt 0.746849 0.158415
vt 0.329604 0.502691
vt 0.748175 0.279486
vt 0.746001 0.281333
vt 0.074873 0.143411
vt 0.079855 0.139797
vt 0.765328 0.326481
vt 0.764527 0.299253
vt 0.355162 0.457152
vt 0.316629 0.463055
vt 0.335381 0.449075
vt 0.728445 0.253642
vt 0.734155 0.260148
vt 0.730839 0.255045
vt 0.959139 0.400437
vt 0.737380 0.259412
vt 0.053594 0.006600
vt 0.065447 0.011826
vt 0.049145 0.004043
vt 0.054281 0.003930
vt 0.740862 0.264919
vt 0.047012 0.987336
vt 0.051074 0.990424
vt 0.059315 0.987336
vt 0.058501 0.990830
vt 0.761076 0.291571
vt 0.635392 0.221577
vt 0.621653 0.234780
vt 0.628713 0.236185
vt 0.782047 0.817241
vt 0.665782 0.231384
vt 0.015130 0.771097
vt 0.670387 0.229119
vt 0.675298 0.226627
vt 0.012094 0.772890
vt 0.673290 0.232489
vt 0.447715 0.939301
vt 0.441564 0.934061
vt 0.441995 0.938002
vt 0.447504 0.934061
vt 0.677700 0.229024
vt 0.682337 0.226692
vt 0.008185 0.768996
vt 0.688158 0.234487
vt 0.689024 0.243756
vt 0.673235 0.592794
vt 0.634886 0.761885
vt 0.625220 0.763220
vt 0.030316 0.144542
vt 0.042736 0.149782
vt 0.043474 0.144543
vt 0.005115 0.776653
vt 0.003076 0.771802
vt 0.684727 0.230649
vt 0.675803 0.222329
vt 0.113475 0.594401
vt 0.113418 0.597304
vt 0.119934 0.590481
vt 0.207373 0.600818
vt 0.206336 0.617542
vt 0.220067 0.604962
vt 0.502799 0.447140
vt 0.501115 0.444172
vt 0.497891 0.447913
vt 0.500918 0.449968
vt 0.503188 0.453053
vt 0.498844 0.453226
vt 0.493855 0.447802
vt 0.116166 0.590673
vt 0.506880 0.461979
vt 0.467324 0.455048
vt 0.471775 0.446359
vt 0.464942 0.444810
vt 0.128009 0.590442
vt 0.136749 0.598435
vt 0.140591 0.591083
vt 0.147004 0.592599
vt 0.485205 0.447348
vt 0.489677 0.449638
vt 0.499636 0.456916
vt 0.448709 0.445965
vt 0.162285 0.592001
vt 0.197531 0.597511
vt 0.410616 0.442214
vt 0.399757 0.439114
vt 0.380756 0.437537
vt 0.123707 0.588511
vt 0.502858 0.455311
vt 0.374757 0.437029
vt 0.214284 0.602439
vt 0.386889 0.436321
vt 0.295476 0.456203
vt 0.295279 0.499970
vt 0.231836 0.631554
vt 0.234014 0.609955
vt 0.365293 0.436385
vt 0.245053 0.621316
vt 0.269711 0.611225
vt 0.259679 0.612555
vt 0.346274 0.429515
vt 0.336196 0.429243
vt 0.375682 0.434537
vt 0.371960 0.433218
vt 0.231750 0.606031
vt 0.226154 0.604720
vt 0.230583 0.608304
vt 0.240683 0.607210
vt 0.247742 0.611784
vt 0.358197 0.431438
vt 0.595193 0.277402
vt 0.588964 0.289579
vt 0.601528 0.276668
vt 0.591370 0.297410
vt 0.610371 0.289324
vt 0.592023 0.262025
vt 0.608148 0.266830
vt 0.595968 0.249869
vt 0.527751 0.983991
vt 0.529010 0.973362
vt 0.532953 0.978890
vt 0.602267 0.270022
vt 0.532953 0.986016
vt 0.622930 0.260392
vt 0.611683 0.252694
vt 0.614461 0.293884
vt 0.689367 0.121834
vt 0.687944 0.131725
vt 0.684807 0.126234
vt 0.606720 0.272252
vt 0.529266 0.990830
vt 0.619241 0.260445
vt 0.609651 0.247168
vt 0.036909 0.528791
vt 0.047347 0.530291
vt 0.064487 0.527240
vt 0.737955 0.275636
vt 0.199464 0.164542
vt 0.198107 0.146562
vt 0.205184 0.168910
vt 0.974956 0.948250
vt 0.971440 0.957642
vt 0.970562 0.945860
vt 0.686610 0.348700
vt 0.693018 0.338063
vt 0.689049 0.330246
vt 0.960998 0.248650
vt 0.957305 0.243231
vt 0.955624 0.251423
vt 0.692300 0.422782
vt 0.697276 0.434498
vt 0.689367 0.430881
vt 0.914323 0.211790
vt 0.918302 0.215284
vt 0.921602 0.211790
vt 0.667550 0.344525
vt 0.674291 0.347731
vt 0.672185 0.341699
vt 0.679575 0.348157
vt 0.680552 0.336024
vt 0.666589 0.368079
vt 0.681092 0.359050
vt 0.697276 0.418777
vt 0.929262 0.214131
vt 0.688470 0.352583
vt 0.682865 0.366883
vt 0.697558 0.344929
vt 0.877416 0.910453
vt 0.877572 0.899203
vt 0.882907 0.896465
vt 0.692891 0.364320
vt 0.706518 0.365806
vt 0.699739 0.364065
vt 0.883568 0.914847
vt 0.726780 0.325552
vt 0.733695 0.334829
vt 0.728389 0.288274
vt 0.739555 0.304919
vt 0.197206 0.137712
vt 0.735812 0.334281
vt 0.732113 0.343494
vt 0.734836 0.354028
vt 0.205185 0.128821
vt 0.712552 0.375344
vt 0.723515 0.365102
vt 0.732663 0.355861
vt 0.736010 0.341111
vt 0.824692 0.067686
vt 0.821368 0.063639
vt 0.816980 0.066183
vt 0.714252 0.256409
vt 0.686447 0.306282
vt 0.716797 0.269220
vt 0.687918 0.086568
vt 0.691125 0.081659
vt 0.685362 0.081659
vt 0.813280 0.063656
vt 0.821427 0.060699
vt 0.813269 0.060699
vt 0.721294 0.252761
vt 0.684095 0.086900
vt 0.719099 0.257296
vt 0.725585 0.260254
vt 0.718071 0.262370
vt 0.909051 0.627832
vt 0.902902 0.626638
vt 0.903004 0.632139
vt 0.892126 0.626742
vt 0.896017 0.633624
vt 0.713934 0.289964
vt 0.718235 0.275962
vt 0.723539 0.276621
vt 0.721501 0.270639
vt 0.723317 0.264300
vt 0.729134 0.272126
vt 0.734852 0.274019
vt 0.726356 0.255346
vt 0.725585 0.260254
vt 0.032946 0.194134
vt 0.031660 0.188901
vt 0.039104 0.190093
vt 0.723801 0.283246
vt 0.718175 0.289755
vt 0.017135 0.199557
vt 0.018649 0.195417
vt 0.032025 0.199563
vt 0.026727 0.191890
vt 0.023220 0.185762
vt 0.728001 0.279506
vt 0.039104 0.183843
vt 0.738518 0.282385
vt 0.680507 0.322626
vt 0.694982 0.809248
vt 0.699912 0.804508
vt 0.697224 0.801310
vt 0.669770 0.289689
vt 0.671935 0.305004
vt 0.673479 0.284224
vt 0.666651 0.309919
vt 0.685320 0.299985
vt 0.680278 0.309157
vt 0.547012 0.389330
vt 0.542619 0.383662
vt 0.547012 0.378603
vt 0.651498 0.307632
vt 0.663997 0.293157
vt 0.664321 0.283518
vt 0.689367 0.810044
vt 0.690860 0.801310
vt 0.659260 0.289233
vt 0.661608 0.329528
vt 0.669032 0.330543
vt 0.664411 0.317389
vt 0.670643 0.319050
vt 0.967713 0.267410
vt 0.965942 0.257746
vt 0.962260 0.266079
vt 0.677078 0.318999
vt 0.681060 0.315148
vt 0.939807 0.007146
vt 0.945079 0.017031
vt 0.939867 0.014142
vt 0.945079 0.003930
vt 0.960951 0.257954
vt 0.958160 0.262681
vt 0.543085 0.394323
vt 0.958356 0.270306
vt 0.658320 0.332470
vt 0.670336 0.281664
vt 0.685332 0.255860
vt 0.676279 0.327351
vt 0.964981 0.244731
vt 0.645052 0.258394
vt 0.969252 0.243257
vt 0.973789 0.257273
vt 0.976555 0.253688
vt 0.977592 0.247032
vt 0.969007 0.250423
vt 0.664732 0.337039
vt 0.639030 0.245056
vt 0.654110 0.196900
vt 0.662899 0.197273
vt 0.659037 0.182916
vt 0.190246 0.002077
vt 0.190246 0.010917
vt 0.186731 0.007662
vt 0.633354 0.166262
vt 0.623865 0.163135
vt 0.639428 0.168961
vt 0.617774 0.167918
vt 0.643924 0.180245
vt 0.647865 0.172983
vt 0.649687 0.178834
vt 0.503076 0.790614
vt 0.503923 0.786177
vt 0.504833 0.796943
vt 0.626791 0.173793
vt 0.638227 0.191235
vt 0.645282 0.193382
vt 0.645500 0.183152
vt 0.163729 0.165515
vt 0.159490 0.158515
vt 0.160262 0.162191
vt 0.649544 0.185109
vt 0.339467 0.080272
vt 0.326297 0.071176
vt 0.333707 0.071240
vt 0.326600 0.069077
vt 0.816749 0.446725
vt 0.812038 0.442358
vt 0.809754 0.444404
vt 0.666421 0.178760
vt 0.312371 0.067459
vt 0.670799 0.168528
vt 0.816623 0.444753
vt 0.653389 0.178757
vt 0.859815 0.536406
vt 0.853691 0.529694
vt 0.854839 0.536138
vt 0.652173 0.173291
vt 0.660335 0.178750
vt 0.361596 0.594739
vt 0.364235 0.587336
vt 0.364235 0.596070
vt 0.659440 0.172183
vt 0.830844 0.040373
vt 0.825571 0.041867
vt 0.825820 0.037991
vt 0.686218 0.828384
vt 0.689367 0.825764
vt 0.684974 0.825764
vt 0.666476 0.180688
vt 0.662795 0.182756
vt 0.663787 0.168970
vt 0.820299 0.442358
vt 0.830844 0.047598
vt 0.917838 0.971808
vt 0.909361 0.971758
vt 0.917838 0.969237
vt 0.633522 0.166230
vt 0.641363 0.165867
vt 0.630947 0.161397
vt 0.915434 0.968122
vt 0.641564 0.167837
vt 0.373292 0.079402
vt 0.358912 0.070441
vt 0.345414 0.072005
vt 0.652125 0.173106
vt 0.641408 0.165866
vt 0.654305 0.167003
vt 0.857865 0.529694
vt 0.337078 0.070484
vt 0.165641 0.158515
vt 0.189126 0.582096
vt 0.192004 0.579404
vt 0.190239 0.575127
vt 0.634646 0.198312
vt 0.636212 0.205528
vt 0.641620 0.199353
vt 0.774859 0.798234
vt 0.780972 0.795745
vt 0.652900 0.209930
vt 0.643771 0.213640
vt 0.648958 0.215060
vt 0.783557 0.805518
vt 0.656815 0.207148
vt 0.786028 0.791696
vt 0.780416 0.790830
vt 0.777283 0.792036
vt 0.653293 0.203667
vt 0.629485 0.221314
vt 0.786028 0.821934
vt 0.611467 0.228130
vt 0.615838 0.233122
vt 0.605592 0.214236
vt 0.607708 0.228777
vt 0.618245 0.214424
vt 0.625459 0.206444
vt 0.983738 0.785759
vt 0.979191 0.774732
vt 0.980287 0.765520
vt 0.975872 0.764182
vt 0.983743 0.762882
vt 0.627971 0.178256
vt 0.625881 0.183454
vt 0.653354 0.203614
vt 0.662535 0.201020
vt 0.950635 0.310480
vt 0.947715 0.307578
vt 0.551389 0.963138
vt 0.551406 0.975109
vt 0.545255 0.967744
vt 0.621063 0.190386
vt 0.637766 0.195682
vt 0.629186 0.003904
vt 0.625220 0.002183
vt 0.627542 0.009467
vt 0.633585 0.002183
vt 0.634886 0.010044
vt 0.623921 0.189142
vt 0.614039 0.207097
vt 0.633554 0.202306
vt 0.734106 0.380074
vt 0.735267 0.372232
vt 0.733618 0.371434
vt 0.731038 0.367561
vt 0.731357 0.361213
vt 0.354569 0.562882
vt 0.351054 0.562882
vt 0.352442 0.567027
vt 0.677944 0.546288
vt 0.677944 0.552402
vt 0.676186 0.549782
vt 0.735786 0.370111
vt 0.733409 0.366793
vt 0.735385 0.363682
vt 0.732520 0.370118
vt 0.734864 0.368150
vt 0.558436 0.715721
vt 0.561945 0.718341
vt 0.563195 0.715721
vt 0.565466 0.717997
vt 0.737324 0.371524
vt 0.739130 0.369856
vt 0.739475 0.370908
vt 0.737302 0.368763
vt 0.742819 0.367031
vt 0.829197 0.445852
vt 0.829086 0.447575
vt 0.832857 0.448472
vt 0.834359 0.445852
vt 0.734337 0.364181
vt 0.741121 0.370358
vt 0.738882 0.373426
vt 0.745575 0.374879
vt 0.274605 0.341618
vt 0.274605 0.346288
vt 0.271968 0.341048
vt 0.742973 0.375720
vt 0.590225 0.244444
vt 0.610072 0.210343
vt 0.981640 0.790770
vt 0.974077 0.784586
vt 0.303311 0.434510
vt 0.327502 0.109393
vt 0.308242 0.114459
vt 0.271128 0.116796
vt 0.287471 0.118048
vt 0.255492 0.077308
vt 0.321594 0.529992
vt 0.285696 0.563946
vt 0.259427 0.082390
vt 0.311056 0.562650
vt 0.253515 0.071046
vt 0.683216 0.134231
vt 0.634860 0.292374
vt 0.632866 0.299407
vt 0.641666 0.304085
vt 0.637225 0.306417
vt 0.626671 0.287125
vt 0.615413 0.301669
vt 0.624507 0.304863
vt 0.628385 0.306369
vt 0.652062 0.293028
vt 0.648241 0.288897
vt 0.646344 0.306248
vt 0.403779 0.875513
vt 0.402454 0.888662
vt 0.396749 0.879534
vt 0.647630 0.282075
vt 0.981107 0.010044
vt 0.976131 0.009794
vt 0.975835 0.004048
vt 0.640454 0.324479
vt 0.650716 0.312369
vt 0.625769 0.322037
vt 0.638980 0.312585
vt 0.966169 0.985806
vt 0.966169 0.992576
vt 0.960896 0.984716
vt 0.641992 0.310537
vt 0.962439 0.991374
vt 0.981107 0.000437
vt 0.397685 0.885236
vt 0.646730 0.252050
vt 0.644648 0.287191
vt 0.491635 0.118341
vt 0.496924 0.111334
vt 0.496924 0.117882
vt 0.640808 0.288903
vt 0.637043 0.284864
vt 0.640908 0.279797
vt 0.489895 0.114358
vt 0.490003 0.108734
vt 0.647629 0.282075
vt 0.588011 0.170141
vt 0.592807 0.162950
vt 0.593585 0.170742
vt 0.631452 0.283925
vt 0.632929 0.267646
vt 0.637043 0.284865
vt 0.583919 0.165797
vt 0.593364 0.155291
vt 0.645014 0.243003
vt 0.642885 0.250618
vt 0.264845 0.548082
vt 0.239738 0.477320
vt 0.321622 0.523965
vt 0.519536 0.468815
vt 0.512250 0.465290
vt 0.525879 0.468845
vt 0.523840 0.464586
vt 0.530172 0.467176
vt 0.534285 0.474293
vt 0.784237 0.372764
vt 0.537330 0.485421
vt 0.532239 0.486575
vt 0.539104 0.478382
vt 0.739401 0.289641
vt 0.748299 0.289354
vt 0.744274 0.283935
vt 0.742177 0.279002
vt 0.746004 0.276325
vt 0.070813 0.017471
vt 0.077416 0.017230
vt 0.073344 0.010585
vt 0.740568 0.268496
vt 0.743851 0.283047
vt 0.066169 0.016688
vt 0.086836 0.141289
vt 0.093817 0.135673
vt 0.741169 0.346954
vt 0.738778 0.354631
vt 0.741874 0.349716
vt 0.739859 0.355951
vt 0.097781 0.131050
vt 0.738268 0.360052
vt 0.101494 0.127681
vt 0.099681 0.125328
vt 0.744404 0.350741
vt 0.743560 0.343969
vt 0.748669 0.313738
vt 0.750872 0.315708
vt 0.755163 0.307770
vt 0.743662 0.322104
vt 0.755459 0.316136
vt 0.090499 0.146712
vt 0.097100 0.137607
vt 0.091870 0.140620
vt 0.091752 0.155874
vt 0.101546 0.136062
vt 0.097334 0.144056
vt 0.758330 0.332422
vt 0.758936 0.327143
vt 0.746126 0.322437
vt 0.092791 0.147103
vt 0.086484 0.157088
vt 0.760590 0.325718
vt 0.764268 0.330657
vt 0.097292 0.133901
vt 0.087894 0.142582
vt 0.736437 0.346209
vt 0.739813 0.343540
vt 0.019685 0.528810
vt 0.737423 0.259683
vt 0.740270 0.262553
vt 0.079804 0.008196
vt 0.071166 0.007577
vt 0.055837 0.013317
vt 0.070135 0.004745
vt 0.085677 0.004043
vt 0.080136 0.162903
vt 0.769197 0.350610
vt 0.765806 0.359402
vt 0.759207 0.364014
vt 0.770148 0.364062
vt 0.764768 0.350130
vt 0.323629 0.336120
vt 0.331401 0.333188
vt 0.322056 0.333188
vt 0.336954 0.338325
vt 0.338752 0.336885
vt 0.330145 0.338428
vt 0.758306 0.361678
vt 0.759905 0.380807
vt 0.751965 0.390854
vt 0.757592 0.390441
vt 0.626876 0.808179
vt 0.622584 0.798690
vt 0.629613 0.799379
vt 0.629613 0.808297
vt 0.305106 0.334934
vt 0.308875 0.332314
vt 0.300088 0.332314
vt 0.765052 0.378651
vt 0.778964 0.369845
vt 0.781431 0.370758
vt 0.771855 0.378643
vt 0.779623 0.374529
vt 0.606687 0.233185
vt 0.617652 0.254542
vt 0.182333 0.575109
vt 0.182342 0.580385
vt 0.611610 0.241712
vt 0.612832 0.237455
vt 0.177944 0.576934
vt 0.617429 0.238327
vt 0.658612 0.778476
vt 0.660553 0.772766
vt 0.663391 0.776122
vt 0.660714 0.784027
vt 0.666520 0.787336
vt 0.614549 0.249288
vt 0.621254 0.240680
vt 0.024621 0.499127
vt 0.020650 0.503531
vt 0.024959 0.505240
vt 0.030114 0.503463
vt 0.032074 0.499127
vt 0.666520 0.770742
vt 0.626266 0.239967
vt 0.623026 0.252615
vt 0.843146 0.256208
vt 0.841455 0.250218
vt 0.836995 0.258079
vt 0.837232 0.250218
vt 0.634645 0.261638
vt 0.638920 0.257555
vt 0.639843 0.249761
vt 0.642885 0.250618
vt 0.492279 0.207424
vt 0.484191 0.208495
vt 0.493409 0.211793
vt 0.478232 0.207424
vt 0.472257 0.209890
vt 0.487214 0.214410
vt 0.799209 0.441043
vt 0.801292 0.436284
vt 0.804482 0.444978
vt 0.804482 0.436245
vt 0.744270 0.382882
vt 0.749100 0.387113
vt 0.744490 0.388520
vt 0.143300 0.335731
vt 0.127952 0.372517
vt 0.149978 0.376552
vt 0.163852 0.385503
vt 0.157313 0.392670
vt 0.162243 0.391103
vt 0.168908 0.381806
vt 0.765446 0.835556
vt 0.760506 0.837918
vt 0.767288 0.837438
vt 0.746722 0.837284
vt 0.743877 0.839151
vt 0.756320 0.835473
vt 0.764703 0.849384
vt 0.765251 0.845377
vt 0.099720 0.378641
vt 0.115466 0.325869
vt 0.083920 0.347767
vt 0.096362 0.256600
vt 0.126831 0.299417
vt 0.148152 0.286336
vt 0.133124 0.240987
vt 0.080198 0.262933
vt 0.167014 0.327522
vt 0.166674 0.385326
vt 0.108689 0.241262
vt 0.151649 0.401365
vt 0.116883 0.406515
vt 0.073123 0.394702
vt 0.081267 0.414243
vt 0.769886 0.852183
vt 0.769448 0.868719
vt 0.776117 0.857786
vt 0.778771 0.861627
vt 0.783615 0.862813
vt 0.237129 0.285736
vt 0.238476 0.281659
vt 0.242091 0.285474
vt 0.776623 0.875744
vt 0.787235 0.866665
vt 0.789829 0.869587
vt 0.824678 0.909359
vt 0.823731 0.914090
vt 0.828733 0.913683
vt 0.818565 0.897480
vt 0.820997 0.908856
vt 0.825324 0.898649
vt 0.921492 0.984716
vt 0.924001 0.979516
vt 0.925747 0.983788
vt 0.811125 0.898375
vt 0.372144 0.414581
vt 0.365848 0.413734
vt 0.372144 0.409588
vt 0.365114 0.409170
vt 0.830144 0.898900
vt 0.837528 0.912004
vt 0.780076 0.857393
vt 0.789185 0.859187
vt 0.794841 0.852551
vt 0.236835 0.295422
vt 0.242091 0.290866
vt 0.789185 0.859187
vt 0.023695 0.789083
vt 0.024165 0.781223
vt 0.018156 0.784939
vt 0.820003 0.893026
vt 0.808012 0.893818
vt 0.823493 0.888986
vt 0.783845 0.844765
vt 0.570738 0.364776
vt 0.576011 0.360262
vt 0.576011 0.367249
vt 0.794237 0.867658
vt 0.793407 0.863777
vt 0.795897 0.862077
vt 0.016257 0.781223
vt 0.151582 0.176318
vt 0.145171 0.178417
vt 0.148491 0.180057
vt 0.145156 0.174236
vt 0.138097 0.175680
vt 0.800482 0.876480
vt 0.794059 0.874318
vt 0.805212 0.880746
vt 0.179692 0.305133
vt 0.161639 0.273924
vt 0.184097 0.376540
vt 0.772986 0.840913
vt 0.771161 0.836870
vt 0.174975 0.379959
vt 0.770420 0.848159
vt 0.173527 0.383048
vt 0.862478 0.580349
vt 0.860905 0.575983
vt 0.856150 0.580334
vt 0.191050 0.337399
vt 0.780231 0.844928
vt 0.776086 0.840125
vt 0.854569 0.575983
vt 0.181765 0.379691
vt 0.190810 0.374781
vt 0.193554 0.369011
vt 0.008482 0.602813
vt 0.013620 0.599563
vt 0.013620 0.606800
vt 0.826111 0.893772
vt 0.831633 0.892747
vt 0.834681 0.896629
vt 0.844955 0.897261
vt 0.008348 0.608297
vt 0.771114 0.760262
vt 0.775583 0.764629
vt 0.779877 0.760262
vt 0.768453 0.763666
vt 0.574956 0.244869
vt 0.580132 0.261570
vt 0.589250 0.258434
vt 0.784180 0.058767
vt 0.778120 0.057205
vt 0.778818 0.061634
vt 0.586066 0.263238
vt 0.788531 0.062506
vt 0.792371 0.057205
vt 0.579447 0.268113
vt 0.585030 0.288016
vt 0.575020 0.251170
vt 0.575636 0.262174
vt 0.590672 0.251656
vt 0.592576 0.256142
vt 0.573081 0.225700
vt 0.572495 0.231570
vt 0.574621 0.236059
vt 0.479350 0.541500
vt 0.477890 0.546288
vt 0.474077 0.540162
vt 0.594448 0.246916
vt 0.479350 0.534061
vt 0.475346 0.536986
vt 0.368550 0.418777
vt 0.193015 0.364931
vt 0.199687 0.355791
vt 0.799079 0.856706
vt 0.801793 0.869391
vt 0.796089 0.870495
vt 0.512911 0.006531
vt 0.521529 0.008297
vt 0.520982 0.000437
vt 0.514395 0.000437
vt 0.796212 0.847775
vt 0.794881 0.852521
vt 0.817478 0.845984
vt 0.809863 0.846083
vt 0.835177 0.863213
vt 0.203693 0.348829
vt 0.209351 0.343101
vt 0.213914 0.322476
vt 0.799208 0.845292
vt 0.824833 0.847927
vt 0.215022 0.334645
vt 0.219229 0.306556
vt 0.140654 0.182549
vt 0.136298 0.180009
vt 0.834418 0.848755
vt 0.811335 0.873810
vt 0.206612 0.265334
vt 0.224550 0.285998
vt 0.803968 0.873605
vt 0.129613 0.183843
vt 0.131445 0.174331
vt 0.968805 0.884279
vt 0.964166 0.880535
vt 0.967874 0.879695
vt 0.836015 0.868796
vt 0.835168 0.863212
vt 0.838642 0.866080
vt 0.844597 0.861057
vt 0.841546 0.858424
vt 0.963112 0.874544
vt 0.959139 0.872774
vt 0.840005 0.876567
vt 0.963769 0.869932
vt 0.853111 0.891719
vt 0.852653 0.895495
vt 0.854650 0.900063
vt 0.866365 0.896603
vt 0.866491 0.901954
vt 0.862294 0.907749
vt 0.855543 0.906188
vt 0.863132 0.886034
vt 0.864394 0.891169
vt 0.873229 0.890850
vt 0.872475 0.896134
vt 0.576053 0.298048
vt 0.579124 0.295429
vt 0.576053 0.298047
vt 0.573725 0.302804
vt 0.582293 0.304360
vt 0.584103 0.299146
vt 0.585880 0.294520
vt 0.876832 0.894180
vt 0.513489 0.782969
vt 0.518014 0.778603
vt 0.509227 0.778603
vt 0.228263 0.329697
vt 0.231435 0.332314
vt 0.236134 0.325165
vt 0.573278 0.317879
vt 0.230815 0.323821
vt 0.577359 0.319901
vt 0.850553 0.899519
vt 0.850573 0.903062
vt 0.845468 0.913571
vt 0.241213 0.992870
vt 0.244989 0.993450
vt 0.242437 0.988210
vt 0.249121 0.988210
vt 0.848231 0.893861
vt 0.851054 0.818777
vt 0.845289 0.818777
vt 0.848882 0.822271
vt 0.840510 0.820610
vt 0.881413 0.838969
vt 0.872348 0.841954
vt 0.881890 0.842367
vt 0.228145 0.286712
vt 0.231547 0.282088
vt 0.887121 0.843962
vt 0.877608 0.857279
vt 0.897364 0.851019
vt 0.848694 0.855172
vt 0.870378 0.861091
vt 0.227214 0.269322
vt 0.572532 0.264830
vt 0.574107 0.277332
vt 0.793058 0.064192
vt 0.571880 0.282629
vt 0.574069 0.286550
vt 0.549688 0.179476
vt 0.547124 0.171133
vt 0.554047 0.175941
vt 0.877785 0.862248
vt 0.890642 0.865362
vt 0.898975 0.855458
vt 0.881145 0.879684
vt 0.885560 0.876523
vt 0.894456 0.864817
vt 0.547492 0.166418
vt 0.870021 0.869568
vt 0.848126 0.870817
vt 0.554042 0.164629
vt 0.863863 0.881210
vt 0.869587 0.875740
vt 0.283337 0.986644
vt 0.288539 0.987336
vt 0.288547 0.980344
vt 0.869716 0.886283
vt 0.277241 0.980349
vt 0.293937 0.985988
vt 0.867349 0.864339
vt 0.876206 0.885623
vt 0.570738 0.290537
vt 0.570931 0.296749
vt 0.880968 0.883988
vt 0.968805 0.868559
vt 0.844567 0.874223
vt 0.216068 0.316524
vt 0.844127 0.842473
vt 0.845036 0.846470
vt 0.218168 0.323537
vt 0.863419 0.844407
vt 0.859308 0.844922
vt 0.218448 0.311835
vt 0.222096 0.309992
vt 0.861315 0.841280
vt 0.223233 0.305730
vt 0.224208 0.296020
vt 0.305360 0.960626
vt 0.303397 0.968996
vt 0.300967 0.959172
vt 0.850816 0.841507
vt 0.856308 0.842082
vt 0.305360 0.952402
vt 0.840458 0.872425
vt 0.571418 0.247863
vt 0.902083 0.844890
vt 0.901741 0.850007
vt 0.900421 0.838042
vt 0.897446 0.836398
vt 0.229798 0.266828
vt 0.225826 0.263682
vt 0.572836 0.240007
vt 0.230745 0.261429
vt 0.226699 0.256927
vt 0.902221 0.833624
vt 0.905536 0.837484
vt 0.905378 0.842274
vt 0.579594 0.220095
vt 0.599753 0.214248
vt 0.587185 0.205639
vt 0.580615 0.215562
vt 0.223881 0.244554
vt 0.219463 0.232619
vt 0.206358 0.234145
vt 0.599761 0.218786
vt 0.218291 0.225896
vt 0.591680 0.200654
vt 0.179868 0.245338
vt 0.183425 0.277463
vt 0.226833 0.248172
vt 0.355951 0.312360
vt 0.338690 0.277989
vt 0.340820 0.297404
vt 0.439706 0.377598
vt 0.441638 0.379332
vt 0.437624 0.365875
vt 0.435671 0.382596
vt 0.434798 0.390035
vt 0.433781 0.386849
vt 0.462673 0.371513
vt 0.375265 0.295675
vt 0.417210 0.328069
vt 0.392556 0.303827
vt 0.412197 0.343802
vt 0.458010 0.349473
vt 0.426085 0.363706
vt 0.442288 0.356973
vt 0.402823 0.359147
vt 0.429465 0.363087
vt 0.419520 0.363542
vt 0.415123 0.366009
vt 0.431991 0.365402
vt 0.423561 0.365346
vt 0.348787 0.309839
vt 0.409945 0.363651
vt 0.400663 0.363677
vt 0.403601 0.364961
vt 0.399236 0.355294
vt 0.397640 0.360304
vt 0.386897 0.347135
vt 0.392038 0.352365
vt 0.392521 0.356932
vt 0.381558 0.338153
vt 0.375338 0.328478
vt 0.370260 0.329539
vt 0.361272 0.320009
vt 0.501956 0.311892
vt 0.497356 0.343869
vt 0.524520 0.351201
vt 0.483664 0.377747
vt 0.465536 0.320434
vt 0.451023 0.396794
vt 0.427473 0.409307
vt 0.438869 0.416863
vt 0.424276 0.300499
vt 0.454639 0.423019
vt 0.305560 0.227407
vt 0.312964 0.247674
vt 0.366115 0.260788
vt 0.376936 0.293290
vt 0.397452 0.283725
vt 0.417985 0.274161
vt 0.474395 0.286207
vt 0.087516 0.670291
vt 0.066036 0.689646
vt 0.146445 0.674976
vt 0.071403 0.733669
vt 0.146041 0.705064
vt 0.171255 0.672524
vt 0.180735 0.694363
vt 0.097547 0.657053
vt 0.087567 0.659229
vt 0.086899 0.665051
vt 0.127723 0.639832
vt 0.145797 0.655747
vt 0.103245 0.643924
vt 0.098694 0.650626
vt 0.095494 0.642602
vt 0.080156 0.665554
vt 0.072007 0.671422
vt 0.071716 0.677533
vt 0.076334 0.680190
vt 0.150690 0.643789
vt 0.134865 0.639902
vt 0.168288 0.650371
vt 0.183993 0.660767
vt 0.166447 0.726717
vt 0.047390 0.708475
vt 0.044772 0.723688
vt 0.052697 0.709395
vt 0.057768 0.700083
vt 0.033368 0.746472
vt 0.038551 0.745406
vt 0.042369 0.749021
vt 0.039940 0.756823
vt 0.044034 0.758603
vt 0.085526 0.747363
vt 0.122575 0.750573
vt 0.359369 0.671285
vt 0.392973 0.676448
vt 0.386789 0.646978
vt 0.354017 0.638641
vt 0.277728 0.670808
vt 0.429888 0.651890
vt 0.413405 0.638613
vt 0.226719 0.649647
vt 0.281731 0.637589
vt 0.372510 0.694718
vt 0.385439 0.724122
vt 0.404960 0.703006
vt 0.425560 0.684823
vt 0.444668 0.699071
vt 0.476739 0.715774
vt 0.457221 0.684166
vt 0.432798 0.748282
vt 0.450346 0.757699
vt 0.444542 0.728038
vt 0.482081 0.757299
vt 0.472956 0.736993
vt 0.502060 0.736027
vt 0.422590 0.717470
vt 0.047096 0.065195
vt 0.050060 0.095110
vt 0.075819 0.070617
vt 0.042595 0.052162
vt 0.043478 0.068293
vt 0.042088 0.075570
vt 0.835694 0.175884
vt 0.836304 0.140415
vt 0.845143 0.160276
vt 0.838857 0.203976
vt 0.844736 0.201843
vt 0.070675 0.112498
vt 0.075491 0.116523
vt 0.080609 0.105974
vt 0.066565 0.110261
vt 0.098188 0.085506
vt 0.823619 0.670193
vt 0.845292 0.654489
vt 0.842345 0.660448
vt 0.820844 0.153437
vt 0.820289 0.145206
vt 0.842159 0.668902
vt 0.785309 0.715193
vt 0.820852 0.725198
vt 0.801530 0.734179
vt 0.823800 0.710469
vt 0.046793 0.111239
vt 0.055964 0.110904
vt 0.042681 0.108229
vt 0.827985 0.198718
vt 0.834278 0.204600
vt 0.058457 0.113471
vt 0.820608 0.175197
vt 0.816859 0.196444
vt 0.815103 0.189077
vt 0.828922 0.710762
vt 0.829509 0.703336
vt 0.825091 0.200239
vt 0.838262 0.690841
vt 0.821517 0.163736
vt 0.819432 0.158422
vt 0.840090 0.673791
vt 0.841383 0.679488
vt 0.819526 0.166975
vt 0.838811 0.682399
vt 0.821412 0.638686
vt 0.787222 0.684641
vt 0.784413 0.659817
vt 0.822862 0.139251
vt 0.824580 0.125086
vt 0.758543 0.734799
vt 0.786481 0.747028
vt 0.797319 0.740312
vt 0.797591 0.745072
vt 0.041022 0.055730
vt 0.781345 0.749900
vt 0.784850 0.750582
vt 0.513436 0.710342
vt 0.537098 0.706083
vt 0.535066 0.693392
vt 0.521761 0.685978
vt 0.536958 0.689284
vt 0.697242 0.640993
vt 0.699918 0.635533
vt 0.696091 0.657568
vt 0.694295 0.653434
vt 0.724197 0.631703
vt 0.534250 0.678115
vt 0.730207 0.648503
vt 0.759818 0.628655
vt 0.802627 0.616294
vt 0.791043 0.637910
vt 0.778435 0.607742
vt 0.762544 0.698998
vt 0.695773 0.673713
vt 0.721193 0.672613
vt 0.717085 0.704750
vt 0.747250 0.679620
vt 0.731176 0.720029
vt 0.757248 0.647564
vt 0.848596 0.126847
vt 0.870996 0.148484
vt 0.838132 0.091750
vt 0.857175 0.113481
vt 0.847355 0.084045
vt 0.820340 0.591144
vt 0.842049 0.615892
vt 0.824798 0.081846
vt 0.828991 0.081975
vt 0.828042 0.085025
vt 0.838867 0.597118
vt 0.837894 0.599757
vt 0.836890 0.603305
vt 0.843127 0.598870
vt 0.828156 0.117490
vt 0.846982 0.640030
vt 0.846543 0.629275
vt 0.845446 0.616789
vt 0.847048 0.622990
vt 0.824896 0.114363
vt 0.826236 0.108270
vt 0.850176 0.632074
vt 0.825717 0.102024
vt 0.822601 0.100455
vt 0.824139 0.095083
vt 0.820853 0.087084
vt 0.822913 0.084094
vt 0.842304 0.610232
vt 0.862579 0.173974
vt 0.853105 0.209983
vt 0.846348 0.213276
vt 0.858088 0.214901
vt 0.854598 0.215115
vt 0.089002 0.106446
vt 0.092354 0.107530
vt 0.086202 0.111019
vt 0.101918 0.058154
vt 0.885093 0.165584
vt 0.876454 0.200428
vt 0.866445 0.218288
vt 0.870096 0.220690
vt 0.874296 0.218008
vt 0.105594 0.104302
vt 0.109266 0.107682
vt 0.862907 0.222101
vt 0.859861 0.222271
vt 0.101550 0.105989
vt 0.098828 0.101533
vt 0.095859 0.100717
vt 0.833920 0.937258
vt 0.822874 0.939103
vt 0.826116 0.949394
vt 0.350024 0.520349
vt 0.353448 0.524824
vt 0.352281 0.514265
vt 0.355940 0.506542
vt 0.344342 0.505286
vt 0.356468 0.514719
vt 0.801466 0.960431
vt 0.813150 0.968910
vt 0.809616 0.954232
vt 0.828911 0.925556
vt 0.832758 0.927332
vt 0.836074 0.931541
vt 0.505712 0.124454
vt 0.499623 0.124454
vt 0.501349 0.128821
vt 0.495167 0.127875
vt 0.838949 0.935917
vt 0.836228 0.941779
vt 0.843982 0.949940
vt 0.838274 0.955234
vt 0.854436 0.943268
vt 0.858852 0.933644
vt 0.858068 0.940076
vt 0.435413 0.847598
vt 0.437311 0.852069
vt 0.442214 0.849283
vt 0.443417 0.855458
vt 0.629676 0.375185
vt 0.636558 0.386195
vt 0.634552 0.379360
vt 0.446649 0.852793
vt 0.638016 0.377647
vt 0.634644 0.373716
vt 0.633864 0.362225
vt 0.630616 0.357409
vt 0.637798 0.358827
vt 0.639133 0.373160
vt 0.446837 0.847598
vt 0.626555 0.396058
vt 0.629315 0.401511
vt 0.632701 0.400079
vt 0.617091 0.362274
vt 0.628854 0.370927
vt 0.609383 0.337039
vt 0.612376 0.358949
vt 0.613468 0.349715
vt 0.626550 0.336601
vt 0.622650 0.343600
vt 0.608677 0.389475
vt 0.615861 0.398623
vt 0.618255 0.394588
vt 0.607440 0.383366
vt 0.618923 0.399420
vt 0.621435 0.396839
vt 0.624184 0.402203
vt 0.586869 0.341946
vt 0.600958 0.339539
vt 0.595484 0.338647
vt 0.764938 0.043400
vt 0.764938 0.050218
vt 0.759666 0.047358
vt 0.606383 0.328663
vt 0.599413 0.333607
vt 0.604750 0.334526
vt 0.215729 0.361135
vt 0.215993 0.367890
vt 0.221507 0.368996
vt 0.222759 0.361135
vt 0.614727 0.317143
vt 0.612645 0.330672
vt 0.759740 0.040611
vt 0.608997 0.306081
vt 0.819319 0.952924
vt 0.818900 0.967447
vt 0.825815 0.959688
vt 0.365994 0.511321
vt 0.360007 0.505240
vt 0.612637 0.374226
vt 0.609051 0.377011
vt 0.889168 0.595383
vt 0.883390 0.591703
vt 0.884212 0.596943
vt 0.618267 0.366320
vt 0.616167 0.370828
vt 0.603840 0.377039
vt 0.600469 0.374570
vt 0.601061 0.365398
vt 0.611641 0.367901
vt 0.863357 0.562455
vt 0.872742 0.564613
vt 0.870942 0.559389
vt 0.617093 0.362275
vt 0.879174 0.596758
vt 0.616652 0.356842
vt 0.891476 0.591703
vt 0.876538 0.559389
vt 0.644552 0.984716
vt 0.639279 0.984716
vt 0.642198 0.991703
vt 0.839239 0.982454
vt 0.832173 0.981747
vt 0.835728 0.983094
vt 0.834350 0.991117
vt 0.837082 0.993450
vt 0.590439 0.347638
vt 0.346744 0.574236
vt 0.344025 0.568547
vt 0.348425 0.570875
vt 0.348418 0.557642
vt 0.853554 0.949774
vt 0.845035 0.953142
vt 0.589598 0.352556
vt 0.593161 0.358379
vt 0.853235 0.956013
vt 0.597065 0.359264
vt 0.855903 0.952785
vt 0.839838 0.965770
vt 0.848887 0.966246
vt 0.850757 0.960551
vt 0.597090 0.363585
vt 0.855055 0.959800
vt 0.598149 0.368825
vt 0.823247 0.969164
vt 0.829890 0.956260
vt 0.825159 0.972255
vt 0.830421 0.971466
vt 0.841495 0.972788
vt 0.842924 0.977696
vt 0.034710 0.706114
vt 0.034710 0.713100
vt 0.031195 0.708906
vt 0.845701 0.972945
vt 0.819788 0.972637
vt 0.823003 0.975325
vt 0.828627 0.977910
vt 0.828735 0.952355
vt 0.364378 0.505797
vt 0.642473 0.391016
vt 0.653235 0.382593
vt 0.637134 0.401708
vt 0.640002 0.396880
vt 0.639247 0.392227
vt 0.902021 0.476419
vt 0.894972 0.477299
vt 0.894992 0.480786
vt 0.889985 0.476419
vt 0.657168 0.371953
vt 0.666139 0.376692
vt 0.662241 0.370399
vt 0.670780 0.387890
vt 0.657505 0.383558
vt 0.011207 0.368122
vt 0.018938 0.367143
vt 0.010984 0.362882
vt 0.666057 0.398634
vt 0.675003 0.394227
vt 0.392751 0.495748
vt 0.388840 0.500445
vt 0.393358 0.503483
vt 0.621456 0.323970
vt 0.623731 0.329097
vt 0.855260 0.988357
vt 0.851054 0.980854
vt 0.855264 0.973362
vt 0.625589 0.112227
vt 0.636191 0.109128
vt 0.629180 0.107970
vt 0.633499 0.105240
vt 0.641037 0.105989
vt 0.332595 0.590855
vt 0.334359 0.577729
vt 0.327352 0.583571
vt 0.608996 0.306080
vt 0.617144 0.308762
vt 0.327329 0.577729
vt 0.620290 0.313287
vt 0.634356 0.343088
vt 0.638014 0.334454
vt 0.634154 0.334276
vt 0.623729 0.329097
vt 0.417838 0.497004
vt 0.408180 0.495633
vt 0.403069 0.505999
vt 0.638853 0.350743
vt 0.401657 0.502342
vt 0.642711 0.350574
vt 0.645056 0.343767
vt 0.650419 0.405658
vt 0.656885 0.410911
vt 0.655435 0.403853
vt 0.660398 0.406012
vt 0.651831 0.388288
vt 0.660518 0.394311
vt 0.659465 0.410273
vt 0.674702 0.417164
vt 0.111372 0.125328
vt 0.104130 0.127253
vt 0.113609 0.128821
vt 0.664837 0.413769
vt 0.666969 0.412264
vt 0.643781 0.408651
vt 0.885325 0.480642
vt 0.645263 0.399656
vt 0.635952 0.326223
vt 0.654377 0.377570
vt 0.642732 0.350667
vt 0.611800 0.978603
vt 0.601494 0.978603
vt 0.608291 0.982969
vt 0.616432 0.982347
vt 0.005596 0.696597
vt 0.010984 0.696507
vt 0.010984 0.700873
vt 0.656109 0.388592
vt 0.661720 0.390753
vt 0.889541 0.896660
vt 0.890598 0.908734
vt 0.887083 0.903210
vt 0.657499 0.383617
vt 0.119069 0.125328
vt 0.004833 0.700840
vt 0.003954 0.137555
vt 0.007229 0.142795
vt 0.011341 0.137555
vt 0.014499 0.141519
vt 0.648105 0.349386
vt 0.649429 0.342227
vt 0.860488 0.915755
vt 0.864360 0.911546
vt 0.235184 0.318264
vt 0.242091 0.317467
vt 0.589126 0.304753
vt 0.588525 0.311379
vt 0.591372 0.297413
vt 0.227153 0.317467
vt 0.860703 0.920832
vt 0.576776 0.325776
vt 0.580128 0.329846
vt 0.582438 0.335167
vt 0.841486 0.915054
vt 0.979370 0.681659
vt 0.979398 0.674672
vt 0.983743 0.681141
vt 0.675308 0.989956
vt 0.670410 0.989956
vt 0.674433 0.994806
vt 0.983743 0.675084
vt 0.836255 0.916458
vt 0.835745 0.922594
vt 0.843844 0.918917
vt 0.668278 0.995197
vt 0.848661 0.918255
vt 0.832490 0.920203
vt 0.856549 0.929165
vt 0.859520 0.926206
vt 0.581895 0.339664
vt 0.610953 0.298924
vt 0.689367 0.139301
vt 0.676988 0.377635
vt 0.020650 0.362882
vt 0.670474 0.376332
vt 0.942443 0.617031
vt 0.945895 0.624177
vt 0.949210 0.618256
vt 0.943703 0.628511
vt 0.949851 0.628389
vt 0.673295 0.383832
vt 0.952359 0.623596
vt 0.663241 0.344947
vt 0.952117 0.635795
vt 0.954942 0.631174
vt 0.690812 0.375930
vt 0.699560 0.386447
vt 0.694148 0.373700
vt 0.687456 0.374169
vt 0.698657 0.370994
vt 0.704348 0.370258
vt 0.956029 0.621781
vt 0.956503 0.617031
vt 0.688992 0.380919
vt 0.694296 0.382986
vt 0.692915 0.364267
vt 0.543432 0.734935
vt 0.547012 0.730568
vt 0.537346 0.730568
vt 0.656301 0.339038
vt 0.715840 0.415142
vt 0.717919 0.411315
vt 0.714328 0.411791
vt 0.710074 0.403525
vt 0.717598 0.399069
vt 0.714100 0.398328
vt 0.718023 0.417094
vt 0.723165 0.414080
vt 0.964411 0.479461
vt 0.970562 0.481922
vt 0.966611 0.486026
vt 0.970562 0.477664
vt 0.704982 0.397294
vt 0.678910 0.400561
vt 0.686692 0.401815
vt 0.687139 0.394713
vt 0.985501 0.598050
vt 0.979350 0.603231
vt 0.982273 0.594323
vt 0.973289 0.806550
vt 0.965290 0.806550
vt 0.970882 0.811790
vt 0.689144 0.407787
vt 0.713585 0.392063
vt 0.705337 0.388075
vt 0.953140 0.640611
vt 0.956436 0.637347
vt 0.979350 0.808020
vt 0.977145 0.811516
vt 0.678346 0.395753
vt 0.948577 0.634556
vt 0.696822 0.414351
vt 0.710354 0.409292
vt 0.176186 0.582969
vt 0.176186 0.589956
vt 0.171793 0.588517
vt 0.712543 0.415727
vt 0.667716 0.419401
vt 0.670244 0.416443
vt 0.677422 0.415498
vt 0.672988 0.421397
vt 0.027295 0.737555
vt 0.023796 0.741921
vt 0.027680 0.740965
vt 0.020650 0.737555
vt 0.686357 0.413822
vt 0.679815 0.418313
vt 0.793937 0.127017
vt 0.800088 0.123581
vt 0.800088 0.127948
vt 0.985501 0.605119
vt 0.982198 0.610044
vt 0.616432 0.109314
vt 0.617230 0.105275
vt 0.623895 0.317463
vt 0.367750 0.897160
vt 0.367962 0.888646
vt 0.372144 0.900000
vt 0.372144 0.889404
vt 0.531893 0.036647
vt 0.509407 0.063356
vt 0.537988 0.059642
vt 0.531579 0.031984
vt 0.558931 0.015606
vt 0.535613 0.021536
vt 0.103232 0.881725
vt 0.121058 0.892151
vt 0.138632 0.897984
vt 0.101592 0.885727
vt 0.106513 0.885720
vt 0.108804 0.874003
vt 0.104879 0.874586
vt 0.098857 0.873583
vt 0.099755 0.878279
vt 0.100567 0.871166
vt 0.104685 0.869783
vt 0.532132 0.024138
vt 0.530443 0.019637
vt 0.113090 0.860472
vt 0.119214 0.860062
vt 0.107474 0.862478
vt 0.526915 0.021373
vt 0.512001 0.053211
vt 0.507169 0.060140
vt 0.520460 0.040251
vt 0.514121 0.048765
vt 0.507496 0.047943
vt 0.120388 0.857218
vt 0.134682 0.852289
vt 0.128369 0.850218
vt 0.526793 0.035331
vt 0.520950 0.037209
vt 0.108495 0.857940
vt 0.108135 0.888769
vt 0.429475 0.258762
vt 0.444598 0.240469
vt 0.437156 0.238867
vt 0.156424 0.871982
vt 0.162164 0.850723
vt 0.136881 0.840202
vt 0.138857 0.833608
vt 0.131108 0.846337
vt 0.473387 0.249968
vt 0.458152 0.241514
vt 0.127602 0.896001
vt 0.555879 0.071367
vt 0.150728 0.901025
vt 0.163573 0.902360
vt 0.213313 0.893863
vt 0.480690 0.233737
vt 0.468217 0.237218
vt 0.455763 0.238692
vt 0.139871 0.901477
vt 0.135066 0.836755
vt 0.210996 0.838133
vt 0.165505 0.828089
vt 0.212998 0.858215
vt 0.506148 0.071877
vt 0.505988 0.066892
vt 0.139720 0.808248
vt 0.135502 0.810860
vt 0.143316 0.826625
vt 0.139185 0.828641
vt 0.502197 0.074236
vt 0.510567 0.089674
vt 0.200498 0.814488
vt 0.372760 0.246676
vt 0.397472 0.247517
vt 0.098227 0.881421
vt 0.412414 0.234780
vt 0.416710 0.238187
vt 0.417352 0.233919
vt 0.421613 0.242108
vt 0.423737 0.239409
vt 0.105325 0.890762
vt 0.421462 0.236955
vt 0.173726 0.789576
vt 0.517841 0.101337
vt 0.506350 0.092289
vt 0.532064 0.086767
vt 0.139216 0.802309
vt 0.506718 0.098224
vt 0.512640 0.102168
vt 0.970164 0.434427
vt 0.965243 0.437665
vt 0.970753 0.428965
vt 0.973232 0.435324
vt 0.975831 0.427454
vt 0.971100 0.421838
vt 0.171398 0.648408
vt 0.175834 0.648961
vt 0.197518 0.653430
vt 0.195681 0.628601
vt 0.230924 0.710643
vt 0.106268 0.779437
vt 0.124024 0.792170
vt 0.142558 0.779984
vt 0.203636 0.783661
vt 0.178094 0.755500
vt 0.127826 0.799928
vt 0.133016 0.798660
vt 0.252241 0.795060
vt 0.261030 0.754927
vt 0.298092 0.827869
vt 0.375262 0.800649
vt 0.393504 0.764730
vt 0.272814 0.811056
vt 0.360767 0.754493
vt 0.427463 0.782404
vt 0.230231 0.738552
vt 0.035732 0.472176
vt 0.036505 0.479897
vt 0.038549 0.464477
vt 0.035468 0.483710
vt 0.039193 0.484579
vt 0.504316 0.403215
vt 0.503679 0.407596
vt 0.511014 0.404346
vt 0.738941 0.789185
vt 0.757818 0.780718
vt 0.723418 0.776171
vt 0.039654 0.488545
vt 0.043422 0.491278
vt 0.741619 0.807040
vt 0.738249 0.803815
vt 0.056702 0.495988
vt 0.058383 0.481170
vt 0.047579 0.491556
vt 0.727966 0.796888
vt 0.734156 0.803052
vt 0.760001 0.774642
vt 0.725863 0.795779
vt 0.741488 0.811051
vt 0.745047 0.812511
vt 0.035989 0.420870
vt 0.035496 0.438260
vt 0.058558 0.431479
vt 0.527588 0.384664
vt 0.634589 0.860780
vt 0.636368 0.887435
vt 0.635954 0.867443
vt 0.719756 0.786029
vt 0.713267 0.776817
vt 0.721353 0.796573
vt 0.635008 0.854942
vt 0.643938 0.884590
vt 0.725503 0.797973
vt 0.712979 0.792709
vt 0.718581 0.796288
vt 0.718761 0.798191
vt 0.626907 0.856159
vt 0.625432 0.862823
vt 0.628508 0.855229
vt 0.723763 0.796918
vt 0.056970 0.497915
vt 0.060719 0.497889
vt 0.072228 0.495577
vt 0.054184 0.497227
vt 0.627778 0.863459
vt 0.066164 0.493379
vt 0.069041 0.485119
vt 0.069905 0.487645
vt 0.068632 0.491004
vt 0.631754 0.855261
vt 0.637919 0.853150
vt 0.647637 0.853239
vt 0.508128 0.201105
vt 0.508348 0.198183
vt 0.503101 0.198266
vt 0.503969 0.204799
vt 0.710165 0.784765
vt 0.710215 0.789554
vt 0.505069 0.196943
vt 0.760062 0.778045
vt 0.461612 0.434374
vt 0.466029 0.431291
vt 0.763986 0.776451
vt 0.467492 0.434884
vt 0.470056 0.432870
vt 0.467596 0.427335
vt 0.757759 0.782942
vt 0.763089 0.786226
vt 0.762124 0.781935
vt 0.758051 0.808086
vt 0.759829 0.794928
vt 0.754615 0.809404
vt 0.474816 0.421956
vt 0.483083 0.412093
vt 0.485991 0.405159
vt 0.491215 0.409021
vt 0.759356 0.815749
vt 0.486384 0.412762
vt 0.493101 0.412328
vt 0.746809 0.818777
vt 0.743381 0.816131
vt 0.032690 0.477892
vt 0.033049 0.468662
vt 0.752613 0.815381
vt 0.749093 0.813540
vt 0.078867 0.472880
vt 0.638721 0.850751
vt 0.649208 0.850330
vt 0.077763 0.478166
vt 0.086449 0.434146
vt 0.150909 0.404935
vt 0.098605 0.444378
vt 0.109256 0.434150
vt 0.696573 0.833624
vt 0.683728 0.834993
vt 0.699397 0.839753
vt 0.702688 0.837042
vt 0.118401 0.428550
vt 0.131415 0.417328
vt 0.116663 0.432882
vt 0.124430 0.424133
vt 0.706616 0.834923
vt 0.706826 0.838264
vt 0.713600 0.835448
vt 0.720103 0.837408
vt 0.131057 0.421115
vt 0.909930 0.924202
vt 0.905536 0.927562
vt 0.906095 0.921834
vt 0.714365 0.854964
vt 0.701080 0.842700
vt 0.712611 0.858307
vt 0.721387 0.881013
vt 0.749272 0.869129
vt 0.729820 0.852490
vt 0.853738 0.565778
vt 0.858068 0.569912
vt 0.859842 0.564629
vt 0.728053 0.856461
vt 0.718001 0.858800
vt 0.723003 0.856130
vt 0.714320 0.862987
vt 0.731328 0.845964
vt 0.743479 0.851012
vt 0.984822 0.916594
vt 0.989195 0.920823
vt 0.990773 0.916594
vt 0.003076 0.943817
vt 0.005050 0.928055
vt 0.007024 0.938987
vt 0.735372 0.850734
vt 0.010105 0.930814
vt 0.744058 0.856794
vt 0.749136 0.861864
vt 0.747183 0.865898
vt 0.724253 0.851987
vt 0.727642 0.849364
vt 0.854219 0.571616
vt 0.847540 0.564629
vt 0.705716 0.841827
vt 0.983743 0.920961
vt 0.722723 0.834996
vt 0.729813 0.852488
vt 0.010105 0.944981
vt 0.005148 0.947162
vt 0.940564 0.999563
vt 0.945079 0.995197
vt 0.938537 0.995197
vt 0.649506 0.848313
vt 0.651736 0.851638
vt 0.651906 0.846303
vt 0.687213 0.864015
vt 0.710734 0.876244
vt 0.676008 0.858165
vt 0.682913 0.860698
vt 0.675107 0.848562
vt 0.673581 0.845482
vt 0.002197 0.456081
vt 0.007568 0.451250
vt 0.003840 0.451092
vt 0.008303 0.460699
vt 0.004999 0.459106
vt 0.685806 0.884292
vt 0.293480 0.598719
vt 0.292179 0.594670
vt 0.298330 0.594323
vt 0.680127 0.885193
vt 0.298330 0.600437
vt 0.936292 0.998912
vt 0.672745 0.861445
vt 0.671836 0.867056
vt 0.673040 0.886688
vt 0.674568 0.908779
vt 0.671492 0.911353
vt 0.677988 0.908373
vt 0.667525 0.847140
vt 0.672061 0.856671
vt 0.677567 0.862972
vt 0.126098 0.005677
vt 0.128523 0.010205
vt 0.130831 0.005724
vt 0.134333 0.009917
vt 0.133224 0.013708
vt 0.137801 0.015284
vt 0.141037 0.010818
vt 0.138987 0.005677
vt 0.666841 0.849456
vt 0.671442 0.852665
vt 0.843146 0.452724
vt 0.848749 0.456332
vt 0.844523 0.449345
vt 0.851054 0.455237
vt 0.850413 0.449345
vt 0.118256 0.814410
vt 0.118189 0.818777
vt 0.122833 0.815594
vt 0.649647 0.876252
vt 0.443758 0.661404
vt 0.475357 0.664701
vt 0.485989 0.691734
vt 0.507352 0.667921
vt 0.441514 0.593736
vt 0.424251 0.604017
vt 0.448539 0.593805
vt 0.155719 0.430862
vt 0.166040 0.426662
vt 0.159588 0.428504
vt 0.453206 0.592653
vt 0.458765 0.595833
vt 0.434280 0.588330
vt 0.173870 0.430165
vt 0.429034 0.588361
vt 0.184859 0.451277
vt 0.205963 0.427637
vt 0.190450 0.428978
vt 0.425146 0.590821
vt 0.188131 0.425635
vt 0.182079 0.426459
vt 0.178766 0.429288
vt 0.418713 0.591001
vt 0.436809 0.622214
vt 0.390485 0.621597
vt 0.463413 0.617330
vt 0.380460 0.596101
vt 0.399440 0.591458
vt 0.387315 0.591600
vt 0.391953 0.590179
vt 0.198717 0.427044
vt 0.407821 0.588962
vt 0.400253 0.588258
vt 0.416553 0.587336
vt 0.213891 0.426116
vt 0.206775 0.424569
vt 0.459089 0.639942
vt 0.483028 0.638950
vt 0.879723 0.238347
vt 0.884385 0.238982
vt 0.870070 0.243699
vt 0.494398 0.139725
vt 0.501032 0.145814
vt 0.500486 0.141473
vt 0.474289 0.155531
vt 0.484419 0.136501
vt 0.474918 0.128516
vt 0.490318 0.136875
vt 0.479603 0.128341
vt 0.882417 0.235186
vt 0.889056 0.262568
vt 0.892350 0.245598
vt 0.490279 0.132848
vt 0.893136 0.239391
vt 0.899636 0.246524
vt 0.903209 0.251086
vt 0.895754 0.244139
vt 0.967064 0.081355
vt 0.975237 0.088405
vt 0.982407 0.107462
vt 0.961477 0.101505
vt 0.934460 0.065016
vt 0.510343 0.179181
vt 0.473077 0.177661
vt 0.489490 0.192636
vt 0.484838 0.195718
vt 0.456555 0.194774
vt 0.474419 0.199002
vt 0.484898 0.198803
vt 0.981394 0.096344
vt 0.953928 0.061104
vt 0.967272 0.063208
vt 0.972358 0.070424
vt 0.973141 0.075291
vt 0.976833 0.081271
vt 0.500915 0.188036
vt 0.496728 0.191118
vt 0.977549 0.086534
vt 0.437834 0.164371
vt 0.435270 0.189580
vt 0.469404 0.122028
vt 0.439426 0.142298
vt 0.476357 0.124245
vt 0.425183 0.124751
vt 0.202749 0.118967
vt 0.212641 0.116577
vt 0.204880 0.079837
vt 0.984600 0.164639
vt 0.996032 0.157286
vt 0.996582 0.162051
vt 0.996533 0.175529
vt 0.222224 0.113764
vt 0.225837 0.089322
vt 0.994970 0.197383
vt 0.982330 0.190593
vt 0.994191 0.209280
vt 0.967560 0.209254
vt 0.973598 0.214244
vt 0.988152 0.221870
vt 0.978278 0.218237
vt 0.421621 0.210219
vt 0.413068 0.209359
vt 0.416121 0.211634
vt 0.977050 0.132542
vt 0.464276 0.204894
vt 0.450157 0.208542
vt 0.986551 0.121083
vt 0.449206 0.205842
vt 0.444048 0.208673
vt 0.439696 0.207363
vt 0.989321 0.120589
vt 0.989187 0.126268
vt 0.994384 0.139579
vt 0.992182 0.129429
vt 0.224124 0.119345
vt 0.227813 0.126261
vt 0.232899 0.112390
vt 0.999561 0.178894
vt 0.999210 0.185997
vt 0.997459 0.188716
vt 0.378527 0.214737
vt 0.381332 0.213002
vt 0.371937 0.213838
vt 0.998097 0.195216
vt 0.233787 0.129858
vt 0.361724 0.210615
vt 0.997356 0.200322
vt 0.366703 0.214224
vt 0.228700 0.137995
vt 0.388582 0.212473
vt 0.234218 0.106578
vt 0.322999 0.198288
vt 0.343680 0.208468
vt 0.235239 0.097378
vt 0.328818 0.202191
vt 0.328235 0.186249
vt 0.996181 0.152149
vt 0.996022 0.146622
vt 0.423029 0.206012
vt 0.428241 0.209398
vt 0.999561 0.144100
vt 0.982553 0.441196
vt 0.979922 0.440283
vt 0.981988 0.434730
vt 0.990481 0.428815
vt 0.983647 0.447751
vt 0.979793 0.446199
vt 0.988912 0.417673
vt 0.977506 0.432713
vt 0.988080 0.465075
vt 0.991417 0.435022
vt 0.991594 0.450643
vt 0.136198 0.628018
vt 0.150537 0.631702
vt 0.166280 0.622259
vt 0.983116 0.479647
vt 0.979428 0.479913
vt 0.111836 0.626748
vt 0.121893 0.628452
vt 0.987247 0.475697
vt 0.103784 0.626344
vt 0.107019 0.629875
vt 0.105945 0.623133
vt 0.125067 0.618529
vt 0.117557 0.615494
vt 0.123662 0.610624
vt 0.113544 0.614264
vt 0.981459 0.471989
vt 0.984330 0.457888
vt 0.978110 0.459171
vt 0.981399 0.456377
vt 0.979264 0.463295
vt 0.978081 0.472240
vt 0.112447 0.618579
vt 0.109546 0.616369
vt 0.155929 0.634197
vt 0.159870 0.634209
vt 0.164982 0.636218
vt 0.991306 0.419030
vt 0.991594 0.424809
vt 0.503802 0.644952
vt 0.531697 0.669325
vt 0.467638 0.600004
vt 0.477783 0.599763
vt 0.471752 0.597906
vt 0.137839 0.433003
vt 0.149711 0.429822
vt 0.140410 0.429469
vt 0.132003 0.434074
vt 0.125487 0.437797
vt 0.153167 0.462589
vt 0.124393 0.464842
vt 0.158825 0.492748
vt 0.136631 0.494357
vt 0.183936 0.481789
vt 0.214401 0.465370
vt 0.226331 0.444188
vt 0.105404 0.468194
vt 0.100732 0.496158
vt 0.106744 0.463742
vt 0.108721 0.456721
vt 0.528885 0.600695
vt 0.529546 0.609333
vt 0.531105 0.604668
vt 0.525855 0.633189
vt 0.525739 0.641707
vt 0.497511 0.621250
vt 0.516625 0.594618
vt 0.524563 0.612164
vt 0.507288 0.595285
vt 0.512209 0.594178
vt 0.528996 0.637718
vt 0.525408 0.617973
vt 0.528817 0.622139
vt 0.701907 0.732330
vt 0.700293 0.726890
vt 0.701721 0.721885
vt 0.707396 0.732730
vt 0.525720 0.593206
vt 0.518805 0.589894
vt 0.099845 0.465883
vt 0.097907 0.471348
vt 0.523104 0.587336
vt 0.531539 0.595735
vt 0.105329 0.459094
vt 0.710739 0.736085
vt 0.529948 0.644142
vt 0.531579 0.648892
vt 0.696544 0.707839
vt 0.692342 0.705152
vt 0.695602 0.701759
vt 0.695123 0.712983
vt 0.485750 0.599814
vt 0.496838 0.600372
vt 0.499487 0.596314
vt 0.115487 0.452483
vt 0.111583 0.452978
vt 0.366751 0.599854
vt 0.262155 0.422356
vt 0.225533 0.421511
vt 0.223048 0.425366
vt 0.238611 0.420524
vt 0.382518 0.591808
vt 0.218430 0.425086
vt 0.293901 0.424478
vt 0.275787 0.422607
vt 0.294084 0.615491
vt 0.310725 0.425474
vt 0.313011 0.420524
vt 0.295217 0.610154
vt 0.343565 0.601963
vt 0.330136 0.604760
vt 0.311987 0.607248
vt 0.122085 0.443910
vt 0.116767 0.447681
vt 0.116465 0.443164
vt 0.503713 0.593087
vt 0.492361 0.596337
vt 0.120591 0.608966
vt 0.114607 0.605965
vt 0.117247 0.609853
vt 0.111146 0.602984
vt 0.111157 0.599763
vt 0.108041 0.597224
vt 0.020830 0.826670
vt 0.016830 0.837252
vt 0.019218 0.839167
vt 0.037177 0.819668
vt 0.060664 0.805027
vt 0.059248 0.778531
vt 0.086897 0.773456
vt 0.033221 0.794468
vt 0.023845 0.817543
vt 0.022010 0.814357
vt 0.018327 0.826727
vt 0.526881 0.107423
vt 0.522819 0.105759
vt 0.520816 0.109261
vt 0.122358 0.795930
vt 0.529575 0.102201
vt 0.113606 0.795189
vt 0.118104 0.794907
vt 0.097960 0.801016
vt 0.091689 0.798162
vt 0.085942 0.803060
vt 0.600320 0.097116
vt 0.614574 0.089361
vt 0.608747 0.071976
vt 0.584652 0.100070
vt 0.590180 0.099720
vt 0.574806 0.085551
vt 0.563649 0.106651
vt 0.019886 0.843499
vt 0.635647 0.075889
vt 0.019568 0.863535
vt 0.022658 0.866857
vt 0.027425 0.855709
vt 0.627271 0.082966
vt 0.037123 0.842858
vt 0.015063 0.859946
vt 0.015527 0.864870
vt 0.012176 0.858555
vt 0.558545 0.106694
vt 0.546968 0.105432
vt 0.047530 0.828919
vt 0.057770 0.821366
vt 0.069821 0.813681
vt 0.080627 0.804854
vt 0.116186 0.800637
vt 0.541983 0.103849
vt 0.537216 0.107563
vt 0.531144 0.107827
vt 0.552021 0.109607
vt 0.103414 0.801434
vt 0.107457 0.796625
vt 0.038701 0.766630
vt 0.042236 0.765372
vt 0.038506 0.774305
vt 0.043493 0.775631
vt 0.035880 0.786949
vt 0.031110 0.789471
vt 0.039352 0.779962
vt 0.029786 0.795220
vt 0.041021 0.319323
vt 0.042781 0.364156
vt 0.041932 0.306530
vt 0.065924 0.272650
vt 0.050727 0.275807
vt 0.296961 0.364604
vt 0.353093 0.353195
vt 0.302018 0.353325
vt 0.354589 0.363652
vt 0.315528 0.387093
vt 0.324068 0.378108
vt 0.300780 0.390061
vt 0.013051 0.335094
vt 0.026987 0.343351
vt 0.023874 0.313519
vt 0.027301 0.332226
vt 0.029191 0.325179
vt 0.028023 0.310214
vt 0.347773 0.011421
vt 0.348467 0.014724
vt 0.349049 0.009384
vt 0.354770 0.033073
vt 0.374404 0.032637
vt 0.370873 0.017920
vt 0.354673 0.006412
vt 0.322887 0.387936
vt 0.333933 0.386153
vt 0.374923 0.008205
vt 0.363787 0.007068
vt 0.351565 0.003022
vt 0.957596 0.974483
vt 0.961696 0.976242
vt 0.959584 0.971171
vt 0.011523 0.298610
vt 0.347868 0.005953
vt 0.368197 0.006064
vt 0.008348 0.319541
vt 0.010491 0.323437
vt 0.009275 0.308055
vt 0.960135 0.980349
vt 0.010431 0.330378
vt 0.383223 0.007720
vt 0.013412 0.343918
vt 0.016412 0.345210
vt 0.014037 0.340311
vt 0.019843 0.345180
vt 0.022747 0.347545
vt 0.063407 0.224695
vt 0.068504 0.242328
vt 0.085933 0.235626
vt 0.027260 0.264637
vt 0.051042 0.200528
vt 0.065500 0.243783
vt 0.064791 0.240243
vt 0.065938 0.246441
vt 0.063498 0.253862
vt 0.028684 0.227491
vt 0.024400 0.249000
vt 0.955639 0.940187
vt 0.957030 0.916447
vt 0.952327 0.894812
vt 0.019385 0.264002
vt 0.014285 0.270451
vt 0.957292 0.955476
vt 0.957872 0.943846
vt 0.958091 0.932361
vt 0.008531 0.301363
vt 0.955099 0.977084
vt 0.961659 0.967608
vt 0.010866 0.285413
vt 0.014967 0.281809
vt 0.959977 0.950685
vt 0.262381 0.362732
vt 0.264722 0.353642
vt 0.244377 0.362711
vt 0.238798 0.357098
vt 0.046826 0.250503
vt 0.053024 0.249038
vt 0.058165 0.243212
vt 0.238576 0.377220
vt 0.258820 0.376085
vt 0.236359 0.371287
vt 0.231116 0.358313
vt 0.228671 0.359876
vt 0.226388 0.357423
vt 0.229740 0.367302
vt 0.225395 0.361543
vt 0.036007 0.278307
vt 0.267676 0.385107
vt 0.293048 0.351855
vt 0.278661 0.352182
vt 0.045451 0.289312
vt 0.249212 0.031542
vt 0.254336 0.033611
vt 0.252471 0.030232
vt 0.303251 0.918181
vt 0.307652 0.934936
vt 0.310671 0.936394
vt 0.320751 0.922421
vt 0.315073 0.933511
vt 0.254895 0.037092
vt 0.287906 0.041539
vt 0.308190 0.029744
vt 0.256645 0.016717
vt 0.276527 0.016422
vt 0.927600 0.915573
vt 0.932554 0.934104
vt 0.933687 0.885960
vt 0.920618 0.890333
vt 0.924768 0.913103
vt 0.279741 0.014318
vt 0.307225 0.018730
vt 0.315663 0.015356
vt 0.309526 0.015618
vt 0.301199 0.018154
vt 0.930215 0.936993
vt 0.931508 0.942841
vt 0.935116 0.944065
vt 0.299099 0.014959
vt 0.944425 0.972455
vt 0.947961 0.975452
vt 0.327172 0.016450
vt 0.334978 0.017156
vt 0.328889 0.013823
vt 0.943359 0.961344
vt 0.334949 0.033619
vt 0.339937 0.017122
vt 0.942498 0.968029
vt 0.937360 0.949710
vt 0.938167 0.956126
vt 0.322084 0.016803
vt 0.940292 0.960685
vt 0.388857 0.010020
vt 0.344232 0.015146
vt 0.950080 0.978942
vt 0.952736 0.976917
vt 0.199560 0.392990
vt 0.185929 0.409189
vt 0.189964 0.396939
vt 0.234899 0.395171
vt 0.205044 0.389810
vt 0.234543 0.402305
vt 0.231206 0.405787
vt 0.207595 0.409105
vt 0.217605 0.410694
vt 0.200492 0.411517
vt 0.184377 0.400432
vt 0.180596 0.408507
vt 0.203411 0.940568
vt 0.206953 0.937234
vt 0.211177 0.940689
vt 0.750413 0.927289
vt 0.746637 0.930715
vt 0.753127 0.931425
vt 0.743005 0.938708
vt 0.754367 0.942176
vt 0.746509 0.942766
vt 0.741267 0.944624
vt 0.742098 0.929987
vt 0.728558 0.926915
vt 0.733440 0.930763
vt 0.736168 0.938704
vt 0.205282 0.929798
vt 0.211177 0.928821
vt 0.211336 0.933719
vt 0.202548 0.932397
vt 0.682390 0.917055
vt 0.686301 0.926734
vt 0.686609 0.920014
vt 0.670792 0.941101
vt 0.682504 0.935218
vt 0.688829 0.933680
vt 0.089192 0.552402
vt 0.093252 0.555895
vt 0.095896 0.552402
vt 0.231226 0.409424
vt 0.689150 0.930275
vt 0.686962 0.939250
vt 0.097979 0.555731
vt 0.692256 0.939484
vt 0.683170 0.940037
vt 0.677892 0.940328
vt 0.681667 0.943241
vt 0.227100 0.415247
vt 0.215354 0.417031
vt 0.206059 0.414674
vt 0.430931 0.398387
vt 0.425368 0.406710
vt 0.742734 0.913939
vt 0.756995 0.914887
vt 0.772373 0.911011
vt 0.208696 0.945415
vt 0.751928 0.916467
vt 0.747383 0.913528
vt 0.755693 0.927308
vt 0.479139 0.040611
vt 0.474956 0.038910
vt 0.480124 0.033624
vt 0.761608 0.867720
vt 0.245606 0.318341
vt 0.249944 0.323751
vt 0.254434 0.318341
vt 0.190547 0.391881
vt 0.707036 0.916069
vt 0.715173 0.918598
vt 0.721720 0.918596
vt 0.732310 0.915801
vt 0.728561 0.922117
vt 0.081995 0.127948
vt 0.083040 0.121834
vt 0.077768 0.121834
vt 0.732008 0.901769
vt 0.736567 0.903199
vt 0.736526 0.919041
vt 0.554042 0.739636
vt 0.556548 0.743759
vt 0.567341 0.739642
vt 0.561663 0.744542
vt 0.198172 0.388997
vt 0.719973 0.922194
vt 0.739757 0.922606
vt 0.743664 0.924917
vt 0.742705 0.913876
vt 0.752760 0.865186
vt 0.909930 0.928566
vt 0.907055 0.931441
vt 0.752463 0.869288
vt 0.763501 0.874457
vt 0.762662 0.887629
vt 0.676090 0.539301
vt 0.673192 0.543668
vt 0.681459 0.540853
vt 0.704725 0.907625
vt 0.713990 0.889021
vt 0.155739 0.147168
vt 0.161248 0.143028
vt 0.150063 0.143026
vt 0.149824 0.148908
vt 0.729249 0.885236
vt 0.725432 0.889821
vt 0.787786 0.967248
vt 0.791301 0.965609
vt 0.788809 0.975983
vt 0.720828 0.909596
vt 0.725441 0.890001
vt 0.668108 0.919482
vt 0.668556 0.894101
vt 0.687298 0.913655
vt 0.071617 0.989501
vt 0.076011 0.988210
vt 0.076011 0.994323
vt 0.234950 0.388210
vt 0.236819 0.389809
vt 0.213930 0.388210
vt 0.650703 0.539301
vt 0.981595 0.408149
vt 0.987685 0.405641
vt 0.983876 0.408207
vt 0.172211 0.646807
vt 0.175706 0.644519
vt 0.171193 0.640350
vt 0.983792 0.403930
vt 0.989680 0.411499
vt 0.977709 0.409670
vt 0.165473 0.638945
vt 0.815388 0.221039
vt 0.806951 0.209368
vt 0.812102 0.213373
vt 0.804380 0.203655
vt 0.869637 0.239146
vt 0.874541 0.234054
vt 0.864403 0.247746
vt 0.854671 0.263321
vt 0.855794 0.257797
vt 0.475069 0.111936
vt 0.474707 0.104519
vt 0.462038 0.103125
vt 0.476960 0.090659
vt 0.470887 0.114567
vt 0.483699 0.066181
vt 0.478960 0.068539
vt 0.480585 0.085883
vt 0.880793 0.279240
vt 0.448603 0.074007
vt 0.438560 0.104966
vt 0.460792 0.066476
vt 0.135081 0.191663
vt 0.157174 0.189610
vt 0.140291 0.189900
vt 0.118804 0.199711
vt 0.431726 0.068726
vt 0.817098 0.234993
vt 0.827413 0.259550
vt 0.813679 0.236403
vt 0.409924 0.078170
vt 0.431786 0.066970
vt 0.418616 0.070903
vt 0.810270 0.226034
vt 0.818980 0.253316
vt 0.168528 0.198365
vt 0.167511 0.188792
vt 0.182861 0.184545
vt 0.401911 0.106394
vt 0.188509 0.184083
vt 0.196887 0.184758
vt 0.203301 0.186083
vt 0.204823 0.181904
vt 0.612854 0.165624
vt 0.616924 0.163853
vt 0.194438 0.181563
vt 0.609427 0.160150
vt 0.609902 0.156238
vt 0.619080 0.158271
vt 0.621042 0.171689
vt 0.184001 0.207668
vt 0.215545 0.197985
vt 0.207259 0.186395
vt 0.208381 0.184028
vt 0.208629 0.188866
vt 0.614755 0.170756
vt 0.620716 0.174092
vt 0.615540 0.168423
vt 0.187706 0.001310
vt 0.615650 0.174866
vt 0.613241 0.175927
vt 0.621994 0.183778
vt 0.621725 0.178830
vt 0.627971 0.178256
vt 0.731447 0.149719
vt 0.731547 0.144542
vt 0.727270 0.144542
vt 0.724517 0.149782
vt 0.211774 0.193321
vt 0.212462 0.190771
vt 0.606386 0.188582
vt 0.617847 0.187412
vt 0.603860 0.195083
vt 0.882689 0.532314
vt 0.882689 0.538428
vt 0.876538 0.534666
vt 0.877648 0.537956
vt 0.612267 0.181184
vt 0.621994 0.183778
vt 0.605267 0.210066
vt 0.160862 0.222073
vt 0.132999 0.217635
vt 0.216314 0.222515
vt 0.217653 0.206607
vt 0.221366 0.212685
vt 0.382995 0.165300
vt 0.398062 0.144782
vt 0.362744 0.157938
vt 0.354857 0.138036
vt 0.390478 0.126166
vt 0.353978 0.124259
vt 0.948058 0.132445
vt 0.935289 0.122947
vt 0.938342 0.104949
vt 0.940669 0.128558
vt 0.933535 0.110181
vt 0.924071 0.082520
vt 0.943539 0.107519
vt 0.927948 0.091065
vt 0.925010 0.095458
vt 0.930368 0.130671
vt 0.926514 0.124811
vt 0.921230 0.135073
vt 0.914508 0.099965
vt 0.918646 0.115677
vt 0.161477 0.096973
vt 0.169330 0.103117
vt 0.167602 0.098247
vt 0.169348 0.097594
vt 0.806994 0.113903
vt 0.809916 0.110118
vt 0.805386 0.110455
vt 0.791931 0.808147
vt 0.792011 0.804273
vt 0.794371 0.807230
vt 0.169687 0.095980
vt 0.172799 0.092850
vt 0.794725 0.804424
vt 0.790572 0.804229
vt 0.149220 0.101672
vt 0.150792 0.091783
vt 0.147554 0.104950
vt 0.146812 0.087433
vt 0.178796 0.107572
vt 0.183596 0.109587
vt 0.182475 0.094944
vt 0.186347 0.094817
vt 0.187878 0.088479
vt 0.173861 0.084208
vt 0.179873 0.079045
vt 0.524788 0.424747
vt 0.527609 0.430272
vt 0.523371 0.434671
vt 0.142606 0.109084
vt 0.182549 0.134026
vt 0.153630 0.117000
vt 0.160124 0.119795
vt 0.173073 0.121332
vt 0.035244 0.565465
vt 0.033263 0.563698
vt 0.031398 0.564767
vt 0.146905 0.107601
vt 0.035467 0.561321
vt 0.030316 0.561135
vt 0.527273 0.436426
vt 0.526159 0.449912
vt 0.162605 0.116625
vt 0.169395 0.117566
vt 0.167740 0.111012
vt 0.049538 0.563316
vt 0.049981 0.561135
vt 0.043157 0.561765
vt 0.046968 0.565232
vt 0.156535 0.104502
vt 0.528283 0.444846
vt 0.528246 0.450489
vt 0.155284 0.112543
vt 0.150494 0.105737
vt 0.527037 0.421683
vt 0.531111 0.418962
vt 0.527880 0.420590
vt 0.175407 0.116315
vt 0.138582 0.127660
vt 0.125699 0.120187
vt 0.907933 0.173038
vt 0.933832 0.191958
vt 0.905683 0.201346
vt 0.161320 0.074169
vt 0.122865 0.084635
vt 0.113505 0.107541
vt 0.892306 0.207780
vt 0.885471 0.209478
vt 0.119106 0.117751
vt 0.901886 0.126483
vt 0.911591 0.127286
vt 0.138824 0.064871
vt 0.912651 0.089469
vt 0.903386 0.100769
vt 0.897752 0.103164
vt 0.900609 0.111875
vt 0.901484 0.139260
vt 0.950016 0.154454
vt 0.954153 0.176697
vt 0.944140 0.190937
vt 0.903103 0.123548
vt 0.888523 0.115070
vt 0.895770 0.092531
vt 0.185253 0.113845
vt 0.181289 0.064965
vt 0.176244 0.072553
vt 0.207821 0.119992
vt 0.953465 0.197200
vt 0.954267 0.202861
vt 0.182050 0.117363
vt 0.968236 0.214773
vt 0.187992 0.129035
vt 0.201543 0.124222
vt 0.186698 0.134585
vt 0.949820 0.192625
vt 0.949303 0.197377
vt 0.183614 0.113314
vt 0.166576 0.138589
vt 0.176956 0.140175
vt 0.182758 0.138842
vt 0.878468 0.218833
vt 0.340011 0.715710
vt 0.402131 0.740534
vt 0.347914 0.732242
vt 0.745944 0.948083
vt 0.754359 0.948772
vt 0.759475 0.946548
vt 0.013215 0.021397
vt 0.005712 0.021397
vt 0.010545 0.026638
vt 0.018893 0.025703
vt 0.815204 0.909999
vt 0.807197 0.900500
vt 0.812000 0.912812
vt 0.118040 0.153354
vt 0.113787 0.155901
vt 0.122348 0.160666
vt 0.122583 0.153275
vt 0.112877 0.161135
vt 0.793327 0.942759
vt 0.789833 0.944042
vt 0.798339 0.946621
vt 0.808175 0.922209
vt 0.804177 0.944985
vt 0.005712 0.425995
vt 0.011863 0.428430
vt 0.006861 0.432751
vt 0.810501 0.945168
vt 0.342267 0.526201
vt 0.345290 0.520152
vt 0.804178 0.944982
vt 0.781276 0.897347
vt 0.783541 0.901285
vt 0.788729 0.901557
vt 0.785183 0.906648
vt 0.780786 0.912869
vt 0.782903 0.912009
vt 0.986321 0.753300
vt 0.981291 0.743672
vt 0.981119 0.756769
vt 0.794090 0.903700
vt 0.762391 0.827749
vt 0.761367 0.822790
vt 0.765501 0.820524
vt 0.986126 0.746921
vt 0.793124 0.914351
vt 0.799773 0.901308
vt 0.990773 0.743668
vt 0.784063 0.917903
vt 0.796781 0.927871
vt 0.805878 0.917863
vt 0.810485 0.917187
vt 0.109614 0.153275
vt 0.108524 0.158476
vt 0.960896 0.640336
vt 0.967716 0.640611
vt 0.964414 0.636245
vt 0.800076 0.931214
vt 0.724517 0.946288
vt 0.724517 0.952902
vt 0.721002 0.947862
vt 0.793990 0.937747
vt 0.789713 0.936757
vt 0.812933 0.921505
vt 0.007609 0.419651
vt 0.011863 0.421903
vt 0.799736 0.940095
vt 0.796303 0.934127
vt 0.974077 0.636245
vt 0.819568 0.915420
vt 0.798999 0.955911
vt 0.818021 0.949060
vt 0.812010 0.949280
vt 0.796373 0.960767
vt 0.644552 0.837118
vt 0.644552 0.843231
vt 0.639279 0.839687
vt 0.780865 0.890770
vt 0.770246 0.890709
vt 0.951400 0.727907
vt 0.956503 0.721684
vt 0.956438 0.730872
vt 0.783542 0.883903
vt 0.780997 0.890876
vt 0.787798 0.889392
vt 0.922913 0.202183
vt 0.916960 0.202183
vt 0.919889 0.206550
vt 0.794238 0.890339
vt 0.926626 0.205908
vt 0.789093 0.895572
vt 0.768362 0.831514
vt 0.757909 0.831449
vt 0.768453 0.826187
vt 0.797144 0.894367
vt 0.804255 0.895914
vt 0.779146 0.879953
vt 0.951230 0.720961
vt 0.826582 0.921961
vt 0.819572 0.915417
vt 0.918717 0.978249
vt 0.925747 0.970742
vt 0.379124 0.940175
vt 0.365114 0.939169
vt 0.370548 0.936030
vt 0.974956 0.676575
vt 0.379077 0.935043
vt 0.095750 0.838197
vt 0.097100 0.833624
vt 0.091599 0.833624
vt 0.090070 0.838865
vt 0.780141 0.954682
vt 0.786989 0.958018
vt 0.770582 0.928619
vt 0.786341 0.937356
vt 0.779203 0.932741
vt 0.774888 0.926997
vt 0.762098 0.921332
vt 0.764547 0.917779
vt 0.023286 0.063319
vt 0.028062 0.062899
vt 0.024531 0.058079
vt 0.033831 0.058079
vt 0.767622 0.919364
vt 0.220123 0.188210
vt 0.223471 0.193450
vt 0.224517 0.188210
vt 0.963533 0.844105
vt 0.957381 0.843611
vt 0.957533 0.837503
vt 0.963533 0.837118
vt 0.772892 0.916614
vt 0.782616 0.921359
vt 0.680853 0.963051
vt 0.686731 0.959389
vt 0.686731 0.966997
vt 0.782210 0.927693
vt 0.680580 0.968122
vt 0.721892 0.955022
vt 0.764497 0.929110
vt 0.770123 0.953850
vt 0.765032 0.955407
vt 0.774443 0.952678
vt 0.774142 0.957959
vt 0.484622 0.039193
vt 0.484622 0.033649
vt 0.783953 0.959326
vt 0.778674 0.958417
vt 0.256151 0.324454
vt 0.768199 0.884540
vt 0.807997 0.121476
vt 0.803603 0.123598
vt 0.804894 0.117467
vt 0.774590 0.885357
vt 0.772436 0.889048
vt 0.537295 0.764629
vt 0.532795 0.759389
vt 0.531195 0.761838
vt 0.769302 0.875273
vt 0.771988 0.881509
vt 0.807997 0.128821
vt 0.541740 0.759389
vt 0.657277 0.934372
vt 0.667998 0.943075
vt 0.675289 0.940933
vt 0.666350 0.944368
vt 0.669809 0.944969
vt 0.666795 0.923369
vt 0.660761 0.927394
vt 0.663298 0.929619
vt 0.665646 0.946434
vt 0.667293 0.947769
vt 0.651295 0.938985
vt 0.652160 0.941940
vt 0.653639 0.940711
vt 0.661088 0.949445
vt 0.671049 0.947023
vt 0.673844 0.945614
vt 0.465290 0.026638
vt 0.463533 0.022143
vt 0.465290 0.019651
vt 0.738941 0.769924
vt 0.718512 0.769422
vt 0.424126 0.409627
vt 0.121705 0.946149
vt 0.120004 0.931993
vt 0.107442 0.926556
vt 0.115471 0.964370
vt 0.102458 0.975569
vt 0.442725 0.429606
vt 0.455113 0.434538
vt 0.054594 0.983966
vt 0.084216 0.982483
vt 0.075985 0.918738
vt 0.088024 0.909607
vt 0.042141 0.922081
vt 0.769206 0.769001
vt 0.769089 0.772039
vt 0.069780 0.984714
vt 0.059408 0.909607
vt 0.017032 0.958897
vt 0.019186 0.966354
vt 0.015198 0.944599
vt 0.035850 0.980716
vt 0.031289 0.937662
vt 0.015029 0.975286
vt 0.017759 0.975598
vt 0.017404 0.972859
vt 0.018516 0.977500
vt 0.018058 0.970147
vt 0.013620 0.972426
vt 0.626013 0.915464
vt 0.625327 0.916708
vt 0.626923 0.917595
vt 0.018766 0.966811
vt 0.628356 0.920001
vt 0.628101 0.921944
vt 0.634996 0.918745
vt 0.620827 0.912506
vt 0.624976 0.913835
vt 0.624083 0.912854
vt 0.539982 0.969869
vt 0.537346 0.969869
vt 0.538544 0.971616
vt 0.703536 0.773084
vt 0.705854 0.773136
vt 0.711267 0.769858
vt 0.706253 0.769505
vt 0.024372 0.980718
vt 0.029474 0.981031
vt 0.018503 0.979538
vt 0.623175 0.919300
vt 0.629207 0.932756
vt 0.631543 0.927006
vt 0.453322 0.436661
vt 0.411497 0.485705
vt 0.428863 0.489749
vt 0.432626 0.487287
vt 0.412532 0.493003
vt 0.421666 0.492854
vt 0.420965 0.489219
vt 0.641439 0.909971
vt 0.638285 0.924272
vt 0.396894 0.414770
vt 0.396488 0.408405
vt 0.402496 0.409769
vt 0.401940 0.411571
vt 0.403624 0.413155
vt 0.644082 0.888202
vt 0.653197 0.905443
vt 0.645111 0.927451
vt 0.643412 0.930779
vt 0.645774 0.939696
vt 0.640458 0.931746
vt 0.633599 0.926007
vt 0.401270 0.415284
vt 0.647371 0.940435
vt 0.959485 0.390830
vt 0.970674 0.387258
vt 0.954745 0.387336
vt 0.705424 0.779383
vt 0.700803 0.773027
vt 0.628781 0.909755
vt 0.625110 0.906938
vt 0.624539 0.911008
vt 0.110281 0.991703
vt 0.110313 0.996574
vt 0.113191 0.994923
vt 0.113360 0.998692
vt 0.116336 0.991703
vt 0.631376 0.913775
vt 0.628952 0.914566
vt 0.626556 0.919328
vt 0.627905 0.913399
vt 0.117311 0.995550
vt 0.635883 0.905043
vt 0.636378 0.887468
vt 0.719244 0.150312
vt 0.717879 0.148035
vt 0.713817 0.150655
vt 0.707821 0.148035
vt 0.635907 0.902856
vt 0.631200 0.902032
vt 0.653213 0.904677
vt 0.434534 0.483406
vt 0.803500 0.029258
vt 0.807997 0.027511
vt 0.802724 0.027511
vt 0.636783 0.928366
vt 0.632968 0.929248
vt 0.632506 0.934272
vt 0.631128 0.931501
vt 0.639669 0.929827
vt 0.637925 0.929639
vt 0.635782 0.938197
vt 0.632924 0.938812
vt 0.639079 0.939468
vt 0.641560 0.941355
vt 0.632827 0.929276
vt 0.398807 0.402187
vt 0.403662 0.403637
vt 0.401619 0.408180
vt 0.639068 0.924668
vt 0.634925 0.941370
vt 0.112284 0.968072
vt 0.419736 0.416663
vt 0.424965 0.419441
vt 0.462748 0.437635
vt 0.896736 0.291647
vt 0.923675 0.283048
vt 0.909204 0.304396
vt 0.867046 0.339566
vt 0.859216 0.323592
vt 0.906189 0.266498
vt 0.866621 0.358960
vt 0.923049 0.016797
vt 0.923246 0.038140
vt 0.878071 0.017790
vt 0.934937 0.298949
vt 0.932883 0.324598
vt 0.913151 0.323363
vt 0.935744 0.322842
vt 0.938049 0.312845
vt 0.930150 0.020023
vt 0.937105 0.021397
vt 0.940732 0.025657
vt 0.937304 0.305351
vt 0.936518 0.293764
vt 0.950641 0.028665
vt 0.950806 0.042691
vt 0.933341 0.284250
vt 0.951765 0.032924
vt 0.896403 0.002746
vt 0.915106 0.009739
vt 0.935977 0.280844
vt 0.933735 0.271581
vt 0.850489 0.303309
vt 0.506984 0.154997
vt 0.907168 0.250179
vt 0.934218 0.267846
vt 0.920754 0.258029
vt 0.511156 0.160456
vt 0.513782 0.157222
vt 0.916972 0.252675
vt 0.520650 0.169817
vt 0.516013 0.164257
vt 0.518325 0.173571
vt 0.927513 0.258302
vt 0.935692 0.263332
vt 0.922992 0.254918
vt 0.964956 0.044875
vt 0.968507 0.044951
vt 0.968291 0.049139
vt 0.967817 0.058674
vt 0.971201 0.057908
vt 0.936368 0.267973
vt 0.963112 0.040461
vt 0.961455 0.041935
vt 0.960558 0.037410
vt 0.512636 0.182009
vt 0.510016 0.186012
vt 0.818479 0.405667
vt 0.843128 0.395353
vt 0.906253 0.437385
vt 0.894789 0.413187
vt 0.831808 0.423161
vt 0.822856 0.416638
vt 0.844099 0.430719
vt 0.804539 0.391072
vt 0.798403 0.379861
vt 0.811290 0.394679
vt 0.364642 0.886061
vt 0.355967 0.897255
vt 0.363311 0.892790
vt 0.338110 0.886697
vt 0.370102 0.874416
vt 0.802765 0.374530
vt 0.822528 0.421954
vt 0.812370 0.401428
vt 0.371019 0.881728
vt 0.817051 0.413108
vt 0.376173 0.866000
vt 0.376270 0.871408
vt 0.927669 0.850293
vt 0.928141 0.853367
vt 0.930837 0.849374
vt 0.930959 0.844978
vt 0.933412 0.845327
vt 0.804581 0.360323
vt 0.806673 0.357913
vt 0.810757 0.359390
vt 0.802129 0.370157
vt 0.811315 0.357138
vt 0.835338 0.366291
vt 0.910935 0.374830
vt 0.862162 0.380130
vt 0.843529 0.345744
vt 0.435124 0.822132
vt 0.382996 0.866162
vt 0.423364 0.842620
vt 0.348092 0.846835
vt 0.404182 0.854726
vt 0.883106 0.455620
vt 0.866256 0.449718
vt 0.848629 0.435977
vt 0.399094 0.859495
vt 0.873929 0.453819
vt 0.431500 0.839034
vt 0.441036 0.837710
vt 0.455200 0.832286
vt 0.815021 0.343776
vt 0.927383 0.349873
vt 0.931357 0.341836
vt 0.340780 0.911157
vt 0.350672 0.908018
vt 0.325520 0.902617
vt 0.352476 0.914454
vt 0.355577 0.912753
vt 0.349262 0.922132
vt 0.355464 0.917079
vt 0.917891 0.852086
vt 0.918359 0.856314
vt 0.921320 0.850873
vt 0.801323 0.365663
vt 0.800700 0.362310
vt 0.798631 0.368252
vt 0.924211 0.852995
vt 0.802028 0.358739
vt 0.799511 0.373156
vt 0.409442 0.805599
vt 0.126558 0.539584
vt 0.115187 0.532841
vt 0.121542 0.541090
vt 0.089093 0.044467
vt 0.141172 0.524564
vt 0.140447 0.549647
vt 0.069751 0.031381
vt 0.077365 0.030800
vt 0.072607 0.026869
vt 0.084963 0.031458
vt 0.127761 0.545519
vt 0.133297 0.550477
vt 0.137929 0.551593
vt 0.089500 0.029682
vt 0.097956 0.031043
vt 0.059237 0.029520
vt 0.052979 0.031038
vt 0.246167 0.569905
vt 0.235072 0.533225
vt 0.191171 0.544671
vt 0.156091 0.537812
vt 0.181613 0.522114
vt 0.209183 0.500857
vt 0.167131 0.095615
vt 0.157857 0.087977
vt 0.810239 0.112224
vt 0.870612 0.997501
vt 0.871455 0.992942
vt 0.868222 0.992578
vt 0.868822 0.995633
vt 0.868338 0.997120
vt 0.165078 0.076658
vt 0.180108 0.045882
vt 0.275851 0.599271
vt 0.269181 0.603252
vt 0.271045 0.604256
vt 0.162729 0.565125
vt 0.144574 0.557105
vt 0.155099 0.566792
vt 0.112052 0.035544
vt 0.126201 0.029500
vt 0.118723 0.031328
vt 0.177606 0.557856
vt 0.170351 0.565726
vt 0.177088 0.569101
vt 0.189990 0.571551
vt 0.146858 0.029431
vt 0.133701 0.030682
vt 0.177385 0.029030
vt 0.212943 0.574694
vt 0.185502 0.028297
vt 0.170100 0.026638
vt 0.227371 0.580294
vt 0.219332 0.578822
vt 0.205458 0.049476
vt 0.197270 0.032189
vt 0.247009 0.591940
vt 0.237661 0.587261
vt 0.243286 0.592958
vt 0.265752 0.583981
vt 0.259125 0.599305
vt 0.226466 0.042500
vt 0.231188 0.040801
vt 0.228143 0.040780
vt 0.264149 0.604204
vt 0.266119 0.602766
vt 0.232423 0.045636
vt 0.220727 0.038658
vt 0.216224 0.038794
vt 0.233905 0.049322
vt 0.232961 0.061345
vt 0.204112 0.036178
vt 0.207412 0.034263
vt 0.254620 0.598452
vt 0.090543 0.026638
vt 0.839649 0.322328
vt 0.955464 0.857185
vt 0.956938 0.851478
vt 0.952615 0.849711
vt 0.942321 0.862248
vt 0.944076 0.850128
vt 0.952938 0.846646
vt 0.812293 0.338982
vt 0.811345 0.334567
vt 0.815252 0.339345
vt 0.838878 0.274124
vt 0.839144 0.284839
vt 0.833845 0.267966
vt 0.842691 0.277859
vt 0.478002 0.065451
vt 0.469548 0.064898
vt 0.831156 0.296522
vt 0.827372 0.284848
vt 0.841721 0.273077
vt 0.822867 0.319985
vt 0.817321 0.326413
vt 0.960719 0.853707
vt 0.961424 0.849210
vt 0.958239 0.863812
vt 0.054191 0.188953
vt 0.052276 0.193056
vt 0.059912 0.188009
vt 0.088763 0.188117
vt 0.096185 0.206309
vt 0.107670 0.187033
vt 0.080359 0.185465
vt 0.087714 0.182880
vt 0.096687 0.183291
vt 0.830233 0.303657
vt 0.068585 0.185496
vt 0.074064 0.185331
vt 0.069480 0.181223
vt 0.826913 0.320754
vt 0.824565 0.315485
vt 0.826150 0.309805
vt 0.828433 0.305767
vt 0.825553 0.301753
vt 0.819231 0.321557
vt 0.065482 0.188369
vt 0.085206 0.184203
vt 0.046321 0.194453
vt 0.046673 0.201597
vt 0.961775 0.861085
vt 0.955453 0.867663
vt 0.125559 0.190490
vt 0.125981 0.188177
vt 0.824101 0.267145
vt 0.821838 0.267985
vt 0.818609 0.258881
vt 0.458489 0.064191
vt 0.830484 0.260309
vt 0.818702 0.234182
vt 0.042578 0.204048
vt 0.919754 0.863210
vt 0.935076 0.849369
vt 0.940524 0.848361
vt 0.810699 0.349977
vt 0.810029 0.346331
vt 0.808114 0.354446
vt 0.948281 0.845894
vt 0.340971 0.924671
vt 0.319697 0.935224
vt 0.322318 0.931945
vt 0.243554 0.026083
vt 0.247983 0.026467
vt 0.240592 0.022015
vt 0.327069 0.931707
vt 0.329371 0.933560
vt 0.335886 0.932149
vt 0.240921 0.018888
vt 0.344487 0.927254
vt 0.916834 0.873968
vt 0.918170 0.866362
vt 0.314354 0.936749
vt 0.305751 0.888194
vt 0.915245 0.864761
vt 0.919032 0.894287
vt 0.253251 0.013998
vt 0.246785 0.012998
vt 0.235974 0.013874
vt 0.919938 0.883916
vt 0.895455 0.962408
vt 0.898696 0.959683
vt 0.901152 0.960829
vt 0.894955 0.973131
vt 0.899330 0.954810
vt 0.901009 0.971509
vt 0.030622 0.378624
vt 0.019025 0.383069
vt 0.031163 0.380036
vt 0.705994 0.975561
vt 0.717780 0.984753
vt 0.720775 0.979145
vt 0.021519 0.400492
vt 0.706426 0.970612
vt 0.723082 0.976782
vt 0.720909 0.985978
vt 0.641720 0.781096
vt 0.639449 0.780792
vt 0.643500 0.777914
vt 0.902527 0.951260
vt 0.551251 0.334390
vt 0.542322 0.324254
vt 0.025739 0.412624
vt 0.030692 0.414833
vt 0.033700 0.412791
vt 0.537804 0.355933
vt 0.538065 0.360610
vt 0.542701 0.348970
vt 0.541800 0.354263
vt 0.024331 0.405253
vt 0.022348 0.409194
vt 0.040076 0.385328
vt 0.033610 0.424545
vt 0.535810 0.374061
vt 0.893718 0.963942
vt 0.540217 0.365405
vt 0.539967 0.373106
vt 0.543720 0.365882
vt 0.037142 0.384155
vt 0.902590 0.978730
vt 0.902013 0.972403
vt 0.052894 0.406516
vt 0.640614 0.789190
vt 0.641738 0.782689
vt 0.710654 0.981896
vt 0.063086 0.653707
vt 0.070169 0.656148
vt 0.069059 0.657996
vt 0.703062 0.967388
vt 0.701623 0.972363
vt 0.457156 0.033735
vt 0.453248 0.036142
vt 0.459696 0.034203
vt 0.460896 0.035766
vt 0.723708 0.972444
vt 0.699059 0.970371
vt 0.702513 0.973993
vt 0.699354 0.973099
vt 0.048022 0.383757
vt 0.049932 0.380348
vt 0.048618 0.375059
vt 0.028150 0.370859
vt 0.030547 0.369405
vt 0.025167 0.347199
vt 0.338196 0.387042
vt 0.358082 0.376291
vt 0.360757 0.367719
vt 0.391309 0.007847
vt 0.419652 0.009901
vt 0.396964 0.006654
vt 0.413725 0.021262
vt 0.396316 0.003134
vt 0.392764 0.004696
vt 0.019944 0.349719
vt 0.880057 0.971833
vt 0.883175 0.965890
vt 0.879414 0.975595
vt 0.036681 0.629562
vt 0.044922 0.615898
vt 0.053650 0.634275
vt 0.042114 0.632663
vt 0.416868 0.031741
vt 0.428667 0.025316
vt 0.422832 0.033919
vt 0.360119 0.378068
vt 0.884773 0.984494
vt 0.890204 0.983885
vt 0.890649 0.979891
vt 0.037817 0.368659
vt 0.044311 0.372526
vt 0.040518 0.366856
vt 0.035541 0.371545
vt 0.045520 0.376389
vt 0.363572 0.374431
vt 0.362310 0.369312
vt 0.889819 0.985590
vt 0.361907 0.364285
vt 0.365061 0.362141
vt 0.043221 0.369034
vt 0.892565 0.976489
vt 0.885447 0.965155
vt 0.033682 0.375017
vt 0.037878 0.379086
vt 0.896701 0.980117
vt 0.427084 0.019875
vt 0.429960 0.022585
vt 0.877416 0.970459
vt 0.879201 0.965834
vt 0.428287 0.032882
vt 0.424992 0.009943
vt 0.369989 0.351558
vt 0.364831 0.351993
vt 0.045227 0.378791
vt 0.368094 0.359288
vt 0.902907 0.981513
vt 0.370465 0.358380
vt 0.373632 0.353279
vt 0.045044 0.637354
vt 0.888663 0.965050
vt 0.052344 0.645474
vt 0.059452 0.640821
vt 0.057698 0.651411
vt 0.432880 0.028127
vt 0.447182 0.033963
vt 0.447776 0.029425
vt 0.435555 0.025161
vt 0.439986 0.026028
vt 0.437827 0.023965
vt 0.884580 0.962056
vt 0.889294 0.957252
vt 0.886372 0.952251
vt 0.452263 0.029854
vt 0.888835 0.947949
vt 0.888958 0.939982
vt 0.890862 0.937703
vt 0.891048 0.946318
vt 0.708387 0.966475
vt 0.890219 0.960495
vt 0.724517 0.964629
vt 0.720198 0.965670
vt 0.724165 0.969991
vt 0.717378 0.964690
vt 0.538377 0.315395
vt 0.635894 0.780116
vt 0.637672 0.774865
vt 0.636310 0.769151
vt 0.342406 0.959389
vt 0.345867 0.963831
vt 0.347048 0.961898
vt 0.641938 0.775311
vt 0.349568 0.965257
vt 0.538384 0.299134
vt 0.244693 0.129527
vt 0.248815 0.128909
vt 0.245491 0.116750
vt 0.255996 0.119767
vt 0.250626 0.116649
vt 0.336235 0.967950
vt 0.237252 0.116650
vt 0.066390 0.630965
vt 0.634127 0.793153
vt 0.629663 0.784017
vt 0.630540 0.782155
vt 0.641728 0.795234
vt 0.705988 0.977839
vt 0.643673 0.796480
vt 0.643236 0.801323
vt 0.641720 0.802432
vt 0.639361 0.801608
vt 0.400743 0.032766
vt 0.563523 0.039348
vt 0.667022 0.057660
vt 0.673008 0.039859
vt 0.011503 0.877946
vt 0.000439 0.900590
vt 0.007741 0.881101
vt 0.678684 0.031386
vt 0.594376 0.038828
vt 0.596234 0.060069
vt 0.675456 0.054564
vt 0.677640 0.050360
vt 0.534233 0.014558
vt 0.536448 0.018705
vt 0.275651 0.213621
vt 0.395212 0.230245
vt 0.551981 0.013537
vt 0.413195 0.231373
vt 0.379399 0.226362
vt 0.284194 0.201806
vt 0.274763 0.203209
vt 0.256270 0.190611
vt 0.259718 0.206776
vt 0.257050 0.204058
vt 0.257485 0.209950
vt 0.252078 0.194678
vt 0.252767 0.197424
vt 0.255290 0.200400
vt 0.253047 0.201723
vt 0.261575 0.186121
vt 0.256293 0.186336
vt 0.388664 0.227101
vt 0.578012 0.015220
vt 0.568132 0.014626
vt 0.334892 0.214565
vt 0.361931 0.223442
vt 0.627293 0.016715
vt 0.613579 0.014532
vt 0.591778 0.015044
vt 0.322272 0.208364
vt 0.311100 0.205615
vt 0.369785 0.223580
vt 0.585543 0.013537
vt 0.356244 0.220361
vt 0.673708 0.022021
vt 0.283843 0.195075
vt 0.667613 0.018978
vt 0.638672 0.016160
vt 0.250216 0.198659
vt 0.693475 0.043697
vt 0.696657 0.039359
vt 0.693471 0.040739
vt 0.690491 0.037094
vt 0.689244 0.045338
vt 0.278435 0.190776
vt 0.272432 0.190009
vt 0.697298 0.029351
vt 0.695719 0.026657
vt 0.690732 0.025587
vt 0.253247 0.185712
vt 0.248729 0.191880
vt 0.250704 0.186978
vt 0.248615 0.189402
vt 0.699697 0.031036
vt 0.246485 0.189166
vt 0.700791 0.035919
vt 0.698802 0.039873
vt 0.679683 0.021875
vt 0.250003 0.195422
vt 0.288991 0.587834
vt 0.283933 0.596252
vt 0.235940 0.047046
vt 0.233189 0.041548
vt 0.236603 0.042414
vt 0.280347 0.598875
vt 0.274391 0.605520
vt 0.292638 0.169099
vt 0.275749 0.161743
vt 0.275758 0.166328
vt 0.273430 0.170401
vt 0.278120 0.159026
vt 0.287398 0.596471
vt 0.288154 0.184270
vt 0.281650 0.178679
vt 0.282354 0.181831
vt 0.337840 0.169417
vt 0.316715 0.156339
vt 0.308983 0.175988
vt 0.325606 0.134244
vt 0.300214 0.140376
vt 0.273781 0.146546
vt 0.299562 0.180878
vt 0.274539 0.134066
vt 0.271802 0.143634
vt 0.271301 0.129148
vt 0.271605 0.137896
vt 0.272669 0.124954
vt 0.302903 0.577361
vt 0.303750 0.571822
vt 0.298339 0.578067
vt 0.272281 0.152023
vt 0.293869 0.585358
vt 0.294572 0.582078
vt 0.307349 0.569658
vt 0.269793 0.608297
vt 0.233619 0.077746
vt 0.234463 0.065673
vt 0.314618 0.195530
vt 0.297500 0.190358
vt 0.308557 0.196577
vt 0.236800 0.082650
vt 0.237698 0.060860
vt 0.235067 0.055116
vt 0.294821 0.185081
vt 0.292888 0.189525
vt 0.804696 0.184716
vt 0.807322 0.196376
vt 0.803338 0.186898
vt 0.382234 0.071468
vt 0.370983 0.071661
vt 0.410834 0.070563
vt 0.399795 0.071263
vt 0.361726 0.106724
vt 0.625654 0.160230
vt 0.621320 0.157450
vt 0.627931 0.163531
vt 0.376642 0.070648
vt 0.344474 0.152597
vt 0.407802 0.175827
vt 0.415975 0.158973
vt 0.367487 0.186161
vt 0.410926 0.213060
vt 0.406468 0.210653
vt 0.999261 0.161051
vt 0.405912 0.213506
vt 0.392253 0.215267
vt 0.406891 0.190837
vt 0.999105 0.154449
vt 0.237088 0.090997
vt 0.729309 0.361156
vt 0.732662 0.356022
vt 0.974956 0.940175
vt 0.196417 0.158877
vt 0.726500 0.398286
vt 0.740915 0.388412
vt 0.737959 0.382565
vt 0.741480 0.382811
vt 0.365485 0.386457
vt 0.364190 0.398519
vt 0.359069 0.392838
vt 0.368543 0.388523
vt 0.717311 0.393231
vt 0.361024 0.386173
vt 0.721496 0.396833
vt 0.964589 0.475546
vt 0.658500 0.096401
vt 0.661025 0.096497
vt 0.659905 0.084882
vt 0.657791 0.090810
vt 0.655081 0.084276
vt 0.736577 0.374858
vt 0.743939 0.404794
vt 0.743246 0.395331
vt 0.736437 0.414264
vt 0.736244 0.410048
vt 0.732421 0.415526
vt 0.740803 0.409414
vt 0.738908 0.405511
vt 0.721857 0.402122
vt 0.583345 0.714847
vt 0.580146 0.719218
vt 0.584798 0.720087
vt 0.576889 0.714847
vt 0.723246 0.417740
vt 0.727469 0.414073
vt 0.376214 0.391631
vt 0.378266 0.379476
vt 0.376001 0.386899
vt 0.371775 0.383593
vt 0.750325 0.395381
vt 0.749672 0.388797
vt 0.746068 0.388438
vt 0.379174 0.388957
vt 0.379041 0.393646
vt 0.666494 0.090800
vt 0.664937 0.086943
vt 0.662130 0.084804
vt 0.677899 0.084768
vt 0.372565 0.404253
vt 0.374155 0.403537
vt 0.379174 0.407424
vt 0.834415 0.570419
vt 0.832200 0.575052
vt 0.830050 0.059581
vt 0.834328 0.057308
vt 0.829012 0.068906
vt 0.843908 0.044724
vt 0.869951 0.055251
vt 0.829954 0.071983
vt 0.900190 0.036292
vt 0.910784 0.056166
vt 0.879730 0.069674
vt 0.869678 0.024503
vt 0.743484 0.581810
vt 0.765443 0.591438
vt 0.736181 0.602840
vt 0.759970 0.567581
vt 0.721076 0.571632
vt 0.716079 0.607265
vt 0.690690 0.582407
vt 0.524097 0.738418
vt 0.696502 0.617996
vt 0.698587 0.613703
vt 0.700897 0.625855
vt 0.536361 0.717571
vt 0.531984 0.728376
vt 0.538161 0.722035
vt 0.701118 0.544119
vt 0.517371 0.746674
vt 0.689616 0.595811
vt 0.692429 0.605953
vt 0.532683 0.733160
vt 0.698181 0.629693
vt 0.539104 0.712061
vt 0.791570 0.578378
vt 0.806701 0.548860
vt 0.825934 0.531904
vt 0.834438 0.554323
vt 0.751476 0.539119
vt 0.775835 0.539620
vt 0.730165 0.547973
vt 0.840043 0.593693
vt 0.842846 0.595593
vt 0.827290 0.079127
vt 0.836590 0.583655
vt 0.839044 0.585929
vt 0.836634 0.525942
vt 0.834575 0.521462
vt 0.855673 0.025975
vt 0.831549 0.531919
vt 0.863279 0.024822
vt 0.832345 0.545284
vt 0.851524 0.022411
vt 0.847939 0.036468
vt 0.864678 0.020221
vt 0.843043 0.510533
vt 0.841332 0.521355
vt 0.185337 0.984537
vt 0.183594 0.989105
vt 0.197650 0.987460
vt 0.066024 0.616354
vt 0.061745 0.595303
vt 0.066432 0.599389
vt 0.189867 0.998394
vt 0.184021 0.996837
vt 0.182026 0.993893
vt 0.072539 0.608363
vt 0.070162 0.599532
vt 0.073853 0.595513
vt 0.045159 0.580020
vt 0.052659 0.582081
vt 0.204590 0.997097
vt 0.214420 0.986163
vt 0.199848 0.996701
vt 0.040687 0.586420
vt 0.057177 0.586020
vt 0.055988 0.617379
vt 0.351553 0.052838
vt 0.378081 0.046886
vt 0.236028 0.969893
vt 0.247675 0.978291
vt 0.265013 0.944396
vt 0.340977 0.062560
vt 0.343244 0.064981
vt 0.346356 0.063133
vt 0.238602 0.984676
vt 0.335360 0.056895
vt 0.333417 0.059860
vt 0.245788 0.981493
vt 0.246610 0.984784
vt 0.329980 0.060684
vt 0.263537 0.975021
vt 0.323804 0.050684
vt 0.258295 0.980405
vt 0.252823 0.923001
vt 0.245074 0.941761
vt 0.260483 0.931027
vt 0.214111 0.971402
vt 0.207325 0.965576
vt 0.216123 0.958567
vt 0.198895 0.973916
vt 0.193320 0.979014
vt 0.197090 0.971635
vt 0.201475 0.970351
vt 0.089842 0.578537
vt 0.079366 0.580885
vt 0.082529 0.572875
vt 0.085649 0.573997
vt 0.202651 0.967105
vt 0.085546 0.568730
vt 0.088689 0.572626
vt 0.235423 0.984416
vt 0.227921 0.987883
vt 0.277960 0.963966
vt 0.272055 0.970502
vt 0.297785 0.044639
vt 0.306964 0.045654
vt 0.285794 0.957990
vt 0.316092 0.049936
vt 0.286284 0.915978
vt 0.077409 0.591515
vt 0.350436 0.063122
vt 0.363465 0.066319
vt 0.234294 0.987683
vt 0.231259 0.990133
vt 0.356562 0.067686
vt 0.351752 0.067078
vt 0.374404 0.067186
vt 0.373163 0.063937
vt 0.374715 0.054066
vt 0.378878 0.053342
vt 0.373591 0.058001
vt 0.378239 0.057817
vt 0.375018 0.060604
vt 0.036748 0.588274
vt 0.036107 0.584188
vt 0.042424 0.582625
vt 0.039576 0.581935
vt 0.218996 0.994806
vt 0.223794 0.990098
vt 0.209497 0.999534
vt 0.380386 0.049554
vt 0.382347 0.043106
vt 0.382164 0.045945
vt 0.030497 0.589746
vt 0.033740 0.590926
vt 0.031154 0.593791
vt 0.032230 0.597730
vt 0.028651 0.595035
vt 0.930003 0.407842
vt 0.926166 0.412885
vt 0.930908 0.392773
vt 0.790290 0.514719
vt 0.777839 0.499522
vt 0.793095 0.495343
vt 0.929585 0.418215
vt 0.933677 0.444846
vt 0.928877 0.429747
vt 0.937679 0.437852
vt 0.761246 0.508009
vt 0.767496 0.502773
vt 0.771526 0.497572
vt 0.755916 0.506418
vt 0.932211 0.425574
vt 0.751558 0.517977
vt 0.930107 0.373841
vt 0.935021 0.385198
vt 0.801975 0.496889
vt 0.733546 0.517893
vt 0.743183 0.517219
vt 0.746782 0.520471
vt 0.910064 0.463392
vt 0.928666 0.459880
vt 0.938049 0.443000
vt 0.696378 0.554989
vt 0.694145 0.550918
vt 0.491854 0.791955
vt 0.494357 0.786803
vt 0.475183 0.780188
vt 0.710306 0.533359
vt 0.719836 0.526650
vt 0.726516 0.519580
vt 0.696096 0.545599
vt 0.722153 0.519080
vt 0.463897 0.830258
vt 0.471565 0.823995
vt 0.460717 0.801353
vt 0.489197 0.803502
vt 0.904989 0.463153
vt 0.896660 0.461274
vt 0.712607 0.528231
vt 0.483844 0.819806
vt 0.488454 0.815491
vt 0.491306 0.810648
vt 0.926222 0.463622
vt 0.919586 0.468531
vt 0.912664 0.468915
vt 0.931768 0.468830
vt 0.930190 0.471779
vt 0.469105 0.829869
vt 0.478770 0.823901
vt 0.924778 0.472052
vt 0.489469 0.819565
vt 0.703294 0.536030
vt 0.494097 0.796686
vt 0.932810 0.334583
vt 0.903942 0.000437
vt 0.914927 0.006343
vt 0.838592 0.509032
vt 0.839157 0.492393
vt 0.890822 0.007072
vt 0.887387 0.002215
vt 0.845120 0.493639
vt 0.842857 0.497763
vt 0.827117 0.485218
vt 0.931490 0.359026
vt 0.835108 0.478326
vt 0.844438 0.479843
vt 0.846225 0.486531
vt 0.850176 0.479564
vt 0.811791 0.488460
vt 0.886433 0.008523
vt 0.881167 0.012578
vt 0.841747 0.504450
vt 0.875850 0.013792
vt 0.597272 0.199423
vt 0.593111 0.197095
vt 0.315905 0.967763
vt 0.321178 0.964629
vt 0.321178 0.972668
vt 0.220794 0.220641
vt 0.316149 0.975109
vt 0.499440 0.226490
vt 0.540270 0.214097
vt 0.183679 0.902634
vt 0.541858 0.192002
vt 0.568881 0.204138
vt 0.555327 0.192908
vt 0.526050 0.204367
vt 0.222006 0.890937
vt 0.245439 0.858918
vt 0.302711 0.865370
vt 0.274888 0.898757
vt 0.242907 0.884380
vt 0.257472 0.894989
vt 0.245501 0.889095
vt 0.251275 0.890451
vt 0.550556 0.188514
vt 0.545968 0.185589
vt 0.236359 0.888192
vt 0.253707 0.897553
vt 0.252866 0.900984
vt 0.252264 0.894117
vt 0.247446 0.895149
vt 0.558968 0.189553
vt 0.562121 0.191933
vt 0.563923 0.187644
vt 0.556295 0.186896
vt 0.330011 0.287884
vt 0.319360 0.275768
vt 0.317161 0.277379
vt 0.307630 0.264099
vt 0.286040 0.241825
vt 0.272123 0.225149
vt 0.261352 0.212743
vt 0.293963 0.249997
vt 0.292452 0.255177
vt 0.640990 0.803862
vt 0.067505 0.641412
vt 0.075899 0.632259
vt 0.075332 0.630251
vt 0.072991 0.637317
vt 0.071774 0.650668
vt 0.236832 0.118466
vt 0.240042 0.124929
vt 0.637416 0.799884
vt 0.073440 0.643371
vt 0.075520 0.632816
vt 0.074140 0.632963
vt 0.630173 0.788308
vt 0.071810 0.653201
vt 0.085428 0.611109
vt 0.077350 0.620076
vt 0.085807 0.601830
vt 0.077176 0.629709
vt 0.085097 0.622890
vt 0.083196 0.633692
vt 0.242658 0.130019
vt 0.089133 0.635933
vt 0.090303 0.630891
vt 0.392550 0.035759
vt 0.398362 0.034715
vt 0.028830 0.612892
vt 0.032875 0.621032
vt 0.028453 0.615883
vt 0.407586 0.033662
vt 0.026855 0.607373
vt 0.386291 0.045345
vt 0.389805 0.040296
vt 0.044134 0.034616
vt 0.037346 0.035434
vt 0.040628 0.040136
vt 0.095693 0.518419
vt 0.096102 0.521803
vt 0.101221 0.525986
vt 0.046823 0.031082
vt 0.118283 0.513513
vt 0.105510 0.525463
vt 0.109773 0.529657
vt 0.759124 0.751642
vt 0.766600 0.756839
vt 0.774373 0.756894
vt 0.096548 0.484133
vt 0.715065 0.743472
vt 0.720424 0.745602
vt 0.717282 0.748048
vt 0.531317 0.590424
vt 0.094710 0.473540
vt 0.710602 0.740450
vt 0.745622 0.755699
vt 0.738402 0.751557
vt 0.751862 0.756867
vt 0.741477 0.757642
vt 0.095636 0.491913
vt 0.730400 0.750457
vt 0.096372 0.510545
vt 0.091828 0.511934
vt 0.756951 0.756015
vt 0.098021 0.505836
vt 0.098044 0.499704
vt 0.569647 0.223706
vt 0.569737 0.215017
vt 0.439933 0.960438
vt 0.434964 0.971242
vt 0.446532 0.959590
vt 0.421821 0.961818
vt 0.450716 0.960574
vt 0.561083 0.248105
vt 0.567497 0.232355
vt 0.568472 0.226076
vt 0.567062 0.200780
vt 0.563380 0.195358
vt 0.566341 0.195468
vt 0.410760 0.963156
vt 0.512401 0.267885
vt 0.539549 0.279115
vt 0.544923 0.276810
vt 0.556175 0.257791
vt 0.541321 0.286422
vt 0.039774 0.049984
vt 0.531792 0.674543
vt 0.693794 0.668626
vt 0.691665 0.672274
vt 0.535843 0.672653
vt 0.695927 0.696892
vt 0.693840 0.693322
vt 0.694288 0.686221
vt 0.530412 0.664299
vt 0.532371 0.659971
vt 0.530378 0.652964
vt 0.691635 0.682427
vt 0.692157 0.677416
vt 0.251867 0.910863
vt 0.255555 0.914594
vt 0.261358 0.908775
vt 0.250516 0.928250
vt 0.244536 0.920852
vt 0.251895 0.917816
vt 0.463446 0.964208
vt 0.456121 0.973870
vt 0.461058 0.970128
vt 0.256590 0.918828
vt 0.466984 0.968515
vt 0.468805 0.964103
vt 0.244978 0.919058
vt 0.446695 0.977129
vt 0.455423 0.960766
vt 0.241290 0.924228
vt 0.252591 0.907157
vt 0.255174 0.902679
vt 0.384926 0.976906
vt 0.387053 0.965914
vt 0.361370 0.984841
vt 0.367080 0.986677
vt 0.354881 0.974394
vt 0.374728 0.986708
vt 0.365036 0.966829
vt 0.333383 0.968280
vt 0.336278 0.973555
vt 0.338866 0.974238
vt 0.332661 0.970039
vt 0.386505 0.988439
vt 0.440739 0.980856
vt 0.243939 0.934852
vt 0.240166 0.940307
vt 0.400519 0.990573
vt 0.409825 0.989423
vt 0.088813 0.566376
vt 0.090949 0.574411
vt 0.387730 0.990827
vt 0.398309 0.992569
vt 0.208408 0.963005
vt 0.089152 0.587493
vt 0.086399 0.595290
vt 0.086435 0.609792
vt 0.354292 0.981471
vt 0.088717 0.619865
vt 0.087592 0.614844
vt 0.350157 0.979502
vt 0.345462 0.978022
vt 0.090949 0.627895
vt 0.300487 0.260006
vt 0.685497 0.572095
vt 0.689338 0.569424
vt 0.686189 0.576362
vt 0.684974 0.579473
vt 0.512194 0.749604
vt 0.505341 0.758804
vt 0.511918 0.758952
vt 0.689681 0.585933
vt 0.686303 0.590956
vt 0.501543 0.765277
vt 0.504599 0.762122
vt 0.694371 0.561399
vt 0.501722 0.779290
vt 0.498839 0.785407
vt 0.689885 0.564079
vt 0.500058 0.774325
vt 0.503013 0.769767
s 1
usemtl Material.001
f 1/1/1 4/2/2 8/3/3
f 1318/4/4 1314/5/5 1322/6/6
f 1313/7/7 1318/4/4 1327/8/8
f 1313/7/7 1334/9/9 1343/10/10
f 1343/10/10 1334/9/9 1349/11/11
f 1313/7/7 1337/12/12 1334/9/9
f 1334/9/9 1341/13/13 1349/11/11
f 830/14/14 841/15/15 838/16/16
f 1315/17/17 1312/18/18 1313/7/7
f 904/19/19 1312/18/18 1329/20/20
f 1329/20/20 1312/18/18 1315/17/17
f 904/19/19 1311/21/21 1312/18/18
f 1311/21/21 904/19/19 890/22/22
f 1332/23/23 1345/24/24 1347/25/25
f 1332/23/23 1313/7/7 1345/24/24
f 1313/7/7 1343/10/10 1345/24/24
f 1345/24/24 1343/10/10 1354/26/26
f 1352/27/27 1329/20/20 1315/17/17
f 1315/17/17 1332/23/23 1339/28/28
f 904/19/19 1329/20/20 913/29/29
f 1315/17/17 1313/7/7 1332/23/23
f 906/30/30 904/19/19 913/29/29
f 910/31/31 1329/20/20 1356/32/32
f 913/29/29 1329/20/20 910/31/31
f 893/33/33 890/22/22 904/19/19
f 884/34/34 905/35/35 902/36/36
f 902/36/36 905/35/35 912/37/37
f 884/34/34 902/36/36 894/38/38
f 885/39/39 890/22/22 893/33/33
f 875/40/40 892/41/41 884/34/34
f 892/41/41 903/42/42 884/34/34
f 884/34/34 903/42/42 905/35/35
f 896/43/43 894/38/38 900/44/44
f 884/34/34 894/38/38 896/43/43
f 894/38/38 902/36/36 907/45/45
f 1318/4/4 1313/7/7 1314/5/5
f 1313/7/7 1310/46/46 1314/5/5
f 1313/7/7 1312/18/18 1310/46/46
f 868/47/47 883/48/48 872/49/49
f 883/48/48 874/50/50 872/49/49
f 872/49/49 874/50/50 875/40/40
f 875/40/40 884/34/34 881/51/51
f 878/52/52 876/53/53 875/40/40
f 875/40/40 881/51/51 878/52/52
f 898/54/54 884/34/34 896/43/43
f 872/49/49 875/40/40 876/53/53
f 1452/55/55 1454/56/56 1456/57/57
f 552/58/58 577/59/59 557/60/60
f 557/60/60 563/61/61 551/62/62
f 553/63/63 551/62/62 554/64/64
f 546/65/65 548/66/66 566/67/67
f 548/66/66 553/63/63 560/68/68
f 567/69/69 548/66/66 593/70/70
f 553/63/63 554/64/64 569/71/71
f 1372/72/72 1382/73/73 1424/74/74
f 568/75/75 583/76/76 1434/77/77
f 548/66/66 567/69/69 566/67/67
f 546/65/65 566/67/67 580/78/78
f 1367/79/79 1369/80/80 592/81/81
f 1369/80/80 1393/82/82 1391/83/83
f 1434/77/77 1365/84/84 568/75/75
f 1363/85/85 592/81/81 1365/84/84
f 1430/86/86 1367/79/79 1363/85/85
f 1363/85/85 1367/79/79 592/81/81
f 1426/87/87 1369/80/80 1367/79/79
f 568/75/75 1365/84/84 592/81/81
f 1428/88/88 1368/89/89 1391/83/83
f 1382/73/73 1368/89/89 1432/90/90
f 1391/83/83 1368/89/89 1369/80/80
f 548/66/66 551/62/62 553/63/63
f 55/91/91 42/92/92 60/93/93
f 53/94/94 42/92/92 55/91/91
f 53/94/94 55/91/91 57/95/95
f 50/96/96 76/97/97 70/98/98
f 70/98/98 72/99/99 42/92/92
f 50/96/96 70/98/98 42/92/92
f 52/100/100 42/92/92 53/94/94
f 74/101/101 53/94/94 83/102/102
f 108/103/103 74/101/101 83/102/102
f 21/104/104 127/105/105 25/106/106
f 209/107/107 150/108/108 121/109/109
f 150/108/108 110/110/110 121/109/109
f 121/109/109 110/110/110 27/111/111
f 28/112/112 27/111/111 25/106/106
f 121/109/109 27/111/111 28/112/112
f 167/113/113 28/112/112 127/105/105
f 127/105/105 28/112/112 25/106/106
f 207/114/114 146/115/115 28/112/112
f 40/116/116 87/117/117 48/118/118
f 48/118/118 87/117/117 85/119/119
f 24/120/120 40/116/116 48/118/118
f 25/106/106 39/121/121 23/122/122
f 23/122/122 39/121/121 40/116/116
f 39/121/121 93/123/123 40/116/116
f 25/106/106 36/124/124 39/121/121
f 98/125/125 105/126/126 107/127/127
f 39/121/121 36/124/124 78/128/128
f 36/124/124 68/129/129 98/125/125
f 98/125/125 68/129/129 105/126/126
f 36/124/124 27/111/111 33/130/130
f 36/124/124 33/130/130 68/129/129
f 25/106/106 27/111/111 36/124/124
f 48/118/118 50/96/96 24/120/120
f 42/92/92 24/120/120 50/96/96
f 27/111/111 29/131/131 33/130/130
f 185/132/132 121/109/109 28/112/112
f 185/132/132 28/112/112 146/115/115
f 203/133/133 121/109/109 185/132/132
f 208/134/134 186/135/135 202/136/136
f 110/110/110 29/131/131 27/111/111
f 208/134/134 204/137/137 151/138/138
f 208/134/134 1444/139/139 204/137/137
f 1444/139/139 198/140/140 204/137/137
f 204/137/137 198/140/140 153/141/141
f 134/142/142 29/131/131 110/110/110
f 150/108/108 205/143/143 110/110/110
f 954/144/144 957/145/145 951/146/146
f 957/145/145 954/144/144 964/147/147
f 957/145/145 964/147/147 962/148/148
f 964/147/147 965/149/149 968/150/150
f 959/151/151 957/145/145 962/148/148
f 982/152/152 976/153/153 975/154/154
f 393/155/155 395/156/156 965/149/149
f 944/157/157 951/146/146 953/158/158
f 944/157/157 954/144/144 951/146/146
f 949/159/159 975/154/154 976/153/153
f 976/153/153 979/160/160 949/159/159
f 973/161/161 949/159/159 948/162/162
f 944/157/157 946/163/163 948/162/162
f 949/159/159 944/157/157 948/162/162
f 949/159/159 954/144/144 944/157/157
f 975/154/154 949/159/159 978/164/164
f 949/159/159 979/160/160 954/144/144
f 965/149/149 395/156/156 397/165/165
f 396/166/166 383/167/167 398/168/168
f 396/166/166 394/169/169 383/167/167
f 954/144/144 393/155/155 965/149/149
f 954/144/144 965/149/149 964/147/147
f 267/170/170 373/171/171 368/172/172
f 375/173/173 372/174/174 366/175/175
f 366/175/175 368/172/172 370/176/176
f 372/174/174 267/170/170 366/175/175
f 366/175/175 267/170/170 368/172/172
f 368/172/172 373/171/171 378/177/177
f 387/178/178 383/167/167 372/174/174
f 383/167/167 386/179/179 372/174/174
f 394/169/169 386/179/179 383/167/167
f 386/179/179 267/170/170 372/174/174
f 284/180/180 300/181/181 293/182/182
f 969/183/183 392/184/184 954/144/144
f 262/185/185 285/186/186 296/187/187
f 285/186/186 293/182/182 298/188/188
f 262/185/185 284/180/180 285/186/186
f 284/180/180 293/182/182 285/186/186
f 969/183/183 970/189/189 392/184/184
f 259/190/190 262/185/185 263/191/191
f 259/190/190 283/192/192 262/185/185
f 393/155/155 392/184/184 389/193/193
f 390/194/194 380/195/195 263/191/191
f 386/179/179 263/191/191 267/170/170
f 263/191/191 262/185/185 265/196/196
f 263/191/191 264/197/197 267/170/170
f 263/191/191 265/196/196 264/197/197
f 264/197/197 265/196/196 273/198/198
f 265/196/196 275/199/199 278/200/200
f 278/200/200 275/199/199 281/201/201
f 267/170/170 381/202/202 373/171/171
f 267/170/170 264/197/197 270/203/203
f 262/185/185 283/192/192 284/180/180
f 275/199/199 265/196/196 262/185/185
f 275/199/199 262/185/185 288/204/204
f 970/189/189 391/205/205 392/184/184
f 404/206/206 391/205/205 970/189/189
f 403/207/207 260/208/208 380/195/195
f 380/195/195 259/190/190 263/191/191
f 380/195/195 260/208/208 259/190/190
f 954/144/144 392/184/184 393/155/155
f 409/209/209 412/210/210 411/211/211
f 411/211/211 412/210/210 432/212/212
f 421/213/213 415/214/214 426/215/215
f 415/214/214 431/216/216 426/215/215
f 439/217/217 1245/218/218 483/219/219
f 483/219/219 1245/218/218 1246/220/220
f 439/217/217 426/215/215 431/216/216
f 431/216/216 1245/218/218 439/217/217
f 483/219/219 1246/220/220 485/221/221
f 1230/222/222 1232/223/223 1231/224/224
f 1232/223/223 1237/225/225 1231/224/224
f 1231/224/224 1237/225/225 1235/226/226
f 750/227/227 730/228/228 1250/229/229
f 1238/230/230 1254/231/231 1255/232/232
f 1238/230/230 1255/232/232 1236/233/233
f 1231/224/224 1235/226/226 1234/234/234
f 720/235/235 1231/224/224 1234/234/234
f 1233/236/236 1240/237/237 1252/238/238
f 1236/233/233 1255/232/232 1253/239/239
f 1255/232/232 1254/231/231 1251/240/240
f 413/241/241 424/242/242 409/209/209
f 412/210/210 409/209/209 420/243/243
f 409/209/209 424/242/242 420/243/243
f 482/244/244 506/245/245 512/246/246
f 453/247/247 1285/248/248 495/249/249
f 507/250/250 495/249/249 1285/248/248
f 507/250/250 1285/248/248 1244/251/251
f 507/250/250 1244/251/251 1249/252/252
f 513/253/253 507/250/250 1249/252/252
f 1244/251/251 1285/248/248 1242/254/254
f 1248/255/255 1243/256/256 1241/257/257
f 1248/255/255 1241/257/257 1247/258/258
f 1285/248/248 1239/259/259 1242/254/254
f 1239/259/259 1285/248/248 1254/231/231
f 1285/248/248 1284/260/260 1254/231/231
f 1285/248/248 423/261/261 542/262/262
f 481/263/263 1248/255/255 1247/258/258
f 1230/222/222 1241/257/257 1232/223/223
f 1247/258/258 1241/257/257 1230/222/222
f 1239/259/259 1254/231/231 1238/230/230
f 412/210/210 442/264/264 441/265/265
f 441/265/265 442/264/264 480/266/266
f 412/210/210 420/243/243 445/267/267
f 425/268/268 423/261/261 446/269/269
f 412/210/210 445/267/267 447/270/270
f 431/216/216 479/271/271 1245/218/218
f 412/210/210 447/270/270 468/272/272
f 442/264/264 412/210/210 452/273/273
f 479/271/271 443/274/274 1247/258/258
f 412/210/210 468/272/272 452/273/273
f 479/271/271 1247/258/258 1245/218/218
f 442/264/264 452/273/273 460/275/275
f 442/264/264 482/244/244 459/276/276
f 460/275/275 482/244/244 442/264/264
f 1285/248/248 446/269/269 423/261/261
f 448/277/277 446/269/269 1285/248/248
f 469/278/278 1285/248/248 470/279/279
f 452/273/273 494/280/280 460/275/275
f 469/278/278 448/277/277 1285/248/248
f 453/247/247 470/279/279 1285/248/248
f 495/249/249 507/250/250 461/281/281
f 1247/258/258 488/282/282 481/263/263
f 412/210/210 441/265/265 432/212/212
f 431/216/216 444/283/283 479/271/271
f 460/275/275 506/245/245 482/244/244
f 443/274/274 488/282/282 1247/258/258
f 1254/231/231 1284/260/260 744/284/284
f 1281/285/285 744/284/284 1284/260/260
f 413/241/241 436/286/286 424/242/242
f 423/261/261 437/287/287 457/288/288
f 1285/248/248 352/289/289 1284/260/260
f 1284/260/260 352/289/289 340/290/290
f 1285/248/248 542/262/262 352/289/289
f 457/288/288 474/291/291 423/261/261
f 1230/222/222 1231/224/224 726/292/292
f 726/292/292 1231/224/224 720/235/235
f 714/293/293 720/235/235 1234/234/234
f 1230/222/222 726/292/292 727/294/294
f 710/295/295 712/296/296 711/297/297
f 1247/258/258 1230/222/222 1245/218/218
f 1246/220/220 1245/218/218 727/294/294
f 1245/218/218 1230/222/222 727/294/294
f 722/298/298 1246/220/220 727/294/294
f 1246/220/220 722/298/298 1011/299/299
f 1009/300/300 1246/220/220 1011/299/299
f 1246/220/220 1009/300/300 1007/301/301
f 703/302/302 721/303/303 709/304/304
f 703/302/302 709/304/304 702/305/305
f 709/304/304 710/295/295 702/305/305
f 750/227/227 741/306/306 738/307/307
f 730/228/228 738/307/307 734/308/308
f 739/309/309 742/310/310 743/311/311
f 740/312/312 739/309/309 737/313/313
f 733/314/314 749/315/315 737/313/313
f 731/316/316 745/317/317 1280/318/318
f 1280/318/318 1282/319/319 731/316/316
f 728/320/320 702/305/305 711/297/297
f 728/320/320 747/321/321 702/305/305
f 730/228/228 734/308/308 748/322/322
f 740/312/312 742/310/310 739/309/309
f 730/228/228 750/227/227 738/307/307
f 702/305/305 747/321/321 733/314/314
f 719/323/323 1233/236/236 1252/238/238
f 719/323/323 1252/238/238 730/228/228
f 1252/238/238 1250/229/229 730/228/228
f 733/314/314 737/313/313 702/305/305
f 737/313/313 739/309/309 735/324/324
f 716/325/325 745/317/317 731/316/316
f 702/305/305 735/324/324 704/326/326
f 702/305/305 737/313/313 735/324/324
f 736/327/327 745/317/317 716/325/325
f 746/328/328 1280/318/318 745/317/317
f 1283/329/329 357/330/330 362/331/331
f 1283/329/329 1281/285/285 357/330/330
f 716/325/325 731/316/316 725/332/332
f 704/326/326 723/333/333 717/334/334
f 716/325/325 725/332/332 718/335/335
f 1281/285/285 1284/260/260 357/330/330
f 1284/260/260 340/290/290 348/336/336
f 731/316/316 1282/319/319 732/337/337
f 731/316/316 715/338/338 725/332/332
f 717/334/334 724/339/339 713/340/340
f 704/326/326 717/334/334 706/341/341
f 189/342/342 521/343/343 174/344/344
f 189/342/342 174/344/344 173/345/345
f 26/346/346 188/347/347 172/348/348
f 172/348/348 111/349/349 26/346/346
f 44/350/350 45/351/351 43/352/352
f 183/353/353 521/343/343 189/342/342
f 183/353/353 189/342/342 191/354/354
f 182/355/355 190/356/356 46/357/357
f 46/357/357 190/356/356 26/346/346
f 521/343/343 213/358/358 174/344/344
f 111/349/349 128/359/359 26/346/346
f 310/360/360 317/361/361 318/362/362
f 190/356/356 188/347/347 26/346/346
f 43/352/352 46/357/357 26/346/346
f 230/363/363 526/364/364 520/365/365
f 221/366/366 230/363/363 520/365/365
f 181/367/367 520/365/365 183/353/353
f 221/366/366 520/365/365 181/367/367
f 45/351/351 135/368/368 115/369/369
f 45/351/351 115/369/369 46/357/357
f 520/365/365 521/343/343 183/353/353
f 165/370/370 221/366/366 181/367/367
f 139/371/371 181/367/367 183/353/353
f 43/352/352 45/351/351 46/357/357
f 223/372/372 138/373/373 352/289/289
f 44/350/350 137/374/374 45/351/351
f 102/375/375 137/374/374 44/350/350
f 352/289/289 138/373/373 152/376/376
f 340/290/290 352/289/289 341/377/377
f 338/378/378 102/375/375 317/361/361
f 222/379/379 220/380/380 135/368/368
f 222/379/379 135/368/368 137/374/374
f 137/374/374 135/368/368 45/351/351
f 529/381/381 223/372/372 352/289/289
f 516/382/382 520/365/365 528/383/383
f 542/262/262 537/384/384 529/381/381
f 537/384/384 527/385/385 529/381/381
f 526/364/364 528/383/383 520/365/365
f 529/381/381 352/289/289 542/262/262
f 542/262/262 496/386/386 544/387/387
f 515/388/388 518/389/389 543/390/390
f 541/391/391 543/390/390 518/389/389
f 528/383/383 541/391/391 518/389/389
f 528/383/383 518/389/389 516/382/382
f 423/261/261 474/291/291 542/262/262
f 474/291/291 496/386/386 542/262/262
f 102/375/375 318/362/362 317/361/361
f 102/375/375 44/350/350 318/362/362
f 318/362/362 44/350/350 43/352/352
f 338/378/378 317/361/361 336/392/392
f 339/393/393 338/378/378 336/392/392
f 347/394/394 343/395/395 342/396/396
f 348/336/336 340/290/290 346/397/397
f 357/330/330 1284/260/260 348/336/336
f 357/330/330 348/336/336 345/398/398
f 340/290/290 337/399/399 361/400/400
f 340/290/290 361/400/400 346/397/397
f 314/401/401 310/360/360 315/402/402
f 336/392/392 317/361/361 314/401/401
f 314/401/401 317/361/361 310/360/360
f 630/403/403 638/404/404 635/405/405
f 630/403/403 248/406/406 161/407/407
f 1394/408/408 1438/409/409 1437/410/410
f 1443/411/411 169/412/412 1444/139/139
f 540/413/413 1435/414/414 1440/415/415
f 1437/410/410 1436/416/416 1435/414/414
f 1442/417/417 1435/414/414 1436/416/416
f 1440/415/415 1445/418/418 539/419/419
f 539/419/419 1445/418/418 536/420/420
f 536/420/420 1445/418/418 163/421/421
f 1442/417/417 1445/418/418 1440/415/415
f 525/422/422 1440/415/415 534/423/423
f 539/419/419 534/423/423 1440/415/415
f 531/424/424 534/423/423 539/419/419
f 1440/415/415 1435/414/414 1442/417/417
f 1436/416/416 1446/425/425 1442/417/417
f 1436/416/416 1441/426/426 1446/425/425
f 1443/411/411 1444/139/139 1439/427/427
f 1441/426/426 1439/427/427 1444/139/139
f 1442/417/417 206/428/428 1445/418/418
f 1442/417/417 1446/425/425 206/428/428
f 1446/425/425 208/134/134 202/136/136
f 1444/139/139 208/134/134 1446/425/425
f 1436/416/416 1437/410/410 1438/409/409
f 1438/409/409 1441/426/426 1436/416/416
f 1441/426/426 1444/139/139 1446/425/425
f 1395/429/429 1439/427/427 1438/409/409
f 1438/409/409 1439/427/427 1441/426/426
f 633/430/430 248/406/406 636/431/431
f 643/432/432 636/431/431 641/433/433
f 648/434/434 643/432/432 651/435/435
f 636/431/431 648/434/434 652/436/436
f 643/432/432 648/434/434 636/431/431
f 631/437/437 248/406/406 633/430/430
f 631/437/437 633/430/430 645/438/438
f 630/403/403 635/405/405 636/431/431
f 636/431/431 635/405/405 641/433/433
f 248/406/406 630/403/403 636/431/431
f 1291/439/439 670/440/440 1296/441/441
f 670/440/440 674/442/442 1296/441/441
f 633/430/430 636/431/431 658/443/443
f 654/444/444 633/430/430 656/445/445
f 660/446/446 645/438/438 654/444/444
f 662/447/447 645/438/438 665/448/448
f 645/438/438 633/430/430 654/444/444
f 660/446/446 654/444/444 663/449/449
f 665/448/448 645/438/438 660/446/446
f 665/448/448 660/446/446 667/450/450
f 1299/451/451 1292/452/452 1302/453/453
f 1292/452/452 1288/454/454 1294/455/455
f 1217/456/456 1215/457/457 683/458/458
f 1213/459/459 1219/460/460 1214/461/461
f 677/462/462 644/463/463 645/438/438
f 669/464/464 645/438/438 662/447/447
f 631/437/437 645/438/438 644/463/463
f 692/465/465 678/466/466 694/467/467
f 691/468/468 693/469/469 673/470/470
f 671/471/471 691/468/468 673/470/470
f 677/462/462 672/472/472 644/463/463
f 678/466/466 644/463/463 694/467/467
f 686/473/473 678/466/466 692/465/465
f 1286/474/474 1288/454/454 1292/452/452
f 1304/475/475 1299/451/451 1307/476/476
f 1310/46/46 1286/474/474 1299/451/451
f 1319/477/477 1310/46/46 1299/451/451
f 1319/477/477 1299/451/451 1306/478/478
f 1286/474/474 1292/452/452 1299/451/451
f 1304/475/475 1307/476/476 1309/479/479
f 1299/451/451 1304/475/475 1306/478/478
f 1221/480/480 681/481/481 691/468/468
f 683/458/458 681/481/481 1221/480/480
f 831/482/482 845/483/483 841/15/15
f 832/484/484 859/485/485 836/486/486
f 860/487/487 862/488/488 858/489/489
f 831/482/482 858/489/489 845/483/483
f 844/490/490 865/491/491 855/492/492
f 831/482/482 860/487/487 858/489/489
f 844/490/490 857/493/493 865/491/491
f 1276/494/494 863/495/495 859/485/485
f 1279/496/496 863/495/495 1276/494/494
f 1277/497/497 1273/498/498 1278/499/499
f 1278/499/499 1273/498/498 940/500/500
f 870/501/501 1278/499/499 941/502/502
f 1122/503/503 1129/504/504 1130/505/505
f 1122/503/503 1130/505/505 1126/506/506
f 1129/504/504 1122/503/503 1124/507/507
f 1124/507/507 1122/503/503 1134/508/508
f 1122/503/503 942/509/509 1134/508/508
f 1139/510/510 937/511/511 938/512/512
f 1123/513/513 1122/503/503 1126/506/506
f 1125/514/514 1128/515/515 1131/516/516
f 1123/513/513 1126/506/506 1132/517/517
f 1123/513/513 1121/518/518 1122/503/503
f 1142/519/519 1121/518/518 1123/513/513
f 1121/518/518 1120/520/520 1122/503/503
f 1145/521/521 1227/522/522 1146/523/523
f 1225/524/524 1213/459/459 1146/523/523
f 1225/524/524 1146/523/523 1227/522/522
f 1213/459/459 1214/461/461 1146/523/523
f 1146/523/523 1214/461/461 1141/525/525
f 1133/526/526 1127/527/527 1139/510/510
f 1272/528/528 1139/510/510 938/512/512
f 941/502/502 1278/499/499 940/500/500
f 914/529/529 917/530/530 1311/21/21
f 888/531/531 1311/21/21 890/22/22
f 934/532/532 1311/21/21 917/530/530
f 914/529/529 1311/21/21 888/531/531
f 1147/533/533 1287/534/534 922/535/535
f 922/535/535 1136/536/536 1147/533/533
f 928/537/537 1136/536/536 922/535/535
f 934/532/532 922/535/535 1287/534/534
f 915/538/538 883/48/48 919/539/539
f 919/539/539 930/540/540 915/538/538
f 930/540/540 919/539/539 933/541/541
f 883/48/48 915/538/538 874/50/50
f 915/538/538 891/542/542 874/50/50
f 931/543/543 934/532/532 917/530/530
f 915/538/538 916/544/544 891/542/542
f 920/545/545 927/546/546 919/539/539
f 931/543/543 917/530/530 918/547/547
f 926/548/548 921/549/549 883/48/48
f 883/48/48 920/545/545 919/539/539
f 921/549/549 924/550/550 920/545/545
f 921/549/549 920/545/545 883/48/48
f 925/551/551 1136/536/536 928/537/537
f 925/551/551 928/537/537 923/552/552
f 921/549/549 929/553/553 924/550/550
f 939/554/554 1136/536/536 925/551/551
f 875/40/40 874/50/50 889/555/555
f 670/440/440 1291/439/439 1288/454/454
f 1218/556/556 671/471/471 676/557/557
f 1311/21/21 1310/46/46 1312/18/18
f 1287/534/534 1310/46/46 1311/21/21
f 1286/474/474 666/558/558 670/440/440
f 1286/474/474 670/440/440 1288/454/454
f 1310/46/46 1319/477/477 1317/559/559
f 1314/5/5 1317/559/559 1325/560/560
f 1314/5/5 1310/46/46 1317/559/559
f 934/532/532 1287/534/534 1311/21/21
f 676/557/557 666/558/558 1286/474/474
f 1218/556/556 676/557/557 1286/474/474
f 1287/534/534 1286/474/474 1310/46/46
f 1147/533/533 1218/556/556 1287/534/534
f 1287/534/534 1218/556/556 1286/474/474
f 1217/456/456 683/458/458 1221/480/480
f 1218/556/556 1221/480/480 691/468/468
f 1141/525/525 1214/461/461 1216/561/561
f 1220/562/562 1222/563/563 1216/561/561
f 1148/564/564 1120/520/520 1121/518/518
f 1216/561/561 1214/461/461 1220/562/562
f 1218/556/556 691/468/468 671/471/471
f 1147/533/533 1135/565/565 1218/556/556
f 861/566/566 869/567/567 864/568/568
f 869/567/567 886/569/569 864/568/568
f 886/569/569 883/48/48 864/568/568
f 886/569/569 926/548/548 883/48/48
f 864/568/568 883/48/48 868/47/47
f 857/493/493 861/566/566 864/568/568
f 857/493/493 864/568/568 865/491/491
f 869/567/567 932/570/570 886/569/569
f 939/554/554 935/571/571 1137/572/572
f 939/554/554 1137/572/572 1136/536/536
f 936/573/573 921/549/549 926/548/548
f 866/574/574 865/491/491 864/568/568
f 864/568/568 868/47/47 866/574/574
f 29/131/131 64/575/575 89/576/576
f 89/576/576 227/577/577 226/578/578
f 247/579/579 256/580/580 251/581/581
f 247/579/579 251/581/581 246/582/582
f 227/577/577 247/579/579 246/582/582
f 251/581/581 256/580/580 258/583/583
f 32/584/584 145/585/585 34/586/586
f 34/586/586 29/131/131 32/584/584
f 89/576/576 171/587/587 100/588/588
f 219/589/589 171/587/587 226/578/578
f 100/588/588 171/587/587 195/590/590
f 232/591/591 227/577/577 241/592/592
f 226/578/578 227/577/577 232/591/591
f 171/587/587 89/576/576 226/578/578
f 105/126/126 68/129/129 123/593/593
f 125/594/594 156/595/595 158/596/596
f 68/129/129 125/594/594 130/597/597
f 199/598/598 179/599/599 147/600/600
f 34/586/586 180/601/601 30/602/602
f 29/131/131 34/586/586 30/602/602
f 169/412/412 1443/411/411 199/598/598
f 33/130/130 100/588/588 68/129/129
f 68/129/129 126/603/603 125/594/594
f 68/129/129 114/604/604 126/603/603
f 125/594/594 126/603/603 156/595/595
f 100/588/588 141/605/605 114/604/604
f 114/604/604 141/605/605 176/606/606
f 68/129/129 100/588/588 114/604/604
f 100/588/588 33/130/130 89/576/576
f 29/131/131 89/576/576 33/130/130
f 1444/139/139 169/412/412 198/140/140
f 134/142/142 32/584/584 29/131/131
f 1033/607/607 1038/608/608 1030/609/609
f 1041/610/610 1030/609/609 1038/608/608
f 1043/611/611 1038/608/608 1033/607/607
f 1033/607/607 1030/609/609 1027/612/612
f 1036/613/613 1033/607/607 1027/612/612
f 1083/614/614 1069/615/615 1062/616/616
f 1077/617/617 1082/618/618 1084/619/619
f 1081/620/620 1083/614/614 1062/616/616
f 1093/621/621 1074/622/622 1083/614/614
f 1083/614/614 1074/622/622 1069/615/615
f 1263/623/623 1264/624/624 1087/625/625
f 1093/621/621 1097/626/626 1074/622/622
f 1097/626/626 1088/627/627 1074/622/622
f 1093/621/621 1105/628/628 1097/626/626
f 1102/629/629 1261/630/630 1104/631/631
f 1102/629/629 1104/631/631 1099/632/632
f 1263/623/623 1087/625/625 1096/633/633
f 1087/625/625 1264/624/624 1084/619/619
f 1089/634/634 1258/635/635 1102/629/629
f 1103/636/636 1093/621/621 1083/614/614
f 1264/624/624 1405/637/637 1084/619/619
f 1084/619/619 1405/637/637 1077/617/617
f 1053/638/638 1062/616/616 1060/639/639
f 1065/640/640 1066/641/641 1060/639/639
f 1062/616/616 1065/640/640 1060/639/639
f 1069/615/615 1080/642/642 1065/640/640
f 1070/643/643 1079/644/644 1067/645/645
f 1078/646/646 1080/642/642 1069/615/615
f 1062/616/616 1069/615/615 1065/640/640
f 1052/647/647 1058/648/648 1055/649/649
f 1055/649/649 1054/650/650 1052/647/647
f 1052/647/647 1054/650/650 1053/638/638
f 1052/647/647 1053/638/638 1046/651/651
f 1046/651/651 1053/638/638 1045/652/652
f 1030/609/609 1045/652/652 1053/638/638
f 1081/620/620 1062/616/616 1053/638/638
f 1054/650/650 1081/620/620 1053/638/638
f 585/653/653 596/654/654 562/655/655
f 1067/645/645 1071/656/656 1068/657/657
f 1079/644/644 1405/637/637 1071/656/656
f 1077/617/617 1405/637/637 1079/644/644
f 1067/645/645 1079/644/644 1071/656/656
f 1264/624/624 1360/658/658 1405/637/637
f 608/659/659 549/660/660 598/661/661
f 549/660/660 550/662/662 571/663/663
f 618/664/664 623/665/665 610/666/666
f 598/661/661 549/660/660 595/667/667
f 1208/668/668 623/665/665 618/664/664
f 595/667/667 549/660/660 571/663/663
f 611/669/669 598/661/661 595/667/667
f 603/670/670 595/667/667 571/663/663
f 612/671/671 606/672/672 617/673/673
f 612/671/671 617/673/673 1210/674/674
f 609/675/675 549/660/660 614/676/676
f 615/677/677 623/665/665 622/678/678
f 614/676/676 549/660/660 608/659/659
f 1262/679/679 1267/680/680 1265/681/681
f 1262/679/679 1265/681/681 1259/682/682
f 1259/682/682 1260/683/683 1262/679/679
f 1268/684/684 1360/658/658 1264/624/624
f 1266/685/685 1360/658/658 1268/684/684
f 604/686/686 10/687/687 1360/658/658
f 1260/683/683 613/688/688 1262/679/679
f 1262/679/679 607/689/689 621/690/690
f 1262/679/679 621/690/690 1271/691/691
f 1269/692/692 1270/693/693 1266/685/685
f 620/694/694 599/695/695 605/696/696
f 1271/691/691 621/690/690 619/697/697
f 1270/693/693 604/686/686 1360/658/658
f 1270/693/693 1360/658/658 1266/685/685
f 1260/683/683 1210/674/674 617/673/673
f 605/696/696 599/695/695 571/663/663
f 616/698/698 595/667/667 603/670/670
f 603/670/670 571/663/663 599/695/695
f 1260/683/683 617/673/673 613/688/688
f 613/688/688 607/689/689 1262/679/679
f 1259/682/682 1265/681/681 1261/630/630
f 1257/699/699 1260/683/683 1259/682/682
f 1258/635/635 1259/682/682 1261/630/630
f 1258/635/635 1261/630/630 1102/629/629
f 1257/699/699 1259/682/682 1256/700/700
f 1256/700/700 1259/682/682 1258/635/635
f 1027/612/612 1030/609/609 1025/701/701
f 1021/702/702 1017/703/703 1006/704/704
f 1017/703/703 1018/705/705 993/706/706
f 1006/704/704 1017/703/703 993/706/706
f 1029/707/707 1027/612/612 1025/701/701
f 1030/609/609 993/706/706 1025/701/701
f 993/706/706 1015/708/708 1014/709/709
f 1030/609/609 1060/639/639 1015/708/708
f 1030/609/609 1015/708/708 993/706/706
f 1018/705/705 1025/701/701 993/706/706
f 1006/704/704 993/706/706 999/710/710
f 1060/639/639 1066/641/641 1063/711/711
f 1053/638/638 1060/639/639 1030/609/609
f 1008/712/712 1015/708/708 500/713/713
f 1015/708/708 1008/712/712 1014/709/709
f 500/713/713 1110/714/714 1008/712/712
f 500/713/713 498/715/715 1110/714/714
f 428/716/716 419/717/717 440/718/718
f 428/716/716 440/718/718 454/719/719
f 440/718/718 471/720/720 454/719/719
f 440/718/718 484/721/721 471/720/720
f 471/720/720 484/721/721 497/722/722
f 455/723/723 472/724/724 500/713/713
f 1061/725/725 438/726/726 500/713/713
f 438/726/726 455/723/723 500/713/713
f 471/720/720 497/722/722 499/727/727
f 1060/639/639 1064/728/728 1061/725/725
f 1060/639/639 1063/711/711 1064/728/728
f 1015/708/708 1060/639/639 1061/725/725
f 1015/708/708 1061/725/725 500/713/713
f 990/729/729 979/160/160 985/730/730
f 985/730/730 979/160/160 976/153/153
f 990/729/729 987/731/731 979/160/160
f 992/732/732 993/706/706 987/731/731
f 993/706/706 979/160/160 987/731/731
f 998/733/733 996/734/734 992/732/732
f 996/734/734 993/706/706 992/732/732
f 1004/735/735 1006/704/704 999/710/710
f 999/710/710 993/706/706 996/734/734
f 999/710/710 996/734/734 1002/736/736
f 1458/737/737 1461/738/738 1116/739/739
f 801/740/740 821/741/741 752/742/742
f 752/742/742 821/741/741 751/743/743
f 787/744/744 782/745/745 786/746/746
f 782/745/745 801/740/740 752/742/742
f 812/747/747 809/748/748 1119/749/749
f 1091/750/750 1095/751/751 1055/649/649
f 1095/751/751 1101/752/752 1055/649/649
f 755/753/753 751/743/743 758/754/754
f 759/755/755 755/753/753 758/754/754
f 1119/749/749 809/748/748 1107/756/756
f 781/757/757 759/755/755 758/754/754
f 780/758/758 758/754/754 783/759/759
f 758/754/754 761/760/760 783/759/759
f 813/761/761 784/762/762 1113/763/763
f 1054/650/650 1092/764/764 1114/765/765
f 809/748/748 810/766/766 1107/756/756
f 813/761/761 1113/763/763 1115/767/767
f 1107/756/756 810/766/766 1092/764/764
f 1113/763/763 1109/768/768 1106/769/769
f 763/770/770 1113/763/763 784/762/762
f 1113/763/763 763/770/770 1109/768/768
f 763/770/770 770/771/771 1109/768/768
f 1109/768/768 770/771/771 1098/772/772
f 1108/773/773 1081/620/620 1054/650/650
f 770/771/771 1089/634/634 1098/772/772
f 770/771/771 1258/635/635 1089/634/634
f 820/774/774 765/775/775 764/776/776
f 755/753/753 753/777/777 751/743/743
f 753/777/777 752/742/742 751/743/743
f 776/778/778 764/776/776 765/775/775
f 772/779/779 808/780/780 777/781/781
f 760/782/782 761/760/760 758/754/754
f 1107/756/756 1092/764/764 1101/752/752
f 1101/752/752 1092/764/764 1055/649/649
f 1055/649/649 1092/764/764 1054/650/650
f 751/743/743 821/741/741 820/774/774
f 622/678/678 623/665/665 1208/668/668
f 589/783/783 572/784/784 545/785/785
f 549/660/660 589/783/783 545/785/785
f 609/675/675 589/783/783 549/660/660
f 1205/786/786 590/787/787 622/678/678
f 602/788/788 573/789/789 574/790/790
f 572/784/784 547/791/791 545/785/785
f 579/792/792 547/791/791 572/784/784
f 1209/793/793 1210/674/674 1260/683/683
f 547/791/791 579/792/792 585/653/653
f 585/653/653 562/655/655 547/791/791
f 1195/794/794 1203/795/795 1191/796/796
f 1191/796/796 1189/797/797 1186/798/798
f 1205/786/786 1193/799/799 1191/796/796
f 1193/799/799 1189/797/797 1191/796/796
f 1205/786/786 622/678/678 1193/799/799
f 1193/799/799 622/678/678 1208/668/668
f 1190/800/800 1209/793/793 1260/683/683
f 1188/801/801 1190/800/800 1260/683/683
f 1161/802/802 1201/803/803 803/804/804
f 804/805/805 802/806/806 798/807/807
f 1160/808/808 805/809/809 814/810/810
f 1158/811/811 1162/812/812 1201/803/803
f 1159/813/813 1160/808/808 1150/814/814
f 1150/814/814 1160/808/808 799/815/815
f 1201/803/803 1161/802/802 1158/811/811
f 1479/816/816 1477/817/817 1473/818/818
f 1477/817/817 1475/819/819 1463/820/820
f 1463/820/820 1465/821/821 1468/822/822
f 1468/822/822 1465/821/821 1484/823/823
f 1465/821/821 1486/824/824 1484/823/823
f 1482/825/825 1494/826/826 1487/827/827
f 1487/827/827 1494/826/826 1489/828/828
f 1487/827/827 1489/828/828 1491/829/829
f 1498/830/830 1489/828/828 1496/831/831
f 1477/817/817 1463/820/820 1473/818/818
f 1473/818/818 1463/820/820 1468/822/822
f 1494/826/826 1496/831/831 1489/828/828
f 1201/803/803 1199/832/832 803/804/804
f 802/806/806 801/740/740 798/807/807
f 820/774/774 822/833/833 819/834/834
f 826/835/835 803/804/804 1178/836/836
f 822/833/833 801/740/740 825/837/837
f 1197/838/838 1180/839/839 1178/836/836
f 823/840/840 826/835/835 807/841/841
f 826/835/835 1178/836/836 1171/842/842
f 1177/843/843 1179/844/844 1176/845/845
f 826/835/835 1171/842/842 1170/846/846
f 807/841/841 826/835/835 1170/846/846
f 803/804/804 1199/832/832 1178/836/836
f 1199/832/832 1197/838/838 1178/836/836
f 821/741/741 801/740/740 820/774/774
f 820/774/774 801/740/740 822/833/833
f 824/847/847 803/804/804 826/835/835
f 1195/794/794 1191/796/796 1182/848/848
f 1191/796/796 1186/798/798 1182/848/848
f 1180/839/839 1197/838/838 1195/794/794
f 1186/798/798 1184/849/849 1182/848/848
f 1186/798/798 1187/850/850 1184/849/849
f 1183/851/851 1185/852/852 1256/700/700
f 1185/852/852 1257/699/699 1256/700/700
f 819/834/834 765/775/775 820/774/774
f 1170/846/846 1171/842/842 1172/853/853
f 1176/845/845 1179/844/844 16/854/854
f 808/780/780 1173/855/855 777/781/781
f 1179/844/844 1181/856/856 16/854/854
f 1172/853/853 1175/857/857 15/858/858
f 769/859/859 777/781/781 1173/855/855
f 762/860/860 766/861/861 760/782/782
f 1174/862/862 1212/863/863 1173/855/855
f 769/859/859 1173/855/855 779/864/864
f 19/865/865 16/854/854 1181/856/856
f 1211/866/866 15/858/858 18/867/867
f 773/868/868 19/865/865 771/869/869
f 764/776/776 751/743/743 820/774/774
f 751/743/743 760/782/782 758/754/754
f 764/776/776 762/860/860 751/743/743
f 751/743/743 762/860/860 760/782/782
f 1171/842/842 1175/857/857 1172/853/853
f 1172/853/853 15/858/858 1211/866/866
f 764/776/776 778/870/870 762/860/860
f 1173/855/855 1212/863/863 19/865/865
f 1173/855/855 19/865/865 779/864/864
f 773/868/868 779/864/864 19/865/865
f 767/871/871 761/760/760 760/782/782
f 771/869/869 19/865/865 775/872/872
f 19/865/865 1181/856/856 775/872/872
f 760/782/782 774/873/873 767/871/871
f 775/872/872 770/771/771 768/874/874
f 1195/794/794 1182/848/848 1180/839/839
f 1181/856/856 1183/851/851 1256/700/700
f 1181/856/856 1256/700/700 775/872/872
f 775/872/872 1258/635/635 770/771/771
f 1256/700/700 1258/635/635 775/872/872
f 1188/801/801 1260/683/683 1257/699/699
f 804/805/805 798/807/807 793/875/875
f 790/876/876 792/877/877 787/744/744
f 792/877/877 782/745/745 787/744/744
f 1167/878/878 1169/879/879 1149/880/880
f 1149/880/881 1151/881/882 1150/814/814
f 1149/880/881 1150/814/814 799/815/815
f 796/882/883 815/883/884 792/877/877
f 817/884/885 815/883/884 796/882/883
f 1164/885/886 1149/880/881 799/815/815
f 794/886/887 796/882/883 792/877/877
f 794/886/887 792/877/877 790/876/876
f 799/815/815 1160/808/808 814/810/810
f 792/877/877 806/887/888 793/875/875
f 782/745/745 792/877/877 793/875/875
f 793/875/875 798/807/807 782/745/745
f 782/745/745 798/807/807 801/740/740
f 1437/410/410 1402/888/889 1394/408/408
f 1360/658/658 1402/888/889 1405/637/637
f 1405/637/637 1402/888/889 1437/410/410
f 1405/637/637 1437/410/410 1408/889/890
f 1437/410/410 1435/414/414 1408/889/890
f 409/209/209 411/211/211 410/890/891
f 408/891/892 409/209/209 410/890/891
f 413/241/241 409/209/209 408/891/892
f 417/892/893 410/890/891 419/717/717
f 414/893/894 413/241/241 408/891/892
f 428/716/716 417/892/893 419/717/717
f 408/891/892 417/892/893 422/894/895
f 451/895/896 449/896/897 434/897/898
f 450/898/899 422/894/895 417/892/893
f 1064/728/728 451/895/896 435/899/900
f 1061/725/725 1064/728/728 435/899/900
f 1076/900/901 451/895/896 1064/728/728
f 1061/725/725 435/899/900 438/726/726
f 1076/900/901 1086/901/902 451/895/896
f 538/902/903 1407/903/904 1435/414/414
f 538/902/903 1435/414/414 540/413/413
f 417/892/893 408/891/892 410/890/891
f 1071/656/656 1405/637/637 1408/889/890
f 1071/656/656 1408/889/890 1075/904/905
f 1073/905/906 1071/656/656 1075/904/905
f 451/895/896 1086/901/902 449/896/897
f 1408/889/890 456/906/907 1075/904/905
f 422/894/895 433/907/908 408/891/892
f 456/906/907 1085/908/909 1075/904/905
f 466/909/910 456/906/907 1408/889/890
f 1086/901/902 458/910/911 449/896/897
f 467/911/912 463/912/913 433/907/908
f 433/907/908 414/893/894 408/891/892
f 1409/913/914 1407/903/904 492/914/915
f 416/915/916 493/916/917 490/917/918
f 433/907/908 463/912/913 414/893/894
f 463/912/913 465/918/919 414/893/894
f 477/919/920 414/893/894 465/918/919
f 1409/913/914 429/920/921 476/921/922
f 414/893/894 430/922/923 416/915/916
f 1409/913/914 492/914/915 478/923/924
f 416/915/916 413/241/241 414/893/894
f 418/924/925 413/241/241 416/915/916
f 490/917/918 489/925/926 416/915/916
f 489/925/926 490/917/918 502/926/927
f 418/924/925 416/915/916 489/925/926
f 501/927/928 492/914/915 1407/903/904
f 1408/889/890 1407/903/904 1409/913/914
f 1408/889/890 1409/913/914 466/909/910
f 1409/913/914 476/921/922 466/909/910
f 1407/903/904 1408/889/890 1435/414/414
f 466/909/910 476/921/922 464/928/929
f 466/909/910 464/928/929 462/929/930
f 1063/711/711 1072/930/931 1064/728/728
f 519/931/932 524/932/933 521/343/343
f 202/136/136 184/933/934 192/934/935
f 213/358/358 521/343/343 229/935/936
f 228/936/937 238/937/938 128/359/359
f 536/420/420 163/421/421 237/938/939
f 521/343/343 530/939/940 229/935/936
f 521/343/343 524/932/933 530/939/940
f 530/939/940 239/940/941 229/935/936
f 163/421/421 200/941/942 162/942/943
f 229/935/936 217/943/944 211/944/945
f 213/358/358 229/935/936 211/944/945
f 210/945/946 216/946/947 128/359/359
f 212/947/948 210/945/946 111/349/349
f 111/349/349 210/945/946 128/359/359
f 142/948/949 197/949/950 118/950/951
f 200/941/942 206/428/428 166/951/952
f 162/942/943 200/941/942 196/952/953
f 128/359/359 164/953/954 142/948/949
f 1445/418/418 200/941/942 163/421/421
f 216/946/947 228/936/937 128/359/359
f 237/938/939 163/421/421 170/954/955
f 1445/418/418 206/428/428 200/941/942
f 166/951/952 206/428/428 168/955/956
f 524/932/933 519/931/932 522/956/957
f 519/931/932 523/957/958 522/956/957
f 522/956/957 535/958/959 524/932/933
f 519/931/932 517/959/960 523/957/958
f 520/365/365 516/382/382 519/931/932
f 520/365/365 519/931/932 521/343/343
f 519/931/932 516/382/382 517/959/960
f 508/960/961 491/961/962 418/924/925
f 508/960/961 418/924/925 510/962/963
f 518/389/389 509/963/964 511/964/965
f 515/388/388 509/963/964 518/389/389
f 516/382/382 518/389/389 517/959/960
f 418/924/925 427/965/966 413/241/241
f 413/241/241 427/965/966 436/286/286
f 491/961/962 486/966/967 418/924/925
f 418/924/925 486/966/967 427/965/966
f 473/967/968 436/286/286 427/965/966
f 475/968/969 496/386/386 474/291/291
f 475/968/969 487/969/970 496/386/386
f 538/902/903 540/413/413 532/970/971
f 505/971/972 503/972/973 533/973/974
f 510/962/963 418/924/925 504/974/975
f 514/975/976 505/971/972 511/964/965
f 533/973/974 511/964/965 505/971/972
f 511/964/965 533/973/974 518/389/389
f 518/389/389 533/973/974 517/959/960
f 504/974/975 418/924/925 489/925/926
f 1446/425/425 202/136/136 206/428/428
f 206/428/428 202/136/136 192/934/935
f 227/577/577 233/976/977 247/579/579
f 89/576/576 233/976/977 227/577/577
f 89/576/576 64/575/575 233/976/977
f 233/976/977 253/977/978 247/579/579
f 1376/978/979 1396/979/980 1418/980/981
f 1376/978/979 1413/981/982 1410/982/983
f 1376/978/979 1410/982/983 1406/983/984
f 1420/984/985 1416/985/986 1410/982/983
f 1416/985/986 1406/983/984 1410/982/983
f 179/599/599 1443/411/411 148/986/987
f 1443/411/411 1447/987/988 119/988/989
f 1443/411/411 179/599/599 199/598/598
f 1406/983/984 1443/411/411 1439/427/427
f 1449/989/990 1447/987/988 1406/983/984
f 1406/983/984 1447/987/988 1443/411/411
f 31/990/991 177/991/992 64/575/575
f 1447/987/988 149/992/993 119/988/989
f 120/993/994 38/994/995 31/990/991
f 80/995/996 38/994/995 132/996/997
f 215/997/998 149/992/993 1447/987/988
f 233/976/977 64/575/575 243/998/999
f 38/994/995 80/995/996 31/990/991
f 31/990/991 80/995/996 41/999/1000
f 29/131/131 31/990/991 64/575/575
f 1443/411/411 119/988/989 148/986/987
f 120/993/994 31/990/991 30/602/602
f 30/602/602 31/990/991 29/131/131
f 1014/709/709 1008/712/712 1013/1000/1001
f 1014/709/709 1013/1000/1001 980/1001/1002
f 1008/712/712 1010/1002/1003 1012/1003/1004
f 1008/712/712 1012/1003/1004 1013/1000/1001
f 703/302/302 702/305/305 704/326/326
f 702/305/305 710/295/295 711/297/297
f 980/1001/1002 1013/1000/1001 707/1004/1005
f 1011/299/299 722/298/298 708/1005/1006
f 707/1004/1005 970/189/189 969/183/183
f 703/302/302 704/326/326 705/1006/1007
f 705/1006/1007 704/326/326 706/341/341
f 706/341/341 407/1007/1008 705/1006/1007
f 365/1008/1009 706/341/341 355/1009/1010
f 353/1010/1011 364/1011/1012 407/1007/1008
f 353/1010/1011 407/1007/1008 706/341/341
f 706/341/341 365/1008/1009 353/1010/1011
f 259/190/190 310/360/360 283/192/192
f 979/160/160 1014/709/709 980/1001/1002
f 979/160/160 993/706/706 1014/709/709
f 954/144/144 980/1001/1002 969/183/183
f 979/160/160 980/1001/1002 954/144/144
f 980/1001/1002 707/1004/1005 969/183/183
f 349/1012/1013 310/360/360 259/190/190
f 261/1013/1014 349/1012/1013 259/190/190
f 259/190/190 400/1014/1015 261/1013/1014
f 400/1014/1015 259/190/190 260/208/208
f 970/189/189 401/1015/1016 404/206/206
f 404/206/206 401/1015/1016 402/1016/1017
f 316/1017/1018 310/360/360 349/1012/1013
f 364/1011/1012 363/1018/1019 407/1007/1008
f 406/1019/1020 261/1013/1014 400/1014/1015
f 678/466/466 695/1020/1021 625/1021/1022
f 631/437/437 678/466/466 625/1021/1022
f 627/1022/1023 73/1023/1024 625/1021/1022
f 627/1022/1023 629/1024/1025 73/1023/1024
f 697/1025/1026 701/1026/1027 695/1020/1021
f 699/1027/1028 700/1028/1029 626/1029/1030
f 678/466/466 697/1025/1026 695/1020/1021
f 699/1027/1028 626/1029/1030 624/1030/1031
f 52/100/100 53/94/94 74/101/101
f 52/100/100 74/101/101 65/1031/1032
f 631/437/437 625/1021/1022 248/406/406
f 644/463/463 678/466/466 631/437/437
f 697/1025/1026 679/1032/1033 690/1033/1034
f 678/466/466 679/1032/1033 697/1025/1026
f 696/1034/1035 698/1035/1036 700/1028/1029
f 109/1036/1037 248/406/406 73/1023/1024
f 625/1021/1022 73/1023/1024 248/406/406
f 683/458/458 689/1037/1038 680/1038/1039
f 313/1039/1040 322/1040/1041 324/1041/1042
f 284/180/180 283/192/192 302/1042/1043
f 283/192/192 306/1043/1044 302/1042/1043
f 283/192/192 308/1044/1045 306/1043/1044
f 284/180/180 302/1042/1043 304/1045/1046
f 283/192/192 311/1046/1047 308/1044/1045
f 37/1047/1048 52/100/100 65/1031/1032
f 37/1047/1048 61/1048/1049 52/100/100
f 700/1028/1029 117/1049/1050 628/1050/1051
f 626/1029/1030 700/1028/1029 628/1050/1051
f 1359/1051/1052 63/1052/1053 1358/1053/1054
f 628/1050/1055 67/1054/1056 1143/1055/1057
f 117/1049/1050 1143/1055/1057 67/1054/1056
f 698/1035/1036 117/1049/1050 700/1028/1029
f 329/1056/1058 326/1057/1059 332/1058/1060
f 322/1040/1041 35/1059/1061 326/1057/1059
f 1138/1060/1062 853/1061/1063 1132/517/517
f 830/14/14 831/482/482 841/15/15
f 214/1062/1064 847/1063/1065 828/1064/1066
f 113/1065/1067 214/1062/1064 828/1064/1066
f 829/1066/1068 113/1065/1067 830/14/14
f 113/1065/1067 828/1064/1066 833/1067/1069
f 113/1065/1067 831/482/482 830/14/14
f 113/1065/1067 833/1067/1069 831/482/482
f 1276/494/494 827/1068/1070 846/1069/1071
f 332/1058/1060 326/1057/1059 90/1070/1072
f 332/1058/1060 90/1070/1072 335/1071/1073
f 848/1072/1074 1276/494/494 846/1069/1071
f 326/1057/1059 35/1059/1061 90/1070/1072
f 35/1059/1061 37/1047/1048 90/1070/1072
f 90/1070/1072 37/1047/1048 187/1073/1075
f 1276/494/494 859/485/485 827/1068/1070
f 827/1068/1070 859/485/485 832/484/484
f 1133/526/526 1272/528/528 848/1072/1074
f 1272/528/528 1275/1074/1076 848/1072/1074
f 1272/528/528 1274/1075/1077 1275/1074/1076
f 1133/526/526 1139/510/510 1272/528/528
f 1275/1074/1076 1276/494/494 848/1072/1074
f 1275/1074/1076 1279/496/496 1276/494/494
f 1131/516/516 1133/526/526 850/1076/1078
f 848/1072/1074 850/1076/1078 1133/526/526
f 236/1077/1079 852/1078/1080 849/1079/1081
f 1138/1060/1062 851/1080/1082 853/1061/1063
f 236/1077/1079 849/1079/1081 214/1062/1083
f 96/1081/1084 236/1077/1079 214/1062/1083
f 37/1047/1048 24/120/120 61/1048/1049
f 1131/516/516 1128/515/515 1133/526/526
f 1143/1055/1057 1226/1082/1085 1144/1083/1086
f 99/1084/1087 1140/1085/1088 853/1061/1063
f 853/1061/1063 1140/1085/1088 1123/513/513
f 853/1061/1063 1123/513/513 1132/517/517
f 698/1035/1036 1223/1086/1089 117/1049/1050
f 117/1049/1050 1223/1086/1089 1229/1087/1090
f 117/1049/1050 1229/1087/1090 1143/1055/1057
f 311/1046/1047 313/1039/1040 320/1088/1091
f 283/192/192 91/1089/1092 311/1046/1047
f 313/1039/1040 35/1059/1061 322/1040/1041
f 51/1090/1093 24/120/120 42/92/92
f 51/1090/1093 42/92/92 52/100/100
f 21/104/104 23/122/122 22/1091/1094
f 21/104/104 22/1091/1094 20/1092/1095
f 21/104/104 25/106/106 23/122/122
f 20/1092/1095 26/346/346 21/104/104
f 144/1093/1096 196/952/953 200/941/942
f 200/941/942 166/951/952 160/1094/1097
f 201/1095/1098 127/105/105 118/950/951
f 26/346/346 128/359/359 142/948/949
f 26/346/346 142/948/949 118/950/951
f 26/346/346 118/950/951 21/104/104
f 118/950/951 127/105/105 21/104/104
f 22/1091/1094 24/120/120 35/1059/1061
f 35/1059/1061 20/1092/1095 22/1091/1094
f 23/122/122 24/120/120 22/1091/1094
f 35/1059/1061 24/120/120 37/1047/1048
f 61/1048/1049 24/120/120 51/1090/1093
f 91/1089/1092 20/1092/1095 35/1059/1061
f 91/1089/1092 313/1039/1040 311/1046/1047
f 313/1039/1040 91/1089/1092 35/1059/1061
f 23/122/122 40/116/116 24/120/120
f 1224/1096/1099 1228/1097/1100 1213/459/459
f 684/1098/1101 679/1032/1033 682/1099/1102
f 1215/457/457 689/1037/1038 683/458/458
f 688/1100/1103 682/1099/1102 678/466/466
f 681/481/481 687/1101/1104 691/468/468
f 682/1099/1102 679/1032/1033 678/466/466
f 678/466/466 686/473/473 688/1100/1103
f 691/468/468 687/1101/1104 685/1102/1105
f 1224/1096/1099 1213/459/459 1225/524/524
f 1229/1087/1090 1226/1082/1085 1143/1055/1057
f 717/334/334 713/340/340 706/341/341
f 706/341/341 713/340/340 355/1009/1010
f 91/1089/1092 318/362/362 43/352/352
f 91/1089/1092 43/352/352 20/1092/1095
f 310/360/360 91/1089/1092 283/192/192
f 318/362/362 91/1089/1092 310/360/360
f 43/352/352 26/346/346 20/1092/1095
f 713/340/340 729/1103/1106 355/1009/1010
f 356/1104/1107 344/1105/1108 351/1106/1109
f 344/1105/1108 342/396/396 351/1106/1109
f 343/395/395 315/402/402 342/396/396
f 365/1008/1009 355/1009/1010 358/1107/1110
f 358/1107/1110 355/1009/1010 350/1108/1111
f 359/1109/1112 365/1008/1009 358/1107/1110
f 351/1106/1109 342/396/396 360/1110/1113
f 342/396/396 354/1111/1114 360/1110/1113
f 315/402/402 316/1017/1018 354/1111/1114
f 343/395/395 314/401/401 315/402/402
f 315/402/402 354/1111/1114 342/396/396
f 315/402/402 310/360/360 316/1017/1018
f 1374/1112/1115 1381/1113/1116 1370/1114/1117
f 1361/1115/1118 1394/408/408 1402/888/889
f 1370/1114/1117 1394/408/408 1361/1115/1118
f 1394/408/408 1370/1114/1117 1438/409/409
f 1374/1112/1115 1372/72/72 1401/1116/1119
f 1374/1112/1115 1370/1114/1117 1372/72/72
f 1372/72/72 1370/1114/1117 1368/89/89
f 1399/1117/1120 1381/1113/1116 1374/1112/1115
f 1370/1114/1117 1381/1113/1116 1378/1118/1121
f 1389/1119/1122 1371/1120/1123 1378/1118/1121
f 1422/1121/1124 1378/1118/1121 1381/1113/1116
f 1370/1114/1117 1378/1118/1121 1371/1120/1123
f 1371/1120/1123 1438/409/409 1370/1114/1117
f 1371/1120/1123 1395/429/429 1438/409/409
f 1375/1122/1125 1396/979/980 1376/978/979
f 1439/427/427 1376/978/979 1406/983/984
f 1395/429/429 1376/978/979 1439/427/427
f 1371/1120/1123 1376/978/979 1395/429/429
f 1375/1122/1125 1371/1120/1123 1385/1123/1126
f 1371/1120/1123 1375/1122/1125 1376/978/979
f 550/662/662 546/65/65 591/1124/1127
f 546/65/65 580/78/78 591/1124/1127
f 1402/888/889 592/81/81 1361/1115/1118
f 1369/80/80 1368/89/89 592/81/81
f 592/81/81 1368/89/89 1361/1115/1118
f 1368/89/89 1370/1114/1117 1361/1115/1118
f 12/1125/1128 592/81/81 1402/888/889
f 581/1126/1129 568/75/75 592/81/81
f 1382/73/73 1372/72/72 1368/89/89
f 550/662/662 549/660/660 546/65/65
f 549/660/660 545/785/785 546/65/65
f 1360/658/658 10/687/687 1402/888/889
f 547/791/791 548/66/66 545/785/785
f 545/785/785 548/66/66 546/65/65
f 547/791/791 562/655/655 552/58/58
f 548/66/66 547/791/791 552/58/58
f 562/655/655 587/1127/1130 575/1128/1131
f 552/58/58 562/655/655 575/1128/1131
f 552/58/58 557/60/60 551/62/62
f 552/58/58 551/62/62 548/66/66
f 5063/1129/1132 3/1130/1133 4668/1131/1134
f 6/1132/1135 4643/1133/1136 4645/1134/1137
f 4642/1135/1138 4720/1136/1139 4722/1137/1140
f 5062/1138/1141 5/1139/2 2/1140/1
f 6/1132/1135 4639/1141/1142 4643/1133/1136
f 4639/1141/1142 4642/1142/1143 4643/1133/1136
f 4640/1143/1144 4719/1144/1145 4865/1145/1146
f 4719/1144/1145 4640/1143/1144 4725/1146/1147
f 4639/1141/1142 4641/1147/1148 4726/1148/1149
f 4722/1137/1140 2858/1149/1150 2862/1150/1151
f 4720/1136/1139 2858/1149/1150 4722/1137/1140
f 4720/1136/1139 4726/1148/1149 2858/1149/1150
f 4726/1148/1149 2854/1151/1152 2858/1149/1150
f 4651/1152/1153 4665/1153/1154 4667/1154/1155
f 4648/1155/1156 4649/1156/1157 4647/1157/1158
f 4650/1158/1159 4645/1134/1137 4647/1157/1158
f 4646/1159/1160 4648/1155/1156 4647/1157/1158
f 4646/1159/1160 4647/1157/1158 4645/1134/1137
f 4672/1160/1161 4669/1161/1162 4679/1162/1163
f 4667/1154/1155 4716/1163/1164 4651/1152/1153
f 4679/1162/1163 4669/1161/1162 4670/1164/1165
f 4662/1165/1166 4670/1164/1165 4669/1161/1162
f 4662/1165/1166 4669/1161/1162 4668/1131/1134
f 9/1166/1167 4716/1163/1164 4667/1154/1155
f 4666/1167/1168 4662/1165/1166 4668/1131/1134
f 4645/1134/1137 4643/1133/1136 4646/1159/1160
f 4668/1131/1134 3/1130/1133 4666/1167/1168
f 4644/1168/1169 4721/1169/1170 4897/1170/1171
f 9/1166/1167 7/1171/1172 4716/1163/1164
f 4864/1172/1146 4721/1169/1170 4644/1168/1169
f 4695/1173/1173 4672/1160/1161 4679/1162/1163
f 4860/1174/1174 4706/1175/1175 4673/1176/1176
f 4700/1177/1177 4701/1178/1178 4697/1179/1179
f 4596/1180/1180 4778/1181/1181 4699/1182/1182
f 4700/1177/1177 4779/1183/1181 4701/1178/1178
f 4600/1184/1183 4021/1185/1184 4577/1186/1185
f 4603/1187/1186 4698/1188/1187 4702/1189/1188
f 4590/1190/1189 4600/1184/1183 4577/1186/1185
f 4697/1179/1179 4671/1191/1190 4705/1192/1191
f 5089/1193/1192 4673/1176/1176 4706/1175/1175
f 4780/1194/1193 4603/1187/1186 4702/1189/1188
f 4697/1179/1179 4675/1195/1194 4671/1191/1190
f 4698/1188/1187 4603/1187/1186 5228/1196/1195
f 4672/1160/1161 4671/1191/1190 4669/1161/1162
f 2761/1197/1196 5048/1198/1197 4659/1199/1198
f 4659/1199/1198 2748/1200/1199 2761/1197/1196
f 4711/1201/1200 4661/1202/1201 4659/1199/1198
f 4711/1201/1200 4663/1203/1202 4661/1202/1201
f 4663/1203/1202 4655/1204/1203 4661/1202/1201
f 4659/1199/1198 4658/1205/1204 2748/1200/1199
f 4660/1206/1205 4654/1207/1206 4656/1208/1207
f 4662/1165/1166 4664/1209/1208 4654/1207/1206
f 4647/1157/1158 4654/1207/1206 4664/1209/1208
f 4653/1210/1209 4654/1207/1206 4647/1157/1158
f 4647/1157/1158 4649/1156/1157 4653/1210/1209
f 4651/1152/1153 4724/1211/1210 4665/1153/1154
f 4662/1165/1166 4666/1167/1168 4664/1209/1208
f 4310/1212/1211 4950/1213/1212 4832/1214/1213
f 4832/1214/1213 4950/1213/1212 5264/1215/1214
f 5264/1215/1214 5048/1198/1197 4832/1214/1213
f 5048/1198/1197 5264/1215/1214 4659/1199/1198
f 4692/1216/1215 4689/1217/1216 5263/1218/1217
f 4953/1219/1218 4948/1220/1219 5265/1221/1220
f 5265/1221/1220 5266/1222/1221 4953/1219/1218
f 4689/1217/1216 4687/1223/1222 4711/1201/1200
f 4689/1217/1216 4711/1201/1200 5263/1218/1217
f 4687/1223/1222 4712/1224/1223 4711/1201/1200
f 4659/1199/1198 5264/1215/1214 5263/1218/1217
f 4711/1201/1200 4659/1199/1198 5263/1218/1217
f 4685/1225/1224 4682/1226/1225 4683/1227/1226
f 4684/1228/1227 4859/1229/1174 4678/1230/1228
f 4685/1225/1224 4670/1164/1165 4682/1226/1225
f 4682/1226/1225 4670/1164/1165 4662/1165/1166
f 4684/1228/1227 4678/1230/1228 5057/1231/1229
f 4292/1232/1230 4287/1233/1231 4946/1234/1232
f 4938/1235/1233 4946/1234/1232 4287/1233/1231
f 4288/1236/1234 4949/1237/1235 4291/1238/1236
f 4946/1234/1232 4938/1235/1233 4947/1239/1237
f 4952/1240/1238 5264/1215/1214 4950/1213/1212
f 4937/1241/1239 4693/1242/1240 4691/1243/1241
f 4288/1236/1234 4943/1244/1242 4949/1237/1235
f 4949/1237/1235 4943/1244/1242 4951/1245/1243
f 4947/1239/1237 4938/1235/1233 5263/1218/1217
f 4938/1235/1233 4692/1216/1215 5263/1218/1217
f 4675/1195/1194 4669/1161/1162 4671/1191/1190
f 4677/1246/1244 4669/1161/1162 4675/1195/1194
f 5063/1129/1132 4639/1141/1142 6/1132/1135
f 4668/1131/1134 4639/1141/1142 5063/1129/1132
f 4674/1247/1245 4629/1248/1246 5141/1249/1247
f 4626/1250/1248 4668/1131/1134 4630/1251/1249
f 4639/1141/1142 4668/1131/1134 4626/1250/1248
f 2829/1252/1250 2828/1253/1251 2857/1254/1252
f 2827/1255/1253 2825/1256/1254 2814/1257/1255
f 2826/1258/1256 2746/1259/1257 2768/1260/1258
f 2869/1261/1259 2814/1257/1255 4717/1262/1260
f 2826/1258/1256 2768/1260/1258 2813/1263/1261
f 2869/1261/1259 2827/1255/1253 2814/1257/1255
f 2826/1258/1256 2828/1253/1251 2746/1259/1257
f 2861/1264/1262 2826/1258/1256 2868/1265/1263
f 2857/1254/1252 2826/1258/1256 2861/1264/1262
f 2828/1253/1251 2826/1258/1256 2857/1254/1252
f 2869/1261/1259 4717/1262/1260 2862/1150/1151
f 4695/1266/1264 4696/1267/1265 4697/1179/1179
f 4695/1266/1264 4697/1179/1179 4705/1192/1191
f 4817/1268/1266 4819/1269/1267 4704/1270/1268
f 4051/1271/1269 5230/1272/1270 4055/1273/1271
f 4696/1267/1265 4704/1270/1268 4700/1177/1177
f 4020/1274/1272 4021/1185/1184 5231/1275/1273
f 4703/1276/1274 4597/1277/1275 4596/1180/1180
f 4055/1273/1271 5230/1272/1270 4599/1278/1276
f 4016/1279/1277 4056/1280/1278 4835/1281/1279
f 4016/1279/1277 4020/1274/1272 4052/1282/1280
f 4054/1283/1281 5230/1272/1270 4051/1271/1269
f 4818/1284/1282 4597/1277/1275 4703/1276/1274
f 4700/1177/1177 4697/1179/1179 4696/1267/1265
f 4834/1285/1283 4055/1273/1271 4597/1277/1275
f 4818/1284/1282 4834/1285/1283 4597/1277/1275
f 4055/1273/1271 4599/1278/1276 4597/1277/1275
f 4703/1276/1274 4596/1180/1180 4699/1182/1182
f 4598/1286/1284 4600/1184/1183 4590/1190/1189
f 4017/1287/1285 4020/1274/1272 4016/1279/1277
f 4017/1287/1285 4022/1288/1286 4020/1274/1272
f 5231/1275/1273 4021/1185/1184 4600/1184/1183
f 4014/1289/1287 4018/1290/1288 4016/1279/1277
f 4015/1291/1289 4999/1292/1290 4019/1293/1291
f 4018/1290/1288 4017/1287/1285 4016/1279/1277
f 4691/1243/1241 4690/1294/1292 4688/1295/1293
f 4688/1295/1293 4690/1294/1292 4686/1296/1294
f 4854/1297/1295 4856/1298/1296 4848/1299/1297
f 4854/1297/1295 4008/1300/1298 5261/1301/1299
f 4806/1302/1300 4847/1303/1301 5058/1304/1302
f 5261/1301/1299 4008/1300/1298 4002/1305/1303
f 4848/1299/1297 4856/1298/1296 5060/1306/1304
f 5260/1307/1305 4013/1308/1306 4707/1309/1307
f 4707/1309/1307 4013/1308/1306 5051/1310/1308
f 5060/1306/1309 4710/1311/1310 4695/1266/1264
f 5261/1301/1299 4708/1312/1311 4854/1297/1295
f 4690/1294/1292 5060/1306/1309 4686/1296/1294
f 4708/1312/1311 4710/1311/1310 4854/1297/1295
f 4855/1313/1312 5090/1314/1313 4709/1315/1314
f 4855/1313/1312 4709/1315/1314 5059/1316/1315
f 5060/1306/1309 4695/1266/1264 4686/1296/1294
f 4686/1296/1294 4685/1225/1224 4683/1227/1226
f 4710/1311/1310 4708/1312/1311 4695/1266/1264
f 4686/1296/1294 4695/1266/1264 4685/1225/1224
f 4696/1267/1265 4695/1266/1264 4708/1312/1311
f 4001/1317/1316 4014/1289/1287 4016/1279/1277
f 4002/1305/1303 4001/1317/1316 4058/1318/1317
f 4696/1267/1265 4002/1319/1318 4817/1268/1266
f 4057/1320/1319 5122/1321/1320 4822/1322/1321
f 4696/1267/1265 4817/1268/1266 4704/1270/1268
f 4001/1317/1316 4002/1305/1303 4008/1300/1298
f 4001/1317/1316 4016/1279/1277 4058/1318/1317
f 4057/1320/1319 4822/1322/1321 5102/1323/1322
f 4016/1279/1277 4052/1282/1280 4056/1280/1278
f 4016/1324/1323 4819/1269/1267 4817/1268/1266
f 5121/1325/1320 4834/1285/1283 4818/1284/1282
f 4009/1326/1324 4007/1327/1325 4008/1300/1298
f 4008/1300/1298 4007/1327/1325 4001/1317/1316
f 4844/1328/1326 4009/1326/1324 4845/1329/1327
f 4846/1330/1328 4010/1331/1329 4850/1332/1330
f 5042/1333/1331 4847/1303/1301 4806/1302/1300
f 4845/1329/1327 4849/1334/1332 4848/1299/1297
f 4844/1328/1326 4845/1329/1327 4848/1299/1297
f 5043/1335/1333 4690/1294/1292 4693/1242/1240
f 4844/1328/1326 4848/1299/1297 5043/1335/1333
f 4010/1331/1329 4977/1336/1334 4850/1332/1330
f 4008/1300/1298 4854/1297/1295 4849/1334/1332
f 4848/1299/1297 4849/1334/1332 4854/1297/1295
f 5253/1337/1335 5043/1335/1333 4693/1242/1240
f 4938/1235/1233 5254/1338/1336 4694/1339/1337
f 4844/1328/1326 5043/1335/1333 5253/1337/1335
f 4693/1242/1240 4690/1294/1292 4691/1243/1241
f 4572/1340/1338 5114/1341/1339 5221/1342/1340
f 5221/1342/1340 5114/1341/1339 4844/1328/1326
f 4571/1343/1341 4011/1344/1342 5113/1345/1343
f 5114/1341/1339 4009/1326/1324 4844/1328/1326
f 5114/1341/1339 4007/1327/1325 4009/1326/1324
f 5237/1346/1344 4572/1340/1338 5221/1342/1340
f 4601/1347/1345 5049/1348/1346 4587/1349/1347
f 4576/1350/1348 4575/1351/1349 4588/1352/1350
f 4575/1351/1349 4580/1353/1351 4588/1352/1350
f 4588/1352/1350 4580/1353/1351 4945/1354/1352
f 5164/1355/1353 4944/1356/1354 4904/1357/1355
f 4944/1356/1354 5142/1358/1356 4904/1357/1355
f 4580/1353/1351 4581/1359/1357 4583/1360/1358
f 4580/1353/1351 4583/1360/1358 5143/1361/1359
f 5143/1361/1356 4774/1362/1360 4905/1363/1361
f 4587/1349/1347 5165/1364/1362 4601/1347/1345
f 4777/1365/1363 4588/1352/1350 4945/1354/1352
f 4777/1366/1364 4905/1363/1361 4605/1367/1365
f 4945/1354/1352 4580/1353/1351 5143/1361/1359
f 4905/1363/1361 4774/1362/1360 4609/1368/1366
f 4773/1369/1367 4584/1370/1368 4772/1371/1369
f 4584/1370/1368 5050/1372/1370 4772/1371/1369
f 4589/1373/1371 4590/1190/1189 4577/1186/1185
f 4590/1190/1189 4589/1373/1371 4779/1183/1372
f 4632/1374/1373 5241/1375/1374 4634/1376/1375
f 4626/1250/1248 4634/1376/1375 4623/1377/1376
f 5240/1378/1377 4761/1379/1378 4633/1380/1379
f 4632/1374/1373 5213/1381/1380 5241/1375/1374
f 4761/1379/1378 5125/1382/1381 4633/1380/1379
f 5228/1196/1195 4603/1187/1186 4776/1383/1382
f 4604/1384/1383 4677/1246/1244 4675/1195/1194
f 4669/1161/1162 4677/1246/1244 4681/1385/1384
f 4628/1386/1385 4669/1161/1162 4681/1385/1384
f 4677/1246/1244 5137/1387/1386 4681/1385/1384
f 4680/1388/1387 4635/1389/1388 4987/1390/1389
f 4674/1247/1245 4986/1391/1389 4629/1248/1246
f 4628/1392/1390 4626/1250/1248 4630/1251/1249
f 4779/1183/1372 4589/1373/1371 4602/1393/1391
f 4775/1394/1392 4606/1395/1393 4676/1396/1394
f 4905/1363/1361 4609/1368/1366 4605/1367/1365
f 4605/1367/1365 4609/1368/1366 4632/1374/1373
f 4626/1250/1248 4632/1374/1373 4634/1376/1375
f 4577/1186/1185 4574/1397/1395 4576/1350/1348
f 4577/1186/1185 4576/1350/1348 4589/1373/1371
f 4574/1397/1395 4575/1351/1349 4576/1350/1348
f 4602/1393/1391 4589/1373/1371 4604/1398/1396
f 4589/1373/1371 4605/1367/1365 4604/1398/1396
f 4605/1367/1365 4589/1373/1371 4777/1366/1364
f 4676/1396/1394 4606/1395/1393 5135/1399/1386
f 4680/1388/1387 5136/1400/1386 4635/1389/1388
f 4605/1367/1365 4632/1374/1373 5137/1387/1397
f 5137/1387/1397 4632/1374/1373 4608/1401/1398
f 5136/1400/1386 4607/1402/1399 4635/1389/1388
f 4636/1403/1400 4626/1250/1248 4628/1392/1390
f 4635/1389/1388 4607/1402/1399 4627/1404/1401
f 4607/1402/1399 4631/1405/1402 4627/1404/1401
f 4632/1374/1373 4609/1368/1366 5213/1381/1380
f 4020/1274/1272 4022/1288/1286 4021/1185/1184
f 4022/1288/1286 4023/1406/1403 4024/1407/1404
f 4022/1288/1286 4024/1407/1404 4021/1185/1184
f 4021/1185/1184 5223/1408/1405 4838/1409/1406
f 4021/1185/1184 4024/1407/1404 5223/1408/1405
f 4023/1406/1403 4029/1410/1407 5088/1411/1408
f 4023/1406/1403 5088/1411/1408 4024/1407/1404
f 4839/1412/1409 4594/1413/1410 5016/1414/1411
f 4839/1412/1409 5224/1415/1412 4594/1413/1410
f 4053/1416/1413 5087/1417/1414 4593/1418/1415
f 5223/1408/1405 4867/1419/1416 4574/1397/1395
f 4867/1419/1416 4569/1420/1417 4574/1397/1395
f 5088/1411/1418 4592/1421/1419 4569/1420/1417
f 4021/1185/1184 4838/1409/1406 4840/1422/1420
f 4840/1422/1420 4838/1409/1406 4577/1423/1421
f 4024/1407/1404 4867/1419/1416 5223/1408/1405
f 4053/1416/1413 4593/1418/1415 4866/1424/1422
f 2837/1425/1423 2839/1426/1424 2832/1427/1425
f 4760/1428/1426 2844/1429/1427 2840/1430/1428
f 2835/1431/1429 2832/1427/1425 2839/1426/1424
f 2831/1432/1430 2837/1425/1423 2832/1427/1425
f 4625/1433/1431 2841/1434/1432 2845/1435/1433
f 2843/1436/1434 2835/1431/1429 2839/1426/1424
f 2834/1437/1435 2833/1438/1436 2832/1427/1425
f 2831/1432/1430 2828/1253/1251 2829/1252/1250
f 2768/1260/1258 2746/1259/1257 2759/1439/1437
f 2759/1439/1437 2746/1259/1257 2734/1440/1438
f 2813/1263/1261 2768/1260/1258 2782/1441/1439
f 4714/1442/1440 2783/1443/1441 2750/1444/1442
f 2750/1444/1442 2760/1445/1443 2752/1446/1444
f 4648/1155/1156 4713/1447/1445 4649/1156/1157
f 2815/1448/1446 2783/1443/1441 4714/1442/1440
f 2783/1443/1441 2769/1449/1447 2750/1444/1442
f 2750/1444/1442 2769/1449/1447 2760/1445/1443
f 2815/1448/1446 4714/1442/1440 4723/1450/1448
f 4718/1451/1449 2815/1448/1446 4723/1450/1448
f 4646/1159/1160 4717/1262/1260 4648/1155/1156
f 2862/1150/1151 4717/1262/1260 4646/1159/1160
f 4646/1159/1160 4722/1137/1140 2862/1150/1151
f 2736/1452/1450 2727/1453/1451 2747/1454/1452
f 2749/1455/1453 2734/1440/1438 2736/1452/1450
f 2736/1452/1450 2734/1440/1438 2727/1453/1451
f 4658/1205/1204 2758/1456/1454 2755/1457/1455
f 2757/1458/1456 2749/1455/1453 2736/1452/1450
f 4658/1205/1204 2755/1457/1455 2748/1200/1199
f 4653/1210/1209 4656/1208/1207 4654/1207/1206
f 4653/1210/1209 4657/1459/1457 4656/1208/1207
f 2757/1458/1456 2736/1452/1450 2754/1460/1458
f 4715/1461/1459 2758/1456/1454 4658/1205/1204
f 4715/1461/1459 2750/1444/1442 2758/1456/1454
f 4652/1462/1460 2750/1444/1442 4715/1461/1459
f 4714/1442/1440 2750/1444/1442 4652/1462/1460
f 4638/1463/1461 2845/1435/1433 2847/1464/1462
f 2831/1432/1430 2830/1465/1463 2846/1466/1464
f 2837/1425/1423 2831/1432/1430 2846/1466/1464
f 4756/1467/1465 2847/1464/1462 4757/1468/1466
f 4757/1468/1466 2847/1464/1462 2849/1469/1467
f 4638/1463/1461 2847/1464/1462 4756/1467/1465
f 5017/1470/1468 4755/1471/1469 4729/1472/1470
f 4625/1433/1431 4638/1463/1461 4626/1250/1248
f 4625/1433/1431 2845/1435/1433 4638/1463/1461
f 4727/1473/1471 5036/1474/1472 4758/1475/1473
f 4728/1476/1474 4641/1147/1148 4639/1141/1142
f 4637/1477/1475 4639/1141/1142 4626/1250/1248
f 4727/1473/1471 4758/1475/1473 5232/1478/1476
f 4626/1250/1248 4638/1463/1461 4637/1477/1475
f 4639/1141/1142 4757/1479/1477 4728/1476/1474
f 4637/1477/1475 4757/1479/1477 4639/1141/1142
f 4729/1472/1470 4755/1471/1469 5037/1480/1472
f 4757/1468/1466 2849/1469/1467 4759/1481/1478
f 4641/1147/1148 2854/1151/1152 4726/1148/1149
f 4759/1481/1478 2854/1151/1152 4641/1147/1148
f 4759/1481/1478 2849/1469/1467 2854/1151/1152
f 2831/1432/1430 2829/1252/1250 2830/1465/1463
f 4973/1482/1479 4745/1483/1480 4585/1484/1481
f 4579/1485/1482 4578/1486/1483 3936/1487/1484
f 3936/1487/1484 5030/1488/1485 4582/1489/1486
f 4581/1359/1357 4974/1490/1487 4586/1491/1488
f 4048/1492/1489 4568/1493/1490 4573/1494/1491
f 4595/1495/1492 4567/1496/1493 4578/1486/1483
f 4579/1485/1482 3936/1487/1484 4582/1489/1486
f 5056/1497/1494 4754/1498/1495 2838/1499/1496
f 4764/1500/1497 4732/1501/1498 5191/1502/1499
f 5190/1503/1499 4753/1504/1500 4621/1505/1501
f 4753/1504/1500 5054/1506/1502 4621/1505/1501
f 4733/1507/1503 4754/1498/1495 4617/1508/1504
f 5056/1497/1494 2838/1499/1496 4730/1509/1505
f 4733/1507/1503 2852/1510/1506 4754/1498/1495
f 4754/1498/1495 2852/1510/1506 2838/1499/1496
f 4730/1509/1505 2838/1499/1496 2842/1511/1507
f 4730/1509/1505 4625/1433/1431 4763/1512/1508
f 4730/1509/1505 2836/1513/1509 4625/1433/1431
f 2836/1513/1509 4730/1509/1505 2842/1511/1507
f 2834/1437/1435 2832/1427/1425 2835/1431/1429
f 4610/1514/1510 4609/1368/1366 5216/1515/1511
f 4611/1516/1512 4957/1517/1513 5212/1518/1514
f 5216/1515/1511 4740/1519/1515 4610/1514/1510
f 4612/1520/1516 4617/1521/1517 4618/1522/1518
f 4618/1522/1518 4619/1523/1519 4623/1377/1376
f 4614/1524/1520 4615/1525/1521 4612/1520/1516
f 4612/1520/1516 4615/1525/1521 4617/1521/1517
f 4618/1522/1518 4617/1521/1517 4619/1523/1519
f 4617/1521/1517 4615/1525/1521 4765/1526/1522
f 5213/1381/1380 4609/1368/1366 4610/1514/1510
f 4611/1516/1512 4771/1527/1523 4624/1528/1524
f 4610/1514/1510 4739/1529/1525 4614/1524/1520
f 4614/1524/1520 4612/1520/1516 4610/1514/1510
f 4617/1521/1517 4622/1530/1526 4619/1523/1519
f 4622/1530/1526 5056/1497/1527 4619/1523/1519
f 5055/1531/1502 4731/1532/1528 4620/1533/1529
f 4620/1533/1529 4731/1532/1528 5120/1534/1530
f 5241/1375/1377 4958/1535/1531 4762/1536/1532
f 4626/1250/1248 4623/1377/1376 4625/1433/1431
f 4623/1377/1376 4762/1536/1532 4618/1522/1518
f 4623/1377/1376 4763/1512/1508 4625/1433/1431
f 5212/1518/1514 4957/1517/1513 5239/1537/1377
f 4611/1516/1512 4624/1528/1524 4957/1517/1513
f 4958/1535/1531 4618/1522/1518 4762/1536/1532
f 4619/1523/1519 4763/1512/1508 4623/1377/1376
f 4770/1538/1533 4735/1539/1534 4613/1540/1535
f 4735/1539/1534 4767/1541/1536 4613/1540/1535
f 4740/1519/1515 4739/1529/1525 4610/1514/1510
f 4614/1524/1520 4768/1542/1536 4615/1525/1521
f 4583/1360/1358 4586/1491/1488 4740/1519/1515
f 4583/1360/1358 4740/1519/1515 5216/1515/1511
f 5246/1543/1537 4585/1484/1481 4745/1483/1480
f 4569/1420/1417 4048/1492/1489 4573/1494/1491
f 4574/1397/1395 4573/1494/1491 4575/1351/1349
f 4917/1544/1538 4048/1492/1489 4569/1420/1417
f 4574/1397/1395 4569/1420/1417 4573/1494/1491
f 4583/1360/1358 4581/1359/1357 4586/1491/1488
f 5086/1545/1414 4031/1546/1539 4591/1547/1540
f 4917/1544/1538 4569/1420/1417 4592/1421/1419
f 4591/1547/1540 4031/1546/1539 4916/1548/1541
f 4305/1549/1542 4851/1550/1543 5254/1338/1336
f 4301/1551/1544 4305/1549/1542 4287/1233/1231
f 4305/1549/1542 5254/1338/1336 4287/1233/1231
f 5254/1338/1336 4938/1235/1233 4287/1233/1231
f 4956/1552/1545 4851/1550/1543 4305/1549/1542
f 4307/1553/1546 4304/1554/1547 4283/1555/1548
f 5243/1556/1549 5233/1557/1550 4955/1558/1551
f 5233/1557/1550 5221/1342/1340 4955/1558/1551
f 4955/1558/1551 5221/1342/1340 4844/1328/1326
f 3309/1559/1552 4297/1560/1553 5155/1561/1554
f 3309/1559/1552 5155/1561/1554 3292/1562/1555
f 3280/1563/1556 3285/1564/1557 3279/1565/1558
f 3309/1559/1552 4248/1566/1559 4282/1567/1560
f 3279/1565/1558 3285/1564/1557 3284/1568/1561
f 3285/1564/1557 3310/1569/1562 3284/1568/1561
f 3287/1570/1563 3305/1571/1564 3309/1559/1552
f 3309/1559/1552 3305/1571/1564 4248/1566/1559
f 3286/1572/1565 3287/1570/1563 3309/1559/1552
f 4249/1573/1566 4302/1574/1567 5169/1575/1568
f 4248/1566/1559 4303/1576/1569 4283/1555/1548
f 4242/1577/1570 4970/1578/1571 4303/1576/1569
f 4249/1573/1566 5220/1579/1572 4302/1574/1567
f 4255/1580/1573 5180/1581/1574 4318/1582/1575
f 4240/1583/1576 4241/1584/1577 4242/1577/1570
f 4250/1585/1578 4248/1566/1559 3307/1586/1579
f 3305/1571/1564 3314/1587/1580 4248/1566/1559
f 4246/1588/1581 4248/1566/1559 4250/1585/1578
f 4246/1588/1581 4245/1589/1582 4248/1566/1559
f 4246/1588/1581 4240/1583/1576 4245/1589/1582
f 4240/1583/1576 4242/1577/1570 4245/1589/1582
f 4995/1590/1583 3931/1591/1584 5108/1592/1585
f 4044/1593/1586 5109/1594/1587 5111/1595/1588
f 4044/1593/1586 4996/1596/1589 5109/1594/1587
f 5108/1592/1585 3931/1591/1584 3934/1597/1590
f 4043/1598/1591 4996/1596/1589 4044/1593/1586
f 4050/1599/1592 4996/1596/1589 4043/1598/1591
f 4049/1600/1593 5255/1601/1594 4995/1590/1583
f 4995/1590/1583 5255/1601/1594 3931/1591/1584
f 5222/1602/1595 4507/1603/1596 4788/1604/1597
f 3914/1605/1598 5175/1606/1599 3904/1607/1600
f 5034/1608/1601 3914/1605/1598 3904/1607/1600
f 3897/1609/1602 3899/1610/1603 3900/1611/1604
f 3899/1610/1603 3901/1612/1605 3900/1611/1604
f 3902/1613/1606 3929/1614/1607 3916/1615/1608
f 5030/1488/1485 3902/1613/1606 3916/1615/1608
f 3917/1616/1609 3901/1612/1605 3915/1617/1610
f 3917/1616/1609 3915/1617/1610 5035/1618/1601
f 5110/1619/1611 5108/1592/1585 3934/1597/1590
f 3935/1620/1612 3907/1621/1613 3900/1611/1604
f 3935/1620/1612 3900/1611/1604 3932/1622/1614
f 3900/1611/1604 3907/1621/1613 3897/1609/1602
f 4006/1623/1615 4004/1624/1616 4003/1625/1617
f 4003/1625/1617 4001/1317/1316 4007/1327/1325
f 4004/1624/1616 4001/1317/1316 4003/1625/1617
f 4087/1626/1618 4003/1625/1617 4007/1327/1325
f 4108/1627/1619 4107/1628/1620 4090/1629/1621
f 4103/1630/1622 4826/1631/1623 4106/1632/1624
f 4309/1633/1625 4314/1634/1626 2742/1635/1627
f 2821/1636/1628 2818/1637/1629 2817/1638/1630
f 4311/1639/1631 2819/1640/1632 2822/1641/1633
f 2818/1637/1629 2762/1642/1634 2817/1638/1630
f 2819/1640/1632 4311/1639/1631 4309/1633/1625
f 3283/1643/1635 3297/1644/1636 2816/1645/1637
f 2820/1646/1638 2816/1645/1637 3297/1644/1636
f 3905/1647/1639 3891/1648/1640 3892/1649/1641
f 2737/1650/1642 2715/1651/1643 2724/1652/1644
f 2739/1653/1645 2737/1650/1642 2724/1652/1644
f 3912/1654/1646 3905/1647/1639 3892/1649/1641
f 5127/1655/1647 3912/1654/1646 3892/1649/1641
f 4743/1656/1648 3906/1657/1649 4741/1658/1650
f 3891/1648/1640 3888/1659/1651 3892/1649/1641
f 3888/1659/1651 3891/1648/1640 3884/1660/1652
f 4733/1507/1503 2866/1661/1653 2856/1662/1654
f 2866/1661/1653 2859/1663/1655 2856/1662/1654
f 2855/1664/1656 2851/1665/1657 2848/1666/1658
f 4764/1500/1497 5181/1667/1659 4732/1501/1498
f 2856/1662/1654 2852/1510/1506 4733/1507/1503
f 2851/1665/1657 2833/1438/1436 2848/1666/1658
f 2851/1665/1657 1353/1668/1660 2833/1438/1436
f 1355/1669/1661 1350/1670/1662 2833/1438/1436
f 5182/1671/1663 2866/1661/1653 4733/1507/1503
f 4765/1526/1664 2866/1661/1653 5182/1671/1663
f 3888/1659/1651 3884/1660/1652 901/1672/1665
f 4734/1673/1666 5074/1674/1667 2866/1661/1653
f 3890/1675/1668 2882/1676/1669 5075/1677/1670
f 901/1672/1665 3887/1678/1671 3888/1659/1651
f 3920/1679/1672 5144/1680/1673 5148/1681/1674
f 4734/1673/1666 4752/1682/1675 5074/1674/1667
f 3887/1678/1671 3889/1683/1676 5074/1684/1677
f 3887/1678/1671 901/1672/1665 3889/1683/1676
f 901/1672/1665 909/1685/1678 3889/1683/1676
f 3890/1675/1668 2885/1686/1679 2882/1676/1669
f 5074/1674/1667 2867/1687/1680 2866/1661/1653
f 2863/1688/1681 2851/1665/1657 2865/1689/1682
f 1357/1690/1683 1353/1668/1660 2863/1688/1681
f 1353/1668/1660 2851/1665/1657 2863/1688/1681
f 4769/1691/1536 4750/1692/1684 4616/1693/1685
f 4734/1673/1666 2866/1661/1653 4749/1694/1686
f 4749/1694/1686 2866/1661/1653 4765/1526/1664
f 4734/1673/1666 4749/1694/1686 4768/1542/1687
f 4750/1692/1684 4766/1695/1497 4616/1693/1685
f 4744/1696/1688 4742/1697/1689 4740/1519/1515
f 4740/1519/1515 4742/1697/1689 4736/1698/1690
f 4740/1519/1515 4736/1698/1690 4739/1529/1525
f 3892/1649/1641 3888/1659/1651 4736/1699/1691
f 4739/1529/1525 4736/1698/1690 4734/1673/1666
f 5079/1700/1692 3894/1701/1693 4737/1702/1694
f 4737/1702/1694 3894/1701/1693 5149/1703/1674
f 4738/1704/1695 5150/1705/1674 4752/1682/1675
f 5150/1705/1696 3888/1659/1651 3887/1678/1671
f 5148/1681/1674 5144/1680/1673 4751/1706/1697
f 3906/1657/1649 5078/1707/1692 4741/1658/1650
f 4738/1704/1695 4734/1673/1666 4736/1698/1690
f 4738/1704/1695 4752/1682/1675 4734/1673/1666
f 4264/1708/1698 4270/1709/1699 4266/1710/1700
f 4513/1711/1701 4110/1712/1702 4265/1713/1703
f 4506/1714/1704 4126/1715/1705 4123/1716/1706
f 4506/1714/1704 4123/1716/1706 4875/1717/1707
f 4876/1718/1708 4505/1719/1709 4281/1720/1710
f 4505/1719/1709 5262/1721/1711 4281/1720/1710
f 4267/1722/1712 4875/1717/1713 4266/1710/1700
f 4267/1722/1712 4266/1710/1700 4270/1709/1699
f 4266/1710/1700 4121/1723/1714 4120/1724/1715
f 4266/1710/1700 4120/1724/1715 4264/1708/1698
f 4309/1633/1625 2740/1725/1716 2819/1640/1632
f 2819/1640/1632 2740/1725/1716 2725/1726/1717
f 4309/1633/1625 2742/1635/1627 2740/1725/1716
f 2819/1640/1632 2725/1726/1717 2763/1727/1718
f 2762/1642/1634 2724/1652/1644 2723/1728/1719
f 2817/1638/1630 2762/1642/1634 2723/1728/1719
f 4295/1729/1720 5103/1730/1721 3301/1731/1722
f 4295/1729/1720 4293/1732/1723 5103/1730/1721
f 3303/1733/1724 3301/1731/1722 5103/1730/1721
f 3298/1734/1725 4445/1735/1726 5133/1736/1727
f 4311/1639/1631 2822/1641/1633 3299/1737/1728
f 4291/1238/1236 4298/1738/1729 4293/1732/1723
f 4311/1639/1631 4293/1732/1723 4309/1633/1625
f 4293/1732/1723 4298/1738/1729 4309/1633/1625
f 4950/1213/1212 4310/1212/1211 4308/1739/1730
f 5146/1740/1731 4445/1735/1726 3298/1734/1725
f 4299/1741/1732 4308/1739/1730 4310/1212/1211
f 3301/1731/1722 5106/1742/1733 4295/1729/1720
f 3300/1743/1734 3302/1744/1735 3283/1643/1635
f 5106/1742/1733 3301/1731/1722 3295/1745/1736
f 3283/1643/1635 3302/1744/1735 3297/1644/1636
f 4285/1746/1737 4300/1747/1738 4289/1748/1739
f 4294/1749/1740 4285/1746/1737 4289/1748/1739
f 4295/1729/1720 4290/1750/1741 4293/1732/1723
f 4293/1732/1723 4290/1750/1741 4291/1238/1236
f 4284/1751/1742 4288/1236/1234 4290/1750/1741
f 4288/1236/1234 4291/1238/1236 4290/1750/1741
f 5226/1752/1743 5237/1346/1344 4516/1753/1744
f 5226/1752/1743 4572/1340/1338 5237/1346/1344
f 5128/1754/1745 4516/1753/1744 5237/1346/1344
f 5238/1755/1746 5257/1756/1747 5234/1757/1748
f 4270/1709/1699 4264/1708/1698 4261/1758/1749
f 3294/1759/1750 3300/1743/1734 3283/1643/1635
f 5105/1760/1751 4295/1729/1720 5106/1742/1733
f 4284/1751/1742 4283/1555/1548 4286/1761/1752
f 4284/1751/1742 4286/1761/1752 4288/1236/1234
f 5155/1561/1554 3295/1745/1736 3292/1562/1555
f 5154/1762/1753 4296/1763/1754 5107/1764/1755
f 3284/1568/1561 3294/1759/1750 3283/1643/1635
f 5107/1764/1755 4296/1763/1754 5104/1765/1756
f 5105/1760/1751 5140/1766/1757 4295/1729/1720
f 5155/1561/1554 5106/1742/1733 3295/1745/1736
f 4970/1578/1571 4307/1553/1546 4303/1576/1569
f 3309/1559/1552 5140/1766/1758 4297/1560/1553
f 3309/1559/1552 4282/1567/1560 5140/1766/1758
f 4248/1566/1559 4283/1555/1548 4282/1567/1560
f 4296/1763/1754 5138/1767/1759 5104/1765/1756
f 5139/1768/1760 4285/1746/1737 4294/1749/1740
f 4307/1553/1546 4283/1555/1548 4303/1576/1569
f 4282/1567/1560 4283/1555/1548 4284/1751/1742
f 4242/1577/1570 4254/1769/1761 4970/1578/1571
f 4969/1770/1762 4557/1771/1763 4306/1772/1764
f 4254/1769/1761 5243/1556/1549 4955/1558/1551
f 4557/1771/1763 4954/1773/1545 4306/1772/1764
f 4254/1769/1761 4261/1758/1749 5128/1754/1745
f 4261/1758/1749 4516/1753/1744 5128/1754/1745
f 4254/1769/1761 5128/1754/1745 5243/1556/1549
f 5129/1774/1765 5238/1755/1746 5234/1757/1748
f 5129/1774/1765 5234/1757/1748 5244/1775/1766
f 4307/1553/1546 4955/1776/1767 4304/1554/1547
f 4253/1777/1768 4254/1769/1761 4242/1577/1570
f 4253/1777/1768 4270/1709/1699 4254/1769/1761
f 4254/1769/1761 4270/1709/1699 4261/1758/1749
f 4241/1584/1577 4253/1777/1768 4242/1577/1570
f 5068/1778/1769 5000/1779/1770 4997/1780/1771
f 5112/1781/1772 5068/1778/1769 4997/1780/1771
f 5068/1778/1769 5066/1782/1773 5000/1779/1770
f 4033/1783/1774 4038/1784/1775 4032/1785/1776
f 4748/1786/1777 5127/1655/1778 4744/1696/1688
f 4743/1656/1648 5126/1787/1778 3906/1657/1649
f 4974/1490/1479 4748/1786/1777 4746/1788/1779
f 4578/1486/1483 3934/1597/1590 3933/1789/1780
f 3932/1622/1614 3900/1611/1604 3937/1790/1781
f 3937/1790/1781 3900/1611/1604 5031/1791/1782
f 4582/1489/1486 5030/1488/1485 4747/1792/1783
f 4747/1792/1783 5030/1488/1485 3916/1615/1608
f 4747/1792/1783 3916/1615/1608 3911/1793/1784
f 5110/1619/1611 3934/1597/1590 4567/1496/1493
f 4567/1496/1493 3934/1597/1590 4578/1486/1483
f 3933/1789/1780 3936/1487/1484 4578/1486/1483
f 4744/1696/1688 4746/1788/1779 4748/1786/1777
f 4744/1696/1688 4740/1519/1515 4746/1788/1779
f 1350/1670/1662 2832/1427/1425 2833/1438/1436
f 2747/1454/1452 2729/1794/1785 2743/1795/1786
f 4310/1212/1211 4832/1214/1213 4315/1796/1787
f 4832/1214/1213 5048/1198/1197 4830/1797/1788
f 5047/1798/1789 2744/1799/1790 4829/1800/1791
f 5048/1198/1197 2761/1197/1196 2745/1801/1792
f 4829/1800/1791 2744/1799/1790 2735/1802/1793
f 4831/1803/1794 4829/1800/1791 4314/1634/1626
f 4314/1634/1626 4829/1800/1791 2742/1635/1627
f 2747/1454/1452 2727/1453/1451 2729/1794/1785
f 2740/1725/1716 2742/1635/1627 2738/1804/1795
f 2741/1805/1796 2715/1651/1643 2737/1650/1642
f 2742/1635/1627 4829/1800/1791 2735/1802/1793
f 2741/1805/1796 2729/1794/1785 2715/1651/1643
f 2729/1794/1785 2727/1453/1451 2715/1651/1643
f 3905/1647/1639 3912/1654/1646 5035/1618/1601
f 4026/1806/1797 4030/1807/1798 4029/1410/1407
f 4071/1808/1799 4047/1809/1800 5110/1619/1611
f 4071/1808/1799 5110/1619/1611 4567/1496/1493
f 4033/1783/1774 4032/1785/1776 4030/1807/1798
f 4039/1810/1801 4043/1598/1591 4032/1785/1776
f 4032/1785/1776 4043/1598/1591 4046/1811/1802
f 2727/1453/1451 2734/1440/1438 2731/1812/1803
f 2731/1812/1803 2730/1813/1804 2727/1453/1451
f 2730/1813/1804 2731/1812/1803 2732/1814/1805
f 2731/1812/1803 2734/1440/1438 2746/1259/1257
f 4001/1317/1316 3998/1815/1806 4014/1289/1287
f 3998/1815/1806 3999/1816/1807 5247/1817/1808
f 4014/1289/1287 3998/1815/1806 5247/1817/1808
f 5248/1818/1809 4999/1292/1290 4015/1291/1289
f 5247/1817/1810 4998/1819/1811 4017/1287/1285
f 4998/1819/1811 4022/1288/1286 4017/1287/1285
f 5000/1779/1770 5066/1782/1773 4027/1820/1812
f 5066/1782/1773 5070/1821/1813 4027/1820/1812
f 5000/1779/1770 4027/1820/1812 4025/1822/1814
f 4027/1820/1812 5147/1823/1815 4025/1822/1814
f 4026/1806/1797 4029/1410/1407 4023/1406/1403
f 4028/1824/1816 4026/1806/1797 4023/1406/1403
f 4046/1811/1802 4044/1593/1586 4048/1492/1489
f 4046/1811/1802 4048/1492/1489 4917/1544/1538
f 4073/1825/1817 4045/1826/1818 4036/1827/1819
f 4036/1827/1819 4045/1826/1818 4915/1828/1541
f 4030/1807/1798 4032/1785/1776 4029/1410/1407
f 4029/1410/1407 4032/1785/1776 4037/1829/1820
f 4029/1410/1407 4037/1829/1820 4917/1544/1821
f 4046/1811/1802 4043/1598/1591 4044/1593/1586
f 4126/1715/1705 4195/1830/1822 4182/1831/1823
f 4182/1831/1823 4509/1832/1824 4126/1715/1705
f 4196/1833/1825 5222/1602/1595 4788/1604/1597
f 4121/1723/1714 4111/1834/1826 4120/1724/1715
f 4110/1712/1702 4940/1835/1827 4265/1713/1703
f 4111/1834/1826 4119/1836/1828 4942/1837/1829
f 4265/1713/1703 4940/1835/1827 4279/1838/1830
f 4111/1834/1826 4105/1839/1831 4119/1836/1828
f 4118/1840/1832 4116/1841/1833 4941/1842/1834
f 4116/1841/1833 4118/1840/1832 4823/1843/1835
f 4105/1839/1831 4106/1632/1624 4117/1844/1836
f 4117/1844/1836 4115/1845/1837 4942/1837/1834
f 4940/1835/1827 4114/1846/1838 4279/1838/1830
f 4117/1844/1836 4106/1632/1624 4115/1845/1837
f 4091/1847/1839 4089/1848/1840 4087/1626/1618
f 4089/1848/1840 4003/1625/1617 4087/1626/1618
f 4103/1630/1622 4089/1848/1840 4826/1631/1623
f 4571/1343/1341 4570/1849/1841 4011/1344/1342
f 4108/1627/1619 4090/1629/1621 5225/1850/1842
f 4091/1847/1839 4087/1626/1618 4572/1340/1338
f 4090/1629/1621 4107/1628/1620 4825/1851/1843
f 4091/1847/1839 4572/1340/1338 5226/1752/1743
f 4826/1631/1623 4089/1848/1840 4091/1847/1839
f 4565/1852/1844 4088/1853/1845 4517/1854/1846
f 4114/1846/1838 4278/1855/1847 4279/1838/1830
f 4278/1855/1847 4114/1846/1838 4515/1856/1848
f 4115/1845/1837 4109/1857/1849 4516/1753/1744
f 4109/1857/1849 5226/1752/1743 4516/1753/1744
f 4264/1708/1698 4280/1858/1850 4261/1758/1749
f 4115/1845/1837 4106/1632/1624 4109/1857/1849
f 1321/1859/1851 1324/1860/1852 2875/1861/1853
f 2888/1862/1854 3059/1863/1855 3088/1864/1856
f 1326/1865/1857 1323/1866/1858 2881/1867/1859
f 1326/1865/1857 2881/1867/1859 1328/1868/1860
f 1330/1869/1861 1328/1868/1860 1338/1870/1862
f 1338/1870/1862 1328/1868/1860 2870/1871/1863
f 2880/1872/1864 1321/1859/1851 2875/1861/1853
f 1328/1868/1860 2881/1867/1859 2870/1871/1863
f 1344/1873/1865 1350/1670/1662 1355/1669/1661
f 2850/1874/1866 2879/1875/1867 2872/1876/1868
f 2873/1877/1869 3075/1878/1870 2878/1879/1871
f 2832/1427/1425 1350/1670/1662 2850/1874/1866
f 3075/1878/1870 2883/1880/1872 2878/1879/1871
f 2874/1881/1873 2879/1875/1867 2850/1874/1866
f 2860/1882/1874 2874/1881/1873 2850/1874/1866
f 1342/1883/1875 2850/1874/1866 1350/1670/1662
f 2872/1876/1868 2887/1884/1876 2850/1874/1866
f 2883/1880/1872 2888/1862/1854 2886/1885/1877
f 2877/1886/1878 2886/1885/1877 2888/1862/1854
f 2887/1884/1876 2853/1887/1879 2850/1874/1866
f 2876/1888/1880 2871/1889/1881 2853/1887/1879
f 2832/1427/1425 2850/1874/1866 2831/1432/1430
f 2850/1874/1866 2853/1887/1879 2831/1432/1430
f 2864/1890/1882 2875/1861/1853 2873/1877/1869
f 1338/1870/1862 2870/1871/1863 2860/1882/1874
f 2875/1861/1853 1324/1860/1852 2873/1877/1869
f 1338/1870/1862 2860/1882/1874 1342/1883/1875
f 1335/1891/1883 1338/1870/1862 1342/1883/1875
f 1324/1860/1852 3075/1878/1870 2873/1877/1869
f 1342/1883/1875 2860/1882/1874 2850/1874/1866
f 2831/1432/1430 2853/1887/1879 2828/1253/1251
f 2871/1889/1881 2828/1253/1251 2853/1887/1879
f 2828/1253/1251 2871/1889/1881 2770/1892/1884
f 2888/1862/1854 3088/1864/1856 2889/1893/1885
f 2871/1889/1881 2876/1888/1880 2890/1894/1886
f 2730/1813/1804 2726/1895/1887 2708/1896/1888
f 2730/1813/1804 2732/1814/1805 2726/1895/1887
f 3088/1864/1856 3033/1897/1889 3076/1898/1890
f 2731/1812/1803 2766/1899/1891 2732/1814/1805
f 2770/1892/1884 2731/1812/1803 2746/1259/1257
f 2746/1259/1257 2828/1253/1251 2770/1892/1884
f 3064/1900/1892 2774/1901/1893 2792/1902/1894
f 2732/1814/1805 2756/1903/1895 2753/1904/1896
f 2894/1905/1897 2891/1906/1898 2770/1892/1884
f 2892/1907/1899 2895/1908/1900 2893/1909/1901
f 3088/1864/1856 3076/1898/1890 2893/1909/1901
f 3088/1864/1856 2893/1909/1901 2895/1908/1900
f 2891/1906/1898 2766/1899/1891 2770/1892/1884
f 3076/1898/1890 3064/1900/1892 2775/1910/1902
f 3064/1900/1892 2792/1902/1894 2793/1911/1903
f 2775/1910/1902 3064/1900/1892 2793/1911/1903
f 2766/1899/1891 2777/1912/1904 2756/1903/1895
f 2732/1814/1805 2766/1899/1891 2756/1903/1895
f 3076/1898/1890 3033/1897/1889 3064/1900/1892
f 2731/1812/1803 2770/1892/1884 2766/1899/1891
f 4170/1913/1905 4138/1914/1906 4135/1915/1907
f 4138/1914/1906 4139/1916/1908 4136/1917/1909
f 4169/1918/1910 4134/1919/1911 4165/1920/1912
f 4171/1921/1913 4833/1922/1914 4137/1923/1915
f 4134/1919/1911 4169/1918/1910 4172/1924/1916
f 4171/1921/1913 4137/1923/1915 4226/1925/1917
f 4138/1914/1906 4136/1917/1909 4135/1915/1907
f 4136/1917/1909 4128/1926/1918 4135/1915/1907
f 4165/1920/1912 4134/1919/1911 4164/1927/1919
f 4136/1917/1909 4147/1928/1920 4128/1926/1918
f 4156/1929/1921 4145/1930/1922 4148/1931/1923
f 4135/1915/1907 4128/1926/1918 4227/1932/1924
f 4171/1921/1913 4226/1925/1917 5041/1933/1925
f 4227/1932/1924 4128/1926/1918 4134/1919/1911
f 4134/1919/1911 4128/1926/1918 4133/1934/1926
f 4165/1920/1912 4164/1927/1919 4166/1935/1927
f 2094/1936/1928 2085/1937/1929 2088/1938/1930
f 3998/1815/1806 2096/1939/1931 3999/1816/1807
f 3973/1940/1932 3986/1941/1933 3978/1942/1934
f 3948/1943/1935 3979/1944/1936 3972/1945/1937
f 4530/1946/1938 4077/1947/1939 4080/1948/1940
f 4888/1949/1941 4380/1950/1942 4886/1951/1943
f 4376/1952/1944 4081/1953/1945 4885/1954/1943
f 4373/1955/1946 4529/1956/1947 4532/1957/1948
f 4370/1958/1949 4379/1959/1950 4887/1960/1951
f 4375/1961/1952 4884/1962/1943 4379/1959/1950
f 4370/1958/1949 4371/1963/1953 4379/1959/1950
f 4371/1963/1953 4375/1961/1952 4379/1959/1950
f 4371/1963/1953 4372/1964/1954 4375/1961/1952
f 4376/1952/1944 4531/1965/1948 4081/1953/1945
f 4372/1964/1954 4530/1946/1948 4375/1961/1952
f 4529/1956/1947 4079/1966/1955 4532/1957/1948
f 4527/1967/1956 4372/1964/1954 4377/1968/1957
f 4077/1947/1939 4527/1967/1958 3976/1969/1959
f 4528/1970/1960 4378/1971/1961 5158/1972/1962
f 3976/1969/1959 5157/1973/1963 3971/1974/1964
f 4560/1975/1965 3971/1974/1964 5157/1973/1963
f 4528/1970/1960 5158/1972/1962 4078/1976/1966
f 3975/1977/1967 3983/1978/1968 3980/1979/1969
f 3980/1979/1969 3983/1978/1968 2095/1980/1970
f 3978/1942/1934 3986/1941/1933 3982/1981/1971
f 2095/1980/1970 3983/1978/1968 2099/1982/1972
f 3987/1983/1973 3984/1984/1974 3983/1978/1968
f 3978/1942/1934 3982/1981/1971 4063/1985/1975
f 3984/1984/1974 2099/1982/1972 3983/1978/1968
f 3944/1986/1976 3977/1987/1977 3975/1977/1967
f 4070/1988/1978 3984/1984/1974 3987/1983/1973
f 2099/1982/1972 3984/1984/1974 3988/1989/1979
f 3971/1974/1964 3975/1977/1967 3976/1969/1959
f 3944/1986/1976 3975/1977/1967 3971/1974/1964
f 5153/1990/1980 4061/1991/1981 5024/1992/1982
f 4080/1948/1940 4086/1993/1983 4082/1994/1984
f 4080/1948/1940 4534/1995/1985 4086/1993/1983
f 3976/1969/1959 4534/1995/1985 4080/1948/1940
f 4012/1996/1986 5118/1997/1987 5021/1998/1988
f 4005/1999/1989 4000/2000/1990 4059/2001/1991
f 4061/1991/1981 4000/2000/1990 4005/1999/1989
f 4006/1623/1615 5098/2002/1992 4004/1624/1616
f 5021/1998/1988 5097/2003/1993 4012/1996/1986
f 5022/2004/1994 5023/2005/1995 5098/2002/1996
f 4061/1991/1981 4005/1999/1989 5024/1992/1982
f 4003/1625/1617 4086/1993/1983 4006/1623/1615
f 4827/2006/1997 5023/2005/1995 5022/2004/1994
f 4564/2007/1998 3997/2008/1999 4535/2009/2000
f 4535/2009/2000 3997/2008/1999 4554/2010/2001
f 4534/1995/1985 4827/2006/1997 4086/1993/1983
f 4086/1993/1983 4827/2006/1997 5022/2004/1994
f 4535/2009/2000 4554/2010/2001 4828/2011/2002
f 5178/2012/2003 4563/2013/2004 4534/1995/1985
f 4563/2013/1998 3995/2014/2005 3996/2015/2006
f 3995/2014/2005 3991/2016/2007 3996/2015/2006
f 3993/2017/2008 3981/2018/2009 3991/2016/2007
f 3998/1815/1806 4060/2019/2010 5023/2020/2011
f 3991/2016/2007 2096/1939/1931 5023/2020/2011
f 3995/2014/2005 3993/2017/2008 3991/2016/2007
f 2096/1939/1931 3991/2016/2007 3981/2018/2009
f 2096/1939/1931 3998/1815/1806 5023/2020/2011
f 3994/2021/2012 3989/2022/2013 3992/2023/2014
f 4064/2024/2015 3975/1977/1967 3980/1979/1969
f 4080/1948/1940 4077/1947/1939 3976/1969/1959
f 3976/1969/1959 4064/2024/2015 4067/2025/2016
f 3976/1969/1959 3975/1977/1967 4064/2024/2015
f 4534/1995/1985 3976/1969/1959 5178/2012/2003
f 3976/1969/1959 4067/2025/2016 5178/2012/2003
f 5177/2026/2017 4066/2027/2018 4562/2028/1998
f 4066/2027/2018 3994/2021/2012 4562/2028/1998
f 4065/2029/2019 3994/2021/2012 4066/2027/2018
f 3989/2022/2013 3994/2021/2012 4065/2029/2019
f 4065/2029/2019 4068/2030/2020 3989/2022/2013
f 3980/1979/1969 2095/1980/1970 3990/2031/2021
f 3989/2022/2013 4062/2032/2022 3992/2023/2014
f 2097/2033/2023 2096/1939/1931 3981/2018/2009
f 2095/1980/1970 3981/2018/2009 3990/2031/2021
f 3981/2018/2009 2095/1980/1970 2097/2033/2023
f 4084/2034/2024 4080/1948/1940 4082/1994/1984
f 4099/2035/2025 4522/2036/2026 4096/2037/2027
f 4098/2038/2028 4092/2039/2029 4093/2040/2030
f 4098/2038/2028 4102/2041/2031 4092/2039/2029
f 4092/2039/2029 4083/2042/2032 4003/1625/1617
f 4101/2043/2033 4083/2042/2032 4092/2039/2029
f 4524/2044/2034 4085/2045/2035 5171/2046/2036
f 4408/2047/2037 5251/2048/2038 4097/2049/2039
f 4102/2041/2031 5251/2048/2038 4408/2047/2037
f 5252/2050/2040 4096/2037/2027 5258/2051/2041
f 5252/2050/2040 4099/2035/2025 4096/2037/2027
f 4102/2041/2031 4098/2038/2028 5251/2048/2038
f 4408/2047/2037 4097/2049/2039 4519/2052/2042
f 4413/2053/2043 4420/2054/2044 4409/2055/2045
f 4409/2055/2045 4420/2054/2044 4794/2056/2046
f 4794/2056/2047 4101/2043/2033 4092/2039/2029
f 4796/2057/2048 4423/2058/2049 4526/2059/2050
f 4525/2060/2051 4808/2061/2052 4101/2043/2033
f 4808/2061/2053 4084/2034/2024 4082/1994/1984
f 4410/2062/2054 4100/2063/2055 5259/2064/2056
f 4410/2062/2054 4795/2065/2048 4100/2063/2055
f 4101/2043/2033 4794/2056/2047 4525/2060/2051
f 5250/2066/2057 4550/2067/2058 4526/2059/2050
f 4807/2068/2059 4085/2045/2035 4524/2044/2034
f 4809/2069/2059 4526/2059/2050 4550/2067/2058
f 4415/2070/2060 4409/2055/2045 4408/2047/2037
f 4408/2047/2037 4409/2055/2045 4102/2041/2031
f 4413/2053/2043 4409/2055/2045 4415/2070/2060
f 4094/2071/2061 4003/1625/1617 4095/2072/2062
f 4093/2040/2030 4003/1625/1617 4094/2071/2061
f 4093/2040/2030 4092/2039/2029 4003/1625/1617
f 4083/2042/2032 4082/1994/1984 4003/1625/1617
f 4082/1994/1984 4086/1993/1983 4003/1625/1617
f 5250/2066/2057 4888/1949/1941 4886/1951/1943
f 4884/1962/2063 4084/2034/2024 5249/2073/2064
f 4884/1962/2063 4080/1948/1940 4084/2034/2024
f 4423/2058/2049 5250/2066/2057 4526/2059/2050
f 4393/2074/2065 4888/1949/1941 4423/2058/2049
f 4423/2058/2049 4888/1949/1941 5250/2066/2057
f 4104/2075/2066 4097/2049/2039 4103/1630/1622
f 4103/1630/1622 4097/2049/2039 4095/2072/2062
f 4094/2071/2061 4095/2072/2062 4097/2049/2039
f 4390/2076/2067 4414/2077/2068 4416/2078/2069
f 5202/2079/2070 4390/2076/2067 4416/2078/2069
f 4390/2076/2067 4422/2080/2071 4414/2077/2068
f 4421/2081/2072 4420/2054/2044 4413/2053/2043
f 4422/2080/2071 4393/2074/2065 4423/2058/2049
f 4422/2080/2071 4390/2076/2067 4393/2074/2065
f 4123/1716/1706 4122/2082/2073 4121/1723/1714
f 4104/2075/2066 4103/1630/1622 4105/1839/1831
f 4089/1848/1840 4095/2072/2062 4003/1625/1617
f 4103/1630/1622 4106/1632/1624 4105/1839/1831
f 4238/2083/2074 4317/2084/2075 4239/2085/2076
f 4923/2086/2077 5084/2087/2078 4460/2088/2079
f 4468/2089/2080 4463/2090/2081 4462/2091/2082
f 4463/2090/2081 3527/2092/2083 4462/2091/2082
f 4462/2091/2082 4461/2093/2084 4470/2094/2085
f 4470/2094/2085 4461/2093/2084 5218/2095/2086
f 4466/2096/2087 4465/2097/2088 4907/2098/2089
f 3527/2092/2083 4452/2099/2090 4461/2093/2084
f 4462/2091/2082 3527/2092/2083 4461/2093/2084
f 4452/2099/2090 4451/2100/2091 4223/2101/2092
f 4452/2099/2090 4223/2101/2092 4454/2102/2093
f 4243/2103/2094 5134/2104/2095 4453/2105/2096
f 4452/2099/2090 4454/2102/2093 4461/2093/2084
f 4454/2102/2093 4223/2101/2092 4244/2106/2097
f 4244/2106/2097 4238/2083/2074 4239/2085/2076
f 4239/2085/2076 4317/2084/2075 4241/1584/1577
f 4239/2085/2076 4241/1584/1577 4240/1583/1576
f 3328/2107/2098 3280/1563/1556 3279/1565/1558
f 3281/2108/2099 3289/2109/2100 3313/2110/2101
f 4252/2111/2102 4247/2112/2103 4449/2113/2104
f 4250/1585/1578 4251/2114/2105 4246/1588/1581
f 3307/1586/1579 4248/1566/1559 3314/1587/1580
f 3281/2108/2099 3304/2115/2106 3280/1563/1556
f 3288/2116/2107 3314/1587/1580 3305/1571/1564
f 4260/2117/2108 4247/2112/2103 4252/2111/2102
f 3281/2108/2099 3280/1563/1556 3328/2107/2098
f 4925/2118/2109 5218/2095/2110 4239/2085/2076
f 4471/2119/2111 4927/2120/2112 4263/2121/2113
f 4262/2122/2114 4925/2118/2115 4257/2123/2116
f 4474/2124/2117 5061/2125/2118 4319/2126/2119
f 4475/2127/2120 4250/1585/1578 3307/1586/1579
f 4258/2128/2121 4256/2129/2122 5132/2130/2123
f 3291/2131/2124 3308/2132/2125 5245/2133/2126
f 4259/2134/2127 4257/2123/2116 5130/2135/2123
f 3290/2136/2128 3307/1586/1579 3314/1587/1580
f 5131/2137/2123 4247/2112/2103 4260/2117/2108
f 4262/2122/2114 4251/2114/2105 4250/1585/1578
f 4262/2122/2114 4257/2123/2116 4251/2114/2105
f 4258/2128/2121 4926/2138/2129 4256/2129/2122
f 4251/2114/2105 4257/2123/2116 4259/2134/2127
f 4239/2085/2076 4240/1583/1576 5130/2135/2130
f 3316/2139/2131 4469/2140/2132 4473/2141/2133
f 4468/2142/2134 3312/2143/2135 3315/2144/2136
f 4469/2140/2132 4464/2145/2137 4473/2141/2133
f 4462/2091/2082 4470/2094/2085 4472/2146/2138
f 3325/2147/2139 3311/2148/2140 3282/2149/2141
f 4472/2146/2138 4470/2094/2085 4262/2150/2142
f 3312/2151/2143 4472/2146/2138 3296/2152/2144
f 4472/2146/2138 4262/2150/2142 4475/2127/2120
f 3296/2152/2144 4472/2146/2138 3307/1586/1579
f 4472/2146/2138 4475/2127/2120 3307/1586/1579
f 3282/2149/2141 3289/2109/2100 3281/2108/2099
f 5219/2153/2145 4927/2120/2112 4471/2119/2111
f 3282/2149/2141 3281/2108/2099 3328/2107/2098
f 3282/2149/2141 3306/2154/2146 3289/2109/2100
f 5217/2155/2147 5134/2104/2095 4243/2103/2094
f 4244/2106/2097 4239/2085/2076 5218/2095/2110
f 4181/2156/2148 4190/2157/2149 4173/2158/2150
f 5116/2159/2151 4204/2160/2152 4212/2161/2153
f 4268/2162/2154 4788/1604/1597 4507/1603/1596
f 4210/2163/2155 4788/1604/1597 4268/2162/2154
f 4207/2164/2156 4205/2165/2157 4787/2166/2158
f 4206/2167/2159 4196/1833/1825 4788/1604/1597
f 4267/1722/1712 4270/1709/1699 4271/2168/2160
f 4889/2169/2161 4210/2163/2155 4272/2170/2162
f 4210/2163/2155 4269/2171/2163 4272/2170/2162
f 4210/2163/2155 4268/2162/2154 4269/2171/2163
f 4204/2160/2152 4274/2172/2164 4212/2161/2153
f 4223/2101/2092 4212/2161/2153 4274/2172/2164
f 4274/2172/2164 4204/2160/2152 4207/2164/2156
f 4204/2160/2152 4180/2173/2165 4205/2165/2157
f 4180/2173/2165 4182/1831/1823 4195/1830/1822
f 4196/1833/1825 4206/2167/2159 4222/2174/2166
f 4176/2175/2167 4182/1831/1823 4180/2173/2165
f 4182/1831/1823 4176/2175/2167 4185/2176/2168
f 4175/2177/2169 4191/2178/2170 4176/2175/2167
f 4175/2177/2169 4176/2175/2167 4180/2173/2165
f 4215/2179/2171 4175/2177/2169 4180/2173/2165
f 4215/2179/2171 4180/2173/2165 4208/2180/2172
f 4208/2180/2172 4180/2173/2165 4204/2160/2152
f 4498/2181/2173 4209/2182/2174 4533/2183/2175
f 4533/2183/2175 4891/2184/2176 5117/2185/2177
f 4533/2183/2175 4209/2182/2174 4891/2184/2176
f 4204/2160/2152 4205/2165/2157 4207/2164/2156
f 4455/2186/2178 4456/2187/2179 4451/2100/2091
f 4455/2186/2178 4451/2100/2091 4452/2099/2090
f 4274/2188/2180 4275/2189/2181 4317/2084/2182
f 4274/2188/2180 4270/1709/1699 4275/2189/2181
f 4318/1582/1575 4276/2190/2183 4255/1580/1573
f 4276/2190/2183 4277/2191/2184 4255/1580/1573
f 4271/2168/2160 4270/1709/1699 4274/2188/2180
f 4273/2192/2185 4316/2193/2186 4237/2194/2187
f 4274/2172/2164 4244/2106/2097 4223/2101/2092
f 4244/2106/2097 4274/2172/2164 4238/2083/2074
f 4495/2195/2188 5116/2159/2189 4451/2100/2091
f 5116/2159/2189 4459/2196/2190 4451/2100/2091
f 4458/2197/2191 5115/2198/2177 4211/2199/2192
f 4450/2200/2193 4458/2197/2191 4211/2199/2192
f 4450/2200/2193 4211/2199/2192 4898/2201/2194
f 4558/2202/2195 4451/2100/2091 4456/2187/2179
f 4451/2100/2091 4558/2202/2195 4495/2195/2188
f 4496/2203/2196 4497/2204/2197 4495/2195/2188
f 5116/2159/2189 4495/2195/2188 4497/2204/2197
f 3939/2205/2198 3677/2206/2199 3943/2207/2200
f 3939/2205/2198 5185/2208/2201 3922/2209/2202
f 5184/2210/2203 3940/2211/2204 3921/2212/2205
f 3678/2213/2206 3675/2214/2207 5167/2215/2208
f 3943/2207/2200 3677/2206/2199 5168/2216/2209
f 5185/2208/2201 3903/2217/2210 3919/2218/2211
f 3941/2219/2212 3943/2207/2200 5173/2220/2213
f 3942/2221/2214 5166/2222/2208 5172/2223/2213
f 5172/2223/2213 5166/2222/2208 3930/2224/2215
f 5168/2216/2216 3676/2225/2207 3926/2226/2217
f 3926/2226/2217 3676/2225/2207 3679/2227/2218
f 5168/2216/2216 3926/2226/2217 3925/2228/2219
f 3926/2226/2217 3896/2229/2220 3925/2228/2219
f 3927/2230/2221 3680/2231/2218 3681/2232/2222
f 3928/2233/2223 3927/2230/2221 3681/2232/2222
f 3939/2205/2198 3941/2219/2212 5185/2208/2201
f 3922/2209/2202 5185/2208/2201 3924/2234/2224
f 3939/2205/2198 3943/2207/2200 3941/2219/2212
f 5173/2220/2225 3925/2228/2219 3903/2217/2210
f 3673/2235/2226 834/2236/2227 3896/2229/2220
f 3896/2229/2220 834/2236/2227 3882/2237/2228
f 837/2238/2229 840/2239/2230 3918/2240/2231
f 834/2236/2227 839/2241/2232 3882/2237/2228
f 4175/2177/2169 5077/2242/2233 4191/2178/2170
f 4215/2179/2171 4193/2243/2234 4175/2177/2169
f 4194/2244/2235 4216/2245/2236 4209/2182/2174
f 4209/2182/2174 4498/2181/2173 4194/2244/2235
f 2732/1814/1805 2751/2246/2237 2726/1895/1887
f 2753/1904/1896 2751/2246/2237 2732/1814/1805
f 3279/1565/1558 3284/1568/1561 3283/1643/1635
f 3330/2247/2238 3279/1565/1558 3275/2248/2239
f 2703/2249/2240 3278/2250/2241 3283/1643/1635
f 3283/1643/1635 2816/1645/1637 2711/2251/2242
f 3275/2248/2239 3279/1565/1558 3278/2250/2241
f 3278/2250/2241 3279/1565/1558 3283/1643/1635
f 2702/2252/2243 2708/1896/1888 2701/2253/2244
f 3283/1643/1635 2704/2254/2245 2703/2249/2240
f 2700/2255/2246 2702/2252/2243 2701/2253/2244
f 3283/1643/1635 2711/2251/2242 2704/2254/2245
f 2816/1645/1637 2771/2256/2247 2711/2251/2242
f 4145/1930/1922 4151/2257/2248 4148/1931/1923
f 4429/2258/2249 4150/2259/2250 4418/2260/2251
f 4150/2259/2250 4426/2261/2252 4418/2260/2251
f 4128/1926/1918 4147/1928/1920 4863/2262/2253
f 4147/1928/1920 4150/2259/2250 4863/2262/2253
f 4149/2263/2254 4150/2259/2250 4147/1928/1920
f 4149/2263/2254 4155/2264/2255 4150/2259/2250
f 4155/2264/2255 4400/2265/2256 4150/2259/2250
f 4418/2260/2251 4425/2266/2257 4821/2267/2258
f 4425/2266/2257 4418/2260/2251 4412/2268/2259
f 4518/2269/2260 4520/2270/2261 4424/2271/2262
f 4521/2272/2263 4519/2052/2042 4097/2049/2039
f 4412/2268/2259 4408/2047/2037 4425/2266/2257
f 4408/2047/2037 4519/2052/2042 4425/2266/2257
f 4406/2273/2264 4411/2274/2265 4417/2275/2266
f 4404/2276/2267 4415/2070/2060 4405/2277/2268
f 4415/2070/2060 4408/2047/2037 4405/2277/2268
f 4394/2278/2269 4401/2279/2270 4426/2261/2252
f 4427/2280/2271 4402/2281/2272 4419/2282/2273
f 4412/2268/2259 4418/2260/2251 4430/2283/2274
f 4402/2281/2272 4431/2284/2275 4419/2282/2273
f 4432/2285/2276 4406/2273/2264 4417/2275/2266
f 4401/2279/2270 4404/2276/2267 4430/2283/2277
f 4430/2283/2277 4404/2276/2267 4405/2277/2268
f 4097/2049/2039 4104/2075/2066 4521/2272/2263
f 4820/2286/2278 4424/2271/2262 4520/2270/2261
f 4105/1839/1831 4112/2287/2279 4104/2075/2066
f 4418/2260/2251 4821/2267/2258 4805/2288/2280
f 4433/2289/2281 4236/2290/2282 4852/2291/2283
f 4429/2258/2249 4434/2292/2284 4232/2293/2285
f 4429/2258/2249 4418/2260/2251 4434/2292/2284
f 4233/2294/2286 4521/2272/2263 4104/2075/2066
f 4433/2289/2281 4804/2295/2287 4236/2290/2282
f 5201/2296/2288 4236/2290/2282 4804/2295/2287
f 4434/2292/2284 4418/2260/2251 4805/2288/2280
f 4821/2267/2258 4521/2297/2289 4805/2288/2280
f 4230/2298/2290 4428/2299/2291 4853/2300/2283
f 4128/1926/1918 4863/2262/2253 4231/2301/2292
f 4235/2302/2293 4128/1926/1918 4233/2294/2286
f 4128/1926/1918 4231/2301/2292 4232/2303/2294
f 4233/2294/2286 4128/1926/1918 4232/2303/2294
f 4862/2304/2295 4566/2305/2296 4230/2298/2290
f 4230/2298/2290 4566/2305/2296 4428/2299/2291
f 4235/2302/2293 4233/2294/2286 4104/2075/2066
f 4121/1723/1714 4124/2306/2297 4523/2307/2298
f 4112/2287/2279 4105/1839/1831 4111/1834/1826
f 4121/1723/1714 4523/2307/2298 4111/1834/1826
f 2727/1453/1451 2730/1813/1804 2708/1896/1888
f 2727/1453/1451 2708/1896/1888 2715/1651/1643
f 2720/2308/2299 2726/1895/1887 2728/2309/2300
f 2708/1896/1888 2726/1895/1887 2720/2308/2299
f 2701/2253/2244 2708/1896/1888 2720/2308/2299
f 2723/1728/1719 2724/1652/1644 2715/1651/1643
f 2710/2310/2301 2723/1728/1719 2715/1651/1643
f 2702/2252/2243 2710/2310/2301 2715/1651/1643
f 2702/2252/2243 2715/1651/1643 2708/1896/1888
f 1348/2311/2302 1346/2312/2303 1355/1669/1661
f 1348/2311/2302 1340/2313/2304 1333/2314/2305
f 1353/1668/1660 1336/2315/2306 1340/2313/2304
f 1357/1690/1683 1351/2316/2307 1353/1668/1660
f 901/1672/1665 895/2317/2308 909/1685/1678
f 1348/2311/2302 1355/1669/1661 2833/1438/1436
f 1353/1668/1660 1340/2313/2304 1348/2311/2302
f 1348/2311/2302 2833/1438/1436 1353/1668/1660
f 908/2318/2309 1357/1690/1683 2884/2319/2310
f 911/2320/2311 1357/1690/1683 908/2318/2309
f 2884/2319/2310 1357/1690/1683 2863/1688/1681
f 2086/2321/2312 4543/2322/2313 4544/2323/2314
f 2096/1939/1931 5073/2324/2315 5071/2325/2316
f 2089/2326/2317 2087/2327/2318 4545/2328/2319
f 3999/1816/1807 2096/1939/1931 5065/2329/2320
f 2096/1939/1931 2090/2330/2321 5073/2324/2315
f 5065/2329/2320 2096/1939/1931 5071/2325/2316
f 2089/2326/2317 4545/2328/2319 5072/2331/2322
f 5072/2331/2322 4545/2328/2319 5070/1821/1813
f 4042/2332/2323 5198/2333/2324 4049/1600/1593
f 5192/2334/2325 5236/2335/2326 5197/2336/2327
f 3924/2234/2224 5185/2208/2201 3919/2218/2211
f 5236/2335/2326 3922/2209/2202 3909/2337/2328
f 5198/2333/2324 5196/2338/2329 4049/1600/1593
f 3922/2209/2202 3924/2234/2224 3910/2339/2330
f 5235/2340/2331 3908/2341/2332 5255/1601/1594
f 3909/2337/2328 3922/2209/2202 3910/2339/2330
f 5255/1601/1594 3908/2341/2332 3931/1591/1584
f 3984/1984/1974 5236/2335/2326 5192/2334/2325
f 3984/1984/1974 3922/2209/2202 5236/2335/2326
f 5197/2336/2327 5236/2335/2326 5256/2342/2333
f 5192/2334/2325 5197/2336/2327 5199/2343/2334
f 5196/2338/2329 5255/1601/1594 4049/1600/1593
f 4543/2322/2313 2086/2321/2312 2092/2344/2335
f 2092/2344/2335 4539/2345/2336 4536/2346/2337
f 2099/1982/1972 3988/1989/1979 4540/2347/2338
f 4539/2345/2336 4538/2348/2339 4536/2346/2337
f 4075/2349/2340 5193/2350/2341 4966/2351/2342
f 4072/2352/2343 4906/2353/2344 4547/2354/2345
f 4548/2355/2346 4542/2356/2347 4540/2357/2348
f 4539/2345/2336 4540/2357/2348 4538/2348/2339
f 4540/2357/2348 4542/2356/2347 4538/2348/2339
f 4547/2354/2345 4906/2353/2344 4075/2349/2340
f 4547/2354/2345 4075/2349/2340 4541/2358/2349
f 4537/2359/2350 4541/2358/2349 4075/2349/2340
f 4906/2353/2344 5193/2350/2341 4075/2349/2340
f 4076/2360/2351 4074/2361/2352 4038/1784/1775
f 5193/2350/2341 5195/2362/2353 4966/2351/2342
f 4966/2351/2342 5195/2362/2353 5198/2333/2324
f 4966/2351/2342 5198/2333/2324 4040/2363/2354
f 5198/2333/2324 4042/2332/2323 4040/2363/2354
f 3988/1989/1979 3984/1984/1974 5159/2364/2355
f 5159/2364/2355 5192/2334/2325 5194/2365/2356
f 5159/2364/2355 3984/1984/1974 5192/2334/2325
f 2085/1937/1929 2094/1936/1928 2091/2366/2357
f 5069/2367/2358 3999/1816/1807 5067/2368/2359
f 4545/2328/2319 4546/2369/2360 4034/2370/2361
f 5066/1782/1773 5064/2371/2362 5070/1821/1813
f 3999/1816/1807 5065/2329/2320 5067/2368/2359
f 5070/1821/1813 4034/2370/2361 4035/2372/2363
f 5070/1821/1813 4545/2328/2319 4034/2370/2361
f 2092/2344/2335 4536/2346/2337 4543/2322/2313
f 4543/2322/2313 4536/2346/2337 4038/1784/1775
f 4543/2322/2313 4038/1784/1775 4033/1783/1774
f 4546/2369/2360 4936/2373/2364 4034/2370/2361
f 4537/2359/2350 4075/2349/2340 4041/2374/2365
f 4038/1784/1775 4074/2361/2352 4039/1810/1801
f 4038/1784/1775 4039/1810/1801 4032/1785/1776
f 5070/1821/1813 4035/2372/2363 4027/1820/1812
f 5176/2375/1599 5101/2376/2366 3905/1647/1639
f 3891/1648/1640 3905/1647/1639 5101/2376/2366
f 5101/2376/2367 3883/2377/2368 3886/2378/2369
f 3915/1617/1610 3899/1610/1603 5124/2379/2370
f 3901/1612/1605 3899/1610/1603 3915/1617/1610
f 5123/2380/2371 5099/2381/2372 5174/2382/1599
f 3915/1617/1610 5124/2379/2370 5176/2375/1599
f 5170/2383/2373 5229/2384/2374 5099/2381/2372
f 5170/2383/2373 5099/2381/2372 3913/2385/2375
f 5123/2380/2371 3913/2385/2375 5099/2381/2372
f 3895/2386/2376 3881/2387/2377 3883/2377/2368
f 871/2388/2378 873/2389/2379 3881/2387/2377
f 3893/2390/2380 5100/2391/2372 3885/2392/2381
f 3885/2392/2381 5145/2393/2382 3893/2390/2380
f 5179/2394/2383 877/2395/2384 879/2396/2385
f 880/2397/2386 3886/2378/2369 3883/2377/2368
f 3886/2378/2369 880/2397/2386 3884/1660/1652
f 880/2397/2386 899/2398/2387 3884/1660/1652
f 3881/2387/2377 880/2397/2386 3883/2377/2368
f 3884/1660/1652 899/2398/2387 901/1672/1665
f 897/2399/2388 901/1672/1665 899/2398/2387
f 899/2398/2387 880/2397/2386 882/2400/2389
f 882/2400/2389 887/2401/2390 899/2398/2387
f 5077/2242/2233 4168/2402/2391 4191/2178/2170
f 4134/1919/1911 5094/2403/2392 4164/1927/1919
f 4199/2404/2393 4184/2405/2394 4173/2158/2150
f 4197/2406/2395 4168/2402/2391 4166/1935/1927
f 4168/2402/2391 4197/2406/2395 4200/2407/2396
f 4199/2404/2393 4963/2408/2397 4184/2405/2394
f 4200/2407/2396 4197/2406/2395 4964/2409/2397
f 4810/2410/2398 4174/2411/2399 4512/2412/2400
f 4198/2413/2401 4810/2410/2398 4512/2412/2400
f 4185/2176/2168 4964/2409/2402 4182/1831/1823
f 4965/2414/2403 4198/2413/2401 4512/2412/2400
f 4964/2409/2404 4511/2415/2405 4127/2416/2406
f 4183/2417/2407 4962/2418/2397 4510/2419/2408
f 4183/2417/2407 4510/2419/2408 4503/2420/2409
f 4503/2420/2409 4508/2421/2410 4183/2417/2407
f 4512/2412/2400 4174/2411/2399 5095/2422/2411
f 4511/2415/2405 5094/2403/2412 4127/2416/2406
f 4122/2082/2073 4509/1832/1824 4504/2423/2413
f 4127/2416/2406 5094/2403/2412 4501/2424/2414
f 4504/2423/2413 4127/2416/2406 4122/2082/2073
f 4133/1934/1926 5094/2403/2392 4134/1919/1911
f 4509/1832/1824 4122/2082/2073 4126/1715/1705
f 5096/2425/2415 4444/2426/2416 4502/2427/2417
f 4444/2426/2416 4939/2428/2418 4502/2427/2417
f 4501/2424/2414 4122/2082/2073 4127/2416/2406
f 4501/2424/2414 4128/1926/1918 4122/2082/2073
f 4131/2429/2419 4128/1926/1918 4235/2302/2293
f 4131/2429/2419 4500/2430/2420 4128/1926/1918
f 4129/2431/2421 4128/1926/1918 4500/2430/2420
f 4129/2431/2421 4500/2430/2420 4523/2432/2422
f 5032/2433/2423 4499/2434/2424 4113/2435/2425
f 4132/2436/2426 4234/2437/2427 4499/2434/2424
f 4499/2434/2424 4234/2437/2427 4555/2438/2428
f 4113/2435/2425 4499/2434/2424 4555/2438/2428
f 4523/2307/2298 4112/2287/2279 4111/1834/1826
f 4123/1716/1706 4126/1715/1705 4122/2082/2073
f 4121/1723/1714 4122/2082/2073 4124/2306/2297
f 4129/2431/2421 4122/2082/2073 4128/1926/1918
f 4514/2439/2429 4130/2440/2430 4125/2441/2431
f 4125/2441/2431 4130/2440/2430 5033/2442/2423
f 4181/2156/2148 4173/2158/2150 4184/2405/2394
f 3919/2218/2211 3903/2217/2210 3897/1609/1602
f 3909/2337/2328 3910/2339/2330 3897/1609/1602
f 3896/2229/2220 3903/2217/2210 3925/2228/2219
f 3897/1609/1602 3903/2217/2210 3896/2229/2220
f 3909/2337/2328 3897/1609/1602 3907/1621/1613
f 3897/1609/1602 3896/2229/2220 3895/2386/2376
f 3896/2229/2220 3882/2237/2228 3895/2386/2376
f 3895/2386/2376 3882/2237/2228 3881/2387/2377
f 3897/1609/1602 3895/2386/2376 3899/1610/1603
f 842/2443/2432 867/2444/2433 3882/2237/2228
f 867/2444/2433 3881/2387/2377 3882/2237/2228
f 842/2443/2432 856/2445/2434 867/2444/2433
f 867/2444/2433 871/2388/2378 3881/2387/2377
f 3414/2446/2435 3417/2447/2436 3411/2448/2437
f 3392/2449/2438 3395/2450/2439 3405/2451/2440
f 3392/2449/2438 3441/2452/2441 3411/2448/2437
f 3407/2453/2442 3406/2454/2443 3450/2455/2444
f 3396/2456/2445 3393/2457/2446 3406/2454/2443
f 3396/2456/2445 3406/2454/2443 3401/2458/2447
f 3406/2454/2443 5434/2459/2448 5436/2460/2449
f 3336/2461/2450 3338/2462/2451 3335/2463/2452
f 3423/2464/2453 3419/2465/2454 3415/2466/2455
f 3426/2467/2456 3423/2464/2453 3415/2466/2455
f 3338/2462/2451 3419/2465/2454 3423/2464/2453
f 3335/2463/2452 3338/2462/2451 3337/2468/2457
f 3337/2468/2457 3338/2462/2451 3423/2464/2453
f 3338/2462/2451 3417/2447/2436 3414/2446/2435
f 3415/2466/2455 3414/2446/2435 3409/2469/2458
f 3415/2466/2455 3419/2465/2454 3414/2446/2435
f 3338/2462/2451 3414/2446/2435 3419/2465/2454
f 3392/2449/2438 3449/2470/2459 3441/2452/2441
f 3423/2464/2453 3426/2467/2456 3420/2471/2460
f 3411/2448/2437 3395/2450/2439 3392/2449/2438
f 3389/2472/2461 3395/2450/2439 3411/2448/2437
f 3417/2447/2436 3359/2473/2462 3411/2448/2437
f 3333/2474/2463 3354/2475/2464 3336/2461/2450
f 3336/2461/2450 3359/2473/2462 3417/2447/2436
f 3338/2462/2451 3336/2461/2450 3417/2447/2436
f 5493/2476/2465 5430/2477/2466 5495/2478/2467
f 5495/2478/2467 5430/2477/2466 5433/2479/2468
f 5429/2480/2469 5433/2479/2468 5430/2477/2466
f 5490/2481/2470 5494/2482/2471 5432/2483/2472
f 5429/2480/2469 5430/2477/2466 5427/2484/2473
f 5497/2485/2474 5429/2480/2469 5428/2486/2475
f 5429/2480/2469 5427/2484/2473 5428/2486/2475
f 5624/2487/2476 5401/2488/2477 5400/2489/2478
f 5627/2490/2479 5371/2491/2480 5376/2492/2481
f 5372/2493/2482 5402/2494/2483 5625/2495/2484
f 5627/2490/2479 5787/2496/2485 5371/2491/2480
f 5621/2497/2486 5572/2498/2487 5375/2499/2488
f 5572/2498/2487 5626/2500/2489 5375/2499/2488
f 5377/2501/2490 5376/2492/2481 5371/2491/2480
f 5377/2501/2490 5371/2491/2480 5624/2487/2491
f 5377/2501/2490 5624/2487/2491 5380/2502/2492
f 5487/2503/2493 5492/2504/2494 5520/2505/2495
f 5490/2481/2470 5432/2483/2472 5491/2506/2496
f 5432/2483/2472 5502/2507/2497 5491/2506/2496
f 5492/2508/2498 5429/2480/2469 5497/2485/2474
f 5707/2509/2499 5496/2510/2500 5539/2511/2501
f 5509/2512/2502 5424/2513/2503 5787/2496/2485
f 5509/2512/2502 5787/2496/2485 5627/2490/2479
f 5424/2513/2503 5509/2512/2502 5423/2514/2504
f 3462/2515/2505 5487/2503/2493 5520/2505/2495
f 3474/2516/2506 3483/2517/2507 5666/2518/2508
f 5497/2485/2474 5428/2486/2475 5575/2519/2509
f 5492/2508/2510 5540/2520/2511 5535/2521/2512
f 5496/2510/2500 5573/2522/2513 5539/2511/2501
f 5540/2520/2511 5575/2519/2514 5535/2521/2512
f 5501/2523/2515 5537/2524/2516 5574/2525/2513
f 5537/2524/2516 5501/2523/2515 5571/2526/2517
f 5571/2526/2517 5506/2527/2518 5537/2524/2516
f 5507/2528/2519 5425/2529/2520 5422/2530/2521
f 3415/2466/2455 3413/2531/2522 3418/2532/2523
f 3414/2446/2435 3411/2448/2437 3409/2469/2458
f 3450/2455/2444 3406/2454/2443 5436/2460/2449
f 3411/2448/2437 3441/2452/2441 3412/2533/2524
f 3450/2455/2444 5436/2460/2449 3461/2534/2525
f 3450/2455/2444 3461/2534/2525 3448/2535/2526
f 3412/2533/2524 3441/2452/2441 3458/2536/2527
f 5436/2460/2449 5488/2537/2528 3461/2534/2525
f 3441/2452/2441 3460/2538/2529 3458/2536/2527
f 5614/2539/2530 5435/2540/2531 5489/2541/2532
f 3409/2469/2458 3411/2448/2437 3412/2533/2524
f 3409/2469/2458 3412/2533/2524 3410/2542/2533
f 3415/2466/2455 3409/2469/2458 3413/2531/2522
f 3461/2534/2525 5488/2537/2528 5487/2503/2493
f 3464/2543/2534 3461/2534/2525 5487/2503/2493
f 5487/2503/2493 5493/2476/2465 5495/2478/2467
f 3459/2544/2535 3461/2534/2525 3464/2543/2534
f 5488/2537/2528 5493/2476/2465 5487/2503/2493
f 5489/2541/2532 5435/2540/2531 5528/2545/2536
f 3458/2536/2527 3463/2546/2537 3412/2533/2524
f 3462/2515/2505 3464/2543/2534 5487/2503/2493
f 3412/2533/2524 3482/2547/2538 3473/2548/2539
f 3426/2467/2456 3415/2466/2455 3418/2532/2523
f 5418/2549/2540 5620/2550/2486 5378/2551/2541
f 5622/2552/2542 5376/2492/2481 5377/2501/2490
f 5417/2553/2543 5381/2554/2544 5382/2555/2545
f 5779/2556/2546 5418/2549/2540 5378/2551/2541
f 5381/2554/2544 5377/2501/2490 5380/2502/2492
f 5381/2554/2544 5380/2502/2492 5382/2555/2545
f 4985/2557/2547 5013/2558/2548 5215/2559/2549
f 5013/2558/2548 4985/2557/2547 5200/2560/2550
f 4188/2561/2551 4218/2562/2552 4217/2563/2553
f 4203/2564/2554 5207/2565/2555 4220/2566/2556
f 4202/2567/2557 4170/1913/1905 4169/1918/1910
f 4219/2568/2558 4225/2569/2559 4203/2564/2554
f 4224/2570/2560 4170/1913/1905 4202/2567/2557
f 4219/2568/2558 4203/2564/2554 4220/2566/2556
f 4170/1913/1905 4903/2571/2561 4138/1914/1906
f 4188/2561/2551 4213/2572/2562 4218/2562/2552
f 4213/2572/2562 4992/2573/2563 4218/2562/2552
f 4870/2574/2564 4217/2563/2553 4914/2575/2565
f 4870/2574/2564 5077/2242/2233 4188/2561/2551
f 4188/2561/2551 4217/2563/2553 4870/2574/2564
f 4217/2563/2553 4169/1918/1910 4914/2575/2565
f 3518/2576/2566 3522/2577/2567 4178/2578/2568
f 4178/2578/2568 4188/2561/2551 5077/2242/2233
f 4869/2579/2569 4913/2580/2570 4201/2581/2571
f 4168/2402/2391 4167/2582/2572 4166/1935/1927
f 5076/2583/2573 4869/2579/2569 4930/2584/2574
f 4201/2581/2571 4930/2584/2574 4869/2579/2569
f 4166/1935/1927 4167/2582/2572 4165/1920/1912
f 4165/1920/1912 4914/2575/2565 4169/1918/1910
f 4169/1918/1910 4170/1913/1905 4172/1924/1916
f 5077/2242/2233 4167/2582/2572 4168/2402/2391
f 5784/2585/2575 5572/2498/2487 5621/2497/2486
f 5422/2530/2521 5424/2513/2503 5423/2514/2504
f 3456/2586/2576 3454/2587/2577 3410/2542/2533
f 5531/2588/2578 5535/2521/2512 5532/2589/2579
f 5535/2521/2512 5538/2590/2580 5532/2589/2579
f 5519/2591/2581 5708/2592/2582 5534/2593/2583
f 5519/2591/2581 5534/2593/2583 5533/2594/2584
f 5575/2519/2514 5538/2590/2580 5535/2521/2512
f 3475/2595/2585 5520/2596/2586 5531/2588/2578
f 3453/2597/2587 3455/2598/2588 5529/2599/2589
f 3455/2598/2588 5531/2588/2578 5529/2599/2589
f 3452/2600/2590 3471/2601/2591 3447/2602/2592
f 3475/2595/2585 5531/2588/2578 3457/2603/2593
f 3457/2603/2593 5531/2588/2578 3455/2598/2588
f 3410/2542/2533 3454/2587/2577 3452/2600/2590
f 3453/2597/2587 5529/2599/2589 3472/2604/2594
f 5531/2588/2578 5532/2589/2579 5529/2599/2589
f 3447/2602/2592 3471/2601/2591 3469/2605/2595
f 3447/2602/2592 3410/2542/2533 3452/2600/2590
f 3410/2542/2533 3447/2602/2592 3440/2606/2596
f 5536/2607/2597 5537/2524/2516 5506/2527/2518
f 5536/2607/2597 5506/2527/2518 5541/2608/2598
f 3470/2609/2599 3472/2604/2594 5529/2599/2589
f 5420/2610/2600 5422/2530/2521 5423/2514/2504
f 5423/2514/2504 5622/2552/2601 5417/2553/2543
f 3451/2611/2602 3440/2606/2596 3481/2612/2603
f 5532/2589/2579 5542/2613/2604 5420/2610/2600
f 5545/2614/2605 5541/2608/2598 5421/2615/2606
f 5541/2608/2598 5506/2527/2518 5421/2615/2606
f 5532/2589/2579 5420/2610/2600 5529/2599/2589
f 5423/2514/2504 5529/2599/2589 5420/2610/2600
f 5675/2616/2607 5544/2617/2608 5557/2618/2609
f 5529/2599/2589 5423/2514/2504 5419/2619/2610
f 5529/2620/2611 5556/2621/2612 5549/2622/2613
f 3470/2609/2599 5529/2599/2589 5530/2623/2614
f 5559/2624/2615 5544/2617/2608 5608/2625/2616
f 5419/2619/2610 5423/2514/2504 5607/2626/2617
f 5416/2627/2618 5559/2624/2615 5608/2625/2616
f 5557/2618/2609 5544/2617/2608 5559/2624/2615
f 5412/2628/2619 5408/2629/2620 5405/2630/2621
f 5790/2631/2622 5405/2630/2621 4880/2632/2623
f 4880/2632/2623 5405/2630/2621 4163/2633/2624
f 5405/2630/2621 5386/2634/2625 4163/2633/2624
f 5410/2635/2626 5412/2628/2619 5405/2630/2621
f 5567/2636/2627 5405/2630/2621 5790/2631/2622
f 5567/2636/2627 5790/2631/2622 5015/2637/2628
f 5015/2637/2628 5790/2631/2622 4883/2638/2629
f 5003/2639/2630 5009/2640/2631 4903/2571/2561
f 5003/2641/2632 4882/2642/2633 4929/2643/2634
f 4903/2571/2561 5011/2644/2635 5012/2645/2636
f 5015/2637/2628 4883/2638/2629 5081/2646/2637
f 5789/2647/2638 4879/2648/2639 4881/2649/2640
f 5008/2650/2641 5080/2651/2642 4928/2652/2643
f 4882/2642/2633 4162/2653/2644 4929/2643/2634
f 5008/2650/2641 4928/2652/2643 5010/2654/2645
f 5009/2640/2631 5011/2644/2635 4903/2571/2561
f 4929/2643/2634 4162/2653/2644 4160/2655/2646
f 5408/2629/2620 5618/2656/2647 5405/2630/2621
f 5384/2657/2648 5382/2555/2545 5385/2658/2649
f 5386/2634/2625 5384/2657/2648 5385/2658/2649
f 5617/2659/2650 5383/2660/2651 5406/2661/2652
f 5406/2661/2652 5383/2660/2651 5619/2662/2653
f 5618/2656/2647 5382/2555/2545 5384/2657/2648
f 5417/2553/2543 5382/2555/2545 5546/2663/2654
f 5597/2664/2655 5547/2665/2656 5407/2666/2657
f 5547/2665/2656 5778/2667/2658 5407/2666/2657
f 5408/2629/2620 5382/2555/2545 5618/2656/2647
f 3495/2668/2659 3494/2669/2660 3501/2670/2661
f 3481/2612/2603 3500/2671/2662 3502/2672/2663
f 3503/2673/2664 5552/2674/2665 4229/2675/2666
f 5552/2674/2665 5548/2676/2667 5554/2677/2668
f 3501/2670/2661 3494/2669/2660 5552/2674/2665
f 3501/2670/2661 5552/2674/2665 3503/2673/2664
f 3498/2678/2669 3481/2612/2603 3502/2672/2663
f 4224/2570/2560 4446/2679/2670 4448/2680/2671
f 4219/2568/2558 4993/2681/2672 4225/2569/2559
f 4224/2570/2560 4448/2680/2671 4170/1913/1905
f 4448/2680/2671 4903/2571/2561 4170/1913/1905
f 4448/2680/2671 5161/2682/2673 5004/2683/2674
f 5004/2683/2674 4903/2571/2561 4448/2680/2671
f 5003/2639/2630 4903/2571/2561 5004/2683/2674
f 5569/2684/2675 5553/2685/2676 5561/2686/2677
f 4229/2675/2666 5552/2674/2665 5560/2687/2678
f 4229/2675/2666 5560/2687/2678 5186/2688/2679
f 4214/2689/2680 4229/2675/2666 5186/2688/2679
f 5186/2688/2679 5162/2690/2681 4447/2691/2682
f 4992/2573/2683 4446/2679/2670 4224/2570/2560
f 5560/2687/2678 5162/2690/2681 5186/2688/2679
f 4214/2689/2680 5186/2688/2679 4994/2692/2684
f 5553/2685/2676 5550/2693/2685 5561/2686/2677
f 5413/2694/2686 5414/2695/2687 5412/2628/2619
f 5561/2686/2677 5550/2693/2685 5611/2696/2688
f 5560/2687/2678 5413/2694/2686 5162/2690/2681
f 5413/2694/2686 5411/2697/2689 5776/2698/2690
f 5565/2699/2691 5409/2700/2692 5562/2701/2693
f 5162/2690/2681 5776/2698/2690 5563/2702/2694
f 5413/2694/2686 5412/2628/2619 5411/2697/2689
f 5413/2694/2686 5776/2698/2690 5162/2690/2681
f 5410/2635/2626 5411/2697/2689 5412/2628/2619
f 5775/2703/2695 5565/2699/2691 5562/2701/2693
f 5409/2700/2692 5566/2704/2696 5562/2701/2693
f 5410/2635/2626 5405/2630/2621 5567/2636/2627
f 5549/2622/2613 5414/2695/2687 5548/2676/2667
f 5548/2676/2667 5414/2695/2687 5413/2694/2686
f 5551/2705/2697 5548/2676/2667 5413/2694/2686
f 5554/2677/2668 5548/2676/2667 5551/2705/2697
f 5162/2690/2681 5563/2702/2694 5007/2706/2698
f 5006/2707/2699 5014/2708/2700 5003/2639/2630
f 5563/2702/2694 5567/2636/2627 5015/2637/2628
f 5007/2706/2698 5563/2702/2694 5015/2637/2628
f 5007/2706/2698 5005/2709/2701 5162/2690/2681
f 5004/2683/2674 5006/2707/2699 5003/2639/2630
f 5559/2624/2615 5416/2627/2618 5564/2710/2702
f 5423/2514/2504 5417/2553/2543 5607/2626/2617
f 5607/2626/2617 5417/2553/2543 5415/2711/2703
f 5414/2695/2687 5415/2711/2703 5412/2628/2619
f 5415/2711/2703 5417/2553/2543 5412/2628/2619
f 5412/2628/2619 5417/2553/2543 5546/2663/2654
f 3440/2606/2596 3447/2602/2592 3476/2712/2704
f 3468/2713/2705 3470/2609/2599 3489/2714/2706
f 3447/2602/2592 3488/2715/2707 3476/2712/2704
f 3470/2609/2599 5530/2623/2614 3489/2714/2706
f 3493/2716/2708 3491/2717/2709 5548/2676/2667
f 3493/2716/2708 5548/2676/2667 3494/2669/2660
f 5548/2676/2667 5552/2674/2665 3494/2669/2660
f 3478/2718/2710 3490/2719/2711 3440/2606/2596
f 3485/2720/2712 3491/2717/2709 3493/2716/2708
f 3440/2606/2596 3492/2721/2713 3484/2722/2714
f 3440/2606/2596 3484/2722/2714 3481/2612/2603
f 5556/2621/2612 5414/2695/2687 5549/2622/2613
f 5543/2723/2715 5674/2724/2607 5555/2725/2716
f 3440/2606/2596 3476/2712/2704 3478/2718/2710
f 5548/2676/2667 3489/2714/2706 5530/2623/2614
f 3477/2726/2717 3489/2714/2706 5548/2676/2667
f 3477/2726/2717 5548/2676/2667 3479/2727/2718
f 3479/2727/2718 5548/2676/2667 3491/2717/2709
f 5659/2728/2719 5543/2723/2715 5555/2725/2716
f 5556/2621/2612 5558/2729/2720 5414/2695/2687
f 4228/2730/2721 4213/2572/2562 4188/2561/2551
f 4187/2731/2722 4229/2675/2666 4189/2732/2723
f 3516/2733/2724 3504/2734/2725 4187/2731/2722
f 3451/2611/2602 3481/2612/2603 3498/2678/2669
f 3498/2678/2669 3515/2735/2726 3507/2736/2727
f 3504/2734/2725 3503/2673/2664 4187/2731/2722
f 3503/2673/2664 4229/2675/2666 4187/2731/2722
f 4178/2578/2568 4186/2737/2728 4188/2561/2551
f 3507/2736/2727 3521/2738/2729 3517/2739/2730
f 3508/2740/2731 3516/2733/2724 3523/2741/2732
f 4179/2742/2733 3523/2741/2732 3516/2733/2724
f 3516/2733/2724 4187/2731/2722 4179/2742/2733
f 3520/2743/2734 3518/2576/2566 4178/2578/2568
f 4909/2744/2735 3535/2745/2736 3533/2746/2737
f 3505/2747/2738 3534/2748/2739 3486/2749/2740
f 3520/2743/2734 4178/2578/2568 5077/2242/2233
f 3533/2746/2737 3520/2743/2734 4909/2744/2735
f 3520/2743/2734 5077/2242/2233 4177/2750/2741
f 3537/2751/2742 3486/2749/2740 3534/2748/2739
f 3535/2745/2736 4909/2744/2735 3538/2752/2743
f 3520/2743/2734 4177/2750/2741 4909/2744/2735
f 4175/2177/2169 4177/2750/2741 5077/2242/2233
f 3486/2749/2740 3431/2753/2744 3451/2611/2602
f 3418/2532/2523 3416/2754/2745 3431/2753/2744
f 3451/2611/2602 3431/2753/2744 3416/2754/2745
f 3486/2749/2740 3451/2611/2602 3505/2747/2738
f 3451/2611/2602 3498/2678/2669 3507/2736/2727
f 3451/2611/2602 3507/2736/2727 3505/2747/2738
f 3507/2736/2727 3517/2739/2730 3505/2747/2738
f 3505/2747/2738 3517/2739/2730 3519/2755/2746
f 3440/2606/2596 3413/2531/2522 3410/2542/2533
f 3416/2754/2745 3413/2531/2522 3440/2606/2596
f 3451/2611/2602 3416/2754/2745 3440/2606/2596
f 3418/2532/2523 3413/2531/2522 3416/2754/2745
f 3412/2533/2524 3473/2548/2539 3456/2586/2576
f 3413/2531/2522 3409/2469/2458 3410/2542/2533
f 3410/2542/2533 3412/2533/2524 3456/2586/2576
f 1538/2756/2747 1530/2757/2748 1400/2758/2749
f 556/2759/2750 578/2760/2751 555/2761/2752
f 558/2762/2753 578/2760/2751 556/2759/2750
f 576/2763/2754 578/2760/2751 564/2764/2755
f 578/2760/2751 576/2763/2754 1605/2765/2756
f 1455/2766/2757 1531/2767/2758 1457/2768/2759
f 1530/2757/2748 1531/2767/2758 1455/2766/2757
f 1531/2767/2758 1530/2757/2748 1536/2769/2760
f 1530/2757/2748 1538/2756/2747 1536/2769/2760
f 1534/2770/2761 1531/2767/2758 1536/2769/2760
f 561/2771/2762 1537/2772/2763 1429/2773/2764
f 570/2774/2765 1537/2772/2763 561/2771/2762
f 594/2775/2766 561/2771/2762 1429/2773/2764
f 582/2776/2767 594/2775/2766 1429/2773/2764
f 559/2777/2768 570/2774/2765 561/2771/2762
f 565/2778/2769 561/2771/2762 594/2775/2766
f 1536/2769/2760 1537/2772/2763 1534/2770/2761
f 1536/2769/2760 1429/2773/2764 1537/2772/2763
f 1537/2772/2763 555/2761/2752 578/2760/2751
f 1537/2772/2763 570/2774/2765 555/2761/2752
f 1538/2756/2747 1400/2758/2749 1387/2779/2770
f 582/2776/2767 1429/2773/2764 1433/2780/2771
f 1362/2781/2772 1364/2782/2773 1433/2780/2771
f 1536/2769/2760 1425/2783/2774 1429/2773/2764
f 1362/2781/2772 1433/2780/2771 1429/2773/2764
f 1429/2773/2764 1425/2783/2774 1366/2784/2775
f 1390/2785/2776 1392/2786/2777 1425/2783/2774
f 1425/2783/2774 1392/2786/2777 1377/2787/2778
f 1427/2788/2779 1431/2789/2780 1383/2790/2781
f 1536/2769/2760 1431/2789/2780 1427/2788/2779
f 1536/2769/2760 1538/2756/2747 1431/2789/2780
f 1538/2756/2747 1423/2791/2782 1431/2789/2780
f 1427/2788/2779 1390/2785/2776 1425/2783/2774
f 1536/2769/2760 1427/2788/2779 1425/2783/2774
f 1631/2792/2783 1604/2793/2784 1542/2794/2785
f 1534/2770/2761 1605/2765/2756 1603/2795/2786
f 1606/2796/2787 1603/2795/2786 1604/2793/2784
f 1605/2765/2756 1597/2797/2788 1603/2795/2786
f 597/2798/2789 1597/2797/2788 576/2763/2754
f 576/2763/2754 1597/2797/2788 1605/2765/2756
f 1597/2797/2788 597/2798/2789 1577/2799/2790
f 1605/2765/2756 1537/2772/2763 578/2760/2751
f 1606/2796/2787 1607/2800/2791 1531/2767/2758
f 1597/2797/2788 1567/2801/2792 1603/2795/2786
f 1606/2796/2787 1604/2793/2784 1631/2792/2783
f 1534/2770/2761 1603/2795/2786 1606/2796/2787
f 1606/2796/2787 1531/2767/2758 1534/2770/2761
f 1537/2772/2763 1605/2765/2756 1534/2770/2761
f 1535/2802/2793 1532/2803/2794 1609/2804/2795
f 1455/2766/2757 1532/2803/2794 1530/2757/2748
f 1532/2803/2794 1453/2805/2796 1609/2804/2795
f 1608/2806/2797 1607/2800/2791 1616/2807/2798
f 1457/2768/2759 1609/2804/2795 1453/2805/2796
f 1609/2804/2795 1457/2768/2759 1607/2800/2791
f 1608/2806/2797 1609/2804/2795 1607/2800/2791
f 1532/2803/2794 1455/2766/2757 1453/2805/2796
f 1607/2800/2791 1457/2768/2759 1531/2767/2758
f 1614/2808/2799 1606/2796/2787 1631/2792/2783
f 1607/2800/2791 1606/2796/2787 1614/2808/2799
f 3085/2809/2800 86/2810/2801 3062/2811/2802
f 3062/2811/2802 3056/2812/2803 3043/2813/2804
f 3041/2814/2805 3043/2813/2804 3039/2815/2806
f 59/2816/2807 58/2817/2808 71/2818/2809
f 82/2819/2810 59/2816/2807 3078/2820/2811
f 56/2821/2812 59/2816/2807 82/2819/2810
f 54/2822/2813 59/2816/2807 56/2821/2812
f 75/2823/2814 56/2821/2812 82/2819/2810
f 71/2818/2809 69/2824/2815 3085/2809/2800
f 3085/2809/2800 49/2825/2816 47/2826/2817
f 71/2818/2809 3078/2820/2811 59/2816/2807
f 84/2827/2818 3085/2809/2800 47/2826/2817
f 84/2827/2818 86/2810/2801 3085/2809/2800
f 3085/2809/2800 3078/2820/2811 71/2818/2809
f 82/2819/2810 3096/2828/2819 639/2829/2820
f 3085/2809/2800 3062/2811/2802 3078/2820/2811
f 82/2819/2810 3078/2820/2811 3096/2828/2819
f 3096/2828/2819 3078/2820/2811 3070/2830/2821
f 3062/2811/2802 3043/2813/2804 3041/2814/2805
f 3062/2811/2802 3041/2814/2805 3078/2820/2811
f 3078/2820/2811 3041/2814/2805 3070/2830/2821
f 3070/2830/2821 3041/2814/2805 3040/2831/2822
f 3043/2813/2804 3045/2832/2823 3039/2815/2806
f 3041/2814/2805 3039/2815/2806 3040/2831/2822
f 77/2833/2824 95/2834/2825 92/2835/2826
f 86/2810/2801 88/2836/2827 92/2835/2826
f 86/2810/2801 92/2835/2826 3062/2811/2802
f 92/2835/2826 3056/2812/2803 3062/2811/2802
f 79/2837/2828 3056/2812/2803 92/2835/2826
f 95/2834/2825 79/2837/2828 92/2835/2826
f 97/2838/2829 106/2839/2830 3056/2812/2803
f 97/2838/2829 3056/2812/2803 79/2837/2828
f 106/2839/2830 104/2840/2831 3063/2841/2832
f 106/2839/2830 3063/2841/2832 3056/2812/2803
f 3057/2842/2833 3043/2813/2804 3056/2812/2803
f 3048/2843/2834 3045/2832/2823 3043/2813/2804
f 3037/2844/2835 3046/2845/2836 3038/2846/2837
f 3036/2847/2838 3037/2844/2835 3038/2846/2837
f 3035/2848/2839 3037/2844/2835 3036/2847/2838
f 3046/2845/2836 3058/2849/2840 3047/2850/2841
f 3032/2851/2842 3035/2848/2839 3061/2852/2843
f 3035/2848/2839 3036/2847/2838 3061/2852/2843
f 3046/2845/2836 3047/2850/2841 3038/2846/2837
f 3054/2853/2844 2914/2854/2845 2913/2855/2846
f 3046/2845/2836 2911/2856/2847 3058/2849/2840
f 3046/2845/2836 3054/2853/2844 2913/2855/2846
f 2913/2855/2846 2911/2856/2847 3046/2845/2836
f 2905/2857/2848 2898/2858/2849 2902/2859/2850
f 2978/2860/2851 2975/2861/2852 2906/2862/2853
f 2975/2861/2852 2981/2863/2854 2904/2864/2855
f 2906/2862/2853 2975/2861/2852 2904/2864/2855
f 2906/2862/2853 2904/2864/2855 2898/2858/2849
f 2898/2858/2849 2904/2864/2855 2896/2865/2856
f 2906/2862/2853 2898/2858/2849 2905/2857/2848
f 2912/2866/2857 2906/2862/2853 2905/2857/2848
f 2911/2856/2847 2912/2866/2857 2905/2857/2848
f 2914/2854/2845 2912/2866/2857 2913/2855/2846
f 2912/2866/2857 2911/2856/2847 2913/2855/2846
f 2508/2867/2858 2495/2868/2859 3787/2869/2860
f 2510/2870/2861 2508/2867/2858 3787/2869/2860
f 2502/2871/2862 2498/2872/2863 2495/2868/2859
f 2502/2871/2862 2495/2868/2859 2508/2867/2858
f 3848/2873/2864 3852/2874/2865 3850/2875/2866
f 3793/2876/2867 3848/2873/2864 3791/2877/2868
f 3792/2878/2869 3790/2879/2870 3788/2880/2871
f 3792/2878/2869 3788/2880/2871 3789/2881/2872
f 3788/2880/2871 3741/2882/2873 3789/2881/2872
f 3789/2881/2872 3741/2882/2873 3787/2869/2860
f 2431/2883/2874 2422/2884/2875 2447/2885/2876
f 2462/2886/2877 2454/2887/2878 3852/2874/2865
f 2447/2885/2876 2463/2888/2879 2431/2883/2874
f 2458/2889/2880 2496/2890/2881 2499/2891/2882
f 2458/2889/2880 2477/2892/2883 2496/2890/2881
f 3787/2869/2860 2495/2868/2859 3789/2881/2872
f 2488/2893/2884 3795/2894/2885 2484/2895/2886
f 3798/2896/2887 3793/2876/2867 3794/2897/2888
f 3795/2894/2885 3797/2898/2889 3789/2881/2872
f 3795/2894/2885 3789/2881/2872 2495/2868/2859
f 2495/2868/2859 2484/2895/2886 3795/2894/2885
f 2476/2899/2890 3848/2873/2864 3798/2896/2887
f 2489/2900/2891 2481/2901/2892 3798/2896/2887
f 2490/2902/2893 2477/2892/2883 2442/2903/2894
f 3798/2896/2887 3796/2904/2895 2489/2900/2891
f 3798/2896/2887 2481/2901/2892 2476/2899/2890
f 3848/2873/2864 3793/2876/2867 3798/2896/2887
f 2458/2889/2880 2442/2903/2894 2477/2892/2883
f 2442/2903/2894 2431/2883/2874 2471/2905/2896
f 2474/2906/2897 2466/2907/2898 3848/2873/2864
f 2431/2883/2874 2467/2908/2899 2475/2909/2900
f 2472/2910/2901 2474/2906/2897 3848/2873/2864
f 2476/2899/2890 2472/2910/2901 3848/2873/2864
f 2431/2883/2874 2475/2909/2900 2473/2911/2902
f 2431/2883/2874 2473/2911/2902 2471/2905/2896
f 2422/2884/2875 2431/2883/2874 2406/2912/2903
f 2430/2913/2904 2417/2914/2905 2431/2883/2874
f 2450/2915/2906 2451/2916/2907 3852/2874/2865
f 2464/2917/2908 2458/2889/2880 2482/2918/2909
f 2430/2913/2904 2431/2883/2874 2442/2903/2894
f 2431/2883/2874 2463/2888/2879 2467/2908/2899
f 2458/2889/2880 2499/2891/2882 2497/2919/2910
f 2482/2918/2909 2458/2889/2880 2497/2919/2910
f 2509/2920/2911 2482/2918/2909 2497/2919/2910
f 2507/2921/2912 2508/2867/2858 2510/2870/2861
f 2430/2913/2904 2442/2903/2894 2458/2889/2880
f 2464/2917/2908 2482/2918/2909 2503/2922/2913
f 2503/2922/2913 2482/2918/2909 2511/2923/2914
f 3848/2873/2864 2462/2886/2877 3852/2874/2865
f 2466/2907/2898 2462/2886/2877 3848/2873/2864
f 2454/2887/2878 2450/2915/2906 3852/2874/2865
f 2897/2924/2915 2411/2925/2916 2416/2926/2917
f 2900/2927/2918 2416/2926/2917 2421/2928/2919
f 2412/2929/2920 2405/2930/2921 2410/2931/2922
f 2420/2932/2923 2412/2929/2920 2410/2931/2922
f 2410/2931/2922 2405/2930/2921 2369/2933/2924
f 2900/2927/2918 2421/2928/2919 2429/2934/2925
f 2410/2931/2922 2369/2933/2924 2402/2935/2926
f 2371/2936/2927 2361/2937/2928 2385/2938/2929
f 2352/2939/2930 2361/2937/2928 2371/2936/2927
f 2464/2917/2908 2424/2940/2931 2458/2889/2880
f 2428/2941/2932 2419/2942/2933 2441/2943/2934
f 2441/2943/2934 2419/2942/2933 2413/2944/2935
f 2413/2944/2935 2424/2940/2931 2448/2945/2936
f 2441/2943/2934 2413/2944/2935 2448/2945/2936
f 2424/2940/2931 2464/2917/2908 2448/2945/2936
f 2428/2941/2932 2410/2931/2922 2419/2942/2933
f 2410/2931/2922 2402/2935/2926 2419/2942/2933
f 2385/2938/2929 2361/2937/2928 2406/2912/2903
f 2385/2938/2929 2406/2912/2903 2417/2914/2905
f 2417/2914/2905 2371/2936/2927 2385/2938/2929
f 2397/2946/2937 2371/2936/2927 2417/2914/2905
f 2417/2914/2905 2406/2912/2903 2431/2883/2874
f 2402/2935/2926 2371/2936/2927 2397/2946/2937
f 2402/2935/2926 2397/2946/2937 2413/2944/2935
f 2417/2914/2905 2430/2913/2904 2424/2940/2931
f 2413/2944/2935 2417/2914/2905 2424/2940/2931
f 2413/2944/2935 2397/2946/2937 2417/2914/2905
f 2419/2942/2933 2402/2935/2926 2413/2944/2935
f 2458/2889/2880 2424/2940/2931 2430/2913/2904
f 3849/2947/2938 3834/2948/2939 3850/2875/2866
f 3823/2949/2940 3828/2950/2941 3849/2947/2938
f 3823/2949/2940 3819/2951/2942 3828/2950/2941
f 3828/2950/2941 3834/2948/2939 3849/2947/2938
f 3852/2874/2865 3849/2947/2938 3850/2875/2866
f 2361/2937/2928 2348/2952/2943 2399/2953/2944
f 2575/2954/2945 2577/2955/2946 2581/2956/2947
f 2581/2956/2947 2577/2955/2946 3823/2949/2940
f 2348/2952/2943 2576/2957/2948 2580/2958/2949
f 2348/2952/2943 2580/2958/2949 2398/2959/2950
f 2580/2958/2949 2576/2957/2948 2582/2960/2951
f 2452/2961/2952 3849/2947/2938 2451/2916/2907
f 2449/2962/2953 2422/2884/2875 2423/2963/2954
f 2427/2964/2955 2436/2965/2956 2399/2953/2944
f 2399/2953/2944 2436/2965/2956 2423/2963/2954
f 2438/2966/2957 2435/2967/2958 2452/2961/2952
f 2452/2961/2952 2435/2967/2958 3849/2947/2938
f 2423/2963/2954 2453/2968/2959 2449/2962/2953
f 2435/2967/2958 3823/2949/2940 3849/2947/2938
f 2581/2956/2947 3823/2949/2940 2426/2969/2960
f 3823/2949/2940 2435/2967/2958 2426/2969/2960
f 2418/2970/2961 2414/2971/2962 2426/2969/2960
f 2414/2971/2962 2581/2956/2947 2426/2969/2960
f 2406/2912/2903 2423/2963/2954 2422/2884/2875
f 2406/2912/2903 2399/2953/2944 2423/2963/2954
f 2361/2937/2928 2399/2953/2944 2406/2912/2903
f 2404/2972/2963 2579/2973/2964 2581/2956/2947
f 2404/2972/2963 2581/2956/2947 2414/2971/2962
f 2399/2953/2944 2398/2959/2950 2415/2974/2965
f 2348/2952/2943 2398/2959/2950 2399/2953/2944
f 2451/2916/2907 3849/2947/2938 3852/2874/2865
f 3848/2873/2864 3832/2975/2966 3836/2976/2967
f 3848/2873/2864 3850/2875/2866 3832/2975/2966
f 3791/2877/2868 3848/2873/2864 3836/2976/2967
f 3836/2976/2967 3786/2977/2968 3791/2877/2868
f 3836/2976/2967 3783/2978/2969 3781/2979/2970
f 3780/2980/2971 3782/2981/2972 3741/2882/2873
f 3785/2982/2973 3780/2980/2971 3741/2882/2873
f 3785/2982/2973 3741/2882/2873 3788/2880/2871
f 3741/2882/2873 3732/2983/2974 3787/2869/2860
f 3834/2948/2939 3832/2975/2966 3850/2875/2866
f 3834/2948/2939 3833/2984/2975 3832/2975/2966
f 3832/2975/2966 3835/2985/2976 3836/2976/2967
f 3835/2985/2976 3771/2986/2977 3836/2976/2967
f 3754/2987/2978 3835/2985/2976 3749/2988/2979
f 3753/2989/2980 3748/2990/2981 3741/2882/2873
f 3783/2978/2969 3836/2976/2967 3771/2986/2977
f 3771/2986/2977 3835/2985/2976 3754/2987/2978
f 3771/2986/2977 3773/2991/2982 3776/2992/2983
f 3770/2993/2984 3753/2989/2980 3741/2882/2873
f 3772/2994/2985 3770/2993/2984 3741/2882/2873
f 3783/2978/2969 3771/2986/2977 3776/2992/2983
f 3782/2981/2972 3774/2995/2986 3741/2882/2873
f 3772/2994/2985 3741/2882/2873 3774/2995/2986
f 3832/2975/2966 3833/2984/2975 3835/2985/2976
f 5341/2996/2987 5350/2997/2988 5343/2998/2989
f 5357/2999/2990 5332/3000/2991 5353/3001/2992
f 5342/3002/2993 5352/3003/2994 5353/3001/2992
f 5690/3004/2995 5353/3001/2992 5332/3000/2991
f 5342/3002/2993 5353/3001/2992 5690/3004/2995
f 984/3005/2996 983/3006/2997 5331/3007/2998
f 5346/3008/2999 5341/2996/2987 5345/3009/3000
f 5350/2997/2988 5341/2996/2987 5346/3008/2999
f 5341/2996/2987 5392/3010/3001 5345/3009/3000
f 5785/3011/3002 5344/3012/3003 5403/3013/3004
f 5344/3012/3003 5681/3014/3005 5403/3013/3004
f 5388/3015/3006 5682/3016/3007 5404/3017/3008
f 5682/3016/3007 5338/3018/3009 5404/3017/3008
f 5682/3016/3007 5341/2996/2987 5338/3018/3009
f 5388/3015/3006 5404/3017/3008 4896/3019/3010
f 4894/3020/3011 4896/3019/3010 4893/3021/3012
f 4435/3022/3013 4365/3023/3014 4338/3024/3015
f 4338/3024/3015 4365/3023/3014 4842/3025/3016
f 4358/3026/3017 5052/3027/3018 4843/3028/3019
f 4842/3025/3016 4364/3029/3020 4338/3024/3015
f 4843/3028/3019 5052/3027/3018 4363/3030/3021
f 4333/3031/3022 4335/3032/3023 4322/3033/3024
f 4335/3032/3023 4333/3031/3022 4336/3034/3025
f 4333/3031/3022 4386/3035/3026 4336/3034/3025
f 4338/3024/3015 4364/3029/3020 4385/3036/3027
f 967/3037/3028 966/3038/3029 405/3039/3030
f 405/3039/3030 5052/3027/3018 4358/3026/3017
f 4323/3040/3031 4333/3031/3022 4322/3033/3024
f 4436/3041/3032 4323/3040/3031 4358/3026/3017
f 4333/3031/3022 4323/3040/3031 4436/3041/3032
f 4330/3042/3033 4340/3043/3034 4981/3044/3035
f 4326/3045/3036 4320/3046/3037 4322/3033/3024
f 4981/3044/3035 4320/3046/3037 4330/3042/3033
f 4790/3047/3038 955/3048/3039 958/3049/3040
f 4789/3050/3041 4790/3047/3038 958/3049/3040
f 955/3048/3039 960/3051/3042 958/3049/3040
f 961/3052/3043 4789/3050/3041 958/3049/3040
f 4789/3050/3041 405/3039/3030 4358/3026/3017
f 961/3052/3043 967/3037/3028 4789/3050/3041
f 963/3053/3044 967/3037/3028 961/3052/3043
f 4789/3050/3041 967/3037/3028 405/3039/3030
f 4892/3054/3045 4339/3055/3046 5025/3056/3047
f 4868/3057/3048 5026/3058/3049 4890/3059/3050
f 4142/3060/3051 4143/3061/3052 5039/3062/3053
f 4146/3063/3054 5038/3064/3055 4331/3065/3056
f 4146/3063/3054 4331/3065/3056 4975/3066/3057
f 4144/3067/3058 4142/3060/3051 4976/3068/3059
f 4330/3042/3033 4320/3046/3037 4976/3068/3059
f 4330/3042/3033 4339/3055/3046 4340/3043/3034
f 4868/3057/3048 4890/3059/3050 5040/3069/3055
f 4141/3070/3060 4142/3060/3051 4144/3067/3058
f 4339/3055/3046 4330/3042/3033 5039/3062/3061
f 4143/3061/3052 4892/3054/3045 5025/3056/3047
f 5691/3071/3062 981/3072/3063 5333/3073/3064
f 981/3072/3063 5691/3071/3062 5331/3007/2998
f 5690/3004/2995 5334/3074/3065 5342/3002/2993
f 5331/3007/2998 983/3006/2997 981/3072/3063
f 5339/3075/3066 5342/3002/2993 5334/3074/3065
f 5205/3076/3067 4836/3077/3068 4789/3050/3041
f 5205/3076/3067 4789/3050/3041 4358/3026/3017
f 4357/3078/3069 4345/3079/3070 4383/3080/3071
f 4356/3081/3072 4382/3082/3073 4358/3026/3017
f 4356/3081/3072 4358/3026/3017 4323/3040/3031
f 5205/3076/3067 4358/3026/3017 4382/3082/3073
f 4438/3083/3074 4836/3077/3068 4353/3084/3075
f 4343/3085/3076 4353/3084/3075 4836/3077/3068
f 4340/3043/3034 4343/3085/3076 4344/3086/3077
f 4982/3087/3078 4342/3088/3079 4325/3089/3080
f 4343/3085/3076 4836/3077/3068 5205/3076/3067
f 4344/3086/3077 4343/3085/3076 5205/3076/3067
f 4340/3043/3034 4344/3086/3077 4323/3090/3081
f 4345/3079/3070 5206/3091/3082 4383/3080/3071
f 4320/3046/3037 4324/3092/3083 4322/3033/3024
f 4367/3093/3084 4345/3079/3070 4357/3078/3069
f 4324/3092/3083 4323/3040/3031 4322/3033/3024
f 4981/3044/3035 4324/3092/3083 4320/3046/3037
f 4366/3094/3085 4325/3089/3080 4342/3088/3079
f 4837/3095/3086 4439/3096/3087 4792/3097/3088
f 4791/3098/3089 943/3099/3090 952/3100/3091
f 952/3100/3091 950/3101/3092 4791/3098/3089
f 4791/3098/3089 950/3101/3092 956/3102/3093
f 4341/3103/3094 4339/3055/3046 4892/3054/3045
f 5683/3104/3095 5337/3105/3096 5585/3106/3097
f 5337/3105/3096 5684/3107/3098 5585/3106/3097
f 5152/3108/3099 5404/3017/3008 5584/3109/3100
f 4896/3019/3010 5404/3017/3008 5152/3108/3099
f 4895/3110/3101 5151/3111/3102 4341/3103/3094
f 5152/3108/3099 5584/3109/3100 4989/3112/3103
f 4341/3103/3094 5151/3111/3102 4983/3113/3104
f 5152/3108/3099 4989/3112/3103 4984/3114/3105
f 5584/3109/3100 5335/3115/3106 4392/3116/3107
f 5584/3109/3100 4392/3116/3107 4355/3117/3108
f 4989/3112/3103 5584/3109/3100 4355/3117/3108
f 4988/3118/3109 4343/3085/3076 4983/3113/3104
f 4341/3103/3094 4340/3043/3034 4339/3055/3046
f 4989/3112/3103 4355/3117/3108 4352/3119/3110
f 4341/3103/3094 4983/3113/3104 4343/3085/3076
f 4340/3043/3034 4341/3103/3094 4343/3085/3076
f 4354/3120/3111 4353/3084/3075 4343/3085/3076
f 981/3072/3063 977/3121/3112 5333/3073/3064
f 5336/3122/3113 5335/3115/3106 5338/3018/3009
f 5336/3122/3113 5333/3073/3064 5335/3115/3106
f 5333/3073/3064 977/3121/3112 972/3123/3114
f 5335/3115/3106 5333/3073/3064 945/3124/3115
f 5333/3073/3064 972/3123/3114 945/3124/3115
f 5335/3115/3106 945/3124/3115 943/3099/3090
f 4392/3116/3107 5335/3115/3106 5800/3125/3116
f 5335/3115/3106 943/3099/3090 5800/3125/3116
f 5800/3125/3116 943/3099/3090 4793/3126/3117
f 4391/3127/3118 5799/3128/3119 4437/3129/3120
f 5800/3125/3116 4793/3126/3117 4440/3130/3120
f 981/3072/3063 974/3131/3121 977/3121/3112
f 977/3121/3112 971/3132/3122 972/3123/3114
f 945/3124/3115 972/3123/3114 947/3133/3123
f 943/3099/3090 4791/3098/3089 4793/3126/3117
f 5343/2998/2989 5340/3134/3124 5341/2996/2987
f 5341/2996/2987 5340/3134/3124 5338/3018/3009
f 5340/3134/3124 5336/3122/3113 5338/3018/3009
f 5339/3075/3066 5334/3074/3065 5685/3135/3125
f 5052/3027/3018 4350/3136/3126 4363/3030/3021
f 4350/3136/3126 4346/3137/3127 4363/3030/3021
f 4363/3030/3021 4346/3137/3127 4386/3035/3026
f 405/3039/3030 399/3138/3128 4800/3139/3129
f 405/3039/3030 4802/3140/3130 5052/3027/3018
f 5187/3141/3131 4803/3142/3132 4441/3143/3133
f 405/3039/3030 4800/3139/3129 4802/3140/3130
f 4803/3142/3132 4801/3144/3134 4441/3143/3133
f 4349/3145/3135 4494/3146/3136 4359/3147/3137
f 4486/3148/3138 4349/3145/3135 4491/3149/3139
f 4349/3145/3135 4486/3148/3138 4494/3146/3136
f 5208/3150/3140 4493/3151/3141 4824/3152/3142
f 4476/3153/3143 4967/3154/3144 4486/3148/3138
f 4336/3034/3025 4386/3035/3026 4346/3137/3127
f 4329/3155/3145 4334/3156/3146 4337/3157/3147
f 4312/3158/3148 4976/3068/3059 4320/3046/3037
f 4320/3046/3037 4384/3159/3149 4312/3158/3148
f 4321/3160/3150 4332/3161/3151 4443/3162/3152
f 4144/3067/3058 4976/3068/3059 4312/3158/3148
f 4799/3163/3153 4313/3164/3154 4398/3165/3155
f 4398/3165/3155 4313/3164/3154 4396/3166/3156
f 4313/3164/3154 4442/3167/3157 4396/3166/3156
f 4158/3168/3158 4157/3169/3159 4152/3170/3160
f 4149/2263/2254 4141/3171/3161 4153/3172/3162
f 4152/3170/3160 4157/3169/3159 4797/3173/3153
f 4144/3067/3058 4312/3158/3148 4798/3174/3163
f 4322/3033/3024 4328/3175/3164 4326/3045/3036
f 4328/3175/3164 4786/3176/3165 4388/3177/3166
f 4384/3178/3167 4326/3045/3036 4388/3177/3166
f 4326/3045/3036 4328/3175/3164 4388/3177/3166
f 4785/3179/3168 4327/3180/3169 4782/3181/3170
f 4328/3175/3164 4322/3033/3024 4972/3182/3171
f 4782/3181/3170 4327/3180/3169 4971/3183/3172
f 4971/3183/3172 4329/3155/3145 4337/3157/3147
f 4783/3184/3173 4407/3185/3174 4786/3176/3175
f 4337/3157/3147 4782/3181/3170 4971/3183/3172
f 377/3186/3176 367/3187/3177 371/3188/3178
f 371/3188/3178 379/3189/3179 4351/3190/3180
f 4351/3190/3180 379/3189/3179 4369/3191/3181
f 371/3188/3178 369/3192/3182 379/3189/3179
f 4476/3153/3143 4369/3191/3181 379/3189/3179
f 379/3189/3179 274/3193/3183 4476/3153/3143
f 4368/3194/3184 4549/3195/3185 4487/3196/3186
f 379/3189/3179 374/3197/3187 382/3198/3188
f 399/3138/3128 385/3199/3189 4800/3139/3129
f 4801/3144/3134 4933/3200/3190 4441/3143/3133
f 4350/3136/3126 4932/3201/3191 371/3188/3178
f 4394/2278/2269 4384/3178/3167 4395/3202/3192
f 4346/3137/3127 4347/3203/3193 4336/3034/3025
f 4783/3204/3194 4336/3034/3025 4349/3145/3135
f 4336/3034/3025 4347/3203/3193 4349/3145/3135
f 4800/3139/3129 385/3199/3189 4932/3201/3195
f 388/3205/3196 384/3206/3197 376/3207/3198
f 388/3205/3196 376/3207/3198 4931/3208/3190
f 377/3186/3176 371/3188/3178 4932/3201/3191
f 4900/3209/3199 5160/3210/3200 4381/3211/3201
f 4491/3149/3139 4902/3212/3202 4486/3148/3138
f 4488/3213/3203 4476/3153/3143 4486/3148/3138
f 4492/3214/3204 5018/3215/3205 4348/3216/3206
f 4347/3203/3193 4346/3137/3127 4491/3217/3207
f 4351/3190/3180 4369/3191/3181 4902/3212/3208
f 4902/3212/3202 4488/3213/3203 4486/3148/3138
f 4368/3194/3184 4487/3196/3186 4901/3218/3199
f 4346/3137/3127 4350/3136/3126 4351/3190/3180
f 371/3188/3178 4351/3190/3180 4350/3136/3126
f 5163/3219/3209 4900/3209/3199 4381/3211/3201
f 4783/3204/3194 4349/3145/3135 4359/3147/3137
f 5091/3220/3210 4361/3221/3211 4781/3222/3212
f 4361/3221/3211 5082/3223/3213 4781/3222/3212
f 4362/3224/3214 4359/3147/3137 5083/3225/3215
f 4783/3204/3194 4359/3147/3137 4362/3224/3214
f 5386/2634/2625 4814/3226/3216 4161/3227/3217
f 5010/2654/2645 4928/2652/2643 5001/3228/3218
f 4928/2652/2643 5053/3229/3219 5001/3228/3218
f 5002/3230/3220 4159/3231/3221 4139/1916/1908
f 4929/2643/2634 4160/2655/2646 4159/3231/3221
f 5012/2645/2636 5011/2644/2635 4139/3232/3222
f 5010/2654/2645 5001/3228/3218 5214/3233/2549
f 4814/3226/3216 5386/2634/2625 4816/3234/3223
f 4813/3235/3224 4815/3236/3225 4160/2655/2646
f 4160/2655/2646 4143/3061/3052 4159/3231/3221
f 5203/3237/3226 4892/3054/3045 4815/3236/3225
f 4815/3236/3225 4892/3054/3045 4143/3061/3052
f 5382/2555/2545 5380/2502/2492 5616/3238/3227
f 5398/3239/3228 5347/3240/3229 5394/3241/3230
f 5615/3242/3231 5391/3243/3232 5387/3244/3233
f 5347/3240/3229 5680/3245/3234 5394/3241/3230
f 5396/3246/3235 5393/3247/3236 5390/3248/3237
f 5345/3009/3000 5392/3010/3001 5393/3247/3236
f 5578/3249/3238 5387/3244/3233 5391/3243/3232
f 5392/3010/3001 5389/3250/3239 5390/3248/3237
f 5380/2502/2492 5396/3246/3235 5616/3238/3227
f 5396/3246/3235 5397/3251/3240 5393/3247/3236
f 5616/3238/3227 5396/3246/3235 5390/3248/3237
f 5393/3247/3236 5392/3010/3001 5390/3248/3237
f 5382/2555/2545 5616/3238/3227 5385/2658/2649
f 5385/2658/2649 5389/3250/3239 5386/2634/2625
f 4816/3234/3223 5389/3250/3239 5211/3252/3241
f 5386/2634/2625 5389/3250/3239 4816/3234/3223
f 4816/3234/3223 5211/3252/3241 5204/3253/3242
f 5389/3250/3239 5392/3010/3001 5388/3015/3006
f 5389/3250/3239 5388/3015/3006 4896/3019/3010
f 5389/3250/3239 4894/3020/3011 5211/3252/3241
f 5389/3250/3239 4896/3019/3010 4894/3020/3011
f 5210/3254/3243 4892/3054/3045 5203/3237/3226
f 4140/3255/3244 4139/1916/1908 4141/3070/3060
f 4139/1916/1908 4140/3255/3244 4136/1917/1909
f 4139/1916/1908 4142/3060/3051 4141/3070/3060
f 4159/3231/3221 4143/3061/3052 4139/1916/1908
f 4160/2655/2646 4815/3236/3225 4143/3061/3052
f 4139/1916/1908 4143/3061/3052 4142/3060/3051
f 4145/1930/1922 4221/3256/3245 4151/2257/2248
f 4163/2633/2624 5386/2634/2625 4161/3227/3217
f 4359/3147/3137 4371/1963/1953 4370/1958/1949
f 4371/1963/1953 4377/1968/1957 4372/1964/1954
f 4374/3257/3246 4377/1968/1957 4371/1963/1953
f 4493/3151/3141 5027/3258/3247 4824/3152/3142
f 5028/3259/3248 4374/3257/3246 4371/1963/1953
f 5029/3260/3247 5020/3261/3249 4861/3262/3250
f 4489/3263/3251 4935/3264/3252 5020/3261/3249
f 4486/3148/3138 5028/3259/3253 4494/3146/3136
f 5019/3265/3254 5028/3259/3253 4486/3148/3138
f 5020/3261/3249 4935/3264/3252 4861/3262/3250
f 4935/3264/3252 4878/3266/3255 4861/3262/3250
f 4389/3267/3256 4359/3147/3137 4370/1958/1949
f 4991/3268/3257 4858/3269/3258 4935/3264/3252
f 4877/3270/3259 3947/3271/3260 4551/3272/3261
f 4960/3273/3262 4551/3272/3261 3950/3274/3263
f 3950/3274/3263 3947/3271/3260 3946/3275/3264
f 4861/3262/3250 4878/3266/3255 4552/3276/3265
f 4552/3276/3265 4961/3277/3262 4861/3262/3250
f 4934/3278/3252 4857/3279/3266 4877/3270/3259
f 4857/3279/3266 3947/3271/3260 4877/3270/3259
f 4551/3272/3261 3947/3271/3260 3950/3274/3263
f 4374/3257/3246 4960/3273/3267 4377/1968/1957
f 4960/3273/3267 5157/3280/3268 4377/1968/1957
f 4959/3281/3262 3949/3282/3269 5242/3283/3270
f 5083/3225/3215 4360/3284/3271 4415/2070/2060
f 4360/3284/3271 4359/3147/3137 4389/3267/3256
f 294/3285/3272 301/3286/3273 299/3287/3274
f 299/3287/3274 301/3286/3273 3961/3288/3275
f 3961/3288/3275 5045/3289/3276 3965/3290/3277
f 292/3291/3278 305/3292/3279 301/3286/3273
f 3966/3293/3280 3953/3294/3281 4873/3295/3282
f 3966/3293/3280 4812/3296/3283 3953/3294/3281
f 3961/3288/3275 3965/3290/3277 4871/3297/3284
f 4478/3298/3285 4483/3299/3286 4910/3300/3287
f 4482/3301/3288 3962/3302/3289 4874/3303/3282
f 4484/3304/3290 4872/3305/3282 3954/3306/3291
f 4481/3307/3292 4871/3297/3282 4483/3299/3286
f 4871/3297/3293 3952/3308/3294 3945/3309/3295
f 4485/3310/3296 4911/3311/3297 4991/3268/3257
f 4910/3300/3298 3947/3271/3260 4857/3279/3266
f 4912/3312/3297 4484/3304/3290 4556/3313/3299
f 4556/3313/3299 4484/3304/3290 3954/3306/3291
f 4967/3154/3144 4478/3298/3285 4990/3314/3300
f 4968/3315/3301 4935/3264/3252 4489/3263/3251
f 4968/3315/3301 4991/3268/3257 4935/3264/3252
f 4991/3268/3257 4911/3311/3297 4858/3269/3258
f 289/3316/3302 297/3317/3303 3961/3288/3275
f 299/3287/3274 3961/3288/3275 297/3317/3303
f 280/3318/3304 295/3319/3305 287/3320/3306
f 286/3321/3307 299/3287/3274 297/3317/3303
f 268/3322/3308 271/3323/3309 382/3198/3188
f 382/3198/3188 271/3323/3309 274/3193/3183
f 274/3193/3183 4477/3324/3310 4476/3153/3143
f 271/3323/3309 266/3325/3311 274/3193/3183
f 272/3326/3312 277/3327/3313 4490/3328/3314
f 269/3329/3315 277/3327/3313 272/3326/3312
f 4476/3153/3143 4477/3324/3310 4478/3298/3285
f 4477/3324/3310 4479/3330/3316 4478/3298/3285
f 4479/3330/3316 279/3331/3317 289/3316/3318
f 4479/3330/3316 4481/3307/3292 4478/3298/3285
f 279/3331/3317 4479/3330/3316 4477/3324/3310
f 276/3332/3319 290/3333/3306 282/3334/201
f 4478/3298/3285 4481/3307/3292 4483/3299/3286
f 3962/3302/3289 4482/3301/3288 4480/3335/3320
f 4480/3335/3320 291/3336/3306 3962/3302/3289
f 382/3198/3188 274/3193/3183 379/3189/3179
f 4476/3153/3143 4478/3298/3285 4967/3154/3144
f 4154/3337/3321 4398/3165/3155 4399/3338/3322
f 4149/2263/2254 4153/3172/3162 4155/2264/2255
f 4153/3172/3162 4798/3174/3153 4155/2264/2255
f 4799/3163/3153 4398/3165/3155 4154/3337/3321
f 4384/3178/3167 4388/3177/3166 4395/3202/3192
f 4397/3339/3323 4394/2278/2269 4400/2265/2256
f 4400/2265/2256 4394/2278/2269 4150/2259/2250
f 4899/3340/3324 4387/3341/3325 4403/3342/3326
f 4784/3343/3165 4403/3342/3326 4387/3341/3325
f 4150/2259/2250 4394/2278/2269 4426/2261/2252
f 4404/2276/2267 4786/3176/3175 4407/3185/3174
f 4395/3202/3192 4401/2279/2270 4394/2278/2269
f 4395/3202/3192 4404/2276/2267 4401/2279/2270
f 4359/3147/3137 4360/3284/3271 5083/3225/3215
f 4415/2070/2060 4404/2276/2267 4407/3185/3174
f 4407/3185/3174 5083/3225/3215 4415/2070/2060
f 1737/3344/3327 1740/3345/3328 1736/3346/3329
f 1738/3347/3330 1713/3348/3331 1769/3349/3332
f 1696/3350/3333 1681/3351/3334 1683/3352/3335
f 1688/3353/3336 1689/3354/3337 1696/3350/3333
f 1764/3355/3338 1696/3350/3333 1683/3352/3335
f 1764/3355/3338 1779/3356/3339 1696/3350/3333
f 1782/3357/3340 1719/3358/3341 1779/3356/3339
f 1778/3359/3342 1782/3357/3340 1779/3356/3339
f 1779/3356/3339 1764/3355/3338 1767/3360/3343
f 1768/3361/3344 1769/3349/3332 1780/3362/3345
f 1749/3363/3346 1683/3352/3335 1752/3364/3347
f 1743/3365/3348 1683/3352/3335 1749/3363/3346
f 1743/3365/3348 1764/3355/3338 1683/3352/3335
f 1719/3358/3341 1696/3350/3333 1779/3356/3339
f 1738/3347/3330 1769/3349/3332 1768/3361/3344
f 1738/3347/3330 1768/3361/3344 1765/3366/3349
f 1740/3345/3328 1759/3367/3350 1772/3368/3351
f 1740/3345/3328 1741/3369/3352 1747/3370/3353
f 1747/3370/3353 1763/3371/3354 1759/3367/3350
f 1740/3345/3328 1737/3344/3327 1741/3369/3352
f 1751/3372/3355 1752/3364/3347 1762/3373/3356
f 1751/3372/3355 1762/3373/3356 1746/3374/3357
f 1747/3370/3353 1759/3367/3350 1740/3345/3328
f 1737/3344/3327 1750/3375/3358 1741/3369/3352
f 1741/3369/3352 1750/3375/3358 1753/3376/3359
f 1739/3377/3360 1743/3365/3348 1749/3363/3346
f 1689/3354/3337 1676/3378/3361 1681/3351/3334
f 1689/3354/3337 1681/3351/3334 1696/3350/3333
f 1617/3379/3362 1658/3380/3363 1657/3381/3364
f 1762/3373/3356 2964/3382/3365 2980/3383/3366
f 1771/3384/3367 1762/3373/3356 2980/3383/3366
f 1771/3384/3367 2980/3383/3366 1774/3385/3368
f 1758/3386/3369 1762/3373/3356 1771/3384/3367
f 1658/3380/3363 1615/3387/3370 1643/3388/3371
f 1683/3352/3335 1681/3351/3334 1682/3389/3372
f 1752/3364/3347 1683/3352/3335 2964/3382/3365
f 1762/3373/3356 1752/3364/3347 2964/3382/3365
f 1734/3390/3373 1736/3346/3329 1740/3345/3328
f 1647/3391/3374 1653/3392/3375 1683/3352/3335
f 1683/3352/3335 1650/3393/3376 2964/3382/3365
f 1643/3388/3371 1654/3394/3377 1648/3395/3378
f 1658/3380/3363 1643/3388/3371 1684/3396/3379
f 1683/3352/3335 1642/3397/3380 1647/3391/3374
f 1760/3398/3381 1771/3384/3367 1774/3385/3368
f 2987/3399/3382 2999/3400/3383 2980/3383/3366
f 2965/3401/3384 2980/3383/3366 2964/3382/3365
f 2980/3383/3366 2965/3401/3384 2987/3399/3382
f 1757/3402/3385 1740/3345/3328 1755/3403/3386
f 1800/3404/3387 1783/3405/3388 1784/3406/3389
f 1775/3407/3390 1774/3385/3368 1784/3406/3389
f 1784/3406/3389 2980/3383/3366 2999/3400/3383
f 1757/3402/3385 1785/3408/3391 1770/3409/3392
f 1774/3385/3368 2980/3383/3366 1784/3406/3389
f 2987/3399/3382 2996/3410/3393 2999/3400/3383
f 1609/2804/2795 1608/2806/2797 1616/2807/2798
f 1621/3411/3394 1609/2804/2795 1616/2807/2798
f 1621/3411/3394 1616/2807/2798 1618/3412/3395
f 1618/3412/3395 1616/2807/2798 1617/3379/3362
f 1695/3413/3396 1696/3350/3333 1719/3358/3341
f 1687/3414/3397 1674/3415/3398 1697/3416/3399
f 1656/3417/3400 1618/3412/3395 1617/3379/3362
f 1656/3417/3400 1657/3381/3364 1677/3418/3401
f 1689/3354/3337 1675/3419/3402 1676/3378/3361
f 1674/3415/3398 1656/3417/3400 1690/3420/3403
f 1656/3417/3400 1617/3379/3362 1657/3381/3364
f 1656/3417/3400 1674/3415/3398 1618/3412/3395
f 1617/3379/3362 1615/3387/3370 1658/3380/3363
f 3008/3421/3404 2999/3400/3383 2996/3410/3393
f 1766/3422/3405 1770/3409/3392 1801/3423/3406
f 1742/3424/3407 1757/3402/3385 1770/3409/3392
f 1766/3422/3405 1742/3424/3407 1770/3409/3392
f 3013/3425/3408 2999/3400/3383 3008/3421/3404
f 1784/3406/3389 2999/3400/3383 3013/3425/3408
f 3013/3425/3408 1800/3404/3387 1784/3406/3389
f 1801/3423/3406 1807/3426/3409 1766/3422/3405
f 1803/3427/3410 1766/3422/3405 1807/3426/3409
f 1742/3424/3407 1740/3345/3328 1757/3402/3385
f 1616/2807/2798 1614/2808/2799 1615/3387/3370
f 1616/2807/2798 1607/2800/2791 1614/2808/2799
f 1617/3379/3362 1616/2807/2798 1615/3387/3370
f 632/3428/3411 3109/3429/3412 637/3430/3413
f 634/3431/3414 637/3430/3413 640/3432/3415
f 637/3430/3413 3108/3433/3416 640/3432/3415
f 3084/3434/3417 3040/2831/2822 3065/3435/3418
f 3070/2830/2821 3040/2831/2822 3084/3434/3417
f 3109/3429/3412 3108/3433/3416 637/3430/3413
f 3065/3435/3418 3040/2831/2822 3034/3436/3419
f 3049/3437/3420 3032/2851/2842 3059/1863/1855
f 3032/2851/2842 3033/1897/1889 3059/1863/1855
f 3039/2815/2806 3044/3438/3421 3035/2848/2839
f 3045/2832/2823 3044/3438/3421 3039/2815/2806
f 3040/2831/2822 3039/2815/2806 3034/3436/3419
f 3059/1863/1855 3033/1897/1889 3088/1864/1856
f 3071/3439/3422 1789/3440/3423 3048/2843/2834
f 1789/3440/3423 3074/3441/3424 3048/2843/2834
f 3008/3421/3404 3007/3442/3425 3066/3443/3426
f 3013/3425/3408 3008/3421/3404 3074/3441/3424
f 3074/3441/3424 3008/3421/3404 3066/3443/3426
f 3008/3421/3404 2996/3410/3393 3007/3442/3425
f 1787/3444/3427 1802/3445/3428 1789/3440/3423
f 1802/3445/3428 3013/3425/3408 1789/3440/3423
f 1789/3440/3423 3013/3425/3408 3074/3441/3424
f 2992/3446/3429 3010/3447/3430 3007/3442/3425
f 3007/3442/3425 2996/3410/3393 2992/3446/3429
f 2966/3448/3431 2967/3449/3432 2976/3450/3433
f 2977/3451/3434 2976/3450/3433 2992/3446/3429
f 2992/3446/3429 2976/3450/3433 2993/3452/3435
f 2977/3451/3434 2966/3448/3431 2976/3450/3433
f 2976/3450/3433 2967/3449/3432 2968/3453/3436
f 3007/3442/3425 3010/3447/3430 3053/3454/3437
f 3007/3442/3425 3053/3454/3437 3066/3443/3426
f 3045/2832/2823 3066/3443/3426 3053/3454/3437
f 3045/2832/2823 3053/3454/3437 3044/3438/3421
f 3048/2843/2834 3074/3441/3424 3066/3443/3426
f 3048/2843/2834 3066/3443/3426 3045/2832/2823
f 3057/2842/2833 3048/2843/2834 3043/2813/2804
f 1600/3455/3438 3340/3456/3439 1599/3457/3440
f 3344/3458/3441 3342/3459/3442 3340/3456/3439
f 1584/3460/3443 1601/3461/3444 1598/3462/3445
f 3563/3463/3446 3547/3464/3447 3561/3465/3448
f 3346/3466/3449 3348/3467/3450 3342/3459/3442
f 3347/3468/3451 3563/3463/3446 3349/3469/3452
f 3342/3459/3442 3353/3470/3453 3352/3471/3454
f 3342/3459/3442 3350/3472/3455 3353/3470/3453
f 3349/3469/3452 3357/3473/3456 3351/3474/3457
f 3547/3464/3447 3563/3463/3446 3347/3468/3451
f 3547/3464/3447 1578/3475/3458 3561/3465/3448
f 3563/3463/3446 3404/3476/3459 3357/3473/3456
f 3563/3463/3446 3357/3473/3456 3349/3469/3452
f 3348/3467/3450 3350/3472/3455 3342/3459/3442
f 3347/3468/3451 3343/3477/3460 3345/3478/3461
f 1603/2795/2786 1584/3460/3443 1542/2794/2785
f 1603/2795/2786 1542/2794/2785 1604/2793/2784
f 1553/3479/3462 1602/3480/3463 3339/3481/3464
f 1542/2794/2785 1584/3460/3443 1543/3482/3465
f 1584/3460/3443 1598/3462/3445 1543/3482/3465
f 3397/3483/3466 5731/3484/3467 5732/3485/3468
f 3548/3486/3469 3561/3465/3448 3562/3487/3470
f 3404/3476/3459 3548/3486/3469 3408/3488/3471
f 3404/3476/3459 3563/3463/3446 3548/3486/3469
f 3563/3463/3446 3561/3465/3448 3548/3486/3469
f 3381/3489/3472 3397/3483/3466 5581/3490/3473
f 3362/3491/3474 3357/3473/3456 3404/3476/3459
f 3408/3488/3471 3548/3486/3469 3551/3492/3475
f 3555/3493/3476 3408/3488/3471 3551/3492/3475
f 3408/3488/3471 3555/3493/3476 3400/3494/3477
f 3554/3495/3478 3558/3496/3479 3397/3483/3466
f 3399/3497/3480 3554/3495/3478 3397/3483/3466
f 3403/3498/3481 3404/3476/3459 3408/3488/3471
f 3402/3499/3482 3398/3500/3483 3353/3470/3453
f 3353/3470/3453 3398/3500/3483 3394/3501/3484
f 3350/3472/3455 3356/3502/3485 3353/3470/3453
f 3397/3483/3466 3558/3496/3479 5735/3503/3486
f 3397/3483/3466 5735/3503/3486 5731/3484/3467
f 3353/3470/3453 3394/3501/3484 3360/3504/3487
f 3361/3505/3488 3360/3504/3487 3386/3506/3489
f 3360/3504/3487 3380/3507/3490 3386/3506/3489
f 3381/3489/3472 3379/3508/3491 3397/3483/3466
f 3387/3509/3492 3381/3489/3472 5725/3510/3493
f 5734/3511/3494 3557/3512/3495 5269/3513/3496
f 5730/3514/3497 5734/3511/3494 5269/3513/3496
f 3548/3486/3469 3549/3515/3498 3551/3492/3475
f 3551/3492/3475 3549/3515/3498 3556/3516/3499
f 5269/3513/3496 3557/3512/3495 3559/3517/3500
f 1571/3518/3501 1578/3475/3458 3547/3464/3447
f 1567/2801/2792 1565/3519/3502 1568/3520/3503
f 1566/3521/3504 1578/3475/3458 1571/3518/3501
f 1568/3520/3503 1570/3522/3505 1572/3523/3506
f 1567/2801/2792 1568/3520/3503 1595/3524/3507
f 1573/3525/3508 1596/3526/3509 1569/3527/3510
f 1565/3519/3502 1570/3522/3505 1568/3520/3503
f 1592/3528/3511 1594/3529/3512 1573/3525/3508
f 1592/3528/3511 1573/3525/3508 1588/3530/3513
f 1594/3529/3512 1596/3526/3509 1573/3525/3508
f 1588/3530/3513 1573/3525/3508 3547/3464/3447
f 1595/3524/3507 1593/3531/3514 1591/3532/3515
f 3547/3464/3447 3347/3468/3451 1588/3530/3513
f 1567/2801/2792 1595/3524/3507 1589/3533/3516
f 1584/3460/3443 1589/3533/3516 1579/3534/3517
f 1590/3535/3518 1592/3528/3511 1588/3530/3513
f 1589/3533/3516 1587/3536/3519 1579/3534/3517
f 1579/3534/3517 1582/3537/3520 1584/3460/3443
f 1583/3538/3521 3345/3478/3461 3341/3539/3522
f 1600/3455/3438 1581/3540/3523 3340/3456/3439
f 1580/3541/3524 1581/3540/3523 1600/3455/3438
f 1589/3533/3516 1595/3524/3507 1591/3532/3515
f 1585/3542/3525 1588/3530/3513 1586/3543/3526
f 1588/3530/3513 3347/3468/3451 1586/3543/3526
f 1586/3543/3526 3347/3468/3451 3345/3478/3461
f 1586/3543/3526 3345/3478/3461 1583/3538/3521
f 3353/3470/3453 3360/3504/3487 3352/3471/3454
f 3352/3471/3454 3361/3505/3488 3358/3544/3527
f 3352/3471/3454 3360/3504/3487 3361/3505/3488
f 3363/3545/3528 3387/3509/3492 3385/3546/3529
f 3358/3544/3527 3361/3505/3488 3382/3547/3530
f 3387/3509/3492 5725/3510/3493 3385/3546/3529
f 3354/2475/2464 3339/3481/3464 3355/3548/3531
f 3355/3548/3531 3352/3471/3454 3358/3544/3527
f 3339/3481/3464 3352/3471/3454 3355/3548/3531
f 3340/3456/3439 3342/3459/3442 3339/3481/3464
f 3342/3459/3442 3352/3471/3454 3339/3481/3464
f 1602/3480/3463 1599/3457/3440 3339/3481/3464
f 1599/3457/3440 3340/3456/3439 3339/3481/3464
f 3393/2457/2446 5434/2459/2448 3406/2454/2443
f 3368/3549/3532 3389/2472/2461 3411/2448/2437
f 3359/2473/2462 3368/3549/3532 3411/2448/2437
f 3355/3548/3531 3366/3550/3533 3370/3551/3534
f 3371/3552/3535 3369/3553/3536 5475/3554/3537
f 3371/3552/3535 5475/3554/3537 3378/3555/3538
f 3355/3548/3531 3370/3551/3534 3365/3556/3539
f 3359/2473/2462 3365/3556/3539 3364/3557/3540
f 3365/3556/3539 3370/3551/3534 3377/3558/3541
f 3364/3557/3540 3365/3556/3539 3374/3559/3542
f 3373/3560/3543 5440/3561/3544 3375/3562/3545
f 3375/3562/3545 5440/3561/3544 3391/3563/3546
f 3364/3557/3540 3374/3559/3542 3390/3564/3547
f 3359/2473/2462 3364/3557/3540 3368/3549/3532
f 3355/3548/3531 3358/3544/3527 3366/3550/3533
f 3336/2461/2450 3354/2475/2464 3359/2473/2462
f 3355/3548/3531 3365/3556/3539 3359/2473/2462
f 3354/2475/2464 3355/3548/3531 3359/2473/2462
f 1577/2799/2790 1567/2801/2792 1597/2797/2788
f 1603/2795/2786 1567/2801/2792 1589/3533/3516
f 1603/2795/2786 1589/3533/3516 1584/3460/3443
f 5467/3565/3548 5527/3566/3549 5587/3567/3550
f 5483/3568/3551 5445/3569/3552 5446/3570/3553
f 5454/3571/3554 5457/3572/3555 5456/3573/3556
f 5471/3574/3557 5449/3575/3558 5568/3576/3559
f 5455/3577/3560 5470/3578/3561 5454/3571/3554
f 5670/3579/3562 5470/3578/3561 5455/3577/3560
f 5470/3578/3561 5451/3580/3563 5454/3571/3554
f 5434/2459/2448 5439/3581/3564 5438/3582/3565
f 5485/3583/3566 5468/3584/3567 5658/3585/3568
f 5657/3586/3569 5469/3587/3570 5612/3588/3571
f 3393/2457/2446 5439/3581/3564 5434/2459/2448
f 5439/3581/3564 5613/3589/3572 5438/3582/3565
f 5437/3590/3573 5612/3588/3571 5469/3587/3570
f 5455/3577/3560 5454/3571/3554 5456/3573/3556
f 5438/3582/3565 5602/3591/3574 5434/2459/2448
f 5602/3591/3574 5456/3573/3556 5586/3592/3575
f 5456/3573/3556 5466/3593/3576 5586/3592/3575
f 5602/3591/3574 5586/3592/3575 5434/2459/2448
f 5442/3594/3577 5441/3595/3578 5445/3569/3552
f 5442/3594/3577 5445/3569/3552 5483/3568/3551
f 5484/3596/3579 5471/3574/3557 5671/3597/3580
f 5442/3594/3577 5483/3568/3551 5670/3579/3581
f 5484/3596/3579 5449/3575/3558 5471/3574/3557
f 5440/3561/3544 5444/3598/3582 5441/3595/3578
f 3391/3563/3546 5440/3561/3544 5439/3581/3564
f 5468/3584/3567 5485/3583/3566 5672/3599/3583
f 3388/3600/3584 3391/3563/3546 5439/3581/3564
f 5440/3561/3544 5441/3595/3578 5439/3581/3564
f 3388/3600/3584 5439/3581/3564 3393/2457/2446
f 5441/3595/3578 5442/3594/3577 5456/3601/3585
f 5673/3602/3586 5486/3603/3587 5612/3588/3571
f 5486/3603/3587 5657/3586/3569 5612/3588/3571
f 5514/3604/3588 5750/3605/3589 5298/3606/3590
f 3384/3607/3591 5479/3608/3592 3367/3609/3593
f 5454/3571/3554 5451/3580/3563 5452/3610/3594
f 5454/3571/3554 5452/3610/3594 5473/3611/3595
f 5474/3612/3596 5450/3613/3597 5447/3614/3598
f 5446/3570/3553 5447/3614/3598 5450/3613/3597
f 5444/3598/3582 5445/3569/3552 5441/3595/3578
f 5447/3614/3598 5446/3570/3553 5445/3569/3552
f 5446/3570/3553 5450/3613/3597 5451/3580/3563
f 5451/3580/3563 5450/3613/3597 5452/3610/3594
f 5475/3554/3537 5448/3615/3599 5445/3569/3552
f 5448/3615/3599 5447/3614/3598 5445/3569/3552
f 5443/3616/3600 3376/3617/3601 5521/3618/3602
f 3372/3619/3603 3376/3617/3601 5686/3620/3604
f 3376/3617/3601 5443/3616/3600 5686/3620/3604
f 3369/3553/3536 3367/3609/3593 5475/3554/3537
f 3367/3609/3593 5448/3615/3599 5475/3554/3537
f 5452/3610/3594 5741/3621/3605 5473/3611/3595
f 5743/3622/3606 5300/3623/3607 5739/3624/3608
f 5452/3610/3594 5450/3613/3597 5744/3625/3609
f 5743/3622/3606 5739/3624/3608 5453/3626/3610
f 5747/3627/3611 5514/3604/3588 5298/3606/3590
f 5512/3628/3612 5513/3629/3613 5746/3630/3614
f 5296/3631/3615 5746/3630/3616 5297/3632/3617
f 5296/3631/3615 5301/3633/3618 5744/3625/3619
f 3367/3609/3593 5477/3634/3620 5448/3615/3599
f 5447/3614/3598 5755/3635/3621 5474/3612/3596
f 5474/3612/3596 5752/3636/3622 5450/3613/3597
f 5754/3637/3623 5515/3638/3624 5729/3639/3625
f 5729/3639/3625 5515/3638/3624 5751/3640/3626
f 5751/3640/3626 5515/3638/3624 5745/3641/3611
f 5751/3640/3626 5745/3641/3611 5299/3642/3627
f 5751/3640/3626 5299/3642/3627 5742/3643/3606
f 5518/3644/3628 5751/3640/3626 5742/3643/3606
f 3367/3609/3593 5479/3608/3592 5480/3645/3629
f 3367/3609/3593 5480/3645/3629 5477/3634/3620
f 5511/3646/3630 5480/3645/3629 5512/3628/3612
f 5511/3646/3630 5512/3628/3612 5755/3635/3621
f 5482/3647/3631 5478/3648/3632 5476/3649/3633
f 5478/3648/3632 5481/3650/3634 5476/3649/3633
f 5481/3650/3634 5663/3651/3635 5476/3649/3633
f 5511/3646/3630 5755/3635/3621 5447/3614/3598
f 5723/3652/3636 3383/3653/3637 5724/3654/3638
f 5479/3608/3592 5725/3510/3493 5480/3645/3629
f 5480/3645/3629 5516/3655/3639 5512/3628/3612
f 5480/3645/3629 5725/3510/3493 5581/3490/3473
f 5725/3510/3493 3381/3489/3472 5581/3490/3473
f 5581/3490/3473 5516/3655/3639 5480/3645/3629
f 2911/2856/2847 2909/3656/3640 3058/2849/2840
f 2909/3656/3640 2905/2857/2848 2902/2859/2850
f 2909/3656/3640 2902/2859/2850 2903/3657/3641
f 2899/3658/3642 2897/2924/2915 2900/2927/2918
f 2899/3658/3642 2900/2927/2918 2901/3659/3643
f 2903/3657/3641 2899/3658/3642 2901/3659/3643
f 2654/3660/3644 3077/3661/3645 2651/3662/3646
f 2628/3663/3647 2653/3664/3648 2650/3665/3649
f 2652/3666/3650 2651/3662/3646 2660/3667/3651
f 2638/3668/3652 3077/3661/3645 2654/3660/3644
f 2629/3669/3653 2653/3664/3648 2628/3663/3647
f 2639/3670/3654 3077/3661/3645 2638/3668/3652
f 2629/3669/3653 2628/3663/3647 2595/3671/3655
f 2595/3671/3655 2633/3672/3656 2606/3673/3657
f 2644/3674/3658 3077/3661/3645 2639/3670/3654
f 2606/3673/3657 2645/3675/3659 2643/3676/3660
f 2635/3677/3661 2606/3673/3657 2643/3676/3660
f 2606/3673/3657 2635/3677/3661 2629/3669/3653
f 2606/3673/3657 2629/3669/3653 2595/3671/3655
f 2646/3678/3662 3077/3661/3645 2644/3674/3658
f 3047/2850/2841 3067/3679/3663 3077/3661/3645
f 3042/3680/3664 3047/2850/2841 3077/3661/3645
f 2651/3662/3646 3105/3681/3665 2660/3667/3651
f 2651/3662/3646 3067/3679/3663 3105/3681/3665
f 2651/3662/3646 3077/3661/3645 3067/3679/3663
f 2801/3682/3666 3042/3680/3664 3077/3661/3645
f 2799/3683/3667 2801/3682/3666 3077/3661/3645
f 2801/3682/3666 2799/3683/3667 2780/3684/3668
f 2780/3684/3668 2799/3683/3667 2781/3685/3669
f 2633/3672/3656 2641/3686/3670 2606/3673/3657
f 2799/3683/3667 2642/3687/3671 2784/3688/3672
f 2642/3687/3671 2646/3678/3662 2637/3689/3673
f 2642/3687/3671 3077/3661/3645 2646/3678/3662
f 2799/3683/3667 3077/3661/3645 2642/3687/3671
f 2773/3690/3674 2798/3691/3675 2633/3672/3656
f 3042/3680/3664 3038/2846/2837 3047/2850/2841
f 3105/3681/3665 3067/3679/3663 2910/3692/3676
f 3058/2849/2840 2910/3692/3676 3067/3679/3663
f 3047/2850/2841 3058/2849/2840 3067/3679/3663
f 2899/3658/3642 2898/2858/2849 2897/2924/2915
f 2902/2859/2850 2898/2858/2849 2899/3658/3642
f 2902/2859/2850 2899/3658/3642 2903/3657/3641
f 2909/3656/3640 2911/2856/2847 2905/2857/2848
f 2910/3692/3676 2908/3693/3677 3105/3681/3665
f 3058/2849/2840 2909/3656/3640 2910/3692/3676
f 2910/3692/3676 2903/3657/3641 2908/3693/3677
f 2910/3692/3676 2909/3656/3640 2903/3657/3641
f 1863/3694/3678 1861/3695/3679 1834/3696/3680
f 1841/3697/3681 1838/3698/3682 1836/3699/3683
f 1838/3698/3682 1841/3697/3681 3175/3700/3684
f 3175/3700/3684 1841/3697/3681 1856/3701/3685
f 1856/3701/3685 1872/3702/3686 3175/3700/3684
f 1841/3697/3681 1846/3703/3687 1856/3701/3685
f 1856/3701/3685 1860/3704/3688 1872/3702/3686
f 1861/3695/3679 1863/3694/3678 1873/3705/3689
f 1828/3706/3690 1834/3696/3680 1833/3707/3691
f 1856/3701/3685 1846/3703/3687 1843/3708/3692
f 1857/3709/3693 1833/3707/3691 1834/3696/3680
f 1857/3709/3693 1834/3696/3680 1861/3695/3679
f 1842/3710/3694 1837/3711/3695 1833/3707/3691
f 1833/3707/3691 1847/3712/3696 1842/3710/3694
f 3830/3713/3697 3197/3714/3698 3195/3715/3699
f 3830/3713/3697 3195/3715/3699 3851/3716/3700
f 3824/3717/3701 3830/3713/3697 3851/3716/3700
f 3169/3718/3702 3175/3700/3684 3171/3719/3703
f 3168/3720/3704 3169/3718/3702 3171/3719/3703
f 3170/3721/3705 3168/3720/3704 3171/3719/3703
f 3170/3721/3705 3171/3719/3703 3172/3722/3706
f 3170/3721/3705 3172/3722/3706 3173/3723/3707
f 3196/3724/3708 3170/3721/3705 3173/3723/3707
f 3197/3714/3698 3187/3725/3709 3195/3715/3699
f 3825/3726/3710 3207/3727/3711 3830/3713/3697
f 3830/3713/3697 3207/3727/3711 3191/3728/3712
f 3830/3713/3697 3202/3729/3713 3190/3730/3714
f 3191/3728/3712 3202/3729/3713 3830/3713/3697
f 3186/3731/3715 3168/3720/3704 3201/3732/3716
f 3169/3718/3702 3168/3720/3704 3186/3731/3715
f 3830/3713/3697 3190/3730/3714 3197/3714/3698
f 3190/3730/3714 3193/3733/3717 3197/3714/3698
f 3825/3726/3710 3830/3713/3697 3824/3717/3701
f 3171/3719/3703 3176/3734/3718 3174/3735/3719
f 3171/3719/3703 3175/3700/3684 3176/3734/3718
f 1872/3702/3686 3199/3736/3720 3181/3737/3721
f 1872/3702/3686 3181/3737/3721 3175/3700/3684
f 1862/3738/3722 3199/3736/3720 1872/3702/3686
f 3199/3736/3720 3320/3739/3723 3181/3737/3721
f 3764/3740/3724 3761/3741/3725 3760/3742/3726
f 3841/3743/3727 3248/3744/3728 3245/3745/3729
f 3245/3745/3729 3243/3746/3730 3841/3743/3727
f 3761/3741/3725 3757/3747/3731 3756/3748/3732
f 3761/3741/3725 3756/3748/3732 3760/3742/3726
f 3841/3743/3727 3243/3746/3730 3777/3749/3733
f 3843/3750/3734 3841/3743/3727 3777/3749/3733
f 3843/3750/3734 3777/3749/3733 3765/3751/3735
f 3843/3750/3734 3765/3751/3735 3845/3752/3736
f 3767/3753/3737 3765/3751/3735 3758/3754/3738
f 3765/3751/3735 3767/3753/3737 3845/3752/3736
f 3767/3753/3737 3758/3754/3738 3763/3755/3739
f 3251/3756/3740 3183/3757/3741 3249/3758/3742
f 3851/3716/3700 3195/3715/3699 3842/3759/3743
f 3194/3760/3744 3172/3722/3706 3211/3761/3745
f 3194/3760/3744 3173/3723/3707 3172/3722/3706
f 3195/3715/3699 3212/3762/3746 3842/3759/3743
f 3172/3722/3706 3180/3763/3747 3211/3761/3745
f 3208/3764/3748 3180/3763/3747 3177/3765/3749
f 3189/3766/3750 3209/3767/3751 3212/3762/3746
f 3212/3762/3746 3209/3767/3751 3198/3768/3752
f 3212/3762/3746 3198/3768/3752 3842/3759/3743
f 3209/3767/3751 3185/3769/3753 3198/3768/3752
f 3759/3770/3754 3769/3771/3755 3227/3772/3756
f 3757/3747/3731 3759/3770/3754 3756/3748/3732
f 3759/3770/3754 3227/3772/3756 3756/3748/3732
f 3243/3746/3730 3231/3773/3757 3230/3774/3758
f 3243/3746/3730 3230/3774/3758 3235/3775/3759
f 3234/3776/3760 3225/3777/3761 3232/3778/3762
f 3235/3775/3759 3233/3779/3763 3777/3749/3733
f 3243/3746/3730 3235/3775/3759 3777/3749/3733
f 3226/3780/3764 3227/3772/3756 3769/3771/3755
f 3232/3778/3762 3225/3777/3761 3220/3781/3765
f 3233/3779/3763 3239/3782/3766 3777/3749/3733
f 3232/3778/3762 3220/3781/3765 3238/3783/3767
f 3237/3784/3768 3226/3780/3764 3769/3771/3755
f 3225/3777/3761 3224/3785/3769 3220/3781/3765
f 3227/3772/3756 3228/3786/3770 3756/3748/3732
f 3220/3781/3765 3214/3787/3771 3229/3788/3772
f 3756/3748/3732 3228/3786/3770 3222/3789/3773
f 3229/3788/3772 3214/3787/3771 3223/3790/3774
f 3220/3781/3765 3213/3791/3775 3214/3787/3771
f 3172/3722/3706 3171/3719/3703 3174/3735/3719
f 3198/3768/3752 3250/3792/3776 3841/3743/3727
f 3250/3792/3776 3248/3744/3728 3841/3743/3727
f 3198/3768/3752 3252/3793/3777 3250/3792/3776
f 3198/3768/3752 3841/3743/3727 3842/3759/3743
f 3177/3765/3749 3174/3735/3719 3184/3794/3778
f 3210/3795/3779 3177/3765/3749 3184/3794/3778
f 3251/3756/3740 3184/3794/3778 3183/3757/3741
f 3198/3768/3752 3188/3796/3780 3252/3793/3777
f 3172/3722/3706 3174/3735/3719 3177/3765/3749
f 3172/3722/3706 3177/3765/3749 3180/3763/3747
f 653/3797/3781 647/3798/3782 650/3799/3783
f 653/3797/3781 650/3799/3783 3101/3800/3784
f 659/3801/3785 649/3802/3786 653/3797/3781
f 659/3801/3785 653/3797/3781 3101/3800/3784
f 640/3432/3415 3092/3803/3787 3101/3800/3784
f 642/3804/3788 640/3432/3415 650/3799/3783
f 650/3799/3783 640/3432/3415 3101/3800/3784
f 3103/3805/3789 3099/3806/3790 3083/3807/3791
f 3082/3808/3792 3073/3809/3793 3050/3810/3794
f 1297/3811/3795 675/3812/3796 3103/3805/3789
f 3068/3813/3797 3102/3814/3798 3082/3808/3792
f 3069/3815/3799 1297/3811/3795 3103/3805/3789
f 1290/3816/3800 1295/3817/3801 3068/3813/3797
f 1289/3818/3802 1290/3816/3800 3068/3813/3797
f 1289/3818/3802 3082/3808/3792 3051/3819/3803
f 1301/3820/3804 3051/3819/3803 3052/3821/3805
f 1300/3822/3806 1301/3820/3804 3052/3821/3805
f 668/3823/3807 664/3824/3808 3099/3806/3790
f 668/3823/3807 3099/3806/3790 3103/3805/3789
f 675/3812/3796 668/3823/3807 3103/3805/3789
f 1289/3818/3802 3068/3813/3797 3082/3808/3792
f 646/3825/3809 659/3801/3785 657/3826/3810
f 655/3827/3811 657/3826/3810 664/3824/3808
f 661/3828/3812 664/3824/3808 668/3823/3807
f 3099/3806/3790 659/3801/3785 3101/3800/3784
f 664/3824/3808 659/3801/3785 3099/3806/3790
f 657/3826/3810 659/3801/3785 664/3824/3808
f 3052/3821/3805 3051/3819/3803 3050/3810/3794
f 3082/3808/3792 3050/3810/3794 3051/3819/3803
f 1289/3818/3802 3051/3819/3803 1293/3829/3813
f 1293/3829/3813 3051/3819/3803 1301/3820/3804
f 1298/3830/3814 1293/3829/3813 1301/3820/3804
f 3073/3809/3793 3100/3831/3815 3081/3832/3816
f 3050/3810/3794 3080/3833/3817 3034/3436/3419
f 3081/3832/3816 3080/3833/3817 3050/3810/3794
f 3073/3809/3793 3081/3832/3816 3050/3810/3794
f 3101/3800/3784 3092/3803/3787 3093/3834/3818
f 3101/3800/3784 3093/3834/3818 3094/3835/3819
f 3061/2852/2843 2774/1901/1893 3064/1900/1892
f 2903/3657/3641 2901/3659/3643 2907/3836/3820
f 2908/3693/3677 2903/3657/3641 2907/3836/3820
f 2901/3659/3643 2900/2927/2918 2439/3837/3821
f 2662/3838/3822 2670/3839/3823 2666/3840/3824
f 2660/3667/3651 3105/3681/3665 2662/3838/3822
f 2640/3841/3825 2655/3842/3826 2661/3843/3827
f 3105/3681/3665 2670/3839/3823 2662/3838/3822
f 2640/3841/3825 2669/3844/3828 2656/3845/3829
f 2628/3663/3647 2655/3842/3826 2640/3841/3825
f 2628/3663/3647 2640/3841/3825 2598/3846/3830
f 2640/3841/3825 2656/3845/3829 2632/3847/3831
f 2632/3847/3831 2598/3846/3830 2640/3841/3825
f 2585/3848/3832 2598/3846/3830 2584/3849/3833
f 2584/3849/3833 2598/3846/3830 2632/3847/3831
f 2585/3848/3832 2595/3671/3655 2598/3846/3830
f 2587/3850/3834 2595/3671/3655 2585/3848/3832
f 2592/3851/3835 2733/3852/3836 2595/3671/3655
f 2592/3851/3835 2595/3671/3655 2587/3850/3834
f 2728/2309/2300 2733/3852/3836 2592/3851/3835
f 2595/3671/3655 2628/3663/3647 2598/3846/3830
f 2733/3852/3836 2633/3672/3656 2595/3671/3655
f 2632/3847/3831 2673/3853/3837 2534/3854/3838
f 2632/3847/3831 2682/3855/3839 2673/3853/3837
f 2632/3847/3831 2677/3856/3840 2682/3855/3839
f 2512/3857/3841 2492/3858/3842 2494/3859/3843
f 2479/3860/3844 2907/3836/3820 2468/3861/3845
f 2479/3860/3844 2915/3862/3846 2907/3836/3820
f 2691/3863/3847 2500/3864/3848 2512/3857/3841
f 2686/3865/3849 2915/3862/3846 2500/3864/3848
f 2686/3865/3849 2500/3864/3848 2691/3863/3847
f 2686/3865/3849 2691/3863/3847 2689/3866/3850
f 2468/3861/3845 2465/3867/3851 2479/3860/3844
f 2486/3868/3852 2479/3860/3844 2483/3869/3853
f 2915/3862/3846 2479/3860/3844 2486/3868/3852
f 2501/3870/3854 2487/3871/3855 2478/3872/3856
f 2500/3864/3848 2915/3862/3846 2486/3868/3852
f 2500/3864/3848 2492/3858/3842 2512/3857/3841
f 2501/3870/3854 2478/3872/3856 2493/3873/3857
f 2697/3874/3858 2691/3863/3847 2512/3857/3841
f 2687/3875/3859 2691/3863/3847 2697/3874/3858
f 2696/3876/3860 2523/3877/3861 2673/3853/3837
f 2687/3875/3859 2697/3874/3858 2688/3878/3862
f 2512/3857/3841 2514/3879/3863 2697/3874/3858
f 2677/3856/3840 2690/3880/3864 2682/3855/3839
f 2478/3872/3856 2448/2945/2936 2485/3881/3865
f 2493/3873/3857 2478/3872/3856 2485/3881/3865
f 2460/3882/3866 2468/3861/3845 2456/3883/3867
f 2459/3884/3868 2469/3885/3869 2461/3886/3870
f 2470/3887/3871 2441/2943/2934 2478/3872/3856
f 3105/3681/3665 2915/3862/3846 2670/3839/3823
f 2915/3862/3846 2674/3888/3872 2670/3839/3823
f 2686/3865/3849 2684/3889/3873 2915/3862/3846
f 2674/3888/3872 2915/3862/3846 2684/3889/3873
f 2679/3890/3874 2684/3889/3873 2686/3865/3849
f 2680/3891/3875 2685/3892/3876 2677/3856/3840
f 2803/3893/3877 3042/3680/3664 2801/3682/3666
f 3036/2847/2838 3042/3680/3664 2803/3893/3877
f 2767/3894/3878 2800/3895/3879 2765/3896/3880
f 2767/3894/3878 2802/3897/3881 2800/3895/3879
f 2778/3898/3882 2801/3682/3666 2780/3684/3668
f 2733/3852/3836 2773/3690/3674 2633/3672/3656
f 2765/3896/3880 2773/3690/3674 2733/3852/3836
f 2779/3899/3883 2773/3690/3674 2765/3896/3880
f 2728/2309/2300 2726/1895/1887 2733/3852/3836
f 2733/3852/3836 2767/3894/3878 2765/3896/3880
f 2751/2246/2237 2767/3894/3878 2733/3852/3836
f 2785/3900/3884 2787/3901/3885 2767/3894/3878
f 2726/1895/1887 2751/2246/2237 2733/3852/3836
f 2796/3902/3886 3061/2852/2843 2803/3893/3877
f 3061/2852/2843 3036/2847/2838 2803/3893/3877
f 3036/2847/2838 3038/2846/2837 3042/3680/3664
f 2791/3903/3887 2797/3904/3888 2751/2246/2237
f 2751/2246/2237 2797/3904/3888 2785/3900/3884
f 2774/1901/1893 2796/3902/3886 2790/3905/3889
f 2785/3900/3884 2767/3894/3878 2751/2246/2237
f 2789/3906/3890 2788/3907/3891 2803/3893/3877
f 2796/3902/3886 2803/3893/3877 2788/3907/3891
f 2786/3908/3892 2796/3902/3886 2788/3907/3891
f 2774/1901/1893 3061/2852/2843 2796/3902/3886
f 2753/1904/1896 2791/3903/3887 2751/2246/2237
f 2656/3845/3829 2667/3909/3893 2632/3847/3831
f 2632/3847/3831 2667/3909/3893 2678/3910/3894
f 2680/3891/3875 2677/3856/3840 2632/3847/3831
f 2667/3909/3893 2683/3911/3895 2678/3910/3894
f 2584/3849/3833 2632/3847/3831 2534/3854/3838
f 2681/3912/3896 2679/3890/3874 2686/3865/3849
f 2632/3847/3831 2678/3910/3894 2680/3891/3875
f 2668/3913/3897 2674/3888/3872 2684/3889/3873
f 2907/3836/3820 2901/3659/3643 2468/3861/3845
f 3105/3681/3665 2908/3693/3677 2915/3862/3846
f 2908/3693/3677 2907/3836/3820 2915/3862/3846
f 3075/1878/1870 3052/3821/3805 3059/1863/1855
f 1308/3914/3898 3052/3821/3805 3075/1878/1870
f 1305/3915/3899 1303/3916/3900 1308/3914/3898
f 1331/3917/3901 1305/3915/3899 1308/3914/3898
f 1320/3918/3902 1331/3917/3901 1324/1860/1852
f 2883/1880/1872 3075/1878/1870 2888/1862/1854
f 1308/3914/3898 3075/1878/1870 1331/3917/3901
f 1324/1860/1852 1331/3917/3901 3075/1878/1870
f 3059/1863/1855 3052/3821/3805 3050/3810/3794
f 2888/1862/1854 3075/1878/1870 3059/1863/1855
f 1316/3919/3903 1324/1860/1852 1321/1859/1851
f 218/3920/3904 225/3921/3905 231/3922/3906
f 218/3920/3904 231/3922/3906 3110/3923/3907
f 3110/3923/3907 3098/3924/3908 3072/3925/3909
f 3072/3925/3909 3098/3924/3908 3060/3926/3910
f 218/3920/3904 3110/3923/3907 175/3927/3911
f 175/3927/3911 194/3928/3912 218/3920/3904
f 143/3929/3913 194/3928/3912 175/3927/3911
f 3072/3925/3909 175/3927/3911 3110/3923/3907
f 193/3930/3914 218/3920/3904 194/3928/3912
f 1777/3931/3915 1773/3932/3916 1790/3933/3917
f 1742/3424/3407 1766/3422/3405 1773/3932/3916
f 1787/3444/3427 1789/3440/3423 1788/3934/3918
f 1756/3935/3919 1773/3932/3916 1777/3931/3915
f 1793/3936/3920 1776/3937/3921 3071/3439/3422
f 1776/3937/3921 1789/3440/3423 3071/3439/3422
f 3097/3938/3922 3071/3439/3422 1797/3939/3923
f 3060/3926/3910 1795/3940/3924 1797/3939/3923
f 3060/3926/3910 1797/3939/3923 3071/3439/3422
f 1809/3941/3925 1808/3942/3926 1744/3943/3927
f 1809/3941/3925 1744/3943/3927 1799/3944/3928
f 1811/3945/3929 1809/3941/3925 1799/3944/3928
f 1744/3943/3927 1745/3946/3930 1799/3944/3928
f 1799/3944/3928 1745/3946/3930 1805/3947/3931
f 231/3922/3906 240/3948/3932 3110/3923/3907
f 1808/3942/3926 1812/3949/3933 1744/3943/3927
f 257/3950/3934 1817/3951/3935 1815/3952/3936
f 1816/3953/3937 1812/3949/3933 1808/3942/3926
f 257/3950/3934 1815/3952/3936 1814/3954/3938
f 240/3948/3932 245/3955/3939 250/3956/3940
f 257/3950/3934 1814/3954/3938 3110/3923/3907
f 234/3957/3941 245/3955/3939 240/3948/3932
f 250/3956/3940 257/3950/3934 3110/3923/3907
f 3110/3923/3907 240/3948/3932 250/3956/3940
f 1796/3958/3942 1745/3946/3930 1754/3959/3943
f 1814/3954/3938 1813/3960/3944 3098/3924/3908
f 1814/3954/3938 3098/3924/3908 3110/3923/3907
f 1813/3960/3944 1810/3961/3945 3098/3924/3908
f 1805/3947/3931 1745/3946/3930 1796/3958/3942
f 3098/3924/3908 1810/3961/3945 1804/3962/3946
f 1804/3962/3946 1806/3963/3947 3098/3924/3908
f 1806/3963/3947 1795/3940/3924 3060/3926/3910
f 3098/3924/3908 1806/3963/3947 3060/3926/3910
f 1756/3935/3919 1742/3424/3407 1773/3932/3916
f 1761/3964/3948 1776/3937/3921 1793/3936/3920
f 1748/3965/3949 1756/3935/3919 1792/3966/3950
f 1756/3935/3919 1794/3967/3951 1792/3966/3950
f 1798/3968/3952 1796/3958/3942 1754/3959/3943
f 1786/3969/3953 1791/3970/3954 3097/3938/3922
f 1791/3970/3954 1793/3936/3920 3071/3439/3422
f 3097/3938/3922 1791/3970/3954 3071/3439/3422
f 1754/3959/3943 1745/3946/3930 1748/3965/3949
f 1748/3965/3949 1742/3424/3407 1756/3935/3919
f 3063/2841/2832 3072/3925/3909 3057/2842/2833
f 3063/2841/2832 122/3971/3955 129/3972/3956
f 3063/2841/2832 3057/2842/2833 3056/2812/2803
f 124/3973/3957 157/3974/3958 129/3972/3956
f 3063/2841/2832 129/3972/3956 157/3974/3958
f 3057/2842/2833 3060/3926/3910 3048/2843/2834
f 3072/3925/3909 3060/3926/3910 3057/2842/2833
f 3071/3439/3422 3048/2843/2834 3060/3926/3910
f 157/3974/3958 3072/3925/3909 3063/2841/2832
f 159/3975/3959 136/3976/3960 175/3927/3911
f 155/3977/3961 159/3975/3959 3072/3925/3909
f 157/3974/3958 155/3977/3961 3072/3925/3909
f 140/3978/3962 143/3929/3913 175/3927/3911
f 175/3927/3911 3072/3925/3909 159/3975/3959
f 2217/3979/3963 2219/3980/3964 2215/3981/3965
f 2215/3981/3965 2219/3980/3964 3334/3982/3966
f 2211/3983/3967 2215/3981/3965 3334/3982/3966
f 2160/3984/3968 2218/3985/3969 2216/3986/3970
f 2160/3984/3968 2161/3987/3971 2218/3985/3969
f 2175/3988/3972 2163/3989/3973 2167/3990/3974
f 3430/3991/3975 2182/3992/3976 3427/3993/3977
f 3427/3993/3977 2184/3994/3978 2174/3995/3979
f 3427/3993/3977 2174/3995/3979 2179/3996/3980
f 2321/3997/3981 2323/3998/3982 2325/3999/3983
f 3640/4000/3984 3639/4001/3985 3641/4002/3986
f 3641/4002/3986 2341/4003/3987 2323/3998/3982
f 2323/3998/3982 2341/4003/3987 2325/3999/3983
f 2175/3988/3972 2185/4004/3988 2166/4005/3989
f 2182/3992/3976 2184/3994/3978 3427/3993/3977
f 2175/3988/3972 2166/4005/3989 2163/3989/3973
f 2163/3989/3973 2166/4005/3989 2161/3987/3971
f 3641/4002/3986 3437/4006/3990 3439/4007/3991
f 2339/4008/3992 2341/4003/3987 3439/4007/3991
f 2335/4009/3993 2340/4010/3994 2337/4011/3995
f 3430/3991/3975 3427/3993/3977 2332/4012/3996
f 3641/4002/3986 3439/4007/3991 2341/4003/3987
f 2325/3999/3983 2341/4003/3987 2334/4013/3997
f 3437/4006/3990 3434/4014/3998 3439/4007/3991
f 3438/4015/3999 3433/4016/4000 2338/4017/4001
f 2342/4018/4002 2340/4010/3994 2335/4009/3993
f 3436/4019/4003 3430/3991/3975 3433/4016/4000
f 2338/4017/4001 3433/4016/4000 3430/3991/3975
f 2332/4012/3996 2338/4017/4001 3430/3991/3975
f 3641/4002/3986 3435/4020/4004 3437/4006/3990
f 3467/4021/4005 3465/4022/4006 3446/4023/4007
f 3446/4023/4007 3465/4022/4006 3430/3991/3975
f 3465/4022/4006 3444/4024/4008 3430/3991/3975
f 3430/3991/3975 3444/4024/4008 3443/4025/4009
f 3443/4025/4009 2182/3992/3976 3430/3991/3975
f 2163/3989/3973 2161/3987/3971 2160/3984/3968
f 3424/4026/4010 2206/4027/4011 3421/4028/4012
f 3425/4029/4013 3424/4026/4010 2328/4030/4014
f 2186/4031/4015 2206/4027/4011 2193/4032/4016
f 2193/4032/4016 2206/4027/4011 3424/4026/4010
f 3421/4028/4012 2188/4033/4017 2197/4034/4018
f 2197/4034/4018 3337/2468/2457 3421/4028/4012
f 2206/4027/4011 2188/4033/4017 3421/4028/4012
f 2328/4030/4014 2307/4035/4019 2317/4036/4020
f 2297/4037/4021 2318/4038/4022 2308/4039/4023
f 2317/4036/4020 3425/4029/4013 2328/4030/4014
f 2305/4040/4024 2303/4041/4025 3425/4029/4013
f 2305/4040/4024 3425/4029/4013 2317/4036/4020
f 2301/4042/4026 2315/4043/4027 2297/4037/4021
f 2297/4037/4021 2304/4044/4028 2318/4038/4022
f 2336/4045/4029 2338/4017/4001 2332/4012/3996
f 2301/4042/4026 2335/4009/3993 2337/4011/3995
f 2306/4046/4030 2335/4009/3993 2301/4042/4026
f 2301/4042/4026 2337/4011/3995 2333/4047/4031
f 2310/4048/4032 2332/4012/3996 2326/4049/4033
f 2315/4043/4027 2301/4042/4026 2327/4050/4034
f 2164/4051/4035 2210/4052/4036 2165/4053/4037
f 2210/4052/4036 2181/4054/4038 2165/4053/4037
f 2180/4055/4039 2169/4056/4040 2177/4057/4041
f 2168/4058/4042 2162/4059/4043 2170/4060/4044
f 2180/4055/4039 2177/4057/4041 3424/4026/4010
f 3424/4026/4010 2177/4057/4041 2193/4032/4016
f 2162/4059/4043 2164/4051/4035 2165/4053/4037
f 2170/4060/4044 2165/4053/4037 2173/4061/4045
f 2211/3983/3967 3334/3982/3966 2197/4034/4018
f 2187/4062/4046 2173/4061/4045 2207/4063/4047
f 2170/4060/4044 2162/4059/4043 2165/4053/4037
f 2170/4060/4044 2173/4061/4045 2178/4064/4048
f 2173/4061/4045 2165/4053/4037 2181/4054/4038
f 2178/4064/4048 2173/4061/4045 2187/4062/4046
f 2178/4064/4048 2187/4062/4046 2194/4065/4049
f 3425/4029/4013 2172/4066/4050 2180/4055/4039
f 3424/4026/4010 3425/4029/4013 2180/4055/4039
f 2197/4034/4018 3334/3982/3966 3337/2468/2457
f 2326/4049/4033 3425/4029/4013 2303/4041/4025
f 3427/3993/3977 2179/3996/3980 2172/4066/4050
f 2326/4049/4033 2332/4012/3996 3425/4029/4013
f 2332/4012/3996 3427/3993/3977 2172/4066/4050
f 3425/4029/4013 2332/4012/3996 2172/4066/4050
f 2162/4059/4043 2160/3984/3968 2164/4051/4035
f 2176/4067/4051 2167/3990/3974 2162/4059/4043
f 2176/4067/4051 2162/4059/4043 2168/4058/4042
f 2167/3990/3974 2163/3989/3973 2162/4059/4043
f 2160/3984/3968 2162/4059/4043 2163/3989/3973
f 2160/3984/3968 2216/3986/3970 2212/4068/4052
f 2160/3984/3968 2210/4052/4036 2164/4051/4035
f 2160/3984/3968 2212/4068/4052 2210/4052/4036
f 2212/4068/4052 2214/4069/4053 2210/4052/4036
f 2213/4070/4054 2215/3981/3965 2211/3983/3967
f 2930/4071/4055 2932/4072/4056 2928/4073/4057
f 2935/4074/4058 2934/4075/4059 2931/4076/4060
f 2920/4077/4061 2935/4074/4058 2931/4076/4060
f 2920/4077/4061 2931/4076/4060 2924/4078/4062
f 2933/4079/4063 2937/4080/4064 2932/4072/4056
f 2928/4073/4057 3644/4081/4065 2279/4082/4066
f 2932/4072/4056 2937/4080/4064 2928/4073/4057
f 2279/4082/4066 3644/4081/4065 2273/4083/4067
f 2276/4084/4068 2281/4085/4069 2267/4086/4070
f 2267/4086/4070 2281/4085/4069 2297/4037/4021
f 2277/4087/4071 2276/4084/4068 2267/4086/4070
f 2274/4088/4072 2276/4084/4068 2277/4087/4071
f 3644/4081/4065 2275/4089/4073 2273/4083/4067
f 2284/4090/4074 2289/4091/4075 2288/4092/4076
f 3644/4081/4065 2289/4091/4075 2284/4090/4074
f 3644/4081/4065 2284/4090/4074 2286/4093/4077
f 2287/4094/4078 2285/4095/4079 2281/4085/4069
f 2281/4085/4069 2285/4095/4079 2283/4096/4080
f 3644/4081/4065 2286/4093/4077 2275/4089/4073
f 2275/4089/4073 2286/4093/4077 2282/4097/4081
f 2281/4085/4069 2301/4042/4026 2297/4037/4021
f 2298/4098/4082 2320/4099/4083 2306/4046/4030
f 2294/4100/4084 2299/4101/4085 2296/4102/4086
f 2291/4103/4087 2298/4098/4082 2301/4042/4026
f 3645/4104/4088 2309/4105/4089 2299/4101/4085
f 2300/4106/4090 2298/4098/4082 2291/4103/4087
f 3645/4104/4088 2299/4101/4085 2294/4100/4084
f 2298/4098/4082 2306/4046/4030 2301/4042/4026
f 2290/4107/4091 2281/4085/4069 2283/4096/4080
f 2293/4108/4092 2291/4103/4087 2290/4107/4091
f 2289/4091/4075 3645/4104/4088 2292/4109/4093
f 3644/4081/4065 3645/4104/4088 2289/4091/4075
f 2290/4107/4091 2291/4103/4087 2281/4085/4069
f 2292/4109/4093 3645/4104/4088 2294/4100/4084
f 2293/4108/4092 2295/4110/4094 2291/4103/4087
f 2291/4103/4087 2301/4042/4026 2281/4085/4069
f 2297/4037/4021 2308/4039/4023 2267/4086/4070
f 3639/4001/3985 3642/4111/4095 3641/4002/3986
f 3435/4020/4004 3641/4002/3986 3642/4111/4095
f 3645/4104/4088 3640/4000/3984 2309/4105/4089
f 2319/4112/4096 3640/4000/3984 2323/3998/3982
f 3640/4000/3984 3641/4002/3986 2323/3998/3982
f 3640/4000/3984 2319/4112/4096 2309/4105/4089
f 2324/4113/4097 2322/4114/4098 2320/4099/4083
f 2320/4099/4083 2322/4114/4098 2306/4046/4030
f 2234/4115/4099 1034/4116/4100 2240/4117/4101
f 2243/4118/4102 2234/4115/4099 2246/4119/4103
f 2234/4115/4099 2233/4120/4104 1034/4116/4100
f 2243/4118/4102 2233/4120/4104 2234/4115/4099
f 2233/4120/4104 2232/4121/4105 1034/4116/4100
f 1034/4116/4100 2232/4121/4105 1042/4122/4106
f 2232/4121/4105 1040/4123/4107 1042/4122/4106
f 1042/4122/4106 1040/4123/4107 1037/4124/4108
f 2240/4117/4101 1034/4116/4100 2238/4125/4109
f 2238/4125/4109 1034/4116/4100 1031/4126/4110
f 5462/4127/4111 5705/4128/4112 5319/4129/4113
f 5706/4130/4114 5318/4131/4115 5320/4132/4116
f 5318/4131/4115 1035/4133/4117 5316/4134/4118
f 5320/4132/4116 5318/4131/4115 5316/4134/4118
f 1028/4135/4119 1035/4133/4117 1026/4136/4120
f 5316/4134/4118 1035/4133/4117 1028/4135/4119
f 5311/4137/4121 2241/4138/4122 2239/4139/4123
f 2239/4139/4123 1032/4140/4124 1035/4133/4117
f 5314/4141/4125 5718/4142/4126 5317/4143/4127
f 5717/4144/4128 5314/4141/4125 5705/4128/4112
f 5314/4141/4125 5317/4143/4127 5705/4128/4112
f 5318/4131/4115 5311/4137/4121 1035/4133/4117
f 2239/4139/4123 1035/4133/4117 5311/4137/4121
f 5717/4144/4128 5705/4128/4112 5462/4127/4111
f 5293/4145/4129 2236/4146/4130 2245/4147/4131
f 1460/4148/4132 5292/4149/4133 2236/4146/4130
f 5293/4145/4129 1460/4148/4132 2236/4146/4130
f 2242/4150/4134 2236/4146/4130 5292/4149/4133
f 5769/4151/4135 1056/4152/4136 1049/4153/4137
f 2232/4121/4105 2237/4154/4138 1040/4123/4107
f 2236/4146/4130 2242/4150/4134 2235/4155/4139
f 2242/4150/4134 5292/4149/4133 1050/4156/4140
f 1049/4153/4137 1056/4152/4136 1051/4157/4141
f 1048/4158/4142 2242/4150/4134 1050/4156/4140
f 1057/4159/4143 1090/4160/4144 1059/4161/4145
f 2237/4154/4138 1047/4162/4146 1044/4163/4147
f 1040/4123/4107 2237/4154/4138 1044/4163/4147
f 1040/4123/4107 1044/4163/4147 1039/4164/4148
f 588/4165/4149 584/4166/4150 597/2798/2789
f 5459/4167/4151 5461/4168/4152 5460/4169/4153
f 5462/4127/4111 5319/4129/4113 5702/4170/4154
f 5465/4171/4155 5463/4172/4156 5704/4173/4154
f 5459/4167/4151 5463/4172/4156 5461/4168/4152
f 5461/4168/4152 5463/4172/4156 5465/4171/4155
f 5464/4174/4157 5703/4175/4154 5322/4176/4158
f 5434/2459/2448 5665/4177/4159 5430/2477/2466
f 5664/4178/4160 5591/4179/4161 5498/4180/4162
f 5493/2476/2465 5434/2459/2448 5430/2477/2466
f 2249/4181/4163 2234/4115/4099 2240/4117/4101
f 2252/4182/4164 2248/4183/4165 2254/4184/4166
f 2252/4182/4164 2254/4184/4166 5306/4185/4167
f 5306/4185/4167 2254/4184/4166 2250/4186/4168
f 5720/4187/4169 5309/4188/4170 5794/4189/4171
f 5721/4190/4172 5796/4191/4173 5459/4167/4151
f 5796/4191/4174 5306/4185/4167 5310/4192/4175
f 5795/4193/4176 5719/4194/4177 5713/4195/4178
f 5719/4194/4177 5312/4196/4179 5713/4195/4178
f 2246/4119/4103 2234/4115/4099 2253/4197/4180
f 2254/4184/4166 2247/4198/4181 2250/4186/4168
f 5306/4185/4167 2250/4186/4168 5310/4192/4175
f 2250/4186/4168 2241/4138/4122 5311/4137/4121
f 5313/4199/4182 5310/4192/4175 5311/4137/4121
f 5310/4192/4175 2250/4186/4168 5311/4137/4121
f 5313/4199/4182 5311/4137/4121 5315/4200/4183
f 5459/4201/4184 5313/4199/4182 5315/4200/4183
f 5586/3592/3575 5526/4202/4185 5434/2459/2448
f 5456/3573/3556 5457/3572/3555 5466/3593/3576
f 5527/3566/3549 5467/3565/3548 5583/4203/4186
f 5527/3566/3549 5583/4203/4186 5802/4204/4187
f 5434/2459/2448 5526/4202/4185 5665/4177/4159
f 5526/4202/4185 5801/4205/4188 5665/4177/4159
f 5457/3572/3555 5592/4206/4189 5801/4205/4188
f 5801/4205/4188 5592/4206/4189 5665/4177/4159
f 5592/4206/4189 5457/3572/3555 5458/4207/4190
f 5510/4208/4191 5302/4209/4192 5737/4210/4193
f 5457/3572/3555 5454/3571/3554 5458/4207/4190
f 5303/4211/4194 2252/4182/4164 5738/4212/4195
f 5472/4213/4196 5736/4214/4197 5304/4215/4198
f 5472/4213/4196 5304/4215/4198 5777/4216/4199
f 5458/4207/4190 5454/3571/3554 5660/4217/4200
f 5454/3571/3554 5307/4218/4201 5660/4217/4200
f 5676/4219/4202 5308/4220/4203 5722/4221/4204
f 5305/4222/4205 2252/4182/4164 5306/4185/4167
f 5305/4222/4205 5738/4212/4195 2252/4182/4164
f 5305/4222/4205 5306/4185/4167 5307/4223/4206
f 5307/4223/4206 5306/4185/4167 5721/4190/4207
f 5473/3611/3595 5738/4212/4208 5454/3571/3554
f 5458/4207/4190 5660/4217/4200 5459/4167/4151
f 5660/4217/4200 5721/4190/4172 5459/4167/4151
f 5458/4207/4190 5459/4167/4151 5460/4169/4153
f 5296/3631/3615 5294/4224/4209 5293/4145/4129
f 5749/4225/4210 5294/4224/4209 5297/3632/3617
f 5297/3632/3617 5294/4224/4209 5296/3631/3615
f 5301/3633/3618 5296/3631/3615 2257/4226/4211
f 5741/3621/4212 5301/3633/3618 2257/4226/4211
f 2257/4226/4211 5296/3631/3615 5293/4145/4129
f 2255/4227/4213 5753/4228/4214 2244/4229/4215
f 2258/4230/4216 2256/4231/4217 2243/4118/4102
f 2251/4232/4218 2243/4118/4102 2246/4119/4103
f 5741/3621/4212 2257/4226/4211 5303/4211/4194
f 5740/4233/3608 5302/4209/4192 5510/4208/4191
f 2258/4230/4216 2243/4118/4102 2251/4232/4218
f 5303/4211/4194 2257/4226/4211 2252/4182/4164
f 640/3432/3415 3108/3433/3416 3087/4234/4219
f 3092/3803/3787 640/3432/3415 3095/4235/4220
f 640/3432/3415 3087/4234/4219 3107/4236/4221
f 640/3432/3415 3107/4236/4221 3095/4235/4220
f 3106/4237/4222 3065/3435/3418 3079/4238/4223
f 3089/4239/4224 3079/4238/4223 3034/3436/3419
f 3087/4234/4219 3086/4240/4225 3107/4236/4221
f 3092/3803/3787 3095/4235/4220 3090/4241/4226
f 3108/3433/3416 3104/4242/4227 3087/4234/4219
f 3049/3437/3420 3034/3436/3419 3032/2851/2842
f 3049/3437/3420 3050/3810/3794 3034/3436/3419
f 3079/4238/4223 3065/3435/3418 3034/3436/3419
f 3050/3810/3794 3049/3437/3420 3059/1863/1855
f 3080/3833/3817 3089/4239/4224 3034/3436/3419
f 3091/4243/4228 3089/4239/4224 3080/3833/3817
f 2066/4244/4229 2071/4245/4230 2072/4246/4231
f 2071/4245/4230 2073/4247/4232 2072/4246/4231
f 1834/3696/3680 1854/4248/4233 1863/3694/3678
f 1854/4248/4233 1870/4249/4234 1863/3694/3678
f 1859/4250/4235 1835/4251/4236 1875/4252/4237
f 1855/4253/4238 1871/4254/4239 3322/4255/4240
f 1871/4254/4239 1874/4256/4241 3322/4255/4240
f 1855/4253/4238 3322/4255/4240 1876/4257/4242
f 1853/4258/4243 3331/4259/4244 1874/4256/4241
f 1858/4260/4245 1853/4258/4243 1874/4256/4241
f 1834/3696/3680 1825/4261/4246 1835/4251/4236
f 1825/4261/4246 1834/3696/3680 1828/3706/3690
f 1834/3696/3680 1835/4251/4236 1859/4250/4235
f 3322/4255/4240 3323/4262/4247 3321/4263/4248
f 1874/4256/4241 3331/4259/4244 3323/4262/4247
f 1874/4256/4241 3323/4262/4247 3322/4255/4240
f 3331/4259/4244 1879/4264/4249 3323/4262/4247
f 2056/4265/4250 2064/4266/4251 2058/4267/4252
f 3429/4268/4253 2064/4266/4251 2056/4265/4250
f 3323/4262/4247 1879/4264/4249 2060/4269/4254
f 2062/4270/4255 2053/4271/4256 2063/4272/4257
f 3323/4262/4247 2060/4269/4254 3324/4273/4258
f 2060/4269/4254 2065/4274/4259 2067/4275/4260
f 2063/4272/4257 2069/4276/4261 2066/4244/4229
f 2053/4271/4256 2059/4277/4262 2063/4272/4257
f 2062/4270/4255 2063/4272/4257 2066/4244/4229
f 2064/4266/4251 3442/4278/4263 2068/4279/4264
f 3442/4278/4263 2070/4280/4265 2068/4279/4264
f 3324/4273/4258 2060/4269/4254 2067/4275/4260
f 2069/4276/4261 2071/4245/4230 2066/4244/4229
f 3321/4263/4248 3323/4262/4247 3324/4273/4258
f 3321/4263/4248 3324/4273/4258 3319/4281/4266
f 3442/4278/4263 2074/4282/4267 2070/4280/4265
f 3506/4283/4268 3511/4284/4269 3513/4285/4270
f 3512/4286/4271 3527/2092/2083 3514/4287/4272
f 3527/2092/2083 4463/2090/2081 3514/4287/4272
f 2074/4282/4267 3506/4283/4268 2075/4288/4273
f 3510/4289/4274 3514/4287/4272 4463/2090/2081
f 2076/4290/4275 3510/4289/4274 4463/2090/2081
f 3442/4278/4263 3506/4283/4268 2074/4282/4267
f 2076/4290/4275 4463/2090/2081 2079/4291/4276
f 3527/2092/2083 5189/4292/4277 4452/2099/2090
f 3442/4278/4263 3487/4293/4278 3499/4294/4279
f 3511/4284/4269 3524/4295/4280 3526/4296/4281
f 3442/4278/4263 3509/4297/4282 3506/4283/4268
f 3506/4283/4268 3509/4297/4282 3511/4284/4269
f 3511/4284/4269 3509/4297/4282 3524/4295/4280
f 3528/4298/4283 4924/4299/4284 3525/4300/4285
f 3525/4300/4285 5189/4292/4277 3527/2092/2083
f 5188/4301/4286 4923/2086/2077 4460/2088/2079
f 3528/4298/4283 3531/4302/4287 4924/4299/4284
f 3532/4303/4288 4920/4304/4289 3531/4302/4287
f 3525/4300/4285 4924/4299/4284 5189/4292/4277
f 3531/4302/4287 4921/4305/4290 4924/4299/4284
f 3531/4302/4287 4920/4304/4289 4921/4305/4290
f 4924/4299/4284 4921/4305/4290 4455/4306/4291
f 4922/4307/4292 5092/4308/4293 4457/4309/4294
f 4922/4307/4292 4457/4309/4294 5085/4310/4295
f 3442/4278/4263 3499/4294/4279 3509/4297/4282
f 3509/4297/4282 3529/4311/4296 3530/4312/4297
f 3499/4294/4279 3529/4311/4296 3509/4297/4282
f 4920/4304/4289 3541/4313/4298 4918/4314/4299
f 3544/4315/4300 4495/2195/2188 3541/4313/4298
f 4918/4314/4299 3541/4313/4298 4495/2195/2188
f 5093/4316/4293 4919/4317/4301 4559/4318/4302
f 4919/4317/4301 5119/4319/4303 4559/4318/4302
f 3536/4320/4304 3541/4313/4298 4920/4304/4289
f 4920/4321/4305 4558/2202/2195 4456/2187/2179
f 3532/4303/4288 3536/4320/4304 4920/4304/4289
f 4193/2243/2234 4553/4322/4306 4175/2177/2169
f 3432/4323/4307 3487/4293/4278 3442/4278/4263
f 3442/4278/4263 3428/4324/4308 3432/4323/4307
f 4553/4322/4306 4193/2243/2234 4496/2203/2196
f 3544/4315/4300 4496/2203/2196 4495/2195/2188
f 3499/4294/4279 3539/4325/4309 3542/4326/4310
f 3539/4325/4309 3543/4327/4311 3542/4326/4310
f 1876/4257/4242 3322/4255/4240 3199/3736/3720
f 3322/4255/4240 3321/4263/4248 3199/3736/3720
f 3199/3736/3720 3321/4263/4248 3320/3739/3723
f 3221/4328/4312 3274/4329/4313 3265/4330/4314
f 3274/4329/4313 3271/4331/4315 3265/4330/4314
f 3320/3739/3723 3319/4281/4266 3327/4332/4316
f 3181/3737/3721 3320/3739/3723 3274/4329/4313
f 3274/4329/4313 3320/3739/3723 3327/4332/4316
f 3327/4332/4316 3329/4333/4317 3271/4331/4315
f 3274/4329/4313 3327/4332/4316 3271/4331/4315
f 3320/3739/3723 3321/4263/4248 3319/4281/4266
f 3851/3716/3700 3842/3759/3743 3844/4334/4318
f 3800/4335/4319 3813/4336/4320 3847/4337/4321
f 3805/4338/4322 3813/4336/4320 3800/4335/4319
f 3827/4339/4323 3854/4340/4324 3853/4341/4325
f 3827/4339/4323 3851/3716/3700 3854/4340/4324
f 3813/4336/4320 3805/4338/4322 3808/4342/4326
f 3801/4343/4327 3800/4335/4319 3847/4337/4321
f 3854/4340/4324 3851/3716/3700 3844/4334/4318
f 3813/4336/4320 3854/4340/4324 3847/4337/4321
f 3854/4340/4324 3844/4334/4318 3847/4337/4321
f 3805/4338/4322 3800/4335/4319 3803/4344/4328
f 3824/3717/3701 3851/3716/3700 3827/4339/4323
f 3800/4335/4319 3801/4343/4327 3802/4345/4329
f 3803/4344/4328 3800/4335/4319 3802/4345/4329
f 3801/4343/4327 3847/4337/4321 3802/4345/4329
f 3802/4345/4329 3847/4337/4321 3844/4334/4318
f 3808/4342/4326 3805/4338/4322 3809/4346/4330
f 3805/4338/4322 3803/4344/4328 3810/4347/4331
f 3697/4348/4332 3699/4349/4333 3703/4350/4334
f 3699/4349/4333 3710/4351/4335 3703/4350/4334
f 3877/4352/4336 3716/4353/4337 3715/4354/4338
f 3874/4355/4339 3711/4356/4340 3875/4357/4341
f 3707/4358/4342 3710/4351/4335 3705/4359/4343
f 3711/4356/4340 3708/4360/4344 3875/4357/4341
f 3699/4349/4333 3705/4359/4343 3710/4351/4335
f 3714/4361/4345 3711/4356/4340 3874/4355/4339
f 3689/4362/4346 3687/4363/4347 3688/4364/4348
f 3688/4364/4348 3687/4363/4347 3686/4365/4349
f 3713/4366/4350 3667/4367/4351 3712/4368/4352
f 3717/4369/4353 3667/4367/4351 3778/4370/4354
f 3667/4367/4351 3717/4369/4353 3712/4368/4352
f 3712/4368/4352 3699/4349/4333 3713/4366/4350
f 3712/4368/4352 3705/4359/4343 3699/4349/4333
f 3712/4368/4352 3717/4369/4353 3704/4371/4355
f 3717/4369/4353 3719/4372/4356 3704/4371/4355
f 3663/4373/4357 3648/4374/4358 3651/4375/4359
f 3722/4376/4360 3725/4377/4361 3660/4378/4362
f 3725/4377/4361 3652/4379/4363 3660/4378/4362
f 3725/4377/4361 3656/4380/4364 3652/4379/4363
f 3720/4381/4365 3691/4382/4366 3692/4383/4367
f 3721/4384/4368 3688/4364/4348 3722/4376/4360
f 3695/4385/4369 3690/4386/4370 3691/4382/4366
f 3651/4375/4359 3650/4387/4371 3653/4388/4372
f 3648/4374/4358 3650/4387/4371 3651/4375/4359
f 3655/4389/4373 3649/4390/4374 3700/4391/4375
f 3659/4392/4376 3657/4393/4377 3718/4394/4378
f 3659/4392/4376 3718/4394/4378 3752/4395/4379
f 3700/4391/4375 3698/4396/4380 3655/4389/4373
f 3722/4376/4360 3660/4378/4362 3721/4384/4368
f 3752/4395/4379 3718/4394/4378 3720/4381/4365
f 3700/4391/4375 3713/4366/4350 3699/4349/4333
f 3699/4349/4333 3698/4396/4380 3700/4391/4375
f 3720/4381/4365 3695/4385/4369 3691/4382/4366
f 3699/4349/4333 3697/4348/4332 3698/4396/4380
f 3650/4387/4371 3654/4397/4381 3653/4388/4372
f 3654/4397/4381 3658/4398/4382 3653/4388/4372
f 3655/4389/4373 3698/4396/4380 3661/4399/4383
f 3718/4394/4378 3695/4385/4369 3720/4381/4365
f 3661/4399/4383 3698/4396/4380 3696/4400/4384
f 3698/4396/4380 3687/4363/4347 3696/4400/4384
f 3696/4400/4384 3687/4363/4347 3689/4362/4346
f 3648/4374/4358 3663/4373/4357 3665/4401/4385
f 3668/4402/4386 3665/4401/4385 3669/4403/4387
f 3649/4390/4374 3647/4404/4388 3700/4391/4375
f 3647/4404/4388 3713/4366/4350 3700/4391/4375
f 3665/4401/4385 3668/4402/4386 3648/4374/4358
f 3647/4404/4388 3667/4367/4351 3713/4366/4350
f 3730/4405/4389 3725/4377/4361 3728/4406/4390
f 3838/4407/4391 3737/4408/4392 3735/4409/4393
f 3725/4377/4361 3722/4376/4360 3728/4406/4390
f 3686/4365/4349 3687/4363/4347 3693/4410/4394
f 3722/4376/4360 3727/4411/4395 3731/4412/4396
f 3835/2985/2976 3733/4413/4397 3743/4414/4398
f 3731/4412/4396 3728/4406/4390 3722/4376/4360
f 3742/4415/4399 3728/4406/4390 3731/4412/4396
f 3802/4345/4329 3807/4416/4400 3804/4417/4401
f 3804/4417/4401 3803/4344/4328 3802/4345/4329
f 3722/4376/4360 3686/4365/4349 3727/4411/4395
f 3722/4376/4360 3688/4364/4348 3686/4365/4349
f 3686/4365/4349 3693/4410/4394 3723/4418/4402
f 3814/4419/4403 3811/4420/4404 3831/4421/4405
f 3811/4420/4404 3814/4419/4403 3809/4346/4330
f 3812/4422/4406 3811/4420/4404 3809/4346/4330
f 3831/4421/4405 3811/4420/4404 3812/4422/4406
f 3837/4423/4407 3844/4334/4318 3839/4424/4408
f 3835/2985/2976 3838/4407/4391 3733/4413/4397
f 3807/4416/4400 3802/4345/4329 3837/4423/4407
f 3802/4345/4329 3844/4334/4318 3837/4423/4407
f 3833/2984/2975 3837/4423/4407 3838/4407/4391
f 3838/4407/4391 3735/4409/4393 3733/4413/4397
f 3833/2984/2975 3838/4407/4391 3835/2985/2976
f 3838/4407/4391 3840/4425/4409 3739/4426/4410
f 3838/4407/4391 3839/4424/4408 3840/4425/4409
f 3739/4426/4410 3737/4408/4392 3838/4407/4391
f 3804/4417/4401 3810/4347/4331 3803/4344/4328
f 3807/4416/4400 3806/4427/4411 3804/4417/4401
f 3810/4347/4331 3809/4346/4330 3805/4338/4322
f 3806/4427/4411 3812/4422/4406 3804/4417/4401
f 3809/4346/4330 3810/4347/4331 3812/4422/4406
f 3812/4422/4406 3810/4347/4331 3804/4417/4401
f 3828/2950/2941 3819/2951/2942 3829/4428/4412
f 3819/2951/2942 3826/4429/4413 3829/4428/4412
f 3826/4429/4413 3831/4421/4405 3829/4428/4412
f 3829/4428/4412 3831/4421/4405 3807/4416/4400
f 3807/4416/4400 3831/4421/4405 3812/4422/4406
f 3807/4416/4400 3812/4422/4406 3806/4427/4411
f 3829/4428/4412 3807/4416/4400 3837/4423/4407
f 3834/2948/2939 3837/4423/4407 3833/2984/2975
f 3837/4423/4407 3828/2950/2941 3829/4428/4412
f 3828/2950/2941 3837/4423/4407 3834/2948/2939
f 3778/4370/4354 3664/4430/4414 3760/3742/3726
f 3778/4370/4354 3667/4367/4351 3664/4430/4414
f 3778/4370/4354 3760/3742/3726 3726/4431/4415
f 3664/4430/4414 3764/3740/3724 3760/3742/3726
f 3719/4372/4356 3717/4369/4353 3778/4370/4354
f 3724/4432/4416 3719/4372/4356 3778/4370/4354
f 3778/4370/4354 3726/4431/4415 3724/4432/4416
f 3764/3740/3724 3766/4433/4417 3761/3741/3725
f 3846/4434/4418 3845/3752/3736 3750/4435/4419
f 3725/4377/4361 3662/4436/4420 3656/4380/4364
f 3845/3752/3736 3767/3753/3737 3768/4437/4421
f 3729/4438/4422 3662/4436/4420 3725/4377/4361
f 3775/4439/4423 3764/3740/3724 3729/4438/4422
f 3729/4438/4422 3664/4430/4414 3662/4436/4420
f 3729/4438/4422 3764/3740/3724 3664/4430/4414
f 3725/4377/4361 3751/4440/4424 3729/4438/4422
f 3745/4441/4425 3846/4434/4418 3734/4442/4426
f 3667/4367/4351 3666/4443/4427 3664/4430/4414
f 3839/4424/4408 3841/3743/3727 3840/4425/4409
f 3840/4425/4409 3841/3743/3727 3843/3750/3734
f 3840/4425/4409 3843/3750/3734 3845/3752/3736
f 3840/4425/4409 3845/3752/3736 3846/4434/4418
f 3840/4425/4409 3846/4434/4418 3745/4441/4425
f 3739/4426/4410 3840/4425/4409 3745/4441/4425
f 3736/4444/4428 3738/4445/4429 3725/4377/4361
f 3744/4446/4430 3725/4377/4361 3738/4445/4429
f 3736/4444/4428 3725/4377/4361 3730/4405/4389
f 3839/4424/4408 3838/4407/4391 3837/4423/4407
f 3844/4334/4318 3842/3759/3743 3839/4424/4408
f 3842/3759/3743 3841/3743/3727 3839/4424/4408
f 3741/2882/2873 3731/4412/4396 3727/4411/4395
f 3748/2990/2981 3731/4412/4396 3741/2882/2873
f 3835/2985/2976 3743/4414/4398 3746/4447/4431
f 3835/2985/2976 3746/4447/4431 3749/2988/2979
f 3686/4365/4349 3723/4418/4402 3727/4411/4395
f 3034/3436/3419 3035/2848/2839 3032/2851/2842
f 3034/3436/3419 3039/2815/2806 3035/2848/2839
f 3035/2848/2839 3044/3438/3421 3037/2844/2835
f 3055/4448/4432 2914/2854/2845 3054/2853/2844
f 3044/3438/3421 3055/4448/4432 3037/2844/2835
f 3037/2844/2835 3055/4448/4432 3054/2853/2844
f 3046/2845/2836 3037/2844/2835 3054/2853/2844
f 3053/3454/3437 3055/4448/4432 3044/3438/3421
f 3033/1897/1889 3032/2851/2842 3061/2852/2843
f 3064/1900/1892 3033/1897/1889 3061/2852/2843
f 2978/2860/2851 2968/3453/3436 2975/2861/2852
f 2997/4449/4433 2978/2860/2851 2906/2862/2853
f 2997/4449/4433 2906/2862/2853 2912/2866/2857
f 3009/4450/4434 2992/3446/3429 2993/3452/3435
f 2993/3452/3435 2976/3450/3433 2997/4449/4433
f 2997/4449/4433 2976/3450/3433 2978/2860/2851
f 2976/3450/3433 2968/3453/3436 2978/2860/2851
f 3010/3447/3430 2992/3446/3429 3009/4450/4434
f 3010/3447/3430 3009/4450/4434 3055/4448/4432
f 3053/3454/3437 3010/3447/3430 3055/4448/4432
f 2914/2854/2845 2993/3452/3435 2997/4449/4433
f 3055/4448/4432 3009/4450/4434 2914/2854/2845
f 2993/3452/3435 2914/2854/2845 3009/4450/4434
f 2914/2854/2845 2997/4449/4433 2912/2866/2857
f 1028/4135/4119 1024/4451/4435 1023/4452/4436
f 5316/4134/4118 1028/4135/4119 1023/4452/4436
f 5320/4132/4116 5316/4134/4118 1020/4453/4437
f 1019/4454/4438 5712/4455/4439 1022/4456/4440
f 1022/4456/4440 1016/4457/4441 1019/4454/4438
f 5370/4458/4442 5365/4459/4443 5374/4460/4444
f 5373/4461/4445 5630/4462/4446 5348/4463/4447
f 5369/4464/4448 5373/4461/4445 5348/4463/4447
f 5630/4462/4446 5678/4465/4449 5348/4463/4447
f 5694/4466/4450 5327/4467/4451 5330/4468/4452
f 5359/4469/4453 5351/4470/4454 5350/2997/2988
f 5650/4471/4455 5329/4472/4456 5756/4473/4457
f 5351/4470/4454 5356/4474/4458 5350/2997/2988
f 5757/4475/4459 5332/3000/2991 5355/4476/4460
f 5330/4468/4452 5331/3007/2998 5351/4477/4461
f 5522/4478/4462 5460/4169/4153 5577/4479/4463
f 5606/4480/4464 5577/4479/4463 5603/4481/4465
f 5577/4479/4463 5460/4169/4153 5603/4481/4465
f 5460/4169/4153 5714/4482/4466 5609/4483/4467
f 5604/4484/4468 5364/4485/4469 5634/4486/4470
f 5606/4480/4464 5603/4481/4465 5633/4487/4471
f 5460/4169/4153 5609/4483/4467 5603/4481/4465
f 5605/4488/4472 5632/4489/4471 5366/4490/4473
f 5604/4484/4468 5610/4491/4474 5364/4485/4469
f 5633/4487/4475 5363/4492/4476 5367/4493/4477
f 5610/4491/4474 5716/4494/4478 5364/4485/4469
f 5714/4482/4479 5637/4495/4480 5363/4492/4476
f 5637/4495/4480 5636/4496/4481 5363/4492/4476
f 5363/4492/4476 5636/4496/4481 5362/4497/4482
f 5367/4493/4477 5363/4492/4476 5365/4459/4443
f 5363/4492/4476 5362/4497/4482 5365/4459/4443
f 5365/4459/4443 5362/4497/4482 5631/4498/4483
f 5374/4460/4444 5365/4459/4443 5631/4498/4483
f 5630/4462/4446 5653/4499/4484 5635/4500/4485
f 5630/4462/4446 5635/4500/4485 5678/4465/4449
f 5649/4501/4486 5640/4502/4487 5361/4503/4488
f 5362/4497/4482 5360/4504/4489 5359/4469/4453
f 5693/4505/4490 5648/4506/4491 5328/4507/4492
f 5645/4508/4493 5638/4509/4494 5694/4466/4495
f 5359/4469/4453 5360/4504/4489 5351/4470/4454
f 5679/4510/4496 5359/4469/4453 5346/3008/2999
f 5644/4511/4497 5692/4512/4490 5329/4472/4456
f 5644/4511/4497 5329/4472/4456 5650/4471/4455
f 5360/4504/4489 5651/4513/4498 5351/4470/4454
f 5637/4495/4480 5638/4509/4494 5636/4496/4481
f 5636/4496/4481 5638/4509/4494 5639/4514/4499
f 5362/4497/4482 5636/4496/4481 5360/4504/4489
f 5639/4514/4499 5638/4509/4494 5645/4508/4493
f 5645/4508/4493 5651/4513/4455 5639/4514/4499
f 5361/4503/4488 5640/4502/4487 5652/4515/4455
f 5349/4516/4500 5679/4510/4496 5346/3008/2999
f 5346/3008/2999 5359/4469/4453 5350/2997/2988
f 5331/3007/2998 5330/4468/4452 984/3005/2996
f 5330/4468/4452 5696/4517/4501 984/3005/2996
f 5355/4476/4460 5332/3000/2991 5357/2999/2990
f 5350/2997/2988 5356/4474/4458 5354/4518/4502
f 5356/4474/4458 5358/4519/4503 5354/4518/4502
f 5330/4468/4452 5327/4467/4451 5696/4517/4501
f 5696/4517/4501 5327/4467/4451 989/4520/4504
f 986/4521/4505 5695/4522/4506 988/4523/4507
f 5654/4524/4508 5525/4525/4509 5522/4478/4462
f 5525/4525/4509 5460/4169/4153 5522/4478/4462
f 5504/4526/4510 5596/4527/4511 5656/4528/4512
f 5503/4529/4513 5654/4530/4514 5499/4531/4515
f 5500/4532/4516 5655/4533/4517 5523/4534/4518
f 5425/2529/2520 5499/4531/4515 5426/4535/4519
f 5500/4532/4516 5523/4534/4518 5580/4536/4520
f 5522/4478/4462 5577/4479/4463 5579/4537/4520
f 5499/4531/4515 5579/4537/4521 5426/4535/4519
f 5505/4538/4522 5576/4539/4523 5605/4488/4472
f 5791/4540/4524 5505/4538/4522 5605/4488/4472
f 5422/2530/2521 5425/2529/2520 5426/4535/4519
f 5426/4535/4519 5792/4541/4525 5422/2530/2521
f 5791/4540/4524 5605/4488/4472 5366/4490/4473
f 5792/4541/4525 5629/4542/4526 5422/2530/2521
f 5792/4541/4525 5367/4493/4477 5629/4542/4526
f 5629/4542/4526 5367/4493/4477 5365/4459/4443
f 5425/2529/2520 5599/4543/4527 5503/4529/4513
f 5601/4544/4528 5596/4527/4511 5504/4526/4510
f 5427/2484/2473 5599/4543/4527 5425/2529/2520
f 5428/2486/2475 5427/2484/2473 5425/2529/2520
f 5425/2529/2520 5503/4529/4513 5499/4531/4515
f 5400/2489/2478 5772/4545/4529 5397/3251/3240
f 5371/2491/2480 5370/4458/4442 5349/4546/4530
f 5349/4516/4500 5346/3008/2999 5772/4545/4531
f 5365/4459/4443 5370/4458/4442 5371/2491/2480
f 5372/2493/2482 5677/4547/4532 5402/2494/2483
f 5402/2494/2483 5677/4547/4532 5773/4548/4533
f 5401/2488/2477 5772/4545/4529 5400/2489/2478
f 5379/4549/4534 5623/4550/4535 5399/4551/4536
f 5774/4552/4533 5347/3240/3229 5398/3239/3228
f 5379/4549/4534 5399/4551/4536 5395/4553/4537
f 5400/2489/2478 5397/3251/3240 5396/3246/3235
f 5508/4554/4538 5628/4555/4539 5368/4556/4540
f 5508/4554/4538 5368/4556/4540 5786/4557/4541
f 5422/2530/2521 5629/4542/4526 5424/2513/2503
f 5787/2496/2485 5365/4459/4443 5371/2491/2480
f 997/4558/4542 991/4559/4543 5327/4467/4451
f 5321/4560/4544 997/4558/4542 5326/4561/4545
f 5321/4560/4544 5325/4562/4546 5701/4563/4547
f 5460/4169/4153 5711/4564/4548 5588/4565/4549
f 5709/4566/4550 5324/4567/4551 5687/4568/4552
f 5687/4568/4552 5324/4567/4551 5698/4569/4553
f 5588/4565/4549 5701/4563/4554 5689/4570/4555
f 5699/4571/4553 5788/4572/4556 5641/4573/4557
f 5582/4574/4558 5728/4575/4559 5643/4576/4560
f 5582/4574/4558 5643/4576/4560 5715/4577/4561
f 5637/4495/4480 5727/4578/4562 5647/4579/4563
f 5688/4580/4564 5700/4581/4553 5646/4582/4565
f 5647/4579/4563 5642/4583/4566 5637/4495/4480
f 5460/4169/4153 5588/4565/4549 5727/4578/4567
f 5727/4578/4567 5588/4565/4549 5689/4570/4555
f 5688/4580/4564 5646/4582/4565 5726/4584/4559
f 5647/4579/4563 5701/4563/4553 5642/4583/4566
f 5325/4562/4546 5321/4560/4544 5326/4561/4545
f 5648/4506/4491 5697/4585/4568 5328/4507/4492
f 5327/4467/4451 5326/4561/4545 997/4558/4542
f 5642/4583/4566 5325/4562/4546 5326/4561/4545
f 5638/4509/4494 5637/4495/4480 5642/4583/4566
f 5642/4583/4566 5326/4561/4545 5638/4509/4494
f 5323/4586/4569 5704/4173/4570 5321/4560/4544
f 5321/4560/4544 5704/4173/4570 5320/4132/4116
f 1003/4587/4571 5320/4132/4116 1020/4453/4437
f 5321/4560/4544 5320/4132/4116 1003/4587/4571
f 1020/4453/4437 1005/4588/4572 1003/4587/4571
f 5321/4560/4544 1001/4589/4573 997/4558/4542
f 1003/4587/4571 1000/4590/4574 1001/4589/4573
f 1003/4587/4571 1001/4589/4573 5321/4560/4544
f 5461/4168/4152 5711/4564/4548 5460/4169/4153
f 5570/4591/4575 5464/4174/4157 5322/4176/4158
f 5570/4591/4575 5322/4176/4158 5710/4592/4550
f 5711/4564/4576 5323/4586/4569 5321/4560/4544
f 5327/4467/4451 991/4559/4543 989/4520/4504
f 997/4558/4542 994/4593/4577 991/4559/4543
f 1001/4589/4573 995/4594/4578 997/4558/4542
f 5498/4180/4162 5591/4179/4161 5667/4595/4579
f 5592/4206/4189 5458/4207/4190 5590/4596/4580
f 5431/4597/4581 5594/4598/4582 5600/4599/4528
f 5458/4207/4190 5460/4169/4153 5525/4525/4509
f 5595/4600/4583 5590/4596/4580 5662/4601/4584
f 5589/4602/4585 5524/4603/4586 5661/4604/4587
f 5430/2477/2466 5668/4605/4588 5427/2484/2473
f 5668/4605/4589 5592/4206/4189 5593/4606/4590
f 5669/4607/4579 5594/4598/4582 5431/4597/4581
f 5592/4206/4189 5590/4596/4580 5593/4606/4590
f 5593/4606/4590 5590/4596/4580 5595/4600/4583
f 5593/4606/4590 5595/4600/4583 5599/4543/4528
f 5589/4602/4585 5598/4608/4591 5524/4603/4586
f 5595/4600/4583 5662/4601/4584 5654/4524/4508
f 5662/4601/4584 5525/4525/4509 5654/4524/4508
f 5765/4609/4592 1462/4610/4593 1460/4148/4132
f 5292/4149/4133 1460/4148/4132 1094/4611/4594
f 1462/4610/4593 811/4612/4595 1118/4613/4596
f 5761/4614/4597 1460/4148/4132 5294/4224/4209
f 5761/4614/4597 5767/4615/4598 5759/4616/4599
f 5761/4614/4597 5759/4616/4599 1460/4148/4132
f 5759/4616/4599 5765/4609/4592 1460/4148/4132
f 811/4612/4595 756/4617/4600 800/4618/4601
f 5272/4619/4602 785/4620/4603 757/4621/4604
f 811/4612/4595 757/4621/4604 754/4622/4605
f 811/4612/4595 754/4622/4605 756/4617/4600
f 1460/4148/4132 1112/4623/4606 1094/4611/4594
f 1094/4611/4594 1112/4623/4606 1100/4624/4607
f 1459/4625/737 1117/4626/739 1111/4627/4608
f 1094/4611/4594 1090/4160/4144 5292/4149/4133
f 5292/4149/4133 1090/4160/4144 1057/4159/4143
f 5293/4145/4129 5294/4224/4209 1460/4148/4132
f 1578/3475/3458 1522/4628/4609 3561/3465/3448
f 1522/4628/4609 1517/4629/4610 3561/3465/3448
f 3548/3486/3469 3562/3487/3470 3549/3515/3498
f 1577/2799/2790 597/2798/2789 586/4630/4611
f 1207/4631/4612 1206/4632/4613 1204/4633/4614
f 600/4634/4615 1207/4631/4612 1514/4635/4616
f 1525/4636/4617 1574/4637/4618 1567/2801/2792
f 1513/4638/4619 1520/4639/4620 1514/4635/4616
f 1202/4640/4621 1204/4633/4614 1192/4641/4622
f 1196/4642/4623 1514/4635/4616 1202/4640/4621
f 1514/4635/4616 1204/4633/4614 1202/4640/4621
f 1524/4643/4624 1578/3475/3458 1576/4644/4625
f 1513/4638/4619 1528/4645/4626 1520/4639/4620
f 1578/3475/3458 1524/4643/4624 1522/4628/4609
f 1196/4642/4623 1202/4640/4621 1194/4646/4627
f 1514/4635/4616 1207/4631/4612 1204/4633/4614
f 1152/4647/4628 1515/4648/4629 1200/4649/4630
f 1513/4638/4619 1514/4635/4616 1515/4648/4629
f 1516/4650/4631 1513/4638/4619 1515/4648/4629
f 1515/4648/4629 1514/4635/4616 1196/4642/4623
f 1515/4648/4629 1198/4651/4632 1200/4649/4630
f 1515/4648/4629 1196/4642/4623 1198/4651/4632
f 1464/4652/4633 1469/4653/4634 1485/4654/4635
f 1469/4653/4634 1474/4655/4636 1485/4654/4635
f 1485/4654/4635 1474/4655/4636 1515/4648/4629
f 1485/4654/4635 1493/4656/4637 1481/4657/4638
f 1485/4654/4635 1515/4648/4629 1493/4656/4637
f 1500/4658/4639 1488/4659/4640 1492/4660/4641
f 1493/4656/4637 1515/4648/4629 1529/4661/4642
f 1499/4662/4643 1497/4663/4644 5267/4664/4645
f 1466/4665/4646 1471/4666/4647 5764/4667/4648
f 1470/4668/4649 1483/4669/4638 1501/4670/4650
f 1472/4671/4651 3562/3487/3470 1478/4672/4652
f 3562/3487/3470 1517/4629/4610 1519/4673/4653
f 1480/4674/4654 3562/3487/3470 1519/4673/4653
f 3562/3487/3470 1480/4674/4654 1478/4672/4652
f 1518/4675/4655 1516/4650/4631 1515/4648/4629
f 1517/4629/4610 3562/3487/3470 3561/3465/3448
f 1527/4676/4656 1516/4650/4631 1518/4675/4655
f 1476/4677/4657 1518/4675/4655 1474/4655/4636
f 1474/4655/4636 1518/4675/4655 1515/4648/4629
f 1497/4663/4644 1495/4678/4658 1153/4679/4659
f 1152/4647/4628 1529/4661/4642 1515/4648/4629
f 1497/4663/4644 1153/4679/4659 1155/4680/4660
f 1525/4636/4617 1523/4681/4661 1574/4637/4618
f 5273/4682/4662 5760/4683/4663 5295/4684/4664
f 5273/4682/4662 5768/4685/4665 5758/4686/4666
f 5765/4609/4592 811/4612/4595 1462/4610/4593
f 5766/4687/4667 5273/4682/4662 5758/4686/4666
f 5273/4682/4662 5766/4687/4667 5760/4683/4663
f 5765/4609/4592 5272/4619/4602 811/4612/4595
f 811/4612/4595 5272/4619/4602 757/4621/4604
f 5268/4688/4668 5267/4664/4645 1504/4689/4669
f 1505/4690/4670 1502/4691/4671 5276/4692/4672
f 1505/4690/4670 5281/4693/4673 5283/4694/4674
f 5581/4695/4675 5272/4619/4602 5274/4696/4676
f 1507/4697/4677 5783/4698/4678 5272/4619/4602
f 789/4699/4679 5272/4619/4602 5275/4700/4680
f 5765/4609/4592 5274/4696/4676 5272/4619/4602
f 1504/4689/4669 1155/4680/4660 5286/4701/4681
f 5268/4688/4668 1504/4689/4669 1507/4697/4677
f 1505/4690/4670 5276/4692/4672 5281/4693/4673
f 5581/4695/4675 5268/4688/4668 5272/4619/4602
f 1505/4690/4670 5283/4694/4674 5782/4702/4682
f 5268/4688/4668 1507/4697/4677 5272/4619/4602
f 5783/4698/4678 5275/4700/4680 5272/4619/4602
f 789/4699/4679 788/4703/4683 5272/4619/4602
f 5517/4704/4684 5284/4705/4685 5762/4706/4686
f 3562/3487/3470 1472/4671/4651 3553/4707/4687
f 1472/4671/4651 1467/4708/4688 3553/4707/4687
f 5288/4709/4689 3552/4710/4690 5290/4711/4691
f 3552/4710/4690 1466/4665/4646 5290/4711/4691
f 5291/4712/4692 5289/4713/4693 5797/4714/4694
f 5290/4711/4691 1466/4665/4646 5764/4667/4648
f 5797/4714/4694 5763/4715/4695 5780/4716/4696
f 5288/4709/4689 5781/4717/4697 5267/4664/4645
f 5287/4718/4698 1500/4658/4639 5267/4664/4645
f 1492/4660/4641 1490/4719/4699 1499/4662/4643
f 1500/4658/4639 1492/4660/4641 1499/4662/4643
f 1500/4658/4639 1499/4662/4643 5267/4664/4645
f 5797/4714/4694 5289/4713/4693 5763/4715/4695
f 5288/4709/4689 5798/4720/4700 5781/4717/4697
f 5764/4667/4648 1471/4666/4647 5287/4718/4698
f 5780/4716/4696 5763/4715/4695 5793/4721/4701
f 1471/4666/4647 1500/4658/4639 5287/4718/4698
f 5781/4717/4697 5287/4718/4698 5267/4664/4645
f 3549/3515/3498 3562/3487/3470 3553/4707/4687
f 5270/4722/4702 5268/4688/4668 5731/4723/4703
f 5770/4724/4704 5271/4725/4705 5733/4726/4706
f 3397/3483/3466 5732/3485/3468 5581/3490/3473
f 5268/4688/4668 5288/4709/4689 5267/4664/4645
f 5733/4726/4706 5271/4725/4705 5771/4727/4707
f 5267/4664/4645 1497/4663/4644 1155/4680/4660
f 5267/4664/4645 1155/4680/4660 1504/4689/4669
f 5270/4722/4702 5288/4709/4689 5268/4688/4668
f 3560/4728/4708 3550/4729/4709 5270/4722/4702
f 3550/4729/4709 3552/4710/4690 5288/4709/4689
f 5270/4722/4702 3550/4729/4709 5288/4709/4689
f 5512/3628/3612 5516/3655/3639 5513/3629/3613
f 5516/3655/3639 5274/4730/4710 5513/3629/3613
f 5513/3629/3613 5274/4730/4710 5749/4225/4711
f 5748/4731/4712 5273/4682/4662 5295/4684/4664
f 1156/4732/4713 1154/4733/4714 1168/4734/4715
f 5279/4735/4716 1166/4736/4717 1163/4737/4718
f 1166/4736/4717 1157/4738/4719 1163/4737/4718
f 5282/4739/4720 5277/4740/4721 5275/4700/4680
f 5275/4700/4680 1163/4737/4718 818/4741/4722
f 1163/4737/4718 816/4742/4723 818/4741/4722
f 5275/4700/4680 818/4741/4722 795/4743/4724
f 791/4744/4725 789/4699/4679 795/4743/4724
f 1155/4680/4660 1166/4745/4726 5286/4701/4681
f 5285/4746/4727 1165/4747/4728 1502/4691/4729
f 1502/4691/4729 1165/4747/4728 5278/4748/4730
f 5280/4749/4731 5279/4735/4716 5277/4740/4721
f 5279/4735/4716 1163/4737/4718 5277/4740/4721
f 5277/4740/4721 1163/4737/4718 5275/4700/4680
f 795/4743/4724 818/4741/4722 797/4750/4732
f 789/4699/4679 5275/4700/4680 795/4743/4724
f 1514/4635/4616 1521/4751/4733 600/4634/4615
f 601/4752/4734 1526/4753/4735 586/4630/4611
f 1526/4753/4735 1577/2799/2790 586/4630/4611
f 1565/3519/3502 1574/4637/4618 1575/4754/4736
f 1574/4637/4618 1565/3519/3502 1567/2801/2792
f 1577/2799/2790 1525/4636/4617 1567/2801/2792
f 1577/2799/2790 1526/4753/4735 1525/4636/4617
f 1822/4755/4737 1824/4756/4738 1820/4757/4739
f 1821/4758/4740 1823/4759/4741 1822/4755/4737
f 1822/4755/4737 1823/4759/4741 1825/4261/4246
f 1824/4756/4738 1822/4755/4737 1826/4760/4742
f 1825/4261/4246 1826/4760/4742 1822/4755/4737
f 1825/4261/4246 1828/3706/3690 1826/4760/4742
f 1818/4761/4743 1821/4758/4740 1820/4757/4739
f 1820/4757/4739 1821/4758/4740 1822/4755/4737
f 1892/4762/4744 3815/4763/4745 2552/4764/4746
f 1884/4765/4747 1883/4766/4748 1819/4767/4749
f 1891/4768/4750 1883/4766/4748 1893/4769/4751
f 1892/4762/4744 1894/4770/4752 3815/4763/4745
f 1820/4757/4739 1824/4756/4738 1884/4765/4747
f 1894/4770/4752 1895/4771/4753 1896/4772/4754
f 1883/4766/4748 1887/4773/4755 1893/4769/4751
f 1883/4766/4748 1884/4765/4747 1887/4773/4755
f 1819/4767/4749 1820/4757/4739 1884/4765/4747
f 3815/4763/4745 1894/4770/4752 1896/4772/4754
f 1884/4765/4747 1824/4756/4738 1889/4774/4756
f 1896/4772/4754 1898/4775/4757 3820/4776/4758
f 1897/4777/4759 1889/4774/4756 1824/4756/4738
f 1898/4775/4757 1900/4778/4760 3820/4776/4758
f 2561/4779/4761 1890/4780/4762 1892/4762/4744
f 1897/4777/4759 1824/4756/4738 1899/4781/4763
f 1824/4756/4738 1831/4782/4764 1899/4781/4763
f 1896/4772/4754 3820/4776/4758 3815/4763/4745
f 1825/4261/4246 1823/4759/4741 1827/4783/4765
f 1844/4784/4766 1838/3698/3682 3169/3718/3702
f 3169/3718/3702 1838/3698/3682 3175/3700/3684
f 1837/3711/3695 1826/4760/4742 1833/3707/3691
f 1833/3707/3691 1826/4760/4742 1828/3706/3690
f 1826/4760/4742 1837/3711/3695 1839/4785/4767
f 1824/4756/4738 1826/4760/4742 1830/4786/4768
f 1826/4760/4742 1832/4787/4769 1830/4786/4768
f 1826/4760/4742 1839/4785/4767 1832/4787/4769
f 1850/4788/4770 1840/4789/4771 1844/4784/4766
f 1832/4787/4769 1839/4785/4767 1845/4790/4772
f 1844/4784/4766 3169/3718/3702 1850/4788/4770
f 1867/4791/4773 1848/4792/4774 3200/4793/4775
f 1848/4792/4774 3169/3718/3702 3200/4793/4775
f 1831/4782/4764 1824/4756/4738 1830/4786/4768
f 1830/4786/4768 1849/4794/4776 1868/4795/4777
f 1830/4786/4768 1832/4787/4769 1849/4794/4776
f 1849/4794/4776 1832/4787/4769 1851/4796/4778
f 1848/4792/4774 1850/4788/4770 3169/3718/3702
f 1905/4797/4779 1869/4798/4780 3203/4799/4781
f 3203/4799/4781 3205/4800/4782 3207/3727/3711
f 3203/4799/4781 3192/4801/4783 3205/4800/4782
f 1903/4802/4784 1831/4782/4764 1830/4786/4768
f 1902/4803/4785 1905/4797/4779 1904/4804/4786
f 1904/4804/4786 1905/4797/4779 3203/4799/4781
f 3820/4776/4758 1904/4804/4786 3203/4799/4781
f 3820/4776/4758 3203/4799/4781 3207/3727/3711
f 3820/4776/4758 3207/3727/3711 3825/3726/3710
f 3820/4776/4758 1900/4778/4760 1904/4804/4786
f 1900/4778/4760 1901/4805/4787 1904/4804/4786
f 3815/4763/4745 3820/4776/4758 3825/3726/3710
f 3204/4806/4788 3169/3718/3702 3186/3731/3715
f 3204/4806/4788 3186/3731/3715 3206/4807/4789
f 3815/4763/4745 3825/3726/3710 3824/3717/3701
f 1947/4808/4790 1909/4809/4791 1938/4810/4792
f 1938/4810/4792 1909/4809/4791 1910/4811/4793
f 1980/4812/4794 1972/4813/4795 1971/4814/4796
f 1968/4815/4797 1951/4816/4798 1923/4817/4799
f 1974/4818/4800 1952/4819/4801 1965/4820/4802
f 2936/4821/4803 1952/4819/4801 1982/4822/4804
f 1951/4816/4798 1936/4823/4805 1923/4817/4799
f 1997/4824/4806 1972/4813/4795 1980/4812/4794
f 1923/4817/4799 1909/4809/4791 1939/4825/4807
f 1947/4808/4790 1939/4825/4807 1909/4809/4791
f 1974/4818/4800 1982/4822/4804 1952/4819/4801
f 1973/4826/4808 1982/4822/4804 1974/4818/4800
f 1972/4813/4795 1976/4827/4809 1947/4808/4790
f 1998/4828/4810 1982/4822/4804 1981/4829/4811
f 1946/4830/4812 1962/4831/4813 1970/4832/4814
f 1953/4833/4815 1970/4832/4814 2013/4834/4816
f 1936/4823/4805 1933/4835/4817 1923/4817/4799
f 1933/4835/4817 1969/4836/4818 1921/4837/4819
f 1936/4823/4805 1943/4838/4820 1933/4835/4817
f 1921/4837/4819 2010/4839/4821 1917/4840/4822
f 1910/4811/4793 1909/4809/4791 1906/4841/4823
f 1909/4809/4791 1908/4842/4824 1906/4841/4823
f 1917/4840/4822 2010/4839/4821 2009/4843/4825
f 1921/4837/4819 1923/4817/4799 1933/4835/4817
f 1909/4809/4791 1921/4837/4819 1917/4840/4822
f 1923/4817/4799 1921/4837/4819 1909/4809/4791
f 1909/4809/4791 1917/4840/4822 1908/4842/4824
f 1908/4842/4824 1917/4840/4822 1818/4761/4743
f 1938/4810/4792 1972/4813/4795 1947/4808/4790
f 1971/4814/4796 1972/4813/4795 1938/4810/4792
f 2971/4844/4826 1996/4845/4827 2005/4846/4828
f 2961/4847/4829 1998/4828/4810 2971/4844/4826
f 1996/4845/4827 1994/4848/4830 2005/4846/4828
f 1986/4849/4831 2006/4850/4832 1971/4814/4796
f 1995/4851/4833 1971/4814/4796 2006/4850/4832
f 1994/4848/4830 1996/4845/4827 1993/4852/4834
f 1998/4828/4810 1996/4845/4827 2971/4844/4826
f 1998/4828/4810 2961/4847/4829 2936/4821/4803
f 2006/4850/4832 1986/4849/4831 2008/4853/4835
f 2971/4844/4826 2005/4846/4828 2007/4854/4836
f 2007/4854/4836 2004/4855/4837 1991/4856/4838
f 2971/4844/4826 2007/4854/4836 1991/4856/4838
f 1821/4758/4740 2009/4843/4825 1823/4759/4741
f 2010/4839/4821 2011/4857/4839 2009/4843/4825
f 1882/4858/4840 1906/4841/4823 1819/4767/4749
f 1818/4761/4743 1820/4757/4739 1819/4767/4749
f 1882/4858/4840 1819/4767/4749 1883/4766/4748
f 1908/4842/4824 1818/4761/4743 1906/4841/4823
f 1818/4761/4743 1819/4767/4749 1906/4841/4823
f 1818/4761/4743 2009/4843/4825 1821/4758/4740
f 1818/4761/4743 1917/4840/4822 2009/4843/4825
f 1882/4858/4840 1883/4766/4748 1885/4859/4841
f 1952/4819/4801 2936/4821/4803 2921/4860/4842
f 1952/4819/4801 2921/4860/4842 1941/4861/4843
f 2936/4821/4803 2927/4862/4844 2921/4860/4842
f 1941/4861/4843 1944/4863/4845 1937/4864/4846
f 2921/4860/4842 2272/4865/4847 1942/4866/4848
f 1967/4867/4849 2268/4868/4850 1958/4869/4851
f 1957/4870/4852 1959/4871/4853 1933/4835/4817
f 1943/4838/4820 1966/4872/4854 1957/4870/4852
f 1943/4838/4820 1957/4870/4852 1933/4835/4817
f 1958/4869/4851 2268/4868/4850 1960/4873/4855
f 2921/4860/4842 1942/4866/4848 1944/4863/4845
f 1933/4835/4817 1959/4871/4853 1961/4874/4856
f 1945/4875/4857 1943/4838/4820 1936/4823/4805
f 1941/4861/4843 2921/4860/4842 1944/4863/4845
f 2969/4876/4858 2961/4847/4829 2971/4844/4826
f 2659/4877/4859 2676/4878/4860 2672/4879/4861
f 3784/4880/4862 3787/2869/2860 3732/2983/2974
f 2583/4881/4863 2659/4877/4859 2601/4882/4864
f 2671/4883/4865 2664/4884/4866 2663/4885/4867
f 2664/4884/4866 2671/4883/4865 2657/4886/4868
f 2665/4887/4869 2601/4882/4864 2659/4877/4859
f 2658/4888/4870 2601/4882/4864 2665/4887/4869
f 2649/4889/4871 2601/4882/4864 2658/4888/4870
f 3784/4880/4862 2657/4886/4868 2671/4883/4865
f 2657/4886/4868 3784/4880/4862 2648/4890/4872
f 2625/4891/4873 2648/4890/4872 3784/4880/4862
f 2671/4883/4865 2675/4892/4874 2692/4893/4875
f 2593/4894/4876 2591/4895/4877 2589/4896/4878
f 2585/3848/3832 2584/3849/3833 2583/4881/4863
f 2586/4897/4879 2585/3848/3832 2583/4881/4863
f 2588/4898/4880 2586/4897/4879 2589/4896/4878
f 2588/4898/4880 2590/4899/4881 2587/3850/3834
f 2587/3850/3834 2585/3848/3832 2588/4898/4880
f 2591/4895/4877 2588/4898/4880 2589/4896/4878
f 2591/4895/4877 2590/4899/4881 2588/4898/4880
f 2586/4897/4879 2588/4898/4880 2585/3848/3832
f 3697/4348/4332 3703/4350/4334 3702/4900/4882
f 3705/4359/4343 3712/4368/4352 3704/4371/4355
f 3702/4900/4882 3705/4359/4343 3704/4371/4355
f 3702/4900/4882 3704/4371/4355 3701/4901/4883
f 3716/4353/4337 3877/4352/4336 3879/4902/4884
f 3698/4396/4380 3701/4901/4883 3687/4363/4347
f 3707/4358/4342 3705/4359/4343 3702/4900/4882
f 3876/4903/4885 3709/4904/4886 3706/4905/4887
f 3876/4903/4885 3706/4905/4887 3878/4906/4888
f 3880/4907/4889 3876/4903/4885 3878/4906/4888
f 3697/4348/4332 3701/4901/4883 3698/4396/4380
f 3697/4348/4332 3702/4900/4882 3701/4901/4883
f 3724/4432/4416 3694/4908/4890 3719/4372/4356
f 3701/4901/4883 3704/4371/4355 3694/4908/4890
f 3719/4372/4356 3694/4908/4890 3704/4371/4355
f 3693/4410/4394 3694/4908/4890 3724/4432/4416
f 3687/4363/4347 3701/4901/4883 3694/4908/4890
f 3693/4410/4394 3687/4363/4347 3694/4908/4890
f 3724/4432/4416 3726/4431/4415 3723/4418/4402
f 3693/4410/4394 3724/4432/4416 3723/4418/4402
f 3760/3742/3726 3740/4909/4891 3726/4431/4415
f 2764/4910/4892 2604/4911/4893 2795/4912/4894
f 2614/4913/4895 2600/4914/4896 2624/4915/4897
f 3747/4916/4898 2605/4917/4899 2613/4918/4900
f 2594/4919/4901 2600/4914/4896 2614/4913/4895
f 2614/4913/4895 2603/4920/4902 2594/4919/4901
f 2594/4919/4901 2586/4897/4879 2600/4914/4896
f 3784/4880/4862 3732/2983/2974 2625/4891/4873
f 2625/4891/4873 3732/2983/2974 3747/4916/4898
f 2622/4921/4903 2620/4922/4904 2603/4920/4902
f 2620/4922/4904 2594/4919/4901 2603/4920/4902
f 3726/4431/4415 3740/4909/4891 3723/4418/4402
f 3723/4418/4402 3740/4909/4891 2619/4923/4905
f 3747/4916/4898 3723/4418/4402 2619/4923/4905
f 2621/4924/4906 3747/4916/4898 2619/4923/4905
f 2619/4923/4905 3740/4909/4891 2610/4925/4907
f 2621/4924/4906 2605/4917/4899 3747/4916/4898
f 3723/4418/4402 3747/4916/4898 3732/2983/2974
f 3727/4411/4395 3732/2983/2974 3741/2882/2873
f 3727/4411/4395 3723/4418/4402 3732/2983/2974
f 2620/4922/4904 2609/4926/4908 2594/4919/4901
f 2607/4927/4909 2610/4925/4907 3740/4909/4891
f 2610/4925/4907 2608/4928/4910 2619/4923/4905
f 2597/4929/4911 2593/4894/4876 2611/4930/4912
f 2609/4926/4908 2611/4930/4912 2593/4894/4876
f 2609/4926/4908 2593/4894/4876 2594/4919/4901
f 2607/4927/4909 3755/4931/4913 2616/4932/4914
f 2599/4933/4915 2596/4934/4916 2618/4935/4917
f 2722/4936/4918 2720/2308/2299 2593/4894/4876
f 2720/2308/2299 2591/4895/4877 2593/4894/4876
f 2722/4936/4918 2596/4934/4916 2599/4933/4915
f 2722/4936/4918 2599/4933/4915 2602/4937/4919
f 2722/4936/4918 2593/4894/4876 2596/4934/4916
f 2596/4934/4916 2593/4894/4876 2597/4929/4911
f 2593/4894/4876 2589/4896/4878 2594/4919/4901
f 2630/4938/4920 2634/4939/4921 2626/4940/4922
f 2631/4941/4923 2627/4942/4924 2602/4937/4919
f 2604/4911/4893 2722/4936/4918 2602/4937/4919
f 2823/4943/4925 2634/4939/4921 2630/4938/4920
f 2630/4938/4920 2615/4944/4926 3779/4945/4927
f 2627/4942/4924 2604/4911/4893 2602/4937/4919
f 2823/4943/4925 2630/4938/4920 3276/4946/4928
f 3762/4947/4929 2630/4938/4920 3779/4945/4927
f 3276/4946/4928 2630/4938/4920 3762/4947/4929
f 3779/4945/4927 2617/4948/4930 3755/4931/4913
f 2616/4932/4914 3755/4931/4913 2617/4948/4930
f 2617/4948/4930 3779/4945/4927 2612/4949/4931
f 2602/4937/4919 2599/4933/4915 2623/4950/4932
f 3762/4947/4929 3755/4931/4913 3760/3742/3726
f 3756/3748/3732 3762/4947/4929 3760/3742/3726
f 3760/3742/3726 3755/4931/4913 3740/4909/4891
f 2594/4919/4901 2589/4896/4878 2586/4897/4879
f 2586/4897/4879 2601/4882/4864 2600/4914/4896
f 2583/4881/4863 2601/4882/4864 2586/4897/4879
f 2648/4890/4872 2625/4891/4873 2636/4951/4933
f 2607/4927/4909 3740/4909/4891 3755/4931/4913
f 3762/4947/4929 3779/4945/4927 3755/4931/4913
f 2009/4843/4825 2016/4952/4934 1823/4759/4741
f 2302/4953/4935 2031/4954/4936 2028/4955/4937
f 2269/4956/4938 2302/4953/4935 2022/4957/4939
f 2022/4957/4939 2302/4953/4935 2028/4955/4937
f 2022/4957/4939 2028/4955/4937 2015/4958/4940
f 2027/4959/4941 2023/4960/4942 2012/4961/4943
f 1865/4962/4944 1829/4963/4945 1878/4964/4946
f 1852/4965/4947 1829/4963/4945 1865/4962/4944
f 1864/4966/4948 1877/4967/4949 1879/4264/4249
f 1827/4783/4765 2044/4968/4950 2049/4969/4951
f 1823/4759/4741 2016/4952/4934 1827/4783/4765
f 1866/4970/4952 1852/4965/4947 1865/4962/4944
f 1829/4963/4945 1835/4251/4236 1825/4261/4246
f 1829/4963/4945 1852/4965/4947 1835/4251/4236
f 3331/4259/4244 1864/4966/4948 1879/4264/4249
f 1827/4783/4765 2049/4969/4951 1829/4963/4945
f 1827/4783/4765 1829/4963/4945 1825/4261/4246
f 2024/4971/4953 2012/4961/4943 2036/4972/4954
f 2012/4961/4943 2024/4971/4953 2009/4843/4825
f 2031/4954/4936 2331/4973/4955 2026/4974/4956
f 2269/4956/4938 2312/4975/4957 2302/4953/4935
f 2302/4953/4935 2331/4973/4955 2031/4954/4936
f 2023/4960/4942 2036/4972/4954 2012/4961/4943
f 2025/4976/4958 2330/4977/4959 2035/4978/4960
f 2046/4979/4961 3422/4980/4962 2050/4981/4963
f 3422/4980/4962 3429/4268/4253 2050/4981/4963
f 3420/2471/2460 3428/4324/4308 3422/4980/4962
f 2039/4982/4964 3422/4980/4962 2046/4979/4961
f 3422/4980/4962 3428/4324/4308 3429/4268/4253
f 2045/4983/4965 2046/4979/4961 2048/4984/4966
f 2016/4952/4934 2042/4985/4967 1827/4783/4765
f 2042/4985/4967 2044/4968/4950 1827/4783/4765
f 2034/4986/4968 2037/4987/4969 2032/4988/4970
f 2033/4989/4971 2038/4990/4972 2016/4952/4934
f 2016/4952/4934 2038/4990/4972 2040/4991/4973
f 2042/4985/4967 2041/4992/4974 2047/4993/4975
f 2036/4972/4954 2030/4994/4976 2024/4971/4953
f 2029/4995/4977 2037/4987/4969 2034/4986/4968
f 2037/4987/4969 2029/4995/4977 2039/4982/4964
f 2039/4982/4964 2046/4979/4961 2043/4996/4978
f 2016/4952/4934 2009/4843/4825 2024/4971/4953
f 2024/4971/4953 2033/4989/4971 2016/4952/4934
f 2042/4985/4967 2016/4952/4934 2040/4991/4973
f 2042/4985/4967 2040/4991/4973 2041/4992/4974
f 2316/4997/4979 2311/4998/4980 2328/4030/4014
f 2302/4953/4935 2329/4999/4981 2331/4973/4955
f 2330/4977/4959 2328/4030/4014 2029/4995/4977
f 2035/4978/4960 2330/4977/4959 2029/4995/4977
f 2046/4979/4961 2050/4981/4963 2048/4984/4966
f 2269/4956/4938 2314/5000/4982 2312/4975/4957
f 1878/4964/4946 1829/4963/4945 2053/4271/4256
f 3429/4268/4253 2054/5001/4983 2051/5002/4984
f 2049/4969/4951 2053/4271/4256 1829/4963/4945
f 2049/4969/4951 2052/5003/4985 2053/4271/4256
f 2052/5003/4985 2055/5004/4986 2053/4271/4256
f 3429/4268/4253 2056/4265/4250 2054/5001/4983
f 2055/5004/4986 2057/5005/4987 2053/4271/4256
f 3429/4268/4253 3442/4278/4263 2064/4266/4251
f 2057/5005/4987 2059/4277/4262 2053/4271/4256
f 3429/4268/4253 3428/4324/4308 3442/4278/4263
f 1881/5006/4988 2060/4269/4254 1879/4264/4249
f 2053/4271/4256 1880/5007/4989 1878/4964/4946
f 2053/4271/4256 2062/4270/4255 2061/5008/4990
f 2050/4981/4963 3429/4268/4253 2051/5002/4984
f 2029/4995/4977 3422/4980/4962 2039/4982/4964
f 2311/4998/4980 2313/5009/4991 2328/4030/4014
f 3421/4028/4012 3423/2464/2453 3420/2471/2460
f 3422/4980/4962 3421/4028/4012 3420/2471/2460
f 3421/4028/4012 3337/2468/2457 3423/2464/2453
f 2328/4030/4014 3424/4026/4010 2029/4995/4977
f 2029/4995/4977 3424/4026/4010 3421/4028/4012
f 2029/4995/4977 3421/4028/4012 3422/4980/4962
f 2313/5009/4991 2307/4035/4019 2328/4030/4014
f 1962/4831/4813 2260/5010/4992 2022/4957/4939
f 2018/5011/4993 1962/4831/4813 2022/4957/4939
f 2260/5010/4992 2269/4956/4938 2022/4957/4939
f 1970/4832/4814 1962/4831/4813 2018/5011/4993
f 1970/4832/4814 2018/5011/4993 2013/4834/4816
f 2018/5011/4993 2022/4957/4939 2020/5012/4994
f 2011/4857/4839 2019/5013/4995 2021/5014/4996
f 2010/4839/4821 2019/5013/4995 2011/4857/4839
f 2010/4839/4821 2017/5015/4997 2019/5013/4995
f 2014/5016/4998 2022/4957/4939 2015/4958/4940
f 2009/4843/4825 2011/4857/4839 2012/4961/4943
f 2921/4860/4842 2270/5017/4999 2272/4865/4847
f 2924/4078/4062 2926/5018/5000 2923/5019/5001
f 2922/5020/5002 2925/5021/5003 2919/5022/5004
f 2920/4077/4061 2923/5019/5001 2916/5023/5005
f 2916/5023/5005 2918/5024/5006 2262/5025/5007
f 2270/5017/4999 2916/5023/5005 2262/5025/5007
f 2927/4862/4844 2920/4077/4061 2270/5017/4999
f 2925/5021/5003 2928/4073/4057 2917/5026/5008
f 2919/5022/5004 2925/5021/5003 2917/5026/5008
f 2920/4077/4061 2916/5023/5005 2270/5017/4999
f 2270/5017/4999 2262/5025/5007 2263/5027/5009
f 2259/5028/5010 2260/5010/4992 2264/5029/5011
f 2921/4860/4842 2927/4862/4844 2270/5017/4999
f 2924/4078/4062 2929/5030/5012 2926/5018/5000
f 2920/4077/4061 2924/4078/4062 2923/5019/5001
f 2960/5031/5013 2935/4074/4058 2927/4862/4844
f 2935/4074/4058 2920/4077/4061 2927/4862/4844
f 2271/5032/5014 2260/5010/4992 2268/4868/4850
f 2268/4868/4850 2260/5010/4992 1962/4831/4813
f 2268/4868/4850 1962/4831/4813 1960/4873/4855
f 2259/5028/5010 2267/4086/4070 2260/5010/4992
f 2280/5033/5015 2274/4088/4072 2277/4087/4071
f 2917/5026/5008 2928/4073/4057 2279/4082/4066
f 2917/5026/5008 2279/4082/4066 2278/5034/5016
f 2917/5026/5008 2278/5034/5016 2265/5035/5017
f 2917/5026/5008 2265/5035/5017 2261/5036/5018
f 2266/5037/5019 2277/4087/4071 2267/4086/4070
f 2266/5037/5019 2267/4086/4070 2259/5028/5010
f 2267/4086/4070 2308/4039/4023 2269/4956/4938
f 2269/4956/4938 2308/4039/4023 2314/5000/4982
f 2260/5010/4992 2267/4086/4070 2269/4956/4938
f 3120/5038/5020 3122/5039/5021 3113/5040/5022
f 3120/5038/5020 3113/5040/5022 3115/5041/5023
f 3122/5039/5021 3124/5042/5024 3113/5040/5022
f 3115/5041/5023 3113/5040/5022 3111/5043/5025
f 3112/5044/5026 3114/5045/5027 3166/5046/5028
f 3869/5047/5029 3872/5048/5030 3123/5049/5031
f 3114/5045/5027 1558/5050/5032 3166/5046/5028
f 3873/5051/5033 3123/5049/5031 3121/5052/5034
f 3873/5051/5033 3869/5047/5029 3123/5049/5031
f 3123/5049/5031 3872/5048/5030 3137/5053/5035
f 3871/5054/5036 3859/5055/5037 1564/5056/5038
f 3113/5040/5022 3124/5042/5024 1563/5057/5039
f 1542/2794/2785 1560/5058/5040 1561/5059/5041
f 1548/5060/5042 1551/5061/5043 1554/5062/5044
f 1550/5063/5045 1542/2794/2785 1544/5064/5046
f 1559/5065/5047 1550/5063/5045 1557/5066/5048
f 1558/5050/5032 1556/5067/5049 1554/5062/5044
f 1549/5068/5050 1548/5060/5042 1556/5067/5049
f 1559/5065/5047 1542/2794/2785 1550/5063/5045
f 3165/5069/5051 1558/5050/5032 1554/5062/5044
f 3166/5046/5028 1558/5050/5032 3165/5069/5051
f 1556/5067/5049 1548/5060/5042 1554/5062/5044
f 1542/2794/2785 1559/5065/5047 1560/5058/5040
f 1545/5070/5052 1602/3480/3463 1553/3479/3462
f 1542/2794/2785 1543/3482/3465 1546/5071/5053
f 3117/5072/5054 3120/5038/5020 3115/5041/5023
f 1552/5073/5055 1547/5074/5056 1555/5075/5057
f 3166/5046/5028 3165/5069/5051 3164/5076/5058
f 3160/5077/5059 3115/5041/5023 3111/5043/5025
f 3167/5078/5060 3160/5077/5059 3111/5043/5025
f 1544/5064/5046 1547/5074/5056 1552/5073/5055
f 1544/5064/5046 1546/5071/5053 1547/5074/5056
f 1544/5064/5046 1542/2794/2785 1546/5071/5053
f 3165/5069/5051 1554/5062/5044 3332/5079/5061
f 1553/3479/3462 3332/5079/5061 1554/5062/5044
f 3861/5080/5062 3859/5055/5037 3867/5081/5063
f 3869/5047/5029 3862/5082/5064 3872/5048/5030
f 3597/5083/5065 3576/5084/5066 3635/5085/5067
f 3873/5051/5033 3153/5086/5068 3865/5087/5069
f 3155/5088/5070 3603/5089/5071 3157/5090/5072
f 3157/5090/5072 3603/5089/5071 3591/5091/5073
f 3121/5052/5034 3119/5092/5074 3873/5051/5033
f 3153/5086/5068 3580/5093/5075 3865/5087/5069
f 3865/5087/5069 3864/5094/5076 3869/5047/5029
f 3580/5093/5075 3858/5095/5077 3865/5087/5069
f 3865/5087/5069 3869/5047/5029 3873/5051/5033
f 3339/3481/3464 3354/2475/2464 3332/5079/5061
f 1553/3479/3462 3339/3481/3464 3332/5079/5061
f 3165/5069/5051 3332/5079/5061 2195/5096/5078
f 2195/5096/5078 3332/5079/5061 3333/2474/2463
f 2195/5096/5078 3333/2474/2463 2199/5097/5079
f 2199/5097/5079 3333/2474/2463 2200/5098/5080
f 2200/5098/5080 3333/2474/2463 3335/2463/2452
f 2200/5098/5080 3335/2463/2452 3334/3982/3966
f 2224/5099/5081 2205/5100/5082 3443/4025/4009
f 3443/4025/4009 2205/5100/5082 2201/5101/5083
f 2166/4005/3989 2202/5102/5084 2196/5103/5085
f 2166/4005/3989 2171/5104/5086 2161/3987/3971
f 3466/5105/5087 2225/5106/5088 3497/5107/5089
f 3643/5108/5090 2225/5106/5088 3466/5105/5087
f 2166/4005/3989 2196/5103/5085 2171/5104/5086
f 3497/5107/5089 2225/5106/5088 3480/5109/5091
f 3443/4025/4009 2201/5101/5083 2182/3992/3976
f 3445/5110/5092 3466/5105/5087 3497/5107/5089
f 3496/5111/5093 3443/4025/4009 3444/4024/4008
f 3135/5112/5094 3126/5113/5095 3130/5114/5096
f 3600/5115/5097 3594/5116/5098 3592/5117/5099
f 3600/5115/5097 3592/5117/5099 3607/5118/5100
f 3614/5119/5101 3138/5120/5102 3643/5108/5090
f 3608/5121/5103 3138/5120/5102 3614/5119/5101
f 2222/5122/5104 2171/5104/5086 2196/5103/5085
f 2221/5123/5105 3130/5114/5096 2227/5124/5106
f 2227/5124/5106 3126/5113/5095 3128/5125/5107
f 2226/5126/5108 2203/5127/5109 2183/5128/5110
f 3131/5129/5111 2198/5130/5112 2226/5126/5108
f 2222/5122/5104 2220/5131/5113 2171/5104/5086
f 2220/5131/5113 2208/5132/5114 2171/5104/5086
f 2221/5123/5105 2227/5124/5106 2209/5133/5115
f 2171/5104/5086 2231/5134/5116 2161/3987/3971
f 2231/5134/5116 2204/5135/5117 2161/3987/3971
f 2226/5126/5108 2198/5130/5112 2203/5127/5109
f 2183/5128/5110 2203/5127/5109 2230/5136/5118
f 3128/5125/5107 3115/5041/5023 3129/5137/5119
f 3128/5125/5107 3126/5113/5095 3115/5041/5023
f 3126/5113/5095 3116/5138/5120 3115/5041/5023
f 3131/5129/5111 3142/5139/5121 3162/5140/5122
f 3129/5137/5119 3115/5041/5023 3161/5141/5123
f 2219/3980/3964 2200/5098/5080 3334/3982/3966
f 2225/5106/5088 3138/5120/5102 3136/5142/5124
f 3643/5108/5090 3138/5120/5102 2225/5106/5088
f 3136/5142/5124 3138/5120/5102 3134/5143/5125
f 3135/5112/5094 3139/5144/5126 3133/5145/5127
f 3138/5120/5102 3608/5121/5103 3637/5146/5128
f 2225/5106/5088 3136/5142/5124 2223/5147/5129
f 3130/5114/5096 3126/5113/5095 2227/5124/5106
f 2161/3987/3971 2190/5148/5130 2191/5149/5131
f 3131/5129/5111 3162/5140/5122 2198/5130/5112
f 2228/5150/5132 2198/5130/5112 3162/5140/5122
f 2161/3987/3971 2191/5149/5131 2218/3985/3969
f 3162/5140/5122 3165/5069/5051 2195/5096/5078
f 3162/5140/5122 2195/5096/5078 2228/5150/5132
f 2189/5151/5133 2190/5148/5130 2161/3987/3971
f 2204/5135/5117 2189/5151/5133 2161/3987/3971
f 3161/5141/5123 3160/5077/5059 3163/5152/5134
f 3115/5041/5023 3160/5077/5059 3161/5141/5123
f 2189/5151/5133 2229/5153/5135 2192/5154/5136
f 2189/5151/5133 2192/5154/5136 2190/5148/5130
f 3592/5117/5099 3636/5155/5137 3607/5118/5100
f 3116/5138/5120 3118/5156/5138 3115/5041/5023
f 3118/5156/5138 3117/5072/5054 3115/5041/5023
f 3636/5155/5137 3592/5117/5099 3611/5157/5139
f 3592/5117/5099 3596/5158/5140 3611/5157/5139
f 3611/5157/5139 3596/5158/5140 3598/5159/5141
f 3637/5146/5128 3132/5160/5142 3138/5120/5102
f 3133/5145/5127 3126/5113/5095 3135/5112/5094
f 3637/5146/5128 3638/5161/5143 3132/5160/5142
f 3132/5160/5142 3638/5161/5143 3145/5162/5144
f 3127/5163/5145 3145/5162/5144 3144/5164/5146
f 3127/5163/5145 3144/5164/5146 3140/5165/5147
f 3118/5156/5138 3116/5138/5120 3143/5166/5148
f 3143/5166/5148 3147/5167/5149 3118/5156/5138
f 3132/5160/5142 3145/5162/5144 3127/5163/5145
f 3638/5161/5143 3603/5089/5071 3155/5088/5070
f 3638/5161/5143 3155/5088/5070 3145/5162/5144
f 3143/5166/5148 3146/5168/5150 3147/5167/5149
f 3145/5162/5144 3155/5088/5070 3148/5169/5151
f 3149/5170/5152 3156/5171/5153 3154/5172/5154
f 3149/5170/5152 3154/5172/5154 3152/5173/5155
f 3146/5168/5150 3149/5170/5152 3147/5167/5149
f 3149/5170/5152 3152/5173/5155 3147/5167/5149
f 3151/5174/5156 3153/5086/5068 3873/5051/5033
f 3118/5156/5138 3147/5167/5149 3159/5175/5157
f 3141/5176/5158 3158/5177/5159 3125/5178/5160
f 3158/5177/5159 3150/5179/5161 3151/5174/5156
f 3151/5174/5156 3119/5092/5074 3125/5178/5160
f 3158/5177/5159 3151/5174/5156 3125/5178/5160
f 3151/5174/5156 3873/5051/5033 3119/5092/5074
f 3333/2474/2463 3332/5079/5061 3354/2475/2464
f 3333/2474/2463 3336/2461/2450 3335/2463/2452
f 1632/5180/5162 1542/2794/2785 1561/5059/5041
f 1564/5056/5038 3859/5055/5037 3855/5181/5163
f 3855/5181/5163 2159/5182/5164 1564/5056/5038
f 1564/5056/5038 2159/5182/5164 1702/5183/5165
f 2158/5184/5166 2109/5185/5167 1701/5186/5168
f 1564/5056/5038 1702/5183/5165 1562/5187/5169
f 2109/5185/5167 1636/5188/5170 1701/5186/5168
f 1631/2792/2783 1632/5180/5162 1629/5189/5171
f 1632/5180/5162 1631/2792/2783 1542/2794/2785
f 2156/5190/5172 2107/5191/5173 3870/5192/5174
f 3855/5181/5163 3859/5055/5037 3861/5080/5062
f 3870/5192/5174 2108/5193/5175 2157/5194/5176
f 3870/5192/5174 2107/5191/5173 2108/5193/5175
f 2109/5185/5167 2105/5195/5177 1636/5188/5170
f 1510/5196/5178 2156/5190/5172 3870/5192/5174
f 3574/5197/5179 3596/5158/5140 3592/5117/5099
f 3588/5198/5180 3586/5199/5181 3589/5200/5182
f 3855/5181/5163 3588/5198/5180 3589/5200/5182
f 3588/5198/5180 3855/5181/5163 3857/5201/5183
f 3857/5201/5183 3855/5181/5163 3861/5080/5062
f 3866/5202/5184 3862/5082/5064 3869/5047/5029
f 3868/5203/5185 3863/5204/5186 3857/5201/5183
f 3863/5204/5186 3856/5205/5187 3857/5201/5183
f 3856/5205/5187 3583/5206/5188 3588/5198/5180
f 3856/5205/5187 3588/5198/5180 3857/5201/5183
f 3642/4111/4095 3616/5207/5189 3643/5108/5090
f 3642/4111/4095 3643/5108/5090 3466/5105/5087
f 3596/5158/5140 3597/5083/5065 3598/5159/5141
f 1730/5208/5190 1738/3347/3330 1737/3344/3327
f 1730/5208/5190 1713/3348/3331 1738/3347/3330
f 1736/3346/3329 1730/5208/5190 1737/3344/3327
f 1744/3943/3927 254/5209/5191 1733/5210/5192
f 255/5211/5193 252/5212/5194 1817/3951/3935
f 249/5213/5195 252/5212/5194 255/5211/5193
f 1812/3949/3933 254/5209/5191 1744/3943/3927
f 257/3950/3934 255/5211/5193 1817/3951/3935
f 1733/5210/5192 1731/5214/5196 1729/5215/5197
f 1732/5216/5198 1733/5210/5192 1729/5215/5197
f 242/5217/5199 244/5218/5200 254/5209/5191
f 1732/5216/5198 1744/3943/3927 1733/5210/5192
f 1713/3348/3331 1718/5219/5201 1781/5220/5202
f 1769/3349/3332 1713/3348/3331 1781/5220/5202
f 1532/2803/2794 1535/2802/2793 1533/5221/5203
f 1698/5222/5204 1618/3412/3395 1687/3414/3397
f 1713/3348/3331 1711/5223/5205 1718/5219/5201
f 1698/5222/5204 1687/3414/3397 1717/5224/5206
f 1671/5225/5207 1618/3412/3395 1698/5222/5204
f 1687/3414/3397 1618/3412/3395 1674/3415/3398
f 1633/5226/5208 1609/2804/2795 1621/3411/3394
f 1609/2804/2795 1633/5226/5208 1535/2802/2793
f 1610/5227/5209 1533/5221/5203 1535/2802/2793
f 1539/5228/5210 1417/5229/5211 1533/5221/5203
f 1417/5229/5211 1412/5230/5212 1404/5231/5213
f 1539/5228/5210 1451/5232/5214 1415/5233/5215
f 1412/5230/5212 1417/5229/5211 1539/5228/5210
f 1412/5230/5212 1539/5228/5210 1419/5234/5216
f 1412/5230/5212 1419/5234/5216 1411/5235/5217
f 1419/5234/5216 1539/5228/5210 1415/5233/5215
f 1610/5227/5209 1539/5228/5210 1533/5221/5203
f 1539/5228/5210 1610/5227/5209 1633/5226/5208
f 1634/5236/5218 1539/5228/5210 1633/5226/5208
f 1539/5228/5210 1634/5236/5218 1663/5237/5219
f 1730/5208/5190 1736/3346/3329 1734/3390/3373
f 1745/3946/3930 1734/3390/3373 1748/3965/3949
f 1729/5215/5197 1730/5208/5190 1734/3390/3373
f 1729/5215/5197 1734/3390/3373 1732/5216/5198
f 1744/3943/3927 1732/5216/5198 1745/3946/3930
f 1732/5216/5198 1734/3390/3373 1745/3946/3930
f 1748/3965/3949 1734/3390/3373 1742/3424/3407
f 1742/3424/3407 1734/3390/3373 1740/3345/3328
f 1671/5225/5207 1698/5222/5204 1712/5238/5220
f 1716/5239/5221 1714/5240/5222 1713/3348/3331
f 1703/5241/5223 1621/3411/3394 1659/5242/5224
f 1722/5243/5225 1720/5244/5226 1706/5245/5227
f 1621/3411/3394 1703/5241/5223 1721/5246/5228
f 1709/5247/5229 1621/3411/3394 1721/5246/5228
f 1621/3411/3394 1618/3412/3395 1671/5225/5207
f 1621/3411/3394 1671/5225/5207 1659/5242/5224
f 1715/5248/5230 1659/5242/5224 1671/5225/5207
f 1729/5215/5197 1716/5239/5221 1730/5208/5190
f 1706/5245/5227 1704/5249/5231 1716/5239/5221
f 1730/5208/5190 1716/5239/5221 1713/3348/3331
f 1703/5241/5223 1659/5242/5224 1705/5250/5232
f 1729/5215/5197 1706/5245/5227 1716/5239/5221
f 1722/5243/5225 1706/5245/5227 1724/5251/5233
f 1724/5251/5233 1706/5245/5227 1729/5215/5197
f 1655/5252/5234 1621/3411/3394 1709/5247/5229
f 1633/5226/5208 1610/5227/5209 1535/2802/2793
f 1633/5226/5208 1621/3411/3394 1655/5252/5234
f 1694/5253/5235 1710/5254/5236 1722/5243/5225
f 1415/5233/5215 1451/5232/5214 1414/5255/5237
f 101/5256/5238 94/5257/5239 178/5258/5240
f 178/5258/5240 1735/5259/5241 154/5260/5242
f 178/5258/5240 94/5257/5239 1735/5259/5241
f 1731/5214/5196 1724/5251/5233 1729/5215/5197
f 1694/5253/5235 1722/5243/5225 1724/5251/5233
f 1633/5226/5208 1655/5252/5234 1723/5261/5243
f 1691/5262/5244 1633/5226/5208 1723/5261/5243
f 1691/5262/5244 1634/5236/5218 1633/5226/5208
f 1728/5263/5245 1664/5264/5246 1699/5265/5247
f 1728/5263/5245 1699/5265/5247 1731/5214/5196
f 1699/5265/5247 1724/5251/5233 1731/5214/5196
f 1727/5266/5248 1539/5228/5210 1663/5237/5219
f 1728/5263/5245 1731/5214/5196 1735/5259/5241
f 1733/5210/5192 1735/5259/5241 1731/5214/5196
f 1450/5267/5249 1540/5268/5250 235/5269/5251
f 94/5257/5239 1541/5270/5252 1728/5263/5245
f 235/5269/5251 1540/5268/5250 131/5271/5253
f 133/5272/5254 1541/5270/5252 94/5257/5239
f 94/5257/5239 1728/5263/5245 1735/5259/5241
f 81/5273/5255 133/5272/5254 94/5257/5239
f 1724/5251/5233 1699/5265/5247 1692/5274/5256
f 1727/5266/5248 1540/5268/5250 1539/5228/5210
f 1450/5267/5249 1448/5275/5257 1540/5268/5250
f 1539/5228/5210 1448/5275/5257 1451/5232/5214
f 1448/5275/5257 1539/5228/5210 1540/5268/5250
f 1735/5259/5241 1733/5210/5192 254/5209/5191
f 154/5260/5242 1735/5259/5241 244/5218/5200
f 1735/5259/5241 254/5209/5191 244/5218/5200
f 2591/4895/4877 2728/2309/2300 2590/4899/4881
f 2592/3851/3835 2587/3850/3834 2590/4899/4881
f 2728/2309/2300 2592/3851/3835 2590/4899/4881
f 2719/5276/5258 2701/2253/2244 2721/5277/5259
f 2721/5277/5259 2701/2253/2244 2722/4936/4918
f 3272/5278/5260 2794/5279/5261 2823/4943/4925
f 3272/5278/5260 2810/5280/5262 2794/5279/5261
f 2807/5281/5263 2721/5277/5259 2764/4910/4892
f 2764/4910/4892 2722/4936/4918 2604/4911/4893
f 2721/5277/5259 2722/4936/4918 2764/4910/4892
f 2809/5282/5264 2764/4910/4892 2795/4912/4894
f 3276/4946/4928 3272/5278/5260 2823/4943/4925
f 3258/5283/5265 2808/5284/5266 2806/5285/5267
f 2776/5286/5268 3258/5283/5265 2806/5285/5267
f 3258/5283/5265 2811/5287/5269 2808/5284/5266
f 2812/5288/5270 2719/5276/5258 2721/5277/5259
f 3260/5289/5271 3273/5290/5272 3277/5291/5273
f 3258/5283/5265 2776/5286/5268 3273/5290/5272
f 3219/5292/5274 3261/5293/5275 3257/5294/5276
f 3263/5295/5277 3275/2248/2239 3264/5296/5278
f 3258/5283/5265 2804/5297/5279 2811/5287/5269
f 3264/5296/5278 2804/5297/5279 3258/5283/5265
f 3261/5293/5275 3264/5296/5278 3258/5283/5265
f 3261/5293/5275 3258/5283/5265 3257/5294/5276
f 3257/5294/5276 3258/5283/5265 3259/5298/5280
f 3260/5289/5271 3259/5298/5280 3258/5283/5265
f 3258/5283/5265 3273/5290/5272 3260/5289/5271
f 3264/5296/5278 2716/5299/5281 2718/5300/5282
f 2716/5299/5281 3278/2250/2241 2709/5301/5283
f 2718/5300/5282 2716/5299/5281 2713/5302/5284
f 3264/5296/5278 3278/2250/2241 2716/5299/5281
f 3278/2250/2241 2703/2249/2240 2706/5303/5285
f 3278/2250/2241 2706/5303/5285 2709/5301/5283
f 2717/5304/5286 2705/5305/5287 2714/5306/5288
f 2804/5297/5279 3264/5296/5278 2718/5300/5282
f 2804/5297/5279 2772/5307/5289 2811/5287/5269
f 3264/5296/5278 3275/2248/2239 3278/2250/2241
f 2701/2253/2244 2705/5305/5287 2700/2255/2246
f 2805/5308/5290 2712/5309/5291 2719/5276/5258
f 2700/2255/2246 2705/5305/5287 2707/5310/5292
f 2714/5306/5288 2705/5305/5287 2712/5309/5291
f 2719/5276/5258 2712/5309/5291 2701/2253/2244
f 2712/5309/5291 2705/5305/5287 2701/2253/2244
f 2795/4912/4894 2604/4911/4893 2824/5311/5293
f 2722/4936/4918 2701/2253/2244 2720/2308/2299
f 2720/2308/2299 2728/2309/2300 2591/4895/4877
f 3756/3748/3732 3269/5312/5294 3268/5313/5295
f 3756/3748/3732 3268/5313/5295 3762/4947/4929
f 3222/3789/3773 3269/5312/5294 3756/3748/3732
f 3215/5314/5296 3216/5315/5297 3266/5316/5298
f 3222/3789/3773 3236/5317/5299 3269/5312/5294
f 3762/4947/4929 3254/5318/5300 3267/5319/5301
f 3762/4947/4929 3267/5319/5301 3276/4946/4928
f 3216/5315/5297 3213/3791/3775 3255/5320/5302
f 3255/5320/5302 3270/5321/5303 3216/5315/5297
f 3213/3791/3775 3257/5294/5276 3255/5320/5302
f 3255/5320/5304 3259/5298/5280 3260/5289/5271
f 2084/5322/5305 2077/5323/5306 2080/5324/5307
f 2082/5325/5308 3293/5326/5309 3325/2147/2139
f 2067/4275/4260 2078/5327/5310 3324/4273/4258
f 2072/4246/4231 2073/4247/4232 2077/5323/5306
f 3324/4273/4258 2081/5328/5311 2082/5325/5308
f 2078/5327/5310 2081/5328/5311 3324/4273/4258
f 3324/4273/4258 2082/5325/5308 3325/2147/2139
f 3324/4273/4258 3325/2147/2139 3319/4281/4266
f 3325/2147/2139 3328/2107/2098 3326/5329/5312
f 3319/4281/4266 3325/2147/2139 3326/5329/5312
f 3318/5330/5313 4468/2142/2134 3315/2144/2136
f 2083/5331/5314 2079/4291/4276 3318/5330/5313
f 2079/4291/4276 4463/2090/2081 4467/5332/5315
f 2082/5325/5308 3317/5333/5316 3293/5326/5309
f 2079/4291/4276 4467/5332/5315 3318/5330/5313
f 3318/5330/5313 4467/5332/5315 4468/2142/2134
f 2077/5323/5306 2073/4247/4232 2080/5324/5307
f 3293/5326/5309 3311/2148/2140 3325/2147/2139
f 3326/5329/5312 3328/2107/2098 3330/2247/2238
f 3325/2147/2139 3282/2149/2141 3328/2107/2098
f 3265/4330/4314 3271/4331/4315 3262/5334/5317
f 3327/4332/4316 3326/5329/5312 3329/4333/4317
f 3327/4332/4316 3319/4281/4266 3326/5329/5312
f 3330/2247/2238 3328/2107/2098 3279/1565/1558
f 3219/5292/5274 3262/5334/5317 3261/5293/5275
f 3261/5293/5275 3263/5295/5277 3264/5296/5278
f 3271/4331/4315 3263/5295/5277 3262/5334/5317
f 3262/5334/5317 3263/5295/5277 3261/5293/5275
f 3271/4331/4315 3329/4333/4317 3263/5295/5277
f 3219/5292/5274 3257/5294/5276 3213/3791/3775
f 3330/2247/2238 3275/2248/2239 3263/5295/5277
f 3329/4333/4317 3330/2247/2238 3263/5295/5277
f 3326/5329/5312 3330/2247/2238 3329/4333/4317
f 3178/5335/5318 3182/5336/5319 3221/4328/4312
f 3182/5336/5319 3274/4329/4313 3221/4328/4312
f 3218/5337/5320 3265/4330/4314 3219/5292/5274
f 3265/4330/4314 3262/5334/5317 3219/5292/5274
f 3221/4328/4312 3265/4330/4314 3218/5337/5320
f 3218/5337/5320 3219/5292/5274 3213/3791/3775
f 3178/5335/5318 3176/3734/3718 3182/5336/5319
f 3175/3700/3684 3181/3737/3721 3176/3734/3718
f 3176/3734/3718 3181/3737/3721 3182/5336/5319
f 3181/3737/3721 3274/4329/4313 3182/5336/5319
f 3247/5338/5321 3183/3757/3741 3240/5339/5322
f 3248/3744/3728 3241/5340/5323 3245/3745/3729
f 3244/5341/5324 3240/5339/5322 3242/5342/5325
f 3240/5339/5322 3224/3785/3769 3242/5342/5325
f 3183/3757/3741 3224/3785/3769 3240/5339/5322
f 3178/5335/5318 3221/4328/4312 3218/5337/5320
f 3178/5335/5318 3218/5337/5320 3179/5343/5326
f 3224/3785/3769 3179/5343/5326 3218/5337/5320
f 3224/3785/3769 3218/5337/5320 3220/3781/3765
f 3220/3781/3765 3218/5337/5320 3213/3791/3775
f 3183/3757/3741 3179/5343/5326 3224/3785/3769
f 3250/3792/3776 3246/5344/5327 3248/3744/3728
f 3174/3735/3719 3179/5343/5326 3183/3757/3741
f 3184/3794/3778 3174/3735/3719 3183/3757/3741
f 3174/3735/3719 3178/5335/5318 3179/5343/5326
f 3174/3735/3719 3176/3734/3718 3178/5335/5318
f 3215/5314/5296 3214/3787/3771 3213/3791/3775
f 3215/5314/5296 3213/3791/3775 3216/5315/5297
f 3217/5345/5328 3236/5317/5299 3222/3789/3773
f 3977/1987/1977 3944/1986/1976 3974/5346/5329
f 3922/2209/2202 4070/5347/5330 3974/5346/5329
f 3945/3309/3295 3946/3275/3264 3947/3271/3260
f 3945/3309/3295 3944/1986/1976 3946/3275/3264
f 3950/3274/3263 3946/3275/3264 4560/1975/1965
f 3950/3274/3263 4560/1975/1965 5157/1973/1963
f 3948/1943/1935 3972/1945/1937 4561/5348/5331
f 3973/1940/1932 4069/5349/5332 3986/1941/1933
f 3960/5350/5333 3957/5351/5334 3955/5352/5335
f 3957/5351/5334 3969/5353/5336 3955/5352/5335
f 3967/5354/5337 3684/5355/5338 3682/5356/5339
f 3967/5354/5337 3968/5357/5340 3684/5355/5338
f 3945/3309/3295 3939/2205/2198 3944/1986/1976
f 3945/3309/3295 4811/5358/5341 3939/2205/2198
f 5209/5359/5342 3967/5354/5337 3682/5356/5339
f 3939/2205/2198 3960/5350/5333 3955/5352/5335
f 4811/5358/5341 3945/3309/3295 3952/3308/3294
f 5045/3289/5343 3951/5360/5344 4811/5358/5341
f 4811/5358/5341 3951/5360/5344 3939/2205/2198
f 3951/5360/5344 3960/5350/5333 3939/2205/2198
f 5046/5361/5345 4812/3296/3283 3966/3293/3280
f 3670/5362/5346 3671/5363/5347 843/5364/5348
f 3674/5365/5349 843/5364/5348 3672/5366/5350
f 3683/5367/5351 3677/2206/2199 3939/2205/2198
f 3944/1986/1976 3939/2205/2198 3974/5346/5329
f 3670/5362/5346 843/5364/5348 3674/5365/5349
f 3939/2205/2198 3922/2209/2202 3974/5346/5329
f 3960/5350/5333 323/5368/5352 3959/5369/5353
f 3960/5350/5333 3959/5369/5353 3957/5351/5334
f 312/5370/5354 321/5371/5355 309/5372/5356
f 321/5371/5355 319/5373/5357 325/5374/5358
f 321/5371/5355 325/5374/5358 3960/5350/5333
f 325/5374/5358 323/5368/5352 3960/5350/5333
f 3961/3288/3275 3964/5375/5359 5045/3289/3276
f 305/3292/3279 3960/5350/5333 301/3286/3273
f 3963/5376/5360 3970/5377/5361 5044/5378/5345
f 3964/5375/5359 301/3286/3273 3960/5350/5333
f 3963/5376/5360 5156/5379/5362 3970/5377/5361
f 301/3286/3273 3964/5375/5359 3961/3288/3275
f 305/3292/3279 303/5380/5363 307/5381/5364
f 305/3292/3279 307/5381/5364 3960/5350/5333
f 309/5372/5356 3960/5350/5333 307/5381/5364
f 309/5372/5356 321/5371/5355 3960/5350/5333
f 3968/5357/5340 334/5382/5365 3684/5355/5338
f 3958/5383/5366 4978/5384/5367 3956/5385/5368
f 3956/5385/5368 334/5382/5365 3968/5357/5340
f 3959/5369/5353 327/5386/5369 330/5387/5370
f 3959/5369/5353 330/5387/5370 4979/5388/5371
f 3956/5385/5368 4978/5384/5367 334/5382/5365
f 4978/5384/5367 328/5389/5372 334/5382/5365
f 328/5389/5372 331/5390/5373 334/5382/5365
f 3671/5363/5347 3685/5391/5374 854/5392/5375
f 835/5393/5376 3671/5363/5347 854/5392/5375
f 3671/5363/5347 835/5393/5376 843/5364/5348
f 854/5392/5375 3685/5391/5374 112/5394/5377
f 334/5382/5365 224/5395/5378 3684/5355/5338
f 334/5382/5365 333/5396/5379 224/5395/5378
f 333/5396/5379 103/5397/5380 224/5395/5378
f 323/5368/5352 327/5386/5369 3959/5369/5353
f 2563/5398/5381 2569/5399/5382 2348/2952/2943
f 2568/5400/5383 2564/5401/5384 3818/5402/5385
f 3818/5402/5385 2564/5401/5384 2565/5403/5386
f 3818/5402/5385 3817/5404/5387 3819/2951/2942
f 2565/5403/5386 3817/5404/5387 3818/5402/5385
f 2571/5405/5388 3819/2951/2942 3823/2949/2940
f 2571/5405/5388 3818/5402/5385 3819/2951/2942
f 2552/4764/4746 3815/4763/4745 3816/5406/5389
f 3816/5406/5389 3815/4763/4745 3821/5407/5390
f 3817/5404/5387 3822/5408/5391 3819/2951/2942
f 3819/2951/2942 3822/5408/5391 3826/4429/4413
f 3822/5408/5391 3821/5407/5390 3826/4429/4413
f 3821/5407/5390 3815/4763/4745 3824/3717/3701
f 2565/5403/5386 2554/5409/5392 3817/5404/5387
f 3816/5406/5389 3821/5407/5390 3817/5404/5387
f 2552/4764/4746 3816/5406/5389 2554/5409/5392
f 2554/5409/5392 3816/5406/5389 3817/5404/5387
f 3817/5404/5387 3821/5407/5390 3822/5408/5391
f 2350/5410/5393 2349/5411/5394 2353/5412/5395
f 2350/5410/5393 2343/5413/5396 2349/5411/5394
f 2353/5412/5395 2351/5414/5397 2350/5410/5393
f 2371/2936/2927 2353/5412/5395 2352/2939/2930
f 2369/2933/2924 2353/5412/5395 2371/2936/2927
f 2353/5412/5395 2349/5411/5394 2352/2939/2930
f 2360/5415/5398 2351/5414/5397 2353/5412/5395
f 2356/5416/5399 2351/5414/5397 2360/5415/5398
f 2896/2865/2856 2386/5417/5400 2897/2924/2915
f 2401/5418/5401 2373/5419/5402 2381/5420/5403
f 2407/5421/5404 2386/5417/5400 2400/5422/5405
f 2897/2924/2915 2386/5417/5400 2407/5421/5404
f 2400/5422/5405 2403/5423/5406 2407/5421/5404
f 2351/5414/5397 2356/5416/5399 2354/5424/5407
f 2896/2865/2856 2388/5425/5408 2386/5417/5400
f 2370/5426/5409 2356/5416/5399 2360/5415/5398
f 2387/5427/5410 2370/5426/5409 2360/5415/5398
f 2387/5427/5410 2360/5415/5398 2373/5419/5402
f 2386/5417/5400 2391/5428/5411 2400/5422/5405
f 2381/5420/5403 2360/5415/5398 2369/2933/2924
f 2360/5415/5398 2353/5412/5395 2369/2933/2924
f 2369/2933/2924 2371/2936/2927 2402/2935/2926
f 2373/5419/5402 2360/5415/5398 2381/5420/5403
f 2405/2930/2921 2408/5429/5412 2381/5420/5403
f 2405/2930/2921 2381/5420/5403 2369/2933/2924
f 2897/2924/2915 2407/5421/5404 2411/2925/2916
f 2407/5421/5404 2409/5430/5413 2411/2925/2916
f 2898/2858/2849 2896/2865/2856 2897/2924/2915
f 2343/5413/5396 2346/5431/5414 2349/5411/5394
f 2538/5432/5415 2540/5433/5416 2562/5434/5417
f 2538/5432/5415 2562/5434/5417 2348/2952/2943
f 2538/5432/5415 2348/2952/2943 2346/5431/5414
f 2344/5435/5418 2345/5436/5419 2343/5413/5396
f 2347/5437/5420 2344/5435/5418 2343/5413/5396
f 2345/5436/5419 2346/5431/5414 2343/5413/5396
f 2345/5436/5419 2538/5432/5415 2346/5431/5414
f 2350/5410/5393 2347/5437/5420 2343/5413/5396
f 2351/5414/5397 2347/5437/5420 2350/5410/5393
f 2349/5411/5394 2346/5431/5414 2352/2939/2930
f 2352/2939/2930 2346/5431/5414 2348/2952/2943
f 2348/2952/2943 2361/2937/2928 2352/2939/2930
f 2562/5434/5417 2563/5398/5381 2348/2952/2943
f 2576/2957/2948 2574/5438/5421 2578/5439/5422
f 2573/5440/5423 2571/5405/5388 2577/2955/2946
f 2577/2955/2946 2571/5405/5388 3823/2949/2940
f 2570/5441/5424 2572/5442/5425 2574/5438/5421
f 2348/2952/2943 2570/5441/5424 2574/5438/5421
f 2576/2957/2948 2348/2952/2943 2574/5438/5421
f 2569/5399/5382 2570/5441/5424 2348/2952/2943
f 2558/5443/5426 2540/5433/5416 2539/5444/5427
f 2565/5403/5386 2557/5445/5428 2554/5409/5392
f 2540/5433/5416 2558/5443/5426 2556/5446/5429
f 2559/5447/5430 2554/5409/5392 2557/5445/5428
f 2562/5434/5417 2540/5433/5416 2566/5448/5431
f 2555/5449/5432 2557/5445/5428 2567/5450/5433
f 2557/5445/5428 2565/5403/5386 2567/5450/5433
f 2542/5451/5434 2554/5409/5392 2559/5447/5430
f 2551/5452/5435 2553/5453/5436 2539/5444/5427
f 3019/5454/5437 3016/5455/5438 2990/5456/5439
f 3572/5457/5440 3025/5458/5441 3028/5459/5442
f 3026/5460/5443 2990/5456/5439 3029/5461/5444
f 3016/5455/5438 3024/5462/5445 2990/5456/5439
f 3024/5462/5445 3029/5461/5444 2990/5456/5439
f 3573/5463/5446 3028/5459/5442 3023/5464/5447
f 3020/5465/5448 3573/5463/5446 3023/5464/5447
f 3573/5463/5446 3572/5457/5440 3028/5459/5442
f 3025/5458/5441 3627/5466/5449 3006/5467/5450
f 2998/5468/5451 2974/5469/5452 3005/5470/5453
f 2990/5456/5439 3005/5470/5453 2974/5469/5452
f 3627/5466/5449 3025/5458/5441 3609/5471/5454
f 3014/5472/5455 3025/5458/5441 3006/5467/5450
f 2990/5456/5439 3026/5460/5443 3005/5470/5453
f 3025/5458/5441 3594/5116/5098 3609/5471/5454
f 3594/5116/5098 3025/5458/5441 3593/5473/5456
f 3646/5474/5457 3625/5475/5458 3640/4000/3984
f 2955/5476/5459 2941/5477/5460 2956/5478/5461
f 2954/5479/5462 2986/5480/5463 2995/5481/5464
f 2955/5476/5459 2953/5482/5465 2941/5477/5460
f 2949/5483/5466 2954/5479/5462 3646/5474/5457
f 2951/5484/5467 2954/5479/5462 2949/5483/5466
f 2941/5477/5460 2950/5485/5468 2948/5486/5469
f 2952/5487/5470 2954/5479/5462 2951/5484/5467
f 2944/5488/5471 2941/5477/5460 2948/5486/5469
f 2947/5489/5472 3646/5474/5457 3645/4104/4088
f 3646/5474/5457 2947/5489/5472 2949/5483/5466
f 2948/5486/5469 2946/5490/5473 2944/5488/5471
f 2142/5491/5474 2991/5492/5475 2985/5493/5476
f 2982/5494/5477 2974/5469/5452 2955/5476/5459
f 2982/5494/5477 2955/5476/5459 2991/5492/5475
f 2147/5495/5478 2982/5494/5477 2136/5496/5479
f 3002/5497/5480 2990/5456/5439 2982/5494/5477
f 3018/5498/5481 3019/5454/5437 2990/5456/5439
f 3018/5498/5481 2990/5456/5439 3002/5497/5480
f 2991/5492/5475 2955/5476/5459 2985/5493/5476
f 2136/5496/5479 2982/5494/5477 2991/5492/5475
f 3031/5499/5482 3002/5497/5480 3022/5500/5483
f 2130/5501/5484 3017/5502/5485 3015/5503/5486
f 2130/5501/5484 3015/5503/5486 3030/5504/5487
f 3002/5497/5480 2982/5494/5477 3022/5500/5483
f 3022/5500/5483 2982/5494/5477 2145/5505/5488
f 2145/5505/5488 2982/5494/5477 2147/5495/5478
f 3030/5504/5487 3021/5506/5489 2139/5507/5490
f 2985/5493/5476 2955/5476/5459 2956/5478/5461
f 2973/5508/5491 2974/5469/5452 2983/5509/5492
f 2973/5508/5491 2953/5482/5465 2955/5476/5459
f 2973/5508/5491 2955/5476/5459 2974/5469/5452
f 2990/5456/5439 2974/5469/5452 2982/5494/5477
f 2939/5510/5493 2941/5477/5460 2942/5511/5494
f 2937/4080/4064 2940/5512/5495 2943/5513/5496
f 2938/5514/5497 2941/5477/5460 2939/5510/5493
f 2943/5513/5496 2947/5489/5472 3644/4081/4065
f 2945/5515/5498 2947/5489/5472 2943/5513/5496
f 2935/4074/4058 2941/5477/5460 2934/4075/4059
f 2941/5477/5460 2957/5516/5499 2956/5478/5461
f 2941/5477/5460 2944/5488/5471 2942/5511/5494
f 2941/5477/5460 2938/5514/5497 2934/4075/4059
f 2957/5516/5499 2941/5477/5460 2935/4074/4058
f 3027/5517/5500 3573/5463/5446 3020/5465/5448
f 3025/5458/5441 3572/5457/5440 3593/5473/5456
f 2937/4080/4064 2943/5513/5496 3644/4081/4065
f 2937/4080/4064 3644/4081/4065 2928/4073/4057
f 3001/5518/5501 3004/5519/5502 3646/5474/5457
f 2994/5520/5503 2983/5509/5492 3000/5521/5504
f 2995/5481/5464 3001/5518/5501 3646/5474/5457
f 3004/5519/5502 3001/5518/5501 2989/5522/5505
f 3646/5474/5457 2954/5479/5462 2995/5481/5464
f 2984/5523/5506 2989/5522/5505 3001/5518/5501
f 2983/5509/5492 2994/5520/5503 2973/5508/5491
f 3004/5519/5502 3012/5524/5507 3634/5525/5508
f 3629/5526/5509 3623/5527/5510 3625/5475/5458
f 3633/5528/5511 3626/5529/5512 3629/5526/5509
f 3633/5528/5511 3629/5526/5509 3004/5519/5502
f 3004/5519/5502 3631/5530/5513 3633/5528/5511
f 3609/5471/5454 3622/5531/5514 3628/5532/5515
f 3004/5519/5502 3629/5526/5509 3646/5474/5457
f 3630/5533/5516 3609/5471/5454 3632/5534/5517
f 3627/5466/5449 3609/5471/5454 3630/5533/5516
f 3004/5519/5502 3634/5525/5508 3631/5530/5513
f 3629/5526/5509 3625/5475/5458 3646/5474/5457
f 2974/5469/5452 3003/5535/5518 2988/5536/5519
f 2974/5469/5452 2988/5536/5519 2983/5509/5492
f 2974/5469/5452 2998/5468/5451 3011/5537/5520
f 2974/5469/5452 3011/5537/5520 3003/5535/5518
f 3646/5474/5457 3640/4000/3984 3645/4104/4088
f 3644/4081/4065 2947/5489/5472 3645/4104/4088
f 3625/5475/5458 3623/5527/5510 3621/5538/5521
f 3625/5475/5458 3639/4001/3985 3640/4000/3984
f 3625/5475/5458 3620/5539/5522 3639/4001/3985
f 3625/5475/5458 3618/5540/5523 3620/5539/5522
f 3624/5541/5524 3601/5542/5525 3617/5543/5526
f 3617/5543/5526 3599/5544/5527 3619/5545/5528
f 3601/5542/5525 3599/5544/5527 3617/5543/5526
f 3622/5531/5514 3609/5471/5454 3601/5542/5525
f 3594/5116/5098 3601/5542/5525 3609/5471/5454
f 3814/4419/4403 3827/4339/4323 3853/4341/4325
f 3808/4342/4326 3853/4341/4325 3813/4336/4320
f 3853/4341/4325 3854/4340/4324 3813/4336/4320
f 3826/4429/4413 3814/4419/4403 3831/4421/4405
f 3827/4339/4323 3814/4419/4403 3826/4429/4413
f 3814/4419/4403 3808/4342/4326 3809/4346/4330
f 3814/4419/4403 3853/4341/4325 3808/4342/4326
f 3821/5407/5390 3827/4339/4323 3826/4429/4413
f 3821/5407/5390 3824/3717/3701 3827/4339/4323
f 1927/5546/5529 1911/5547/5530 1912/5548/5531
f 1911/5547/5530 1906/4841/4823 1912/5548/5531
f 2537/5549/5532 1926/5550/5533 1918/5551/5534
f 1910/4811/4793 1906/4841/4823 1911/5547/5530
f 1938/4810/4792 1910/4811/4793 1911/5547/5530
f 1938/4810/4792 1911/5547/5530 1924/5552/5535
f 1940/5553/5536 1938/4810/4792 1935/5554/5537
f 1938/4810/4792 1924/5552/5535 1935/5554/5537
f 1940/5553/5536 1935/5554/5537 1949/5555/5538
f 2345/5436/5419 1931/5556/5539 2537/5549/5532
f 1928/5557/5540 1926/5550/5533 2537/5549/5532
f 1925/5558/5541 1926/5550/5533 1928/5557/5540
f 2345/5436/5419 1934/5559/5542 1931/5556/5539
f 2344/5435/5418 1934/5559/5542 2345/5436/5419
f 1931/5556/5539 1928/5557/5540 2537/5549/5532
f 1932/5560/5543 1935/5554/5537 1924/5552/5535
f 2344/5435/5418 1948/5561/5544 1934/5559/5542
f 1912/5548/5531 1913/5562/5545 1920/5563/5546
f 2537/5549/5532 1918/5551/5534 1919/5564/5547
f 2345/5436/5419 2537/5549/5532 2538/5432/5415
f 1964/5565/5548 1956/5566/5549 1954/5567/5550
f 1964/5565/5548 1954/5567/5550 2344/5435/5418
f 1950/5568/5551 1940/5553/5536 1963/5569/5552
f 1954/5567/5550 1948/5561/5544 2344/5435/5418
f 1940/5553/5536 1949/5555/5538 1955/5570/5553
f 1940/5553/5536 1950/5568/5551 1938/4810/4792
f 2362/5571/5554 2375/5572/5555 2354/5424/5407
f 2376/5573/5556 2374/5574/5557 2972/5575/5558
f 2355/5576/5559 1987/5577/5560 2347/5437/5420
f 2347/5437/5420 1975/5578/5561 1964/5565/5548
f 1987/5577/5560 1975/5578/5561 2347/5437/5420
f 2355/5576/5559 2347/5437/5420 2354/5424/5407
f 2377/5579/5562 2354/5424/5407 2375/5572/5555
f 1977/5580/5563 1975/5578/5561 1987/5577/5560
f 2351/5414/5397 2354/5424/5407 2347/5437/5420
f 2971/4844/4826 1985/5581/5564 2000/5582/5565
f 2971/4844/4826 2000/5582/5565 2970/5583/5566
f 2364/5584/5567 2970/5583/5566 2000/5582/5565
f 1986/4849/4831 1971/4814/4796 1938/4810/4792
f 2971/4844/4826 1991/4856/4838 1985/5581/5564
f 1986/4849/4831 1938/4810/4792 1979/5585/5568
f 1992/5586/5569 1986/4849/4831 1979/5585/5568
f 1987/5577/5560 2355/5576/5559 2358/5587/5570
f 2364/5584/5567 2002/5588/5571 2357/5589/5572
f 2364/5584/5567 2357/5589/5572 2359/5590/5573
f 1950/5568/5551 1978/5591/5574 1983/5592/5575
f 1983/5592/5575 2001/5593/5576 1950/5568/5551
f 1988/5594/5577 1983/5592/5575 1978/5591/5574
f 1990/5595/5578 1983/5592/5575 1988/5594/5577
f 2000/5582/5565 1985/5581/5564 1984/5596/5579
f 2002/5588/5571 2000/5582/5565 1999/5597/5580
f 2003/5598/5581 1983/5592/5575 1990/5595/5578
f 2357/5589/5572 2002/5588/5571 1989/5599/5582
f 2364/5584/5567 2000/5582/5565 2002/5588/5571
f 2354/5424/5407 2365/5600/5583 2355/5576/5559
f 2363/5601/5584 2376/5573/5556 2364/5584/5567
f 1979/5585/5568 1938/4810/4792 1950/5568/5551
f 1978/5591/5574 1950/5568/5551 1963/5569/5552
f 2347/5437/5420 1964/5565/5548 2344/5435/5418
f 1888/5602/5585 1885/4859/4841 1883/4766/4748
f 2561/4779/4761 1930/5603/5586 1886/5604/5587
f 2561/4779/4761 1886/5604/5587 1890/4780/4762
f 2536/5605/5588 2540/5433/5416 2538/5432/5415
f 2536/5605/5588 2539/5444/5427 2540/5433/5416
f 2552/4764/4746 2561/4779/4761 1892/4762/4744
f 1919/5564/5547 2547/5606/5589 2536/5605/5588
f 2537/5549/5532 1919/5564/5547 2536/5605/5588
f 2537/5549/5532 2536/5605/5588 2538/5432/5415
f 2549/5607/5590 2550/5608/5591 2561/4779/4761
f 2547/5606/5589 2548/5609/5592 2545/5610/5593
f 1919/5564/5547 1914/5611/5594 2547/5606/5589
f 1915/5612/5595 1906/4841/4823 1882/4858/4840
f 1913/5562/5545 1906/4841/4823 1915/5612/5595
f 1914/5611/5594 1907/5613/5596 1922/5614/5597
f 2560/5615/5598 1922/5614/5597 1929/5616/5599
f 1914/5611/5594 1922/5614/5597 2560/5615/5598
f 1914/5611/5594 2560/5615/5598 2547/5606/5589
f 1912/5548/5531 1906/4841/4823 1913/5562/5545
f 1916/5617/5600 1914/5611/5594 1919/5564/5547
f 2546/5618/5601 2549/5607/5590 2552/4764/4746
f 2549/5607/5590 2561/4779/4761 2552/4764/4746
f 2536/5605/5588 2547/5606/5589 2545/5610/5593
f 2546/5618/5601 2552/4764/4746 2544/5619/5602
f 2536/5605/5588 2545/5610/5593 2543/5620/5603
f 2541/5621/5604 2544/5619/5602 2552/4764/4746
f 2539/5444/5427 2536/5605/5588 2551/5452/5435
f 3428/4324/4308 3420/2471/2460 3426/2467/2456
f 3546/5622/5605 3540/5623/5606 3538/2752/2743
f 3486/2749/2740 3537/2751/2742 3539/4325/4309
f 3538/2752/2743 4909/2744/2735 3546/5622/5605
f 4908/5624/5607 4980/5625/5608 4192/5626/5609
f 3539/4325/4309 3545/5627/5610 3543/4327/4311
f 3546/5622/5605 4909/2744/2735 4553/4322/4306
f 5227/5628/5611 4908/5624/5607 4192/5626/5609
f 3426/2467/2456 3418/2532/2523 3431/2753/2744
f 3432/4323/4307 3431/2753/2744 3487/4293/4278
f 3428/4324/4308 3426/2467/2456 3432/4323/4307
f 3426/2467/2456 3431/2753/2744 3432/4323/4307
f 3431/2753/2744 3486/2749/2740 3487/4293/4278
f 3546/5622/5605 4553/4322/4306 3544/4315/4300
f 3544/4315/4300 4553/4322/4306 4496/2203/2196
f 3539/4325/4309 3487/4293/4278 3486/2749/2740
f 3499/4294/4279 3487/4293/4278 3539/4325/4309
f 1652/5629/5612 1615/3387/3370 1611/5630/5613
f 1650/3393/3376 1653/3392/3375 1651/5631/5614
f 1683/3352/3335 1653/3392/3375 1650/3393/3376
f 1615/3387/3370 1652/5629/5612 1654/3394/3377
f 1643/3388/3371 1615/3387/3370 1654/3394/3377
f 1619/5632/5615 1620/5633/5616 1635/5634/5617
f 1641/5635/5618 1611/5630/5613 1619/5632/5615
f 1662/5636/5619 2964/3382/3365 1650/3393/3376
f 1652/5629/5612 1611/5630/5613 1641/5635/5618
f 2964/3382/3365 1662/5636/5619 2965/3401/3384
f 2965/3401/3384 1662/5636/5619 2963/5637/5620
f 2959/5638/5621 2963/5637/5620 2958/5639/5622
f 2966/3448/3431 2959/5638/5621 2967/3449/3432
f 2987/3399/3382 2963/5637/5620 2966/3448/3431
f 2963/5637/5620 2959/5638/5621 2966/3448/3431
f 2967/3449/3432 2959/5638/5621 2961/4847/4829
f 1672/5640/5623 2962/5641/5624 2963/5637/5620
f 2959/5638/5621 2958/5639/5622 2960/5031/5013
f 2962/5641/5624 2958/5639/5622 2963/5637/5620
f 1672/5640/5623 1660/5642/5625 1679/5643/5626
f 1619/5632/5615 1661/5644/5627 1673/5645/5628
f 1679/5643/5626 2962/5641/5624 1672/5640/5623
f 1672/5640/5623 1662/5636/5619 1649/5646/5629
f 1668/5647/5630 1666/5648/5631 2962/5641/5624
f 1679/5643/5626 1645/5649/5632 2962/5641/5624
f 1640/5650/5633 1645/5649/5632 1679/5643/5626
f 1619/5632/5615 1635/5634/5617 1661/5644/5627
f 1646/5651/5634 1635/5634/5617 1669/5652/5635
f 1646/5651/5634 1669/5652/5635 1670/5653/5636
f 1661/5644/5627 1635/5634/5617 1680/5654/5637
f 1662/5636/5619 1672/5640/5623 2963/5637/5620
f 2965/3401/3384 2963/5637/5620 2987/3399/3382
f 2977/3451/3434 2987/3399/3382 2966/3448/3431
f 2996/3410/3393 2987/3399/3382 2992/3446/3429
f 2992/3446/3429 2987/3399/3382 2977/3451/3434
f 2967/3449/3432 2969/4876/4858 2968/3453/3436
f 2967/3449/3432 2961/4847/4829 2969/4876/4858
f 3334/3982/3966 3335/2463/2452 3337/2468/2457
f 1400/2758/2749 1530/2757/2748 1397/5655/5638
f 1398/5656/5639 1397/5655/5638 1530/2757/2748
f 1380/5657/5640 1398/5656/5639 1421/5658/5641
f 1532/2803/2794 1421/5658/5641 1398/5656/5639
f 1384/5659/5642 1533/5221/5203 1386/5660/5643
f 1417/5229/5211 1403/5661/5644 1386/5660/5643
f 1388/5662/5645 1384/5659/5642 1373/5663/5646
f 3583/5206/5188 3856/5205/5187 3577/5664/5647
f 3597/5083/5065 3575/5665/5648 3576/5084/5066
f 1509/5666/5649 3574/5197/5179 3569/5667/5650
f 3581/5668/5651 3575/5665/5648 3574/5197/5179
f 3578/5669/5652 3575/5665/5648 3581/5668/5651
f 3575/5665/5648 3578/5669/5652 3576/5084/5066
f 1510/5196/5178 3567/5670/5653 3568/5671/5654
f 1510/5196/5178 3568/5671/5654 2156/5190/5172
f 3575/5665/5648 3596/5158/5140 3574/5197/5179
f 3583/5206/5188 3579/5672/5655 3588/5198/5180
f 3587/5673/5656 3578/5669/5652 3581/5668/5651
f 3574/5197/5179 1512/5674/5657 3585/5675/5658
f 3581/5668/5651 3574/5197/5179 3585/5675/5658
f 3588/5198/5180 3584/5676/5659 3586/5199/5181
f 3582/5677/5660 3576/5084/5066 3578/5669/5652
f 3575/5665/5648 3597/5083/5065 3596/5158/5140
f 3573/5463/5446 3571/5678/5661 3566/5679/5662
f 3571/5678/5661 3573/5463/5446 2129/5680/5663
f 3574/5197/5179 3572/5457/5440 3566/5679/5662
f 3574/5197/5179 3566/5679/5662 3569/5667/5650
f 3566/5679/5662 3572/5457/5440 3573/5463/5446
f 3569/5667/5650 3566/5679/5662 3565/5681/5664
f 3570/5682/5665 3564/5683/5666 3566/5679/5662
f 3566/5679/5662 3571/5678/5661 3570/5682/5665
f 3566/5679/5662 3564/5683/5666 3565/5681/5664
f 3592/5117/5099 3593/5473/5456 3574/5197/5179
f 3593/5473/5456 3572/5457/5440 3574/5197/5179
f 2156/5190/5172 3568/5671/5654 2155/5684/5667
f 3570/5682/5665 2114/5685/5668 3564/5683/5666
f 2114/5685/5668 3570/5682/5665 2112/5686/5669
f 3594/5116/5098 3593/5473/5456 3592/5117/5099
f 3610/5687/5670 3616/5207/5189 3642/4111/4095
f 3639/4001/3985 3610/5687/5670 3642/4111/4095
f 3610/5687/5670 3606/5688/5671 3616/5207/5189
f 3605/5689/5672 3612/5690/5673 3615/5691/5674
f 3614/5119/5101 3643/5108/5090 3616/5207/5189
f 3613/5692/5675 3614/5119/5101 3616/5207/5189
f 3605/5689/5672 3595/5693/5676 3612/5690/5673
f 3612/5690/5673 3595/5693/5676 3594/5116/5098
f 3594/5116/5098 3600/5115/5097 3612/5690/5673
f 3599/5544/5527 3594/5116/5098 3595/5693/5676
f 3620/5539/5522 3610/5687/5670 3639/4001/3985
f 3620/5539/5522 3604/5694/5677 3602/5695/5678
f 3620/5539/5522 3602/5695/5678 3610/5687/5670
f 3601/5542/5525 3594/5116/5098 3599/5544/5527
f 2698/5696/5679 2530/5697/5680 3799/5698/5681
f 2529/5699/5682 2531/5700/5683 2699/5701/5684
f 2694/5702/5685 3799/5698/5681 2692/4893/4875
f 2647/5703/5686 2695/5704/5687 2693/5705/5688
f 2647/5703/5686 2693/5705/5688 2676/4878/4860
f 2659/4877/4859 2647/5703/5686 2676/4878/4860
f 2583/4881/4863 2647/5703/5686 2659/4877/4859
f 2695/5704/5687 2529/5699/5682 2699/5701/5684
f 2698/5696/5679 3799/5698/5681 2694/5702/5685
f 2529/5699/5682 2695/5704/5687 2647/5703/5686
f 2519/5706/5689 2464/2917/2908 2506/5707/5690
f 2464/2917/2908 2505/5708/5691 2506/5707/5690
f 2583/4881/4863 2584/3849/3833 2647/5703/5686
f 2534/3854/3838 2673/3853/3837 2521/5709/5692
f 2515/5710/5693 2491/5711/5694 2525/5712/5695
f 2697/3874/3858 2514/3879/3863 2524/5713/5696
f 2523/3877/3861 2520/5714/5697 2521/5709/5692
f 2523/3877/3861 2521/5709/5692 2673/3853/3837
f 2485/3881/3865 2491/5711/5694 2515/5710/5693
f 2513/5715/5698 2485/3881/3865 2515/5710/5693
f 2533/5716/5699 2480/5717/5700 2516/5718/5701
f 2535/5719/5702 2480/5717/5700 2533/5716/5699
f 2534/3854/3838 2521/5709/5692 2522/5720/5703
f 2480/5717/5700 2464/2917/2908 2516/5718/5701
f 2464/2917/2908 2519/5706/5689 2516/5718/5701
f 2491/5711/5694 2448/2945/2936 2480/5717/5700
f 2491/5711/5694 2480/5717/5700 2517/5721/5704
f 2448/2945/2936 2491/5711/5694 2485/3881/3865
f 2478/3872/3856 2441/2943/2934 2448/2945/2936
f 2526/5722/5705 2518/5723/5706 2529/5699/5682
f 2519/5706/5689 2527/5724/5707 2516/5718/5701
f 2647/5703/5686 2584/3849/3833 2534/3854/3838
f 2528/5725/5708 2526/5722/5705 2529/5699/5682
f 2528/5725/5708 2529/5699/5682 2647/5703/5686
f 2647/5703/5686 2532/5726/5709 2528/5725/5708
f 2534/3854/3838 2532/5726/5709 2647/5703/5686
f 1620/5633/5616 1630/5727/5710 1639/5728/5711
f 1619/5632/5615 1611/5630/5613 1620/5633/5616
f 1644/5729/5712 2102/5730/5713 1623/5731/5714
f 1700/5732/5715 2102/5730/5713 1644/5729/5712
f 1623/5731/5714 2102/5730/5713 1708/5733/5716
f 1622/5734/5717 1624/5735/5718 1612/5736/5719
f 1620/5633/5616 1612/5736/5719 1630/5727/5710
f 1611/5630/5613 1612/5736/5719 1620/5633/5616
f 1635/5634/5617 1620/5633/5616 1665/5737/5720
f 1667/5738/5721 1665/5737/5720 1686/5739/5722
f 1635/5634/5617 1665/5737/5720 1667/5738/5721
f 1635/5634/5617 1667/5738/5721 1669/5652/5635
f 1725/5740/5723 2102/5730/5713 1700/5732/5715
f 1613/5741/5724 1622/5734/5717 1612/5736/5719
f 1613/5741/5724 1631/2792/2783 1628/5742/5725
f 1622/5734/5717 1625/5743/5726 1726/5744/5727
f 1613/5741/5724 1628/5742/5725 1622/5734/5717
f 1628/5742/5725 1629/5189/5171 1627/5745/5728
f 1625/5743/5726 1628/5742/5725 1627/5745/5728
f 1622/5734/5717 1628/5742/5725 1625/5743/5726
f 1628/5742/5725 1631/2792/2783 1629/5189/5171
f 1611/5630/5613 1613/5741/5724 1612/5736/5719
f 1611/5630/5613 1615/3387/3370 1613/5741/5724
f 1614/2808/2799 1613/5741/5724 1615/3387/3370
f 1614/2808/2799 1631/2792/2783 1613/5741/5724
f 588/4165/4149 597/2798/2789 576/2763/2754
f 2510/2870/2861 3787/2869/2860 3784/4880/4862
f 2671/4883/4865 2510/2870/2861 3784/4880/4862
f 3799/5698/5681 2510/2870/2861 2692/4893/4875
f 2692/4893/4875 2510/2870/2861 2671/4883/4865
f 2505/5708/5691 2464/2917/2908 2503/2922/2913
f 2504/5746/5729 2510/2870/2861 3799/5698/5681
f 2900/2927/2918 2897/2924/2915 2416/2926/2917
f 2900/2927/2918 2429/2934/2925 2433/5747/5730
f 2439/3837/3821 2900/2927/2918 2433/5747/5730
f 2425/5748/5731 2410/2931/2922 2428/2941/2932
f 2434/5749/5732 2425/5748/5731 2428/2941/2932
f 2433/5747/5730 2432/5750/5733 2439/3837/3821
f 2428/2941/2932 2441/2943/2934 2457/5751/5734
f 2443/5752/5735 2437/5753/5736 2457/5751/5734
f 2444/5754/5737 2446/5755/5738 2455/5756/5739
f 2468/3861/3845 2455/5756/5739 2456/3883/3867
f 2461/3886/3870 2457/5751/5734 2459/3884/3868
f 2468/3861/3845 2444/5754/5737 2455/5756/5739
f 2480/5717/5700 2448/2945/2936 2464/2917/2908
f 2445/5757/5740 2440/5758/5741 2437/5753/5736
f 2437/5753/5736 2428/2941/2932 2457/5751/5734
f 2459/3884/3868 2457/5751/5734 2441/2943/2934
f 2470/3887/3871 2459/3884/3868 2441/2943/2934
f 2901/3659/3643 2444/5754/5737 2468/3861/3845
f 2440/5758/5741 2428/2941/2932 2437/5753/5736
f 1693/5759/5742 2153/5760/5743 2979/5761/5744
f 2135/5762/5745 2991/5492/5475 2142/5491/5474
f 1693/5759/5742 2149/5763/5746 2148/5764/5747
f 2113/5765/5748 2125/5766/5749 2143/5767/5750
f 2152/5768/5751 2142/5491/5474 2985/5493/5476
f 2151/5769/5752 2113/5765/5748 2143/5767/5750
f 2113/5765/5748 2151/5769/5752 2154/5770/5753
f 1638/5771/5754 2149/5763/5746 1693/5759/5742
f 2148/5764/5747 2153/5760/5743 1693/5759/5742
f 2119/5772/5755 2125/5766/5749 2102/5730/5713
f 2102/5730/5713 2125/5766/5749 2113/5765/5748
f 2102/5730/5713 2113/5765/5748 1708/5733/5716
f 1708/5733/5716 2113/5765/5748 2150/5773/5756
f 1707/5774/5757 2149/5763/5746 1638/5771/5754
f 2153/5760/5743 2985/5493/5476 2979/5761/5744
f 2152/5768/5751 2985/5493/5476 2153/5760/5743
f 2957/5516/5499 2935/4074/4058 2960/5031/5013
f 2979/5761/5744 2956/5478/5461 2958/5639/5622
f 1678/5775/5758 1693/5759/5742 2979/5761/5744
f 1678/5775/5758 2979/5761/5744 1685/5776/5759
f 2979/5761/5744 2985/5493/5476 2956/5478/5461
f 2958/5639/5622 2956/5478/5461 2957/5516/5499
f 2957/5516/5499 2960/5031/5013 2958/5639/5622
f 2979/5761/5744 2958/5639/5622 1666/5648/5631
f 1666/5648/5631 2958/5639/5622 2962/5641/5624
f 1685/5776/5759 2979/5761/5744 1666/5648/5631
f 2100/5777/5760 2102/5730/5713 1725/5740/5723
f 1626/5778/5761 2100/5777/5760 1725/5740/5723
f 2120/5779/5762 2128/5780/5763 2101/5781/5764
f 2101/5781/5764 2128/5780/5763 2116/5782/5765
f 2101/5781/5764 2116/5782/5765 2100/5777/5760
f 1637/5783/5766 2101/5781/5764 2100/5777/5760
f 1637/5783/5766 2100/5777/5760 1626/5778/5761
f 2104/5784/5767 2106/5785/5768 2103/5786/5769
f 2115/5787/5770 2106/5785/5768 2104/5784/5767
f 2103/5786/5769 2105/5195/5177 2104/5784/5767
f 2105/5195/5177 2103/5786/5769 2101/5781/5764
f 1636/5188/5170 2105/5195/5177 2101/5781/5764
f 2101/5781/5764 1637/5783/5766 1636/5188/5170
f 2116/5782/5765 2117/5788/5771 2100/5777/5760
f 2119/5772/5755 2102/5730/5713 2132/5789/5772
f 2134/5790/5773 2131/5791/5774 2991/5492/5475
f 2134/5790/5773 2991/5492/5475 2135/5762/5745
f 2124/5792/5775 2137/5793/5776 2132/5789/5772
f 2124/5792/5775 2132/5789/5772 2102/5730/5713
f 2100/5777/5760 2124/5792/5775 2102/5730/5713
f 2136/5496/5479 2991/5492/5475 2131/5791/5774
f 2139/5507/5490 3021/5506/5489 2144/5794/5777
f 2117/5788/5771 2124/5792/5775 2100/5777/5760
f 2130/5501/5484 3030/5504/5487 2139/5507/5490
f 2130/5501/5484 2139/5507/5490 2133/5795/5778
f 2140/5796/5779 2146/5797/5780 2124/5792/5775
f 2117/5788/5771 2140/5796/5779 2124/5792/5775
f 2138/5798/5781 2147/5495/5478 2136/5496/5479
f 2129/5680/5663 3573/5463/5446 3027/5517/5500
f 3027/5517/5500 3017/5502/5485 2126/5799/5782
f 2126/5799/5782 3017/5502/5485 2130/5501/5484
f 3027/5517/5500 2127/5800/5783 2129/5680/5663
f 3027/5517/5500 2126/5799/5782 2127/5800/5783
f 2121/5801/5784 3571/5678/5661 2129/5680/5663
f 2122/5802/5785 2120/5779/5762 2101/5781/5764
f 2118/5803/5786 3571/5678/5661 2141/5804/5787
f 2101/5781/5764 2123/5805/5788 2122/5802/5785
f 2112/5686/5669 3570/5682/5665 2118/5803/5786
f 2101/5781/5764 2110/5806/5789 2123/5805/5788
f 2118/5803/5786 3570/5682/5665 3571/5678/5661
f 2112/5686/5669 2118/5803/5786 2111/5807/5790
f 2103/5786/5769 2110/5806/5789 2101/5781/5764
f 2975/2861/2852 2972/5575/5558 2981/2863/2854
f 2975/2861/2852 2968/3453/3436 2972/5575/5558
f 2968/3453/3436 2970/5583/5566 2972/5575/5558
f 2971/4844/4826 2970/5583/5566 2968/3453/3436
f 2968/3453/3436 2969/4876/4858 2971/4844/4826
f 2972/5575/5558 2970/5583/5566 2364/5584/5567
f 2376/5573/5556 2972/5575/5558 2364/5584/5567
f 2936/4821/4803 2960/5031/5013 2927/4862/4844
f 1998/4828/4810 2936/4821/4803 1982/4822/4804
f 1532/2803/2794 1533/5221/5203 1384/5659/5642
f 1530/2757/2748 1532/2803/2794 1398/5656/5639
f 1388/5662/5645 1532/2803/2794 1384/5659/5642
f 1421/5658/5641 1388/5662/5645 1379/5808/5791
f 1388/5662/5645 1421/5658/5641 1532/2803/2794
f 1417/5229/5211 1386/5660/5643 1533/5221/5203
f 2959/5638/5621 2960/5031/5013 2936/4821/4803
f 2959/5638/5621 2936/4821/4803 2961/4847/4829
f 2396/5809/5792 2378/5810/5793 2372/5811/5794
f 2394/5812/5795 2372/5811/5794 2356/5416/5399
f 2372/5811/5794 2378/5810/5793 2356/5416/5399
f 2389/5813/5796 2393/5814/5797 2382/5815/5798
f 2370/5426/5409 2383/5816/5799 2356/5416/5399
f 2390/5817/5800 2383/5816/5799 2370/5426/5409
f 2389/5813/5796 2388/5425/5408 2896/2865/2856
f 2972/5575/5558 2395/5818/5801 2981/2863/2854
f 2981/2863/2854 2395/5818/5801 2392/5819/5802
f 2981/2863/2854 2392/5819/5802 2393/5814/5797
f 2981/2863/2854 2393/5814/5797 2389/5813/5796
f 2981/2863/2854 2389/5813/5796 2896/2865/2856
f 2368/5820/5803 2362/5571/5554 2356/5416/5399
f 2367/5821/5804 2972/5575/5558 2366/5822/5805
f 2378/5810/5793 2368/5820/5803 2356/5416/5399
f 2380/5823/5806 2368/5820/5803 2378/5810/5793
f 2395/5818/5801 2972/5575/5558 2379/5824/5807
f 2395/5818/5801 2379/5824/5807 2384/5825/5808
f 2379/5824/5807 2972/5575/5558 2367/5821/5804
f 2972/5575/5558 2374/5574/5557 2366/5822/5805
f 2356/5416/5399 2362/5571/5554 2354/5424/5407
f 2439/3837/3821 2444/5754/5737 2901/3659/3643
f 2904/2864/2855 2981/2863/2854 2896/2865/2856
l 574 590
l 3860 3872
l 1509 1512
l 14 17
l 66 99
l 3938 3985
l 10 12
l 62 116
l 11 13
l 2093 2098
l 3576 3590
l 3253 3256
l 3898 3923
l 4841 5183
l 1503 1506
l 1508 1511
