# Blender 4.5.3 LTS
# www.blender.org
mtllib museum.mtl
o Object_2
v 4.533926 37.525692 23.422052
v 4.693011 36.536671 23.610538
v 5.303587 37.023754 22.948818
v 1.771917 38.284534 22.258156
v 1.923517 36.953609 23.126236
v 1.731693 35.933517 23.917145
v 4.402182 32.341335 24.166134
v 2.494045 35.220764 24.114630
v 5.055120 37.470840 22.212746
v 3.034399 38.658615 22.499990
v 2.478107 39.512650 21.909586
v 5.554531 34.270748 21.299780
v 6.558561 35.540913 19.858744
v 4.929477 36.883823 20.460554
v 0.376764 32.631618 24.771761
v 0.777957 31.462507 25.010122
v 6.038862 37.055553 18.780643
v 2.488342 38.982697 19.224678
v 2.879198 38.699310 19.002220
v 2.636514 38.835686 18.680555
v 0.067582 31.722843 25.012136
v 5.555715 31.985132 22.069311
v 4.864401 34.776829 23.674057
v 5.518865 37.115723 19.079027
v 3.338774 29.877823 25.031311
v 3.744308 33.208500 24.253551
v 1.403068 30.675669 25.250624
v 1.818743 29.942322 25.306530
v 1.546893 29.685719 25.288595
v 2.943684 38.407734 20.100840
v 0.816737 30.847588 25.197634
v 6.218961 37.184196 18.552277
v 5.794647 37.495022 18.387566
v 4.497892 30.680162 23.057568
v 3.894171 28.345596 23.680607
v 5.012086 37.355942 19.208729
v 1.972116 29.002733 24.926628
v 1.975093 29.346304 25.170664
v 1.533080 29.096422 25.015917
v 2.567357 39.375587 20.854738
v 1.545213 39.694698 21.736326
v 3.174892 38.379627 18.714968
v 4.127905 38.038197 18.387196
v 3.657072 38.328609 18.392321
v 2.845485 38.825981 18.202627
v 3.590147 38.480572 17.918631
v 1.396812 38.063911 22.370914
v 1.485104 37.306976 22.878101
v 1.566089 36.702984 23.381369
v 3.211330 38.424629 18.731304
v 2.448677 39.301140 20.533016
v 2.196253 39.418102 20.274651
v -0.404361 36.854763 23.305742
v -0.008527 37.308880 22.794090
v -0.499098 37.142975 23.030807
v 1.221611 36.881668 23.225906
v 0.791925 36.015743 23.979078
v 0.891432 36.618813 23.381767
v 0.759420 37.049088 23.030554
v 0.090951 36.483521 23.665222
v 0.431493 33.545097 24.525002
v 0.456631 35.591480 24.124975
v 0.674652 35.030849 24.224636
v 1.762191 39.393303 22.084728
v 1.884906 38.963848 22.192360
v 0.295733 36.870041 23.189154
v 1.560077 39.128696 22.095228
v -0.193904 33.829582 24.419909
v -0.096720 33.050438 24.622900
v 4.872250 37.613998 18.841072
v 0.007213 32.273350 24.852020
v 2.278397 39.116814 19.432341
v 4.355633 37.891689 18.669069
v 2.052020 28.119207 23.942652
v 1.637247 28.742867 24.740814
v 1.404077 38.715717 22.117172
v -0.788404 36.501499 23.654306
v -0.103058 33.470200 24.508913
v 6.373196 37.545452 18.010122
v 6.882299 37.182526 18.250475
v 7.788020 32.777836 20.976257
v 6.237904 28.371828 22.873028
v 1.402763 27.487219 23.376123
v 9.327745 30.515133 21.127766
v 5.245681 27.331007 22.904173
v 3.718333 27.395180 23.231482
v 1.410080 24.636820 24.316622
v 20.322317 31.202124 10.001378
v 0.960857 24.815138 24.254953
v 0.858315 25.274857 24.064312
v 17.870481 28.521496 13.027280
v 9.377694 14.533889 22.667858
v 13.620607 25.592218 15.572119
v 15.746510 26.289608 13.702937
v 10.712764 28.809002 20.695572
v 12.014956 22.032957 20.264214
v 11.859313 31.742599 19.549732
v 10.853769 27.018501 19.944860
v 8.637221 27.270176 21.436434
v 12.714851 20.242954 19.222431
v 10.443542 18.905174 21.741753
v 5.032530 10.266242 24.116274
v 9.684828 17.962807 22.722210
v 2.550153 6.601840 25.691807
v 2.733285 7.402662 25.743662
v 10.741878 17.455683 21.578968
v 2.418093 6.263614 25.620867
v 3.873132 10.917555 25.192379
v 4.014669 8.504678 25.338614
v 2.313848 10.180597 26.758705
v 8.431165 16.338436 23.097618
v 7.487977 25.308819 23.001228
v 8.809594 23.048605 23.311798
v 2.534924 8.713847 26.534971
v 2.679076 8.007249 26.128216
v 6.203925 22.684628 23.824835
v 4.604339 24.249882 24.124414
v 8.915694 23.822962 23.213268
v 5.881717 23.344635 24.196705
v 3.480414 20.000616 23.741840
v 3.715915 23.283897 24.520473
v 4.322472 14.313711 24.809740
v 4.732895 12.270349 26.000763
v 4.963404 12.270532 24.215698
v 1.856695 20.824594 24.758097
v 2.459548 21.149054 24.621544
v 1.748803 20.264282 24.851320
v 2.201719 20.078856 24.927330
v 1.837311 22.549368 24.733656
v 1.292076 22.000168 24.708790
v 1.322604 22.458294 24.707710
v 9.394668 36.436764 17.897736
v 10.111507 36.024551 17.968420
v 9.962345 36.552605 17.464138
v 17.780148 32.489258 13.090614
v 17.492294 32.425022 13.549477
v 8.964041 36.529255 18.035141
v 16.170263 30.692066 15.629628
v 10.720815 35.973225 17.869514
v 14.947869 28.731220 16.815708
v 12.593084 26.361464 17.686508
v 10.938129 20.407516 21.963982
v 8.201305 18.272205 23.055908
v 14.369134 24.416594 13.042565
v 6.247148 18.441538 22.909262
v 15.429056 34.833351 14.720364
v 14.985280 35.075081 14.964257
v 16.251228 33.756737 14.433755
v 7.686989 15.278432 23.294958
v 4.359273 18.076492 23.360426
v 33.241371 -28.079573 10.574361
v 21.493402 -29.141642 14.868217
v 22.196054 -28.864162 14.721288
v 21.878920 -28.989073 14.982480
v 22.385687 -28.883358 14.391154
v 22.748085 -28.282709 14.539609
v 33.611691 -24.943945 7.765118
v 32.376820 -25.165186 9.733157
v 22.069845 -27.619112 14.197153
v 22.491219 -24.979980 12.630345
v 23.031414 -23.645823 11.367731
v 32.830372 -17.311934 2.517697
v 32.713024 -17.364401 3.051913
v 32.542084 -16.655491 2.756547
v 32.275085 -16.911655 2.379355
v 32.998936 -21.145948 5.955871
v 32.958141 -18.456221 3.425424
v 26.262968 -24.455223 12.179939
v 16.841063 32.387951 14.366266
v 16.659349 32.965630 14.339586
v 26.787424 -23.378185 11.884414
v 33.461456 -28.455532 9.785092
v 33.940056 -22.719931 4.885691
v 29.700321 -28.564896 12.355297
v 30.263571 -28.149900 13.040533
v 30.827166 -28.694841 12.008676
v 33.456322 -20.999489 4.555412
v 31.759432 -28.053293 12.013015
v 33.358223 -20.616199 4.325111
v 14.469027 31.644947 17.353489
v 4.508562 14.916398 24.315008
v 33.387531 -19.822107 3.461051
v 29.191887 -17.412838 8.188071
v 30.069731 -13.519265 4.908113
v 13.553801 17.530664 18.794207
v 31.573568 -19.869354 7.218421
v 34.456081 -27.058737 7.840351
v 34.645752 -26.361847 6.288036
v 32.351280 -17.501030 4.214643
v 34.186703 -23.574244 4.729213
v 32.337643 -16.105286 2.865331
v 31.469847 -15.136672 3.995180
v 33.942375 -22.371244 4.200710
v 33.717079 -21.786354 4.508517
v 12.007088 35.864189 16.990559
v 11.546003 36.267082 16.859766
v 29.548428 -9.782550 2.913512
v 29.815653 -8.174595 0.471876
v 28.316011 -7.033068 2.118099
v 29.644297 -7.852019 0.462494
v 4.643086 13.745344 25.521423
v 3.884604 12.232443 27.426228
v 13.023584 34.061783 17.593752
v 28.849253 -6.096007 -0.469866
v 31.593422 -12.664254 1.245495
v 32.283165 -15.610840 2.410649
v 28.275257 -5.153091 -1.121293
v 28.231024 -5.262899 -0.671014
v 28.522745 -5.445408 -0.972415
v 32.033806 -14.958842 2.395646
v 32.074162 -14.341753 1.547437
v 31.957449 -13.471891 1.188142
v 31.865307 -14.305459 2.008032
v 30.797903 -10.156538 0.289507
v 31.036139 -10.509035 -0.086717
v 31.639189 -12.440579 0.437021
v 31.776878 -13.059664 0.895783
v 31.581381 -11.639944 -0.573070
v 21.017828 -27.999777 16.876493
v 20.703051 -28.869755 17.338968
v 21.803450 -28.683550 16.030968
v 21.834713 -27.886513 15.244884
v 2.446952 11.014623 27.287441
v 21.123840 -26.339867 16.452936
v 21.518440 -23.853718 15.362988
v 24.347694 -28.410131 12.821014
v 23.900957 -27.072809 12.280367
v 22.116739 -24.862808 14.073520
v 25.913439 -28.732662 12.596630
v 27.107233 -27.201374 12.954835
v 34.212543 -28.287611 7.553243
v 34.108051 -28.300379 8.042562
v 21.879681 -21.402365 14.106493
v 25.205551 -26.280277 12.085089
v 22.784208 -19.313679 12.139392
v 23.018400 -20.586239 10.931224
v 24.122450 -20.608818 10.137026
v 34.230358 -23.441721 4.235165
v 23.964783 -16.326454 10.288445
v 26.594131 -15.538983 8.880721
v 25.614742 -20.096638 10.348865
v 27.530216 -21.128773 10.904111
v 30.538658 -24.843929 11.264214
v 28.002333 -13.952915 7.255688
v 27.201593 -5.004583 1.066766
v 12.918210 35.860664 16.299988
v 13.775772 35.537586 15.842165
v 13.301005 36.030891 15.777545
v 27.820044 -18.350279 9.548534
v 24.953468 -2.169603 0.161537
v 25.475243 -2.520504 -0.572255
v 24.509071 -17.740864 9.858945
v 26.726906 -10.396069 6.227748
v 30.540779 -9.830322 0.788057
v 26.155960 -2.952547 -1.142860
v 25.694492 -2.495991 -1.145454
v 27.974585 -4.867491 -0.248838
v 20.374460 31.606215 9.640428
v 34.250969 -28.926270 7.370521
v 34.684414 -27.211472 5.552096
v 34.512043 -24.500372 4.109337
v 34.393093 -23.960791 3.980744
v 19.636074 31.697594 10.776506
v 23.316168 -28.741976 13.513915
v 22.824612 -26.930431 12.387737
v 24.551197 -23.645969 11.127420
v 14.532178 35.695755 14.903672
v 28.253935 -24.387003 12.181726
v 30.434965 -21.279926 9.325770
v 29.937168 -8.135381 -0.076712
v 32.823933 -28.176104 11.115748
v 32.937382 -28.441135 10.866018
v 14.116463 23.525118 15.268972
v 32.521606 -16.252720 2.383310
v 13.866427 19.125654 17.931192
v 13.873289 21.261932 17.479782
v 24.998724 -28.812138 12.388376
v 25.444616 -29.065605 12.246391
v 31.708244 -11.914069 -0.716943
v 33.148972 -18.791740 3.050064
v 31.192360 -28.778803 11.762913
v 31.548637 -28.484919 11.734555
v 27.923027 -28.486979 12.682132
v 28.342487 -28.723135 12.501001
v 29.024559 -28.546316 12.624540
v 33.805511 -21.592562 4.014146
v 14.055022 16.030556 17.769995
v 12.497125 15.543441 20.228472
v 18.570250 32.971504 11.811295
v 19.372269 32.483665 10.897801
v 31.148491 -10.759770 -1.204152
v 10.959193 15.169017 21.801323
v 20.572277 -28.631536 18.090263
v 34.114899 -23.079876 4.397060
v 24.810257 -15.330835 9.491191
v 9.878203 24.390903 22.019377
v 25.959957 -5.267169 3.034711
v 23.761013 -28.567276 13.423771
v 24.187769 -28.768394 13.009570
v 7.130733 8.394954 22.726845
v 5.306179 8.706258 23.565191
v 27.350010 -4.333444 -0.430824
v 9.746983 20.627754 23.130777
v 10.302470 21.401390 22.360622
v 5.436337 7.757551 23.069939
v 4.165555 7.720124 24.214317
v 3.858797 6.576244 24.845213
v 30.495714 -9.467973 0.179513
v 30.206362 -9.078493 0.503328
v 2.676211 4.995869 24.124783
v 8.615032 19.689350 23.369699
v 7.781090 20.708616 24.021109
v 1.834657 27.203859 23.359270
v 1.278969 5.475605 24.633173
v 1.361042 5.863946 25.203218
v 0.971082 5.806141 24.908831
v 2.800140 9.368318 26.303282
v 34.475906 -28.439463 6.224646
v 34.403912 -29.001921 6.221362
v 34.807693 -27.955349 5.761193
v 22.656902 -28.711138 14.190994
v 3.529141 17.600103 24.066904
v 3.553218 14.120962 27.111460
v 8.721247 21.635801 23.503275
v 29.348417 -6.756934 -0.398217
v 2.317085 12.209129 29.000643
v 2.444957 11.837719 28.645731
v 30.055969 -28.727501 12.094351
v 33.893135 -28.679428 8.336298
v 32.893452 -18.098587 3.217221
v 32.832649 -17.735512 3.026310
v 31.538414 -11.408362 -1.185660
v 6.417244 20.845787 23.574358
v 33.370132 -19.379412 2.859914
v 27.104219 -28.765781 12.692613
v 27.358469 -28.395168 12.703753
v 12.159685 23.248049 19.828959
v 24.623823 -2.972143 2.122480
v 2.595637 17.553759 25.883619
v 2.210048 18.787783 25.557072
v 2.532603 17.280258 26.221556
v 1.708251 23.685556 24.584436
v 2.549049 15.926592 27.406456
v 2.020123 14.742863 28.054396
v 1.140172 24.133190 24.461113
v 11.361112 23.081896 21.320835
v 2.603579 16.756708 26.578453
v 27.115614 -4.193330 -0.255604
v 30.081467 -8.606255 0.306870
v 20.137470 31.771790 9.928102
v 19.900169 32.003941 10.227009
v 2.635889 13.436719 28.593843
v 34.816227 -26.414751 5.170539
v 34.881882 -27.014708 5.098405
v 34.855499 -26.345291 4.601160
v 34.678757 -25.446203 4.383353
v 34.608253 -24.929516 3.905567
v 34.512043 -24.500372 4.109337
v 18.145964 27.333895 11.600543
v 1.846419 12.798334 29.013962
v 4.906288 18.501362 23.204615
v 2.199619 10.567305 26.979029
v 2.691451 10.552552 26.583557
v 1.896912 12.302162 28.970577
v 21.840412 -29.107723 14.397625
v 7.372021 37.247494 17.941059
v 6.902342 37.585163 17.711512
v 32.893452 -18.098587 3.217221
v 33.523312 -20.539362 3.716443
v 33.491489 -20.226885 3.444804
v 29.700098 -7.776218 0.073133
v 28.676708 -5.603043 -1.265523
v 28.886765 -5.903218 -1.045032
v 25.415739 -7.063672 5.040574
v 24.642492 -1.824042 0.278053
v 1.752421 19.901270 25.232328
v 2.052147 19.118500 25.420914
v 10.377997 36.361908 17.421505
v 26.554033 -3.534142 -0.397133
v 20.770199 29.817429 9.243232
v 20.091543 28.439131 9.773796
v 8.166860 -8.912302 14.144847
v 18.094994 -22.121222 19.646593
v 3.282838 -15.906368 13.967976
v 3.434596 -13.195105 14.034113
v 1.578944 -15.780440 14.060397
v 6.741977 -11.736548 13.668921
v 7.700871 -7.848410 13.105384
v 7.224993 -9.705529 13.358070
v 19.485659 -21.306011 16.883528
v 0.773070 -10.338461 14.886694
v -0.119276 -8.545767 15.106938
v 25.325720 21.524181 0.154487
v 23.884068 8.182343 2.827650
v 6.211540 -13.927765 13.683027
v 17.975126 -16.312244 17.736914
v 2.229546 -9.544130 14.776211
v 6.260421 -17.602274 15.477294
v 25.171564 8.246036 0.791635
v 6.506737 -16.005066 14.759775
v 25.161333 11.376741 0.513048
v 25.622192 10.603915 -0.334526
v 19.503313 -12.748606 14.473135
v 22.059292 -0.883652 7.391375
v 14.629227 -15.573406 19.728039
v 6.794076 -4.987304 13.532309
v 26.080643 14.774231 -1.380099
v 25.961622 11.330577 -1.166886
v 20.366899 -14.427082 12.901073
v 20.998798 -11.110221 10.725513
v 12.124433 -9.346788 16.429914
v 21.937569 4.377406 6.146358
v 23.383606 4.611777 4.237364
v 20.040419 -5.399176 11.453177
v 20.607857 -10.097214 11.876453
v 19.031284 -16.886292 16.367409
v 22.157085 -6.375874 7.269611
v 19.399359 -28.308994 19.318262
v 19.517275 -28.633932 18.569967
v 19.858685 -26.966204 18.563253
v 22.086786 -5.031513 7.954747
v 23.409203 -2.057880 4.531942
v 15.504091 -12.651300 18.200638
v 25.346260 14.567819 -0.175393
v 8.401210 -5.781526 12.838567
v 16.197962 33.274231 14.730748
v -0.438828 -8.170970 15.136720
v 0.068502 -7.480046 15.298682
v 23.295603 0.581233 5.016959
v 5.401995 -15.889005 13.957363
v 24.273220 0.457153 2.166500
v 0.923597 -6.302806 15.520311
v 24.404343 1.401199 2.232653
v -12.608976 -10.358424 16.602049
v -13.048759 -10.688268 16.640215
v -12.690541 -10.750281 16.689543
v 24.667122 1.748023 1.469877
v 24.449785 1.793167 2.149176
v 24.921030 2.938280 1.373710
v 25.244049 4.425241 0.496512
v 25.480434 5.109018 -0.274017
v 25.660120 6.240180 -0.610505
v -13.036045 -9.868765 16.355885
v 17.600368 -6.588063 14.370075
v 25.834156 7.135757 -1.110183
v 11.703124 -13.250100 18.235304
v 13.918197 -9.864017 17.002106
v 25.657698 10.088874 -0.399157
v -10.210340 -6.895697 15.273920
v 26.122700 11.794014 -1.642034
v 12.363361 -5.515437 14.694647
v 26.285704 12.776897 -2.121841
v 26.287241 12.038197 -2.322660
v -7.682085 -9.061973 14.926144
v 19.615419 -1.651803 10.647470
v 25.618326 9.489111 -0.315460
v -7.537827 -4.942590 12.900589
v 14.573777 19.676559 16.247835
v -7.403649 -4.137329 12.671786
v 15.985702 -8.414827 16.064676
v 14.919199 -4.500838 14.347026
v 20.731724 6.115789 6.456009
v -12.509555 -7.514822 15.573587
v -12.549109 -7.721467 15.645825
v -12.328714 -7.929890 15.749756
v -12.503060 -7.126966 15.444891
v -12.845290 -7.379735 15.482518
v 9.075666 -3.671556 12.454668
v 19.563267 3.806248 8.355698
v 9.908506 -1.399621 11.637109
v -8.819363 -3.210150 13.042838
v 26.144842 14.204263 -1.617703
v 26.186213 13.967662 -1.757214
v 17.511608 -2.019937 12.270306
v -8.168062 -2.471926 12.482365
v 21.783979 9.997806 4.056987
v 26.233458 14.968900 -1.977275
v 23.060509 11.720295 2.619253
v -0.462563 -7.280101 15.236588
v 0.061281 -7.227620 15.327490
v -0.142949 -6.853473 15.450848
v 3.332451 -4.583678 15.305681
v 26.392103 13.252859 -2.441678
v 26.359133 13.864025 -2.342269
v -5.274906 -28.640755 19.693481
v -4.275606 -28.674728 19.025492
v -3.426418 -27.544836 18.509445
v 8.347937 -1.758110 12.898599
v 10.587868 0.027468 10.917796
v 13.518039 -2.319948 13.223575
v 12.185934 0.719595 11.245745
v 20.231331 -28.684599 18.218267
v 11.156244 1.748315 10.410363
v -6.527134 -28.311747 19.890230
v -6.050452 -28.060612 20.219042
v -0.277378 -5.889978 15.357544
v 26.203070 17.165844 -1.538769
v 26.132025 16.509001 -1.605543
v 26.288721 16.206106 -1.935752
v 16.170403 0.829057 11.348742
v 7.372102 -0.664345 14.219093
v 5.700102 -2.126566 14.945550
v -11.263750 -22.909187 20.763861
v -11.008295 -23.443714 20.835230
v -10.267788 -21.475946 20.344030
v -11.204725 -22.485395 20.667774
v 9.751504 2.300057 12.553458
v -10.299059 -20.076021 19.913912
v -12.166083 -20.763775 20.151800
v -11.520469 -20.994852 20.263147
v -12.213673 -20.245478 19.968740
v -12.166083 -20.763775 20.151800
v 11.568644 4.666720 10.877357
v 12.308619 4.078521 9.249412
v -8.201375 -19.624619 18.962914
v -0.751467 -27.705864 17.963816
v -7.735303 -15.281781 17.301966
v 12.668954 5.495780 8.813508
v 13.393457 7.160531 8.361477
v 16.264927 7.404657 7.709437
v 26.244909 17.671106 -1.839760
v 2.223933 -25.327242 17.333599
v -7.757279 -26.175524 20.127176
v -7.486911 -27.587442 20.417713
v 17.591120 5.822490 8.003860
v -10.668436 -24.260101 20.924509
v -11.202518 -24.825121 20.760818
v -6.532375 -26.272123 19.478840
v 19.315367 8.938563 5.899949
v 18.092815 12.106308 5.843957
v -8.356396 -23.988710 20.320627
v -5.856545 -23.060467 17.991539
v 6.957111 -28.162664 20.019270
v 6.968934 -27.826828 19.875269
v -11.347843 -25.333780 20.655975
v -11.031480 -26.088146 20.677769
v 6.849555 -27.483606 19.732515
v 6.578708 -27.928593 19.649591
v -9.506254 -26.863041 20.625633
v 4.760556 -27.084511 18.466209
v 19.691488 14.156008 4.649954
v 5.094871 -26.870821 18.571184
v -2.828172 -22.688662 16.741632
v -5.769281 -11.090441 13.571684
v 5.801501 -26.970625 18.678368
v -6.590789 -16.956558 16.967058
v 6.119833 -26.916611 18.882832
v -6.396848 -21.408920 18.230680
v -4.263692 -11.058214 13.715509
v -5.830539 -18.874285 16.363232
v -5.925165 -21.117519 17.248474
v -5.849074 -15.765417 15.210213
v -2.790473 -18.880665 15.356580
v -2.979638 -11.418056 14.040174
v -12.520390 -17.893261 19.176891
v -12.336822 -18.342907 19.347296
v -11.925404 -17.514303 19.116949
v -1.070168 -27.808603 18.168320
v -1.478611 -28.053978 18.399567
v -0.912687 -28.101181 18.227491
v -3.495435 -16.197052 14.702647
v 0.211020 -13.317833 14.233421
v 25.995022 18.721546 -1.176151
v 26.236784 19.068048 -1.905559
v 26.231583 19.690760 -1.858843
v 0.063677 -27.750162 18.108036
v -6.831690 -12.353328 15.519089
v 0.770938 -28.015570 18.258539
v 1.258988 -26.898273 17.678585
v -6.176464 -11.379585 13.796129
v 16.955603 -27.842449 20.926960
v 17.611614 -28.026636 20.355656
v 18.012783 -27.908239 20.182327
v -6.094334 -9.060621 13.319825
v -5.260108 -10.169416 13.590465
v -4.685344 -10.382719 13.725364
v 18.501623 -25.436953 19.900030
v -10.788049 -26.581707 20.675703
v -10.900940 -26.876324 20.578125
v -10.384359 -26.654806 20.678648
v -2.547952 -10.686238 14.156098
v -3.289026 -10.215709 14.020000
v -3.426744 -10.685056 13.948856
v 3.069332 -28.581659 18.258678
v -9.159037 -27.199802 20.609318
v -8.709507 -27.040747 20.606804
v -5.531221 -14.203342 13.892739
v -1.436627 -10.480182 14.462942
v 8.369346 -26.868229 20.674126
v 7.551537 -28.131382 20.417349
v 8.401864 -28.048502 20.721453
v -8.874932 -14.044574 17.443058
v 4.216021 -27.502951 18.404305
v 3.602674 -28.107632 18.508688
v 8.783443 -28.011774 20.816975
v 6.838925 -26.063648 19.548618
v -3.782214 -15.044241 13.784462
v -12.445783 -15.515897 18.400547
v -12.812215 -15.658550 18.385426
v 5.921405 -24.977573 18.843964
v -12.288350 -15.263160 18.332247
v -11.190872 -16.058790 18.651203
v 5.113294 -22.926855 17.353621
v -12.659256 -14.853574 18.127813
v 21.056984 -17.556911 13.642305
v -1.730882 -15.486125 13.970116
v 19.941690 -16.987957 14.362736
v 22.561815 -16.081236 11.502777
v 10.208276 -21.604193 21.442863
v 8.635143 -19.548573 19.615236
v 22.079645 -11.309951 10.069036
v 9.105126 -14.650864 17.580534
v 22.869543 -8.296819 7.883723
v 18.304710 -28.342556 19.699100
v 18.982491 -28.273451 19.338020
v 3.154327 -20.314510 15.747413
v 10.848248 -17.175531 19.760006
v 23.248096 -4.585187 5.198750
v 13.313639 -17.933990 20.780170
v 0.419327 -16.197151 14.423255
v 14.040548 -20.634254 21.901245
v 8.406035 -23.289719 20.832447
v 23.056253 -3.552262 4.686292
v 15.543586 -18.741795 20.821917
v -0.877732 -9.785059 14.725479
v -1.640327 -10.011617 14.484983
v 23.999165 -0.242421 1.824000
v -6.505886 -8.306430 13.308335
v -6.001954 -8.456633 13.348285
v 10.121779 -27.978167 21.034536
v 11.279255 -28.271072 21.127230
v 12.004140 -28.103762 21.252226
v 12.631381 -28.101742 21.128723
v 13.188086 -28.141232 21.166437
v 14.548375 -27.215839 21.081242
v 9.681249 -23.948608 21.424335
v 11.685472 -22.938791 22.110786
v -8.449645 -10.633473 16.102968
v 24.289413 -12.105123 8.752938
v -0.001319 -23.097450 16.490435
v 2.159412 -17.184341 14.683400
v 16.621517 -27.574913 21.063017
v 13.193959 -22.574932 22.401054
v 15.410361 -23.008095 22.303009
v 6.823354 -22.883759 19.314842
v 22.671003 14.999641 2.635218
v 23.283426 19.061672 2.157567
v 18.094564 -25.743204 20.608948
v 1.818198 6.408532 25.624229
v -7.153989 -5.552221 12.974064
v 18.888378 -23.500025 18.466045
v 1.366981 6.136430 25.462353
v 8.624620 -13.299545 15.927788
v 16.682930 -22.834026 21.587589
v -6.451291 -7.234861 13.089455
v 26.046495 21.064053 -1.183376
v 26.120943 21.581837 -1.540104
v 10.843506 -24.769516 21.369772
v 26.009951 21.902370 -1.224566
v 7.714056 -14.274782 15.675100
v -12.441622 -12.509609 17.365435
v -12.707454 -12.801735 17.442337
v -11.628609 -12.176097 17.301956
v 12.111561 -24.542343 21.412010
v 12.968612 -25.067932 21.942202
v -12.778846 -12.425220 17.277998
v -12.511958 -11.424947 16.976784
v 5.102606 -16.767756 14.663317
v 24.708197 -4.375018 3.456842
v -12.187597 -13.121781 17.615992
v 6.106675 -8.742031 13.702042
v 23.964903 -1.159309 1.892821
v 23.904747 -1.605884 1.493505
v 16.149616 -24.780436 21.523493
v 26.125389 19.962242 -1.417756
v 5.738941 -21.588648 16.874378
v 9.653751 -12.864593 16.909103
v 6.088311 -19.640680 16.185574
v 17.189411 -14.182349 17.793867
v 7.000533 -18.781761 17.324156
v 18.326891 -10.065038 15.105335
v 10.274751 -25.723577 21.345787
v 9.920923 -9.220709 15.512350
v 14.317836 -26.642183 21.482180
v 2.417779 9.430326 26.429462
v 24.470028 0.995931 1.867744
v 24.835915 2.571517 1.033646
v 25.008026 3.083994 0.802972
v 25.094873 3.473988 0.633731
v 25.536892 4.669056 -0.514340
v 25.568535 4.993755 -0.848358
v 25.700306 5.867555 -0.841564
v -0.485182 -8.874620 14.972260
v -0.582814 -9.297731 14.886631
v 17.909161 33.291138 12.565286
v 18.070919 32.728191 12.624147
v 25.756454 11.035523 -0.652925
v -12.490665 -6.722543 15.285439
v -12.846721 -6.521340 15.163441
v -12.908848 -6.202045 15.025686
v -11.268971 -3.983149 14.111842
v -12.620868 -9.712462 16.351393
v -12.457217 -8.882186 16.077311
v -12.903397 -9.328405 16.176590
v 24.158184 -1.604258 0.905581
v -8.338970 -1.505765 12.312213
v -7.861270 -3.676289 12.700227
v 25.721956 7.994404 -0.627973
v 19.972948 -28.571535 18.514679
v 16.330036 9.632681 7.061403
v 24.535013 -1.504743 0.012445
v 26.265757 16.807714 -2.019813
v -11.527001 -22.275457 20.615923
v -11.204725 -22.485395 20.667774
v 14.328301 4.134964 9.427993
v -12.071852 -19.709423 19.817036
v -11.031922 -25.171829 20.670397
v -7.961852 -27.520348 20.567087
v 26.208567 18.188047 -1.724414
v 26.070204 18.271189 -1.375366
v 6.591245 -27.123837 19.434952
v -2.331795 -27.845524 18.497534
v 6.609075 -27.624218 19.585825
v -11.467317 -26.613056 20.610312
v -10.790482 -26.566145 20.683655
v -5.521913 -9.546011 13.480733
v -12.401727 -14.697697 18.112726
v -12.550476 -14.465949 18.020800
v -2.507199 -10.269088 14.193976
v -2.826395 -10.137157 14.123878
v -12.339398 -13.815238 17.820133
v -1.975960 -10.289352 14.327842
v 26.143646 22.204828 -1.536608
v 24.378811 0.418217 1.747620
v 24.077269 -0.767438 1.757710
v 23.996408 -0.821905 2.204258
v -6.683190 -6.393203 13.070701
v -13.212991 -6.006808 14.901663
v -12.501948 -6.007015 14.994179
v -12.780231 -5.597925 14.803241
v -12.533876 -5.251297 14.674946
v -13.254072 -5.545887 14.713817
v 24.527592 1.439222 1.811234
v 25.212841 3.769978 0.279457
v 25.368481 4.331820 -0.161477
v -6.852038 -5.083331 12.528878
v 26.338461 12.461583 -2.449273
v 1.422694 26.542040 23.610928
v -8.187720 -1.076113 12.251973
v -0.405086 -5.239053 15.568665
v -10.912127 -10.323660 16.642420
v 2.538400 11.253860 27.811617
v -6.083419 -28.726248 19.631178
v -7.791895 -3.018014 12.588910
v 26.355328 13.026628 -2.403063
v 26.441511 13.110943 -2.886353
v 26.258823 14.587889 -2.017018
v -5.638813 -28.783710 19.475216
v 24.374508 -1.368597 0.185527
v -3.355776 -28.649216 18.706316
v -2.829367 -28.076628 18.672546
v -7.173270 -28.187798 20.285334
v -11.450763 -23.675081 20.864445
v -11.523839 -21.888224 20.507940
v -11.272873 -21.510233 20.394976
v -8.641483 -27.378475 20.585249
v -8.117552 -27.115023 20.546925
v 8.488707 -28.316851 20.471535
v -2.468377 -28.167107 18.606808
v -12.666602 -19.508356 19.684544
v -12.641016 -19.756832 19.767344
v -12.320580 -18.988462 19.568087
v 12.363373 11.556506 19.063480
v 5.121276 -27.255112 18.655998
v 13.815792 -28.119310 20.978434
v -11.877943 -16.527269 18.792986
v 2.188552 6.909542 25.754646
v 1.219942 -27.934647 18.084703
v 1.546441 -28.489931 18.163078
v 2.115589 -28.273495 18.252014
v 3.538699 -28.468851 18.436092
v -12.458373 -4.787055 14.516582
v -12.782188 -4.435693 14.330737
v -12.193993 -0.927531 12.744808
v -6.113989 -8.100681 13.182119
v 18.786259 -28.512629 19.298355
v 20.584154 31.006445 9.454982
v -1.111876 -9.362280 14.705144
v 25.801773 6.161458 -1.324677
v 25.943430 11.330323 -1.161065
v -9.055819 -0.991171 12.294576
v -8.502902 -0.771555 12.081935
v -0.117733 -4.542465 15.721341
v 18.847019 33.083885 11.372412
v 12.389820 6.475097 10.074005
v -12.328714 -7.929890 15.749756
v 1.780327 23.138514 24.707548
v 1.281986 23.318272 24.651144
v -3.924907 -28.485483 19.161285
v -11.591044 -21.568771 20.422512
v 1.650965 21.522007 24.727907
v 9.589317 -28.211323 20.735853
v 5.952065 -27.431492 19.289385
v -4.685344 -10.382719 13.725364
v -4.135107 -10.679541 13.785251
v -4.263970 -11.057687 13.712896
v 13.005347 -28.325499 20.901424
v 14.924015 -27.799408 21.049070
v -12.452759 -16.425907 18.647959
v -11.877943 -16.527269 18.792986
v -12.629947 -13.643094 17.730909
v 8.530997 36.913376 17.850847
v 7.812682 37.047142 17.985460
v 25.165668 2.946413 0.117681
v 1.782395 18.801128 25.615946
v 7.740242 37.488335 17.438660
v -6.699615 -5.804213 13.044132
v 2.270334 18.097771 25.905794
v 17.929489 12.729881 8.047118
v 15.125778 13.870417 9.776647
v 19.085091 14.209286 6.578082
v 21.057390 20.342897 4.055209
v 21.718946 21.857992 4.111549
v 16.534664 19.887585 7.211907
v 20.084335 15.765204 5.658694
v 17.608376 21.303642 6.927666
v 2.093791 0.133053 19.383120
v 1.399775 0.161580 19.193155
v 16.766403 22.943277 8.351767
v 25.093885 25.673149 1.237226
v 24.966368 26.380938 1.478767
v 25.158949 26.445908 1.067110
v 25.187136 26.118557 0.915972
v -13.116617 -3.757714 13.985562
v -12.471537 -4.200491 14.226221
v 19.154955 24.916805 7.718753
v 21.567646 26.923899 6.718574
v -12.485298 -3.350142 13.841022
v 7.001578 1.653414 18.654062
v 11.810174 7.164523 16.779713
v 23.520502 29.533842 4.435520
v 23.996256 28.718327 3.447883
v 23.371677 29.906652 4.606709
v 23.555731 29.919146 4.204602
v 12.728377 7.051422 12.701481
v 13.908902 9.759766 11.997326
v 15.154359 17.022919 8.700620
v 15.348144 17.118610 8.375135
v -11.988666 -0.182913 12.295263
v -12.446431 -0.807936 12.626511
v 9.089249 7.673748 21.189480
v 16.220392 17.979389 7.972592
v 1.855091 3.615097 23.911196
v 1.823661 4.037915 23.980717
v -10.929717 0.487846 11.950770
v -11.201144 -0.249886 12.298847
v -10.768350 -0.037026 12.157238
v 11.117949 11.640118 20.735121
v 1.863178 2.726301 23.631737
v 16.947893 21.429741 8.334875
v 4.504679 5.607508 23.336571
v 23.698969 22.369892 2.176258
v 18.999838 23.456020 6.746391
v 14.856158 22.728626 10.978720
v 25.246229 25.171049 0.933181
v 20.429609 24.273666 6.174869
v 20.868845 18.291407 3.789647
v 14.772393 15.712302 14.656409
v 0.554387 0.028616 18.515312
v 0.272259 -0.324626 17.946796
v 10.361437 6.895382 19.257145
v 4.075055 -0.030062 17.594776
v 23.680122 29.392361 3.993423
v 23.757023 29.757046 3.758473
v -0.225574 -3.700769 15.897376
v -0.574670 -3.738909 15.803526
v -0.119632 -3.351403 16.016809
v 6.810059 0.926451 16.755585
v 25.617455 23.314804 -0.179682
v 25.188307 24.539000 0.800202
v 13.241258 10.348988 16.256992
v 25.731588 23.941124 -0.079598
v 14.117670 12.517352 15.092010
v 3.419160 -1.242658 16.734526
v 15.013040 17.880205 13.284829
v 18.617317 22.165577 7.392347
v 19.955706 22.174347 6.252185
v 14.828715 11.862231 9.774484
v 2.355785 1.821517 22.881220
v 3.190325 1.557618 22.594742
v 3.709443 2.383379 23.170656
v 23.118820 24.272364 3.480260
v 14.375801 9.377027 7.706554
v 16.334848 13.930152 9.237636
v 20.173203 22.377308 5.303618
v 14.313255 10.337303 8.491614
v 24.861019 26.583002 1.786205
v 16.088049 16.116928 8.591883
v 16.426062 10.692901 7.175848
v 25.246214 23.912024 0.569346
v 24.319262 27.468554 2.808551
v -9.550016 -0.129325 12.099470
v 17.645794 15.922637 6.989126
v -8.917844 -0.439941 12.046741
v 16.601572 17.834362 6.694774
v 18.969000 18.181221 6.154990
v 19.217405 20.042337 6.292889
v 20.474003 16.191544 3.853071
v 24.391003 27.903486 2.659515
v 24.165493 28.199333 3.083639
v 0.597210 -0.715271 17.419758
v 8.814731 2.263085 15.023926
v 3.106691 1.409840 22.248283
v 2.674175 1.504844 22.552919
v 10.346529 3.673579 13.783857
v 4.752167 1.063773 20.550512
v 20.484308 20.433376 5.462145
v 7.083727 3.633306 21.092009
v 16.591263 11.897114 9.304249
v 17.530243 13.371506 8.689722
v 17.059462 15.349981 7.503333
v 24.787695 27.042765 1.823764
v 24.565121 27.632788 2.299676
v 15.106023 17.875237 10.292575
v 15.158228 20.889700 8.867537
v 19.697912 17.926441 5.540830
v 2.997783 1.116380 21.835426
v 2.674833 1.008464 21.731676
v 0.127425 -0.769112 17.350657
v -0.154612 -1.127191 17.026846
v 21.035095 30.989105 8.761491
v 21.291443 31.071205 8.271748
v 21.721003 30.948647 7.580085
v 9.263467 3.575651 17.710438
v 6.086488 -0.056999 16.104780
v 17.113424 32.661037 13.915442
v 17.082539 23.631371 8.969609
v 17.862534 25.703745 9.906361
v 22.556305 28.400728 6.095942
v 22.442455 30.319408 6.429171
v 22.593731 30.906628 5.934005
v 21.966711 31.067095 7.087512
v 14.073707 9.918813 10.016789
v 3.053054 0.809812 21.154917
v 2.686945 0.534916 20.866777
v 25.840031 23.031450 -0.737317
v 17.952728 15.033647 7.416309
v 20.539478 17.956007 5.081518
v 0.325703 -2.633524 16.388668
v -0.274875 -2.726846 16.209835
v 2.382020 0.320618 20.230419
v 15.159585 19.273439 8.723910
v 22.825645 30.456577 5.610612
v 23.016663 30.830214 5.098802
v 23.262915 30.546705 4.673843
v 1.789760 4.523330 24.053518
v 1.616200 4.971036 24.264296
v 1.344809 4.578067 24.025061
v 2.279149 11.514186 28.386871
v 1.550196 3.931617 23.910610
v 1.176825 -0.029708 18.547560
v -12.583045 -2.969657 13.661551
v -13.067237 -2.550127 13.447230
v -12.594690 -2.579413 13.472373
v -12.718310 -1.687379 13.053171
v 25.307354 24.234642 0.503950
v 2.910226 1.203591 22.033224
v 20.817314 30.797276 9.092430
v 21.429197 31.413273 7.910015
v 12.279463 35.880638 16.749655
v 0.223726 -2.004244 16.629053
v 15.646177 35.161564 14.132696
v 23.998034 29.310101 3.301999
v -12.573961 -1.143222 12.782488
v -11.644431 -0.406609 12.375926
v -11.648193 0.114031 12.146073
v -10.477758 0.386143 11.977617
v -9.400239 0.226756 11.814623
v -0.160275 -1.506536 16.790859
v 1.839920 0.288452 19.987524
v 2.335768 7.669574 25.909555
v 1.307498 5.181995 24.340647
v 0.733432 26.020153 23.733578
v -0.367048 -3.004092 16.084602
v 18.392178 33.507843 11.759179
v 20.778442 31.285028 9.072887
v 1.719132 13.384982 28.798908
v 1.363386 13.296429 28.758892
v 1.922389 14.133756 28.478985
v 2.277300 16.676796 27.014109
v 12.734381 35.988979 16.312246
v 13.996453 35.667824 15.464017
v 12.789739 36.269054 15.930465
v 10.893792 36.183727 17.364708
v 1.925146 11.886572 28.862812
v 18.597795 33.275383 11.615585
v 1.382449 22.772968 24.704563
v 21.068975 31.481569 8.533781
v 1.366273 20.997231 24.708204
v 2.386580 8.233842 26.421173
v 12.226437 36.207016 16.471004
v 1.521447 13.999381 28.514824
v 2.240543 17.082573 26.688223
v 2.338059 17.585037 26.203457
v 12.278172 -28.549219 -34.722519
v 11.954741 -27.361511 -36.195126
v 11.935288 -21.354240 -37.055595
v 12.111676 -26.225056 -36.704418
v 11.675008 -26.398449 -37.245361
v 12.433292 -28.714949 -32.766800
v 11.599317 -26.034149 -37.246063
v 12.391779 -26.102131 -35.171249
v 11.795530 -23.999355 -36.969368
v 12.275675 -28.801199 -32.265980
v 12.325178 -28.658783 -33.868008
v 10.067304 -27.748501 -37.380821
v 9.562934 -27.729271 -37.415127
v 12.398019 -28.334801 -31.602715
v 12.319139 -28.573353 -31.637178
v 11.597141 -23.023060 -37.274864
v 11.468985 -22.607967 -37.189835
v 12.427317 -25.974422 -31.293129
v 12.415638 -28.278868 -30.567471
v 12.018116 -22.182632 -37.195099
v 12.492716 -23.320374 -33.426491
v 11.566353 -28.487244 -35.606270
v 11.221042 -26.726391 -37.335716
v 12.358988 -19.230867 -35.980568
v 11.664810 -18.482502 -37.088627
v 11.563285 -17.863102 -37.002243
v 9.732564 -28.251732 -36.724827
v 10.444216 -28.157404 -36.775898
v 11.157431 -28.206524 -36.734035
v 10.437807 -27.488304 -37.374531
v 11.788295 -21.153027 -37.224960
v 10.760988 -27.255857 -37.331093
v 10.105787 -26.823978 -37.366520
v 11.066139 -27.016998 -37.308132
v 11.459647 -28.326664 -36.293709
v 11.792946 -20.294687 -36.936840
v 12.420814 -28.281849 -30.566572
v 11.864824 -28.563147 -35.033421
v 12.228965 -28.848003 -33.674267
v 11.530358 -19.744829 -37.046120
v 11.789886 -21.856392 -37.094440
v 11.459647 -28.326664 -36.293709
v 12.110539 -28.852478 -29.320456
v 11.083173 -16.874802 -37.254177
v 12.663288 -13.342736 -33.504715
v 15.705611 -21.141014 -21.325342
v 16.200308 -29.595182 -19.263933
v 16.525330 -29.798773 -18.919605
v 16.415636 -28.451715 -19.431288
v 12.817924 -0.306400 -32.943867
v 15.174355 -28.264748 -19.867752
v 14.390868 -27.565414 -21.052979
v 11.626055 0.918347 -36.394859
v 12.415404 -28.929605 -26.314184
v 12.575272 0.012894 -35.268929
v 13.606825 -26.214764 -22.145571
v 12.799172 -20.179182 -23.270166
v 12.591468 -16.641718 -25.215704
v 12.477923 -27.974348 -26.836838
v 12.334861 -27.092213 -27.556629
v 15.470483 -25.447014 -21.121233
v 12.401848 -28.622808 -29.573566
v 12.831390 -22.997927 -22.902990
v 12.466655 -24.131540 -30.409628
v 17.849903 -30.120026 -17.375454
v 17.071522 -30.056564 -17.931643
v 12.488799 -22.229107 -30.360191
v 12.511029 -22.493704 -31.618313
v 11.571369 0.447348 -36.465523
v 16.937855 -26.176235 -19.190638
v 12.584659 -20.419365 -25.605616
v 13.533730 -29.830179 -20.379679
v 12.439783 -22.818781 -26.551874
v 12.562094 -19.337185 -26.794077
v 12.594215 -17.053444 -33.587143
v 12.583739 -19.271191 -32.575291
v 14.382463 -29.948685 -20.049826
v 14.292483 -29.507362 -20.187023
v 15.536504 -29.648369 -19.866388
v 12.579373 -16.801727 -27.970945
v 12.491974 -24.669865 -27.669203
v 13.117907 -28.603724 -20.855982
v 12.633209 -14.880360 -28.332895
v 12.651407 -15.251458 -29.866438
v 12.864179 -27.839235 -22.385897
v 12.993787 -30.455458 -20.405237
v 13.239891 -29.941948 -20.600990
v 12.725828 -30.247776 -21.866697
v 12.660424 -26.748547 -23.143042
v 12.751932 -7.838108 -32.316109
v 12.597603 -7.878626 -35.043781
v 12.509094 -24.277124 -24.281599
v 11.696458 -13.852831 -36.909470
v 11.749771 -13.072833 -36.919022
v 12.433042 -14.929643 -35.732857
v 12.539834 -20.061083 -28.964966
v 12.254609 -29.227633 -27.290180
v 12.275446 -29.085466 -28.226091
v 11.911075 -1.799100 -36.674660
v 12.551825 -29.230953 -24.453070
v 12.382968 -29.653645 -23.527939
v 12.403920 -29.634304 -24.020908
v 12.657560 -15.444715 -31.463005
v 11.622271 -0.490802 -36.363075
v 12.179772 -12.255673 -36.379578
v 11.878349 -12.751726 -36.792004
v 12.549911 -20.114439 -33.933170
v 12.107610 -8.572591 -36.666126
v 11.555830 -11.971067 -36.917015
v 12.243650 -5.751544 -36.282593
v 12.575461 -17.503756 -31.731937
v 11.848493 -7.507636 -36.678978
v 11.901227 -15.182527 -36.749516
v 11.977256 -5.136826 -36.628426
v 11.580789 -4.427424 -36.376575
v 10.883240 -15.408854 -37.065285
v 21.390297 -27.674488 -14.020688
v 12.106751 -6.631501 -36.431988
v 19.162794 -26.541977 -16.145784
v 11.976426 -6.293286 -36.570648
v 18.196701 -30.178087 -16.505264
v 21.742590 -29.757866 -12.812675
v 22.019739 -29.899113 -12.276931
v 11.912284 -3.468986 -36.655060
v 13.341813 -15.598575 -22.682764
v 12.383599 -2.778813 -35.896584
v 12.729962 -14.019855 -24.395834
v 11.723759 -1.025247 -36.572453
v 15.298373 -17.835442 -21.686562
v 12.093614 -28.991747 -28.656971
v 20.849316 -29.788717 -14.132557
v 12.697354 -30.297195 -22.249937
v 12.578918 -30.011789 -22.839125
v 12.655646 -29.300104 -23.120861
v 18.723902 -24.380335 -16.979828
v 20.569847 -29.756475 -13.817844
v 17.795715 -19.359570 -19.506340
v 18.124933 -25.937313 -17.226990
v 16.800808 -23.150986 -20.226046
v 12.699176 -9.099935 -28.159004
v 13.451142 -19.193010 -22.579025
v 12.291512 -29.327230 -25.161753
v 18.074926 -27.435217 -17.623213
v 11.891917 -2.323435 -36.603680
v 11.593583 -2.139949 -36.689354
v 12.780112 -0.939626 -29.767365
v 13.824132 -29.438072 -20.355864
v 12.461791 1.524553 -35.759884
v 12.343903 3.159165 -36.064701
v 12.007536 2.913966 -36.264317
v 19.101309 -29.867517 -15.885028
v 19.262487 -30.133366 -15.505566
v 11.221839 -15.014441 -36.988865
v 11.510775 2.285784 -36.362091
v 11.752221 1.867326 -36.150406
v 12.021868 -7.179726 -36.511597
v 11.769564 -10.326914 -36.674618
v 11.987181 -10.051130 -36.714462
v 11.413321 -9.833047 -36.897160
v 11.513215 1.663985 -36.466743
v 12.710102 -30.548077 -21.458202
v 11.346312 -0.769088 -36.566425
v 22.212177 -29.733032 -12.170330
v 11.811474 -11.264252 -36.884426
v 10.922271 -14.484554 -37.036999
v 15.772350 -29.906107 -19.359045
v 11.354264 -1.538976 -36.693592
v 11.023130 -16.393822 -37.076897
v 11.784911 -9.340136 -36.800026
v 19.998436 -29.910990 -14.801670
v 11.838451 -6.869033 -36.633762
v 11.635040 -3.683954 -36.719337
v 12.223184 3.483678 -36.113277
v 11.808563 -8.280377 -36.780033
v 11.752221 1.867326 -36.150406
v 18.882505 -30.193619 -15.909934
v 11.266669 -16.056789 -37.030201
v 13.136771 -13.214965 -22.906834
v 11.276506 -13.656426 -36.996544
v 12.174008 4.304674 -36.020134
v 25.816305 -26.645271 -7.569263
v 33.550644 -28.681818 -0.910343
v 34.013073 -29.049765 -0.082570
v 27.002560 -23.948734 -8.424931
v 27.150625 -20.503880 -9.916744
v 29.293467 -29.394077 -4.497035
v 28.920898 -29.672121 -4.633973
v 28.740614 -29.444233 -4.989582
v 30.689417 -21.187252 -6.404871
v 33.218815 -23.584471 -2.388443
v 32.264233 -24.845608 -3.608761
v 27.367254 -28.769661 -5.560992
v 22.629604 -10.733719 -13.591333
v 21.690439 -9.036721 -13.909704
v 12.901890 9.947412 -30.943663
v 28.122921 -11.583760 -10.180303
v 13.093036 18.943262 -32.435753
v 12.832621 16.807346 -34.757294
v 23.864822 -17.230700 -13.422653
v 23.915817 -21.688913 -12.574070
v 13.755548 0.753876 -22.353628
v 20.591015 -14.108095 -15.454665
v 12.537372 18.031536 -35.701363
v 12.542694 18.489351 -35.676720
v 18.714510 5.381175 -20.515072
v 17.446068 1.633957 -21.039656
v 13.670929 7.378841 -22.353529
v 13.270716 6.657797 -22.922787
v 12.818125 4.182208 -24.392031
v 21.163473 -3.264827 -17.305546
v 12.574584 9.070495 -35.464859
v 17.202065 -7.978055 -20.911747
v 12.709655 9.673884 -26.014532
v 26.063190 -28.855230 -6.256793
v 26.512604 -29.002670 -5.923440
v 13.314436 3.055635 -22.903582
v 18.283558 -3.455914 -20.423960
v 12.273851 9.631924 -35.945911
v 12.619512 9.383233 -35.512596
v 24.736048 -26.600992 -9.266879
v 12.118292 10.503683 -36.227932
v 12.290938 10.820620 -36.043598
v 12.893082 -1.319459 -24.035563
v 12.721367 2.970929 -26.523748
v 12.942378 13.557356 -30.685946
v 12.778428 16.140751 -27.496532
v 11.927218 11.008695 -36.331242
v 29.437040 -17.243597 -8.557767
v 32.465984 -29.542936 -2.046272
v 32.840790 -29.455284 -1.659991
v 19.547894 -8.214233 -18.666201
v 17.924841 -11.107385 -20.113277
v 12.970518 22.445200 -34.381710
v 24.498234 -29.324421 -8.985870
v 24.178411 -29.202116 -10.054068
v 12.866443 7.034835 -33.367771
v 23.912622 -26.790863 -10.602636
v 22.024563 -26.596487 -13.208508
v 34.702526 -29.232126 2.965534
v 34.560120 -29.047354 1.984828
v 35.105202 -28.243765 3.265989
v 29.574614 -24.365574 -6.367801
v 30.355293 -22.785271 -6.175010
v 12.640124 25.278219 -35.635105
v 12.276536 24.826893 -36.034637
v 20.875320 -17.928556 -15.518361
v 12.826232 21.208742 -35.058289
v 34.187317 -25.598171 0.005641
v 12.035840 16.469469 -36.067596
v 20.608444 -22.406242 -15.488342
v 33.823837 -21.680546 -0.490368
v 23.012802 -29.753942 -10.726754
v 23.897707 -29.306337 -10.190607
v 22.519274 -29.007353 -12.281911
v 12.843024 21.787912 -35.087887
v 12.659060 21.266645 -35.589344
v 19.754864 -18.249992 -16.272429
v 19.280876 -21.527205 -16.733225
v 21.036587 -11.898654 -14.905476
v 20.578684 -9.560081 -16.832024
v 13.478582 -5.712085 -22.641878
v 22.389977 -29.875834 -11.777854
v 23.286102 -6.965554 -11.952226
v 26.282497 -15.690152 -11.787494
v 22.535566 -29.691034 -11.726089
v 24.895763 -29.513926 -8.251210
v 24.739548 -29.227316 -8.508122
v 25.254831 -28.848516 -7.626818
v 12.787611 -4.214440 -24.710215
v 16.902979 -16.137285 -20.674046
v 22.520330 -2.151792 -15.117951
v 16.591661 -3.249873 -21.321861
v 20.260447 -1.390475 -18.803844
v 22.837561 3.104944 -16.088764
v 30.699900 -29.906979 -3.379441
v 29.948265 -29.671257 -3.851983
v 12.775929 -8.700890 -24.611555
v 13.228539 -8.583350 -22.981754
v 24.207531 -23.766088 -11.632285
v 34.250057 -29.164963 0.358796
v 34.481709 -28.851154 0.798648
v 12.744577 -5.557647 -28.854965
v 28.656448 -25.817595 -6.202083
v 30.602684 -27.345942 -4.458025
v 32.757046 -19.191887 -3.389650
v 31.866739 -15.876620 -5.130250
v 19.547382 -15.397348 -17.447275
v 30.093777 -13.930928 -7.993438
v 31.215963 -18.744102 -6.175376
v 12.822456 4.809713 -30.450876
v 15.996788 -12.672291 -21.441256
v 13.617699 -11.857287 -22.495623
v 12.596156 14.182737 -35.746250
v 12.426516 11.737661 -35.932281
v 12.377254 14.082395 -36.108688
v 22.160517 -14.260664 -14.509687
v 12.679287 19.672453 -35.610760
v 21.793358 -7.217927 -14.948161
v 19.228199 -0.154111 -19.923073
v 13.883966 -3.508671 -22.298721
v 25.136913 -29.058552 -7.403011
v 25.337164 -28.910114 -7.144873
v 11.856584 12.712168 -36.325344
v 12.594460 5.208197 -35.399826
v 12.441280 7.678448 -35.808392
v 12.232820 7.385644 -36.146999
v 12.303681 5.659085 -36.084831
v 12.152250 5.840988 -36.197903
v 22.955729 -19.774311 -13.812075
v 14.345636 5.539270 -22.120907
v 33.652996 -29.333576 -0.639553
v 33.236382 -29.731567 -0.826987
v 33.081295 -29.487537 -1.316401
v 18.938671 -14.436750 -18.572565
v 12.392618 8.404809 -36.083363
v 14.366252 -8.049833 -22.128199
v 12.235264 17.468195 -36.085136
v 12.406584 17.731663 -35.877098
v 12.568911 23.343775 -35.689297
v 12.316799 23.792023 -35.923027
v 34.704231 -29.176214 3.453035
v 34.930595 -28.759964 3.773634
v 34.519115 -24.545906 1.737992
v 31.738033 -29.780645 -2.611208
v 34.581696 -29.074463 1.558396
v 26.117393 -8.858371 -11.250556
v 22.516695 -6.263233 -12.355525
v 12.215546 15.149575 -36.055264
v 11.925405 15.621200 -36.180653
v 12.200176 14.636827 -36.113232
v 12.659642 20.811134 -35.560921
v 12.597311 20.272345 -35.673527
v 24.755255 -12.041636 -12.783917
v 28.191307 -29.155180 -5.268419
v 23.594334 -29.652439 -10.130636
v 12.060958 11.660429 -36.280888
v 22.402496 -29.655218 -11.527781
v 12.267477 18.670383 -35.890759
v 12.018821 16.860891 -36.161163
v 12.666685 22.125458 -35.647514
v 12.572431 22.804188 -35.714348
v 12.358595 6.220281 -35.909470
v 12.266927 4.320737 -36.099827
v 12.032146 4.802244 -36.361610
v 25.440157 -29.346642 -6.682348
v 25.146294 -29.226656 -7.242155
v 34.398354 -29.339901 1.150362
v 11.941111 13.477097 -36.276268
v 12.406584 17.731663 -35.877098
v 11.635831 15.867057 -36.253773
v 27.812449 -29.185390 -5.548544
v 27.515633 -29.507416 -5.377979
v 27.408546 -29.177866 -5.653613
v 27.013451 -28.474379 -6.000483
v 12.090538 5.380173 -36.371765
v 12.378340 6.812680 -35.967125
v 12.197949 6.515983 -36.146431
v 25.440157 -29.346642 -6.682348
v 12.218371 19.789728 -35.773174
v 32.907410 -29.746067 -1.221819
v 12.613103 25.643116 -35.786823
v 12.385820 23.072874 -35.816734
v 12.233681 26.020960 -36.072372
v 12.060958 11.660429 -36.280888
v 12.090777 12.198584 -36.247540
v 33.902222 -29.673588 0.039508
v 28.247086 -29.427320 -4.787018
v 27.043966 -28.824287 -5.872735
v 32.600178 -29.780180 -1.762592
v 11.563684 16.358047 -36.253895
v 11.872262 15.101229 -36.231880
v 34.361202 -29.416506 1.780536
v 20.650597 22.901062 -16.989340
v 24.421478 17.508821 -13.881157
v 12.901206 31.441084 -35.490761
v 22.346539 23.156246 -15.243532
v 12.619287 31.608551 -35.797466
v 12.800589 32.118534 -35.687061
v 22.984669 17.544180 -16.004253
v 12.493683 28.885008 -21.582981
v 34.242390 -29.355213 6.060834
v 34.375462 -29.003870 6.274746
v 34.553120 -29.108479 5.205553
v 34.693512 -27.932808 5.742959
v 34.886883 -27.014387 5.098975
v 34.420891 -23.955048 3.983231
v 34.634342 -24.925919 3.907211
v 33.997314 -21.363876 1.804195
v 12.594935 28.493223 -23.184294
v 12.622791 28.670160 -23.882648
v 28.059469 -7.908370 -9.187484
v 24.579453 -5.605093 -10.480130
v 23.399115 -4.010188 -10.510668
v 22.941628 -4.255105 -12.934307
v 23.752705 -2.782122 -11.127003
v 17.426628 10.387125 -20.925159
v 13.432188 12.063368 -22.347580
v 12.730255 13.775779 -25.667553
v 32.648746 -16.729855 2.411731
v 32.521606 -16.252720 2.383310
v 32.542084 -16.655491 2.756547
v 14.495673 10.632794 -21.815447
v 31.627625 -12.405230 -4.426375
v 24.985968 -2.351355 -6.157731
v 23.943855 -2.806005 -8.752576
v 22.314224 5.122173 -17.164268
v 30.106924 -8.675431 -6.644446
v 29.946014 -10.668110 -7.754550
v 24.532486 -0.635241 -9.773419
v 24.911119 1.422228 -9.768950
v 24.876362 3.845581 -11.546046
v 12.889624 21.970013 -27.937042
v 25.376446 7.847909 -11.710124
v 32.082275 -14.337752 1.549199
v 32.040573 -14.955813 2.397216
v 13.200590 23.785551 -31.941803
v 31.891035 -13.506932 1.172449
v 31.692123 -12.415612 0.434293
v 31.680176 -11.924303 -0.721156
v 30.898617 -9.103505 -3.468150
v 13.064495 26.400715 -34.545570
v 31.307667 -10.701447 -1.187832
v 33.212502 -17.635733 0.908132
v 32.956657 -18.456673 3.424989
v 12.695370 29.868574 -35.733868
v 29.767792 -6.990837 -4.993130
v 32.830372 -17.311934 2.517697
v 32.693684 -16.941322 2.597330
v 12.678710 30.835230 -35.784725
v 28.293526 -5.137183 -1.119081
v 26.821314 -3.583748 -1.049557
v 13.350100 20.471081 -21.098080
v 24.604179 -1.212409 -5.664835
v 34.683689 -29.306076 4.348729
v 24.555883 -1.240917 -2.069079
v 14.260352 22.026516 -20.291729
v 26.203531 -2.921059 -1.140527
v 34.883381 -26.339151 4.601264
v 17.783102 20.118622 -19.524471
v 23.671181 0.151381 -13.244987
v 25.353218 1.374651 -4.157547
v 25.784956 3.605260 -6.691957
v 33.417915 -21.016212 4.540638
v 33.805511 -21.592562 4.014146
v 33.541557 -20.530247 3.717209
v 33.500790 -20.223728 3.446471
v 33.406452 -19.822697 3.455724
v 12.711870 27.182964 -25.090004
v 27.805082 -4.286266 -3.850567
v 25.995115 7.957419 -9.427061
v 28.671646 -6.128688 -6.704513
v 32.583626 -15.024273 -2.063591
v 30.809134 -10.168599 0.248340
v 31.036139 -10.509035 -0.086717
v 31.555395 -12.679729 1.234337
v 31.776878 -13.059664 0.895783
v 29.990095 -8.106944 -0.064858
v 30.499952 -9.466259 0.180867
v 29.414867 -6.206345 -2.883246
v 12.902259 11.852324 -23.741140
v 34.250473 -23.436464 4.236420
v 34.114899 -23.079876 4.397060
v 34.191330 -23.573713 4.730822
v 33.914963 -22.377529 4.197201
v 13.658283 15.137963 -21.884764
v 12.665475 27.918303 -35.771996
v 14.235885 17.878195 -21.249088
v 25.924612 -5.144058 -9.135448
v 12.704376 28.810953 -35.914364
v 12.514657 29.134159 -35.884956
v 24.250170 5.013824 -13.889811
v 23.764437 8.427102 -15.344854
v 25.504484 -2.490715 -0.562889
v 25.669987 -2.520920 -1.151872
v 24.942186 -2.169084 0.162945
v 22.990879 10.744883 -16.561056
v 24.280659 -1.388173 0.181652
v 24.541033 -1.502492 0.012457
v 19.344736 13.051097 -19.902014
v 26.132362 5.270695 -4.945358
v 24.802145 -1.469960 -3.959400
v 27.342546 -4.332915 -0.431686
v 26.352640 8.240261 -7.073915
v 17.694687 15.716599 -20.359354
v 12.676383 19.901157 -24.164396
v 12.896955 26.114611 -27.459362
v 13.026087 26.356354 -28.230818
v 13.080121 27.118822 -28.831305
v 13.050204 26.548635 -28.624947
v 13.100007 27.078754 -29.204473
v 25.245020 12.732141 -12.716506
v 13.119685 27.629499 -29.162804
v 13.150644 27.228140 -29.583836
v 13.156212 27.839037 -29.626247
v 12.825513 16.103689 -23.467342
v 13.153996 28.410074 -29.436993
v 13.205821 29.175295 -29.845612
v 13.304788 28.391680 -32.503601
v 13.231371 29.670408 -30.187136
v 13.362224 31.795561 -31.729174
v 13.307513 31.189562 -30.913527
v 13.355517 33.210693 -33.062321
v 13.362734 33.678837 -33.634106
v 13.388086 32.588978 -32.667942
v 13.296178 33.866863 -34.116508
v 13.299984 34.658318 -33.952110
v 13.139317 35.064587 -35.022556
v 30.518763 -9.854398 0.790665
v 13.154412 35.653988 -34.924038
v 20.952318 10.382414 -18.824633
v 19.221855 18.507320 -19.165190
v 26.306761 -3.129086 -0.877549
v 26.554033 -3.534142 -0.397133
v 12.901512 24.148167 -20.720083
v 21.053522 6.036542 -18.679844
v 22.340355 14.587234 -17.142094
v 12.701940 27.896963 -25.171988
v 12.741644 20.644943 -22.644093
v 12.964761 33.921268 -35.424358
v 12.741785 28.115698 -25.634937
v 12.753143 28.546686 -25.455633
v 12.727406 26.235128 -26.091419
v 12.919485 34.406326 -35.475563
v 13.309852 17.654242 -21.898058
v 34.512043 -24.500372 4.109337
v 12.854663 26.154898 -26.757023
v 12.957198 26.333210 -27.841957
v 13.241591 30.627562 -30.043470
v 12.771689 33.516685 -35.707359
v 12.868029 33.103973 -35.571930
v 13.278101 35.553234 -34.148006
v 13.288141 36.364677 -34.029865
v 13.189054 36.499119 -34.735710
v 13.162088 37.011784 -34.691231
v 13.079967 36.635963 -35.155140
v 13.046950 37.340359 -35.219540
v 26.461025 12.703609 -8.441091
v 25.945921 12.334122 -10.708549
v 18.158970 23.891733 -18.316290
v 21.115780 17.184673 -17.959187
v 12.601070 26.643805 -35.772282
v 34.474514 -28.439072 6.224158
v 34.735542 -27.209497 5.566567
v 34.789455 -26.419567 5.160569
v 34.684742 -25.444651 4.383367
v 12.771550 26.969326 -25.777441
v 12.674335 28.807566 -24.394077
v 29.700098 -7.776218 0.073133
v 29.641989 -7.853719 0.460883
v 29.260660 -6.813483 -0.424686
v 28.911880 -5.884011 -1.040835
v 28.684078 -5.596895 -1.264452
v 12.587438 29.111258 -23.510422
v 12.621819 29.300898 -24.007732
v 32.283165 -15.610840 2.410649
v 32.325001 -16.110008 2.860085
v 31.954147 -14.261887 2.034960
v 31.569738 -11.399094 -1.182121
v 32.836891 -17.745789 3.026472
v 32.717419 -17.362612 3.053197
v 24.412127 11.071615 -14.453525
v 30.209297 -9.006168 0.533222
v 33.926182 -22.723503 4.880573
v 28.247368 -5.249743 -0.660976
v 13.040627 35.950706 -35.288136
v 27.115614 -4.193330 -0.255604
v 12.979360 35.012138 -35.313168
v 12.840232 26.488426 -26.912346
v 13.268113 30.943468 -30.199921
v 13.312734 31.563580 -30.774176
v 13.304399 31.931961 -30.830627
v 13.326188 37.164246 -34.188774
v 12.526046 28.846592 -22.254166
v 12.560649 29.195448 -23.066938
v 12.678585 32.580082 -35.743656
v 28.864527 -6.081767 -0.465408
v 34.218964 -29.366497 5.511760
v 33.358223 -20.616199 4.325111
v 33.717079 -21.786354 4.508517
v 27.860586 -4.934678 -0.304175
v 13.012632 26.764660 -28.244526
v 13.175765 29.014023 -29.586540
v 13.383256 32.885921 -32.247559
v 13.059535 36.328510 -35.214737
v 12.581809 28.453760 -35.975113
v 26.306761 -3.129086 -0.877549
v 12.575084 27.172422 -35.788033
v 33.148972 -18.791740 3.050064
v 33.370132 -19.379412 2.859914
v 28.504881 -5.459041 -0.977210
v 31.569647 -11.644777 -0.575706
v 24.647465 -1.818854 0.280540
v 13.200044 29.633137 -29.630501
v 13.354676 32.375988 -31.512600
v 12.323430 27.355991 -35.940731
v 29.807783 -8.178684 0.469206
v 30.081467 -8.606255 0.306870
v 12.685132 28.895126 -24.921347
v 26.725452 13.620959 -6.307941
v 25.106991 23.149523 -10.798209
v 26.325703 17.588242 -8.838066
v 18.215073 27.614832 -16.841640
v 26.371346 12.033390 -2.303583
v 25.715946 7.967139 -0.638364
v 13.256499 29.051523 -18.153362
v 12.815447 28.831348 -18.771898
v 12.648191 28.999823 -19.190588
v 12.620785 29.443012 -19.006195
v 25.619362 9.502431 -0.327663
v 25.657698 10.088874 -0.399157
v 25.966915 11.360174 -1.202594
v 25.753515 11.035559 -0.653980
v 26.487011 13.109682 -2.889472
v 26.338461 12.461583 -2.449273
v 24.408159 20.350811 -13.243778
v 25.574930 18.115908 -11.369224
v 23.920786 -1.578367 1.524946
v 24.195393 -1.612095 0.994479
v 13.641076 26.619946 -18.945259
v 13.016853 29.399452 -18.166807
v 26.614956 16.434275 -3.530135
v 26.258823 14.587889 -2.017018
v 26.556931 20.879677 -4.394384
v 26.443733 20.571367 -7.202977
v 25.998554 24.141253 -6.978719
v 26.238943 14.970634 -1.978682
v 26.260220 16.201748 -1.940014
v 26.446131 17.542006 -2.504415
v 26.584585 18.653004 -3.558341
v 26.633392 19.185595 -4.063633
v 26.606281 19.903330 -4.511730
v 26.597765 19.548000 -3.759602
v 18.718481 31.687044 -13.933942
v 26.160671 23.462484 -6.532451
v 26.324146 22.908495 -5.721559
v 26.245480 23.142807 -6.155847
v 26.732407 17.232595 -5.828993
v 26.266571 13.864767 -2.361284
v 26.392855 13.252835 -2.441550
v 21.536427 30.037054 -12.650084
v 23.388819 28.725103 -11.032071
v 19.148224 32.055668 -13.393378
v 19.683971 31.824709 -13.038873
v 20.173969 31.561544 -12.964281
v 13.319531 31.967798 -16.432165
v 13.117920 32.358944 -16.337097
v 14.567229 31.907236 -15.861921
v 12.898538 31.585003 -17.043318
v 13.210174 31.583399 -16.773926
v 12.998606 31.030439 -17.284719
v 16.137461 31.468117 -15.535296
v 16.610632 31.341507 -15.482254
v 16.859324 31.514883 -15.181292
v 15.162060 31.582891 -15.862101
v 13.197606 30.789145 -17.138594
v 21.156977 27.143017 -14.839015
v 23.577221 24.815308 -12.913368
v 26.580658 20.199963 -3.986483
v 26.548386 21.042938 -4.484557
v 26.464705 21.845781 -4.751777
v 26.394361 22.726383 -4.586649
v 25.930246 24.680424 -7.070037
v 13.024267 30.606287 -17.515041
v 12.539881 28.971300 -20.742338
v 12.528942 28.999981 -20.223419
v 25.327770 26.555141 -7.532053
v 25.017689 27.308554 -8.071702
v 24.767849 27.632761 -8.541467
v 24.420525 28.093527 -9.172512
v 21.591253 31.356497 -11.476684
v 23.669107 29.048176 -10.008470
v 23.264961 29.666780 -10.265423
v 25.553528 26.075413 -7.158775
v 26.427904 22.239840 -4.556043
v 26.363821 22.975191 -5.086210
v 25.179825 27.164381 -7.573339
v 24.813683 27.745111 -8.194769
v 22.695633 30.751417 -10.292123
v 22.937029 30.104469 -10.504460
v 22.513700 30.645393 -10.729478
v 22.258335 31.191278 -10.618752
v 22.995523 30.388527 -10.136707
v 25.693039 25.812214 -6.719177
v 25.488398 26.461727 -7.097145
v 21.666815 31.548019 -11.161816
v 24.424881 0.409885 1.753908
v 24.275803 0.456768 2.167060
v 24.208040 -0.333575 1.882216
v 24.463306 0.997726 1.866748
v 25.173271 2.942345 0.114564
v 25.581560 4.992477 -0.845771
v 25.506769 4.671651 -0.522443
v 25.801773 6.161458 -1.324677
v 25.944862 5.445878 -2.381038
v 24.077269 -0.767438 1.757710
v 24.448084 1.793095 2.148353
v 24.527592 1.439222 1.811234
v 24.617683 1.750076 1.460829
v 25.203865 3.770452 0.277878
v 25.248940 4.424510 0.497825
v 25.368481 4.331820 -0.161477
v 25.700306 5.867555 -0.841564
v 25.669197 6.240820 -0.607110
v 25.831793 7.138137 -1.110076
v 26.111631 11.795747 -1.647890
v 26.271706 12.776999 -2.125392
v 12.562420 29.327114 -19.572029
v 26.186213 13.967662 -1.757214
v 26.135981 14.203998 -1.621256
v 26.355328 13.026628 -2.403063
v 18.305983 31.654991 -14.256275
v 13.993247 32.552574 -15.681192
v 26.296396 16.944748 -2.175720
v 26.508848 17.976082 -2.921391
v 15.004306 31.933472 -15.662704
v 26.560732 19.014591 -3.352711
v 15.553708 31.873417 -15.450641
v 17.528151 31.340992 -14.937002
v 18.097742 30.943550 -14.945141
v 13.282244 30.217802 -17.399647
v 13.040153 30.030285 -17.836716
v 21.272259 31.361597 -11.857440
v 26.519161 21.063868 -4.049475
v 26.501747 21.464935 -4.139411
v 24.094357 28.579262 -9.470734
v 20.895872 31.660469 -11.983264
v 20.620865 31.679232 -12.264715
v 25.008026 3.083994 0.802972
v 25.620083 10.603854 -0.335548
v 12.962667 29.029371 -18.418312
v 26.064857 14.774204 -1.395439
v 17.851553 31.307209 -14.804905
v 26.132025 16.509001 -1.605543
v 26.413456 17.925127 -2.365383
v 26.594486 19.830959 -3.901016
v 20.181168 31.738739 -12.688112
v 25.853729 25.168043 -6.659111
v 23.455729 29.666000 -9.948839
v 23.674952 29.476700 -9.619587
v 21.386610 31.650663 -11.437778
v 23.996408 -0.821905 2.204258
v 24.835915 2.571517 1.033646
v 23.969631 -1.161130 1.893626
v 12.494467 29.436979 -20.549582
v 26.468229 18.388809 -2.757412
v 26.492214 18.749249 -2.922814
v 26.205084 23.481985 -6.112556
v 20.620865 31.679232 -12.264715
v 12.480828 29.544447 -21.548738
v 24.301380 28.616541 -8.985305
v 24.388706 1.402532 2.228127
v 24.813604 2.944979 1.335584
v 25.094873 3.473988 0.633731
v 25.484648 5.108587 -0.273001
v -6.192533 -29.496468 -31.435627
v -4.029552 -28.589050 -37.646793
v -3.358576 -28.542587 -37.624012
v 10.071933 -28.907097 -32.328449
v 3.138285 -29.094322 -36.526264
v -12.521831 -29.979074 -31.650404
v -12.397480 -30.310745 -31.820324
v 4.443762 -29.991156 -32.748363
v -11.469782 -29.281607 -35.921539
v -11.452971 -28.865582 -36.562500
v -11.155956 -29.541809 -36.937813
v 12.316391 -28.869432 -32.294548
v 5.811181 -29.057205 -36.410954
v -5.092335 -29.114294 -32.634090
v 6.949455 -27.763344 -37.161160
v 4.612593 -30.817511 -28.886618
v 5.771356 -29.956963 -30.984533
v 11.115935 -29.006161 -33.784988
v -3.742632 -29.497149 -31.311073
v 12.224119 -28.830275 -33.665947
v 8.698459 -27.784248 -37.437782
v 9.561120 -27.721365 -37.407230
v 7.381032 -30.169531 -29.707390
v -11.250328 -30.974054 -29.963285
v 12.350948 -28.705658 -34.023560
v -9.805988 -30.253799 -31.250179
v -1.538086 -29.734631 -32.006573
v -9.321792 -29.511461 -35.919334
v 7.274057 -29.414614 -31.498362
v 9.538086 -28.552067 -35.633324
v -8.573635 -30.166178 -30.572220
v 6.997086 -30.385487 -27.822409
v -1.915471 -28.328329 -37.702972
v 10.573223 -28.384310 -36.227917
v 11.500720 -28.415995 -36.374001
v 11.867550 -28.536873 -35.024704
v 11.559823 -28.354679 -35.655647
v -6.499643 -30.005093 -30.334486
v -11.748007 -29.330391 -35.182907
v -11.676668 -29.864494 -34.547100
v -12.407215 -29.089317 -34.920380
v 1.444873 -28.203182 -37.514244
v 2.231822 -27.972559 -37.595348
v 10.707537 -29.394917 -30.483376
v 9.346796 -29.612133 -28.470581
v 12.381924 -28.673115 -31.642262
v 10.972600 -29.435617 -28.945835
v 0.436146 -28.094851 -37.447628
v 1.143441 -31.003021 -29.809540
v 12.444107 -28.312723 -30.572046
v 12.109701 -28.824886 -29.326820
v 3.327506 -27.952415 -37.583889
v -4.425997 -30.984579 -29.558811
v -4.617338 -29.801823 -30.468105
v 11.337873 -29.060064 -27.624840
v 3.834544 -30.496096 -30.055988
v -7.720736 -29.490374 -36.891037
v -12.742149 -29.082182 -33.811600
v -12.756152 -29.506781 -33.231998
v -3.241912 -30.048391 -30.144569
v -9.258236 -29.754393 -33.647594
v 4.406450 -28.075869 -37.261063
v -6.043787 -29.169710 -35.861168
v -5.162734 -29.188869 -36.237282
v 5.384023 -28.347425 -37.254101
v -3.100216 -28.891542 -36.112511
v -4.926202 -29.537516 -34.164864
v -7.891970 -29.827715 -32.866169
v -2.737343 -29.191446 -33.885246
v -1.531095 -30.992922 -29.937073
v -1.563197 -28.986958 -35.858055
v -1.183583 -28.704256 -35.734314
v -11.870401 -30.514898 -32.153942
v -11.202436 -29.031605 -36.921497
v 0.512621 -28.389948 -35.942734
v 0.367283 -29.818607 -34.121021
v 8.842441 -29.322039 -30.712261
v 2.280456 -29.777750 -34.361935
v 8.463475 -28.851505 -36.331749
v 5.542285 -29.228083 -33.665035
v 7.218306 -27.120234 -37.247284
v -12.308276 -29.919819 -30.522940
v -12.377831 -30.195482 -31.094456
v -12.181115 -30.247200 -30.715387
v -12.293855 -30.413937 -30.086245
v -12.334790 -30.132978 -30.146208
v 8.315642 -27.403841 -37.488304
v -9.163240 -31.128242 -29.226423
v 9.733297 -28.263170 -36.728920
v 0.994981 -30.671225 -31.794674
v 1.390071 -30.086079 -33.457939
v 8.385767 -26.904242 -37.150478
v 2.438756 -30.363617 -31.834877
v 1.590476 -29.151669 -35.765972
v -5.997048 -31.059372 -29.141981
v -8.748216 -28.913294 -37.784328
v -9.728505 -29.067541 -37.616745
v -7.756072 -28.878471 -37.621777
v -7.038657 -28.534134 -37.567585
v -10.229967 -28.955641 -37.579166
v 7.243694 -28.968220 -35.137112
v -6.097965 -28.563036 -37.726608
v 8.553470 -28.885756 -34.159081
v -4.525040 -28.452286 -37.853481
v -5.389061 -28.745092 -37.534943
v -3.079235 -28.070328 -37.701744
v -2.020731 -27.852615 -37.489456
v -1.154734 -27.835278 -37.752903
v 12.385664 -28.626034 -29.563747
v 12.457242 -28.372875 -31.611097
v 0.908685 -28.109529 -37.628361
v 12.268034 -28.551779 -34.731682
v 12.368217 -28.702229 -32.785789
v -11.801060 -29.102579 -35.738705
v 10.444216 -28.157404 -36.775898
v 10.444216 -28.157404 -36.775898
v 11.087089 -28.160135 -36.703373
v -12.641247 -29.535120 -32.661793
v -9.148325 -28.605276 -37.355614
v 5.508227 -30.597561 -18.148479
v -14.704974 -30.572575 -15.504878
v -13.487343 -30.781570 -23.725367
v 8.229385 -30.384722 -27.574591
v -12.281026 -30.618063 -29.478943
v -7.101833 -30.541311 -15.426940
v 12.941894 -30.545343 -17.125082
v 4.986018 -30.726589 -21.711506
v -10.512724 -30.900190 -24.230721
v 5.986747 -30.779921 -23.765471
v -3.239373 -30.421556 -13.050264
v 12.420509 -28.900854 -26.361362
v 7.998726 -30.668438 -25.194183
v 16.737936 -30.135811 -18.110481
v -6.372938 -30.806152 -22.684540
v 8.902547 -30.596188 -18.812481
v 9.936172 -30.686792 -23.242306
v 17.225084 -30.176342 -17.856613
v -3.618686 -30.612745 -17.595533
v 12.904421 -30.650244 -20.015324
v 10.643730 -29.860313 -25.369450
v 1.295731 -30.437138 -13.362148
v 14.401891 -29.999590 -20.208206
v 15.572269 -29.738033 -19.923063
v -18.727083 -30.558466 -16.362888
v 12.655811 -29.301590 -24.517586
v 12.289190 -29.333687 -25.177931
v 14.315617 -29.510130 -20.215837
v 13.812454 -29.427374 -20.338535
v -17.413172 -30.669054 -17.731903
v 0.615573 -30.600586 -17.642782
v 13.021680 -30.471939 -20.411449
v 3.030581 -30.927259 -28.018370
v 6.613907 -30.823853 -26.483496
v -12.842651 -30.737385 -27.354605
v -12.472193 -30.993662 -26.848051
v 12.140403 -29.449778 -27.236322
v -8.261407 -30.944405 -26.321585
v 12.021477 -30.191343 -23.524858
v -5.649107 -31.135492 -26.995390
v -17.672600 -30.455135 -17.596281
v -3.409995 -30.925655 -26.108992
v -16.734659 -30.593683 -18.163454
v -15.484097 -30.717718 -18.825508
v 8.929838 -30.449799 -15.048374
v 4.240294 -30.496414 -15.432012
v 11.488091 -30.407082 -13.695602
v 16.610065 -30.360516 -12.408826
v 20.395550 -30.174635 -9.197146
v -13.824125 -30.647846 -22.343613
v -13.616238 -30.793318 -21.756182
v -13.348186 -30.868994 -22.920118
v -1.733233 -30.899521 -25.158197
v 21.765381 -29.802263 -12.868277
v 18.447884 -30.249285 -16.346704
v 17.761063 -30.154736 -17.283890
v -10.225914 -30.704250 -19.208368
v 22.271124 -30.091599 -12.309980
v -4.738198 -30.703352 -20.005323
v -13.422733 -30.909355 -24.326376
v 12.168447 -29.014896 -28.313818
v 20.767733 -30.010923 -13.966494
v 12.639896 -30.541634 -21.438534
v -14.388053 -30.491724 -20.203890
v -13.810366 -30.737988 -20.578796
v -1.063046 -30.781340 -22.126135
v -16.188511 -30.042839 -18.965580
v 12.755725 -30.427052 -21.882429
v 21.130405 -29.792196 -13.697451
v 20.278742 -30.305595 -13.482209
v 20.841661 -29.786366 -14.125160
v 16.759418 -30.516026 -15.504711
v 19.278027 -30.166630 -15.511135
v 20.172832 -29.803680 -14.735410
v 15.688174 -30.391232 -18.824917
v 16.196449 -29.637949 -19.274738
v -13.315812 -30.927511 -25.413143
v -15.201526 -29.557467 -19.401184
v -14.853833 -29.663734 -19.493393
v 12.475162 -29.885431 -22.815561
v 12.645947 -29.298389 -23.119844
v 12.382968 -29.653645 -23.527939
v 19.062860 -29.852432 -15.848641
v -13.272897 -30.465744 -26.105871
v -19.235056 -30.517578 -15.014251
v -18.959902 -30.511980 -15.609395
v -12.319303 -30.946682 -27.927645
v -10.152873 -30.499849 -13.636301
v -19.089277 -30.153669 -16.137564
v -14.066630 -30.392166 -20.698616
v -13.848947 -30.524385 -21.136814
v -14.508423 -30.025232 -20.088287
v 12.403920 -29.634304 -24.020908
v -17.168709 -30.345156 -18.041151
v -13.132453 -30.316296 -26.720310
v 13.551560 -29.839743 -20.398630
v 13.236362 -29.941494 -20.599363
v -12.594509 -30.487139 -27.287252
v 15.772350 -29.906107 -19.359045
v -15.743752 -29.969410 -19.033478
v -12.428114 -30.536505 -28.477835
v 18.882505 -30.193619 -15.909934
v 15.772350 -29.906107 -19.359045
v 22.398724 -29.631403 -11.655422
v 31.907482 -30.093178 0.031092
v -14.282300 -30.282270 -7.568044
v -19.644087 -30.432522 -14.656457
v -5.642346 -30.343115 -10.408530
v 33.904865 -29.677572 0.037858
v 33.893551 -29.789719 1.921017
v 34.441284 -29.368628 1.151322
v -10.834320 -30.164316 -5.236484
v -18.290993 -30.438143 -11.572671
v 26.229963 -29.762543 -5.266507
v 28.763878 -30.149931 -4.076270
v -23.441261 -30.001518 -0.457627
v -22.645456 -30.157026 -4.165002
v 29.362619 -29.423433 -4.568465
v 28.920898 -29.672121 -4.633973
v -19.543819 -30.087053 -2.784152
v -15.081549 -30.135065 -3.642738
v -13.272327 -30.007977 -1.080439
v -9.362695 -30.369076 -10.195901
v -0.489610 -30.024725 -3.056217
v 10.491912 -30.116402 -6.060740
v -5.630892 -30.229242 -6.992566
v -6.563818 -29.976686 -0.861118
v 0.145973 -29.822138 2.132752
v 2.977795 -29.860552 1.064352
v -1.872664 -30.273085 -8.212955
v 5.360888 -30.102945 -5.477520
v -1.416984 -30.210094 -4.642339
v 7.026946 -29.962790 -1.577050
v 9.486297 -30.008883 -2.942467
v 18.723240 -30.110416 -6.587667
v 14.000748 -29.970308 -2.666289
v -33.533955 -30.257912 -5.921352
v 11.926818 -29.799870 1.866449
v 17.851601 -29.991640 -3.628402
v 24.535191 -30.033342 -5.738595
v 25.395605 -29.324747 -6.642853
v 16.619907 -29.746634 2.996318
v -31.411734 -30.616205 -5.509680
v 25.793680 -29.044832 -6.361409
v 26.065786 -28.842081 -6.275831
v 12.198787 -30.210125 -9.278299
v 25.449020 -29.917875 -3.004539
v 22.068104 -29.694878 2.833297
v 15.755546 -30.269690 -11.006128
v 26.699951 -29.664389 3.929437
v 27.410473 -30.131790 -1.746863
v -23.511147 -30.339949 -10.661660
v -24.723310 -29.590126 -10.281851
v -23.949575 -30.262905 -10.905533
v 30.995087 -30.113295 -1.766361
v 32.929459 -29.826326 -1.246488
v 32.598267 -29.777130 -1.760273
v -22.700552 -30.172976 -11.161854
v 32.826370 -29.451107 -1.648633
v 29.106478 -29.693581 2.120899
v 24.523430 -29.336733 -9.007411
v 24.133018 -29.187157 -10.036267
v -20.921526 -30.291191 -11.360852
v 34.737354 -29.392994 4.313662
v 34.623299 -29.176746 3.016913
v 7.968841 -30.297743 -10.642081
v 3.152122 -30.069550 -4.201796
v -34.834461 -30.008785 -0.976165
v 21.811253 -30.214891 -11.079510
v 23.050272 -29.723179 -10.730908
v -32.554161 -30.389380 -1.789015
v -28.933760 -30.306452 -1.397333
v -35.558758 -29.134550 -2.257634
v -32.261768 -30.133099 -7.270288
v -32.893673 -30.288858 -6.588051
v -32.248768 -29.749340 -7.423896
v -34.790539 -29.761557 -3.842639
v -33.916771 -30.249670 -5.421322
v -31.809919 -29.403931 -7.817707
v -25.891281 -30.268976 -5.992716
v -29.776936 -30.409679 -8.397034
v 14.736896 -29.848557 0.353974
v 23.539888 -30.097673 -8.173731
v -26.143711 -30.037079 -0.061368
v 24.793331 -29.505116 -8.216547
v 24.739548 -29.227316 -8.508122
v -27.967024 -30.645725 -7.284496
v 21.143402 -29.869129 -1.490443
v -27.698832 -30.332783 -3.474381
v 25.207939 -29.799244 0.383095
v 30.861795 -29.813154 -3.208986
v 34.399719 -28.836824 0.836168
v -20.654352 -29.969551 0.099068
v -17.430899 -29.960787 0.451282
v -26.941248 -30.138147 -3.724707
v -22.847322 -30.385780 -8.487209
v -10.214380 -29.915722 0.536051
v -17.038324 -30.071650 -2.228222
v -5.097398 -29.845034 2.619561
v 2.526357 -30.279366 -9.260924
v -28.505438 -29.694710 -9.173241
v -27.518215 -30.561459 -8.470991
v -28.269268 -29.176035 -9.371009
v -28.103472 -29.559816 -9.318810
v -27.571344 -29.598049 -9.253572
v -34.395222 -30.020805 -5.063342
v -27.087139 -29.335415 -9.314552
v -3.407356 -29.929831 0.318203
v -20.511446 -30.262503 -7.557533
v -19.798801 -30.333982 -8.842968
v 25.353998 -29.331072 -7.347638
v 25.152401 -29.063547 -7.408135
v 25.337164 -28.910114 -7.144873
v -25.300392 -29.820183 -10.099764
v -25.353251 -30.474623 -9.442106
v -26.726709 -29.837906 -9.300775
v -25.718254 -29.655567 -10.131644
v -21.311392 -30.064968 -12.453859
v -20.775663 -30.292574 -12.702532
v -20.003326 -30.494347 -13.578641
v -19.608646 -30.493837 -14.206140
v 33.236382 -29.731567 -0.826987
v -13.806698 -30.462551 -11.857031
v 33.705421 -29.374138 -0.650013
v -22.231096 -30.073523 -11.807550
v 34.960056 -28.772045 3.782830
v 34.704231 -29.176214 3.453035
v -35.288685 -29.395113 -2.666630
v -35.230503 -29.240751 -3.253892
v 31.927692 -29.715651 -2.424316
v 34.792526 -29.169333 2.423946
v 34.361202 -29.416506 1.780536
v -31.384855 -29.840988 -8.048777
v -30.920938 -29.366165 -8.371181
v -30.194208 -29.698019 -8.677965
v -8.029301 -30.138027 -4.588829
v 23.586201 -29.626268 -10.123411
v 29.721478 -29.571598 -4.051199
v 26.519209 -29.038382 -5.983105
v 34.240501 -29.164444 0.361002
v 27.522884 -29.544664 -5.419448
v 27.410797 -29.157284 -5.618790
v 27.043966 -28.824287 -5.872735
v -33.899696 -29.971992 -5.760128
v 33.066410 -29.483923 -1.305387
v -21.512236 -30.115107 -12.120218
v -20.682178 -30.311985 -13.078736
v -29.332809 -29.394775 -8.939995
v 34.581696 -29.074463 1.558396
v -28.940790 -29.268461 -9.010283
v -26.163992 -29.329245 -9.547977
v -33.242672 -30.046980 -6.333348
v 32.249054 -29.627998 3.575452
v 31.951187 -29.716410 -2.434516
v 32.467464 -29.543427 -2.047659
v 34.608932 -29.133108 1.926614
v 27.408251 -28.790966 -5.732386
v 27.781849 -29.165913 -5.501291
v 28.208099 -29.167200 -5.287514
v -31.209251 -29.504751 -8.173028
v 28.301088 -29.648411 -4.972802
v 28.388821 -29.393234 -5.168331
v 27.012154 -28.473742 -5.998143
v -34.646374 -29.739338 -4.326744
v -23.199108 -30.188896 -11.217408
v -29.887926 -29.195694 -8.848443
v 23.898046 -29.307850 -10.191224
v 25.219534 -28.836113 -7.605719
v -19.968809 -30.334826 -14.232882
v 34.014210 -29.049868 -0.082935
v 28.735043 -29.441084 -4.983963
v 34.225025 -29.423258 5.549973
v 25.793680 -29.044832 -6.361409
v -34.637238 -29.451672 -4.679060
v -13.819109 -29.529009 9.761600
v 20.551928 -29.575392 6.306620
v 5.081890 -29.474072 9.619713
v -10.785593 -29.704687 6.667596
v 8.586886 -29.471209 9.581656
v -5.761425 -29.621029 8.032812
v -4.451022 -29.465668 10.981572
v -4.969799 -29.790220 5.211896
v -0.561446 -29.410028 12.174332
v -2.177206 -29.674212 5.849251
v -32.278027 -29.829081 3.924458
v -34.017723 -29.340948 3.202587
v 34.232513 -29.310501 6.039693
v 3.082997 -29.333529 13.273705
v -29.738119 -29.810503 6.156994
v -30.617111 -30.136326 2.690780
v 34.401512 -29.114653 6.456863
v 16.805172 -29.435549 10.496773
v 6.739084 -29.245829 14.569793
v 22.645018 -29.413431 10.165689
v 25.365618 -29.366749 10.808949
v 0.060638 -29.648252 6.549043
v 28.383017 -28.864695 12.632988
v 28.256044 -29.396774 9.449647
v 31.655420 -29.225702 10.625759
v 17.853828 -29.130930 16.380978
v 17.275515 -29.291887 12.904206
v 32.823090 -28.191925 11.114898
v 33.001183 -28.571581 11.022429
v 21.492208 -29.132359 14.868052
v 21.841267 -29.160692 14.394992
v -0.089548 -29.538126 8.942437
v -23.572021 -29.768429 5.054394
v 2.773664 -29.511496 9.228062
v -15.304727 -29.250971 14.985716
v -19.393736 -29.811718 3.657564
v -17.479259 -28.981977 13.964612
v -17.615936 -28.797085 14.245217
v -15.816721 -29.804529 3.845879
v 2.635862 -29.612427 6.939611
v -16.476126 -28.995611 14.826176
v -19.918493 -29.255764 9.710928
v -18.045431 -29.494507 10.499845
v 8.053186 -29.686468 4.937935
v 12.755239 -29.427280 11.241060
v 8.855500 -29.370378 11.998786
v 10.331014 -29.701115 4.263731
v 11.734646 -29.574694 7.122653
v -8.928092 -29.754356 5.359942
v 33.505032 -28.473978 9.799683
v 33.217701 -29.302111 9.412457
v -9.622190 -29.501247 10.348613
v 24.186058 -28.799862 13.040550
v 24.947781 -28.751978 12.517198
v 25.447117 -29.021288 12.217853
v -11.938829 -29.347185 13.716215
v 25.932302 -28.719835 12.544087
v 27.118471 -28.715040 12.654549
v 22.473494 -29.527750 7.261053
v -14.472671 -29.155289 16.562099
v -9.516495 -29.263041 15.594665
v -17.832718 -28.686384 13.925324
v -18.048378 -28.873293 13.143766
v 29.973354 -28.830557 12.219708
v -6.382477 -29.279219 15.502173
v 30.829298 -28.740602 12.010258
v 31.192360 -28.778803 11.762913
v -4.229367 -29.323458 14.021184
v -35.718662 -28.632593 1.402007
v -35.184711 -28.818659 1.824648
v -35.815426 -28.789537 0.592600
v -26.711657 -29.926611 2.139723
v -24.952475 -29.896650 2.546052
v -0.197167 -29.314245 13.881197
v 1.056088 -28.807674 14.250134
v 3.723613 -29.269037 14.659321
v -1.605688 -29.085768 16.710657
v 1.308169 -29.162426 15.388305
v 1.802185 -28.853821 17.408522
v 4.291885 -28.913961 17.622721
v 14.473785 -29.587465 7.554197
v 8.438983 -28.728302 17.303371
v 10.493468 -29.156277 16.431332
v 15.034492 -29.026009 17.726675
v -12.725773 -29.815987 3.597078
v 19.530703 -28.687721 18.587036
v 17.337276 -28.691175 18.169605
v 20.234537 -28.713379 18.224911
v 20.866108 -29.108143 16.428812
v 21.895006 -28.863701 15.675723
v 20.688147 -28.793428 17.322109
v 20.481646 -28.571861 18.036976
v 21.548750 -28.723921 15.909851
v 30.040503 -29.550535 5.943008
v 23.297012 -28.717030 13.459540
v 23.813900 -28.660130 13.444251
v -35.993671 -28.558043 -0.251897
v -19.488947 -28.993996 10.390330
v -33.441593 -29.987980 1.835185
v 20.916309 -27.949732 16.844097
v -32.650967 -29.295572 5.350368
v -32.228836 -28.511742 6.602044
v -27.168861 -29.822878 5.631373
v -24.904428 -29.630310 8.057361
v -32.828629 -28.271406 5.438915
v -33.069225 -28.316620 5.026894
v -32.968098 -27.934925 5.531429
v 34.222847 -28.899239 7.393996
v -33.531631 -27.955254 4.428443
v -33.799122 -28.152403 4.026849
v -33.341389 -28.366604 4.571085
v -34.174477 -27.453691 4.235230
v -34.675339 -27.396187 3.618191
v -34.453575 -27.847628 3.622055
v -34.190334 -27.764528 3.991543
v -35.804180 -28.932652 -0.430055
v -21.763821 -29.601866 8.301936
v -19.657488 -29.648001 7.053900
v -34.517620 -28.357233 3.230940
v -17.073074 -29.633862 7.459972
v -13.623282 -29.663239 7.038846
v -31.700365 -28.353201 7.474296
v -30.988409 -28.754967 7.753530
v -31.781277 -27.843155 7.793881
v -30.923862 -29.561348 6.628522
v 22.431988 -28.754414 14.317430
v -28.076824 -28.851393 8.184481
v -27.682383 -28.502672 8.380583
v -28.288870 -28.603046 7.699248
v -29.205929 -29.246607 7.584918
v -32.458694 -27.865305 6.181254
v -18.273186 -29.210352 11.859517
v -18.426132 -28.977921 11.610477
v -23.414137 -29.278038 8.522337
v -26.236519 -29.060961 8.370554
v -26.917316 -28.852850 8.077651
v -25.767998 -28.862766 8.598092
v -20.830130 -29.257895 8.998382
v -25.390585 -28.936230 8.519876
v -25.007385 -28.768526 8.478632
v -24.186884 -28.838474 8.532314
v -23.626070 -28.548943 8.452743
v -23.188614 -28.641405 8.566083
v -22.504181 -29.241013 8.630512
v -20.635714 -28.794573 9.124995
v -22.045891 -29.071268 8.723601
v -34.915047 -28.843496 2.214313
v 21.878920 -28.989073 14.982480
v -18.411070 -28.874268 12.437651
v 27.358469 -28.395168 12.703753
v 27.893202 -28.503946 12.747934
v 31.750492 -28.039394 12.011250
v 31.548637 -28.484919 11.734555
v 12.311749 -28.712473 18.486042
v 33.922493 -28.670929 8.337936
v 34.345531 -28.990053 5.174670
v -18.524569 -29.043734 11.236708
v -34.601669 -27.126915 4.023178
v -34.589783 -28.077499 3.198720
v -32.224564 -28.005266 6.808250
v 22.196054 -28.864162 14.721288
v -35.801834 -28.823751 -1.101205
v -23.626070 -28.548943 8.452743
v -17.400011 -28.734585 15.385159
v 29.689299 -28.646221 12.427397
v 24.360073 -28.410084 12.848264
v 10.280238 -28.802357 17.431829
v -35.827290 -28.508194 1.039275
v 34.212543 -28.287611 7.553243
v -29.932463 -28.974123 7.583745
v -30.313581 -28.977640 7.597705
v -28.947783 -28.658459 7.914829
v -32.006645 -27.939259 7.182183
v -34.776775 -28.108374 2.690621
v 33.171940 -28.076212 10.535406
v 29.024559 -28.546316 12.624540
v 9.708956 -27.839455 17.566387
v 34.146168 -28.306154 8.059853
v -30.576647 -28.713062 7.819542
v -30.116846 -28.599442 7.832562
v 4.615907 -28.406055 18.687918
v 9.719225 -28.406969 18.903288
v 18.363861 -28.401398 19.668661
v 18.783201 -28.493399 19.294472
v 19.004799 -28.271528 19.504738
v -15.781733 -28.723879 16.209539
v -13.580957 -28.199631 19.362122
v -12.015811 -28.621552 18.185116
v -10.265540 -28.651943 18.740324
v -8.542077 -28.862347 19.068066
v -16.000450 -28.151659 17.585697
v -16.388998 -28.615162 16.879993
v -6.347415 -28.593910 19.767338
v -5.638482 -28.792902 19.477089
v -14.319994 -28.809351 17.527332
v -15.426929 -28.334717 18.262054
v -12.647192 -28.014938 20.050781
v -5.297903 -28.522839 19.649490
v -12.091160 -29.018969 17.242014
v -10.308073 -28.418903 19.822472
v -7.164805 -28.169586 20.289822
v -6.559562 -28.252619 20.226643
v 19.972948 -28.571535 18.514679
v -11.813494 -27.637625 20.187590
v -11.266680 -27.646147 20.184881
v -11.008076 -27.382147 20.358488
v -4.466855 -29.149437 17.363979
v -7.961852 -27.520348 20.567087
v -7.486911 -27.587442 20.417713
v 6.591245 -27.123837 19.434952
v 5.952065 -27.431492 19.289385
v 7.589944 -28.226906 20.523111
v 7.025913 -27.857645 19.841734
v 6.578708 -27.928593 19.649591
v 6.539447 -27.513279 19.901485
v 8.496493 -28.354216 20.459776
v 9.581295 -28.238436 20.744133
v 6.591245 -27.123837 19.434952
v -3.367301 -28.639025 18.682171
v -2.654871 -28.942238 18.224466
v -0.912563 -28.101292 18.226854
v -1.087095 -27.838854 18.047009
v 11.247485 -28.305298 21.042236
v 13.005569 -28.349428 20.916586
v 13.802147 -28.078964 21.020348
v 15.020476 -28.429335 20.812380
v 16.683464 -27.517714 21.022438
v 17.594728 -28.076065 20.367481
v -16.881714 -28.764093 16.090929
v -16.901003 -28.613562 16.491913
v -10.900940 -26.876324 20.578125
v -10.384532 -26.656107 20.681870
v -9.492362 -26.833158 20.573956
v 4.091265 -27.505367 18.375706
v 3.600011 -28.094013 18.348074
v 5.103186 -27.240770 18.705566
v 6.004547 -28.362370 19.477863
v 4.811382 -27.145777 18.307589
v 18.032763 -27.917414 20.207201
v 0.358516 -28.566931 18.074205
v 1.554695 -28.299503 17.860214
v 2.151253 -28.333567 18.298088
v 3.057521 -28.543482 18.078863
v 19.400705 -28.310677 19.256765
v -17.113726 -28.821789 15.791322
v -17.113726 -28.821789 15.791322
v -15.318610 -27.969759 18.378071
v -14.655451 -28.412281 18.784319
v -14.969873 -28.072990 18.719805
v -13.787864 -27.903605 19.508038
v -4.246474 -28.719593 19.079865
v -11.008076 -27.382147 20.358488
v -9.162992 -27.202675 20.628330
v -8.640878 -27.381998 20.593019
v 8.401864 -28.048502 20.721453
v 8.941819 -27.963223 20.777937
v -2.836704 -28.079418 18.658978
v -2.469316 -28.165665 18.603115
v -2.331795 -27.845524 18.497534
v -1.651661 -28.102974 18.356575
v 10.135223 -28.065048 21.098051
v 12.007371 -28.097452 21.235434
v 12.635669 -28.099375 21.119579
v 13.192758 -28.139214 21.156242
v 14.704136 -27.849918 21.126461
v 5.682703 -26.976685 18.676846
v 0.980235 -28.193550 18.590929
v -16.881714 -28.764093 16.090929
v -14.588433 -28.371584 19.050980
v -15.888850 -28.172733 18.054394
v -13.148211 -27.741964 19.894815
v -3.924907 -28.485483 19.161285
v -8.709507 -27.040747 20.606804
v -8.117552 -27.115023 20.546925
v 5.099796 -26.870169 18.560114
v 6.116084 -26.927315 18.889160
v -16.585674 -28.344250 16.873892
v -0.669848 -27.578918 18.380619
v 0.767996 -28.032619 18.205349
v -11.277070 -24.453693 -34.620056
v -11.915581 -25.980370 -34.851788
v -10.589931 -22.796696 -35.365337
v -11.486710 -28.891460 -36.676563
v -11.393530 -29.223574 -35.917896
v -11.801060 -29.102579 -35.738705
v -9.859534 -19.920919 -37.337200
v -9.189766 -22.223534 -37.524147
v -12.488088 -28.424915 -36.344368
v -12.741174 -27.713755 -31.103832
v -12.662400 -29.538591 -32.662537
v -9.314869 -20.692774 -37.421043
v -12.732648 -26.821659 -34.109020
v -9.746161 -28.013136 -37.315861
v -9.968041 -27.285898 -37.244385
v -9.519517 -27.356640 -37.363091
v -11.182262 -26.366604 -37.033466
v -9.330458 -26.913822 -37.397266
v -9.740588 -26.558460 -37.310532
v -11.739259 -29.216520 -35.387833
v -11.753983 -29.327005 -35.173080
v -12.299658 -29.014448 -35.316994
v -9.158950 -21.427568 -37.449173
v -12.374607 -29.073217 -34.886189
v -12.753148 -27.859003 -34.803814
v -9.339398 -26.242825 -37.477982
v -12.550031 -29.032793 -33.787720
v -9.681992 -24.873940 -37.568043
v -11.853937 -26.135075 -36.373775
v -8.471769 -25.428217 -37.634624
v -8.663932 -25.742899 -37.652222
v -10.903171 -24.969341 -36.410583
v -7.589625 -25.225389 -37.624973
v -7.646472 -25.648619 -37.623768
v -10.206716 -28.959118 -37.508480
v -8.054959 -24.727402 -37.612099
v -8.407765 -23.984610 -37.576855
v -9.523816 -28.394072 -37.406967
v -7.738048 -24.504791 -37.619183
v -7.623164 -24.927523 -37.627033
v -9.029572 -22.650774 -37.561890
v -8.817057 -23.123888 -37.583965
v -8.092925 -23.373119 -37.590649
v -12.485462 -29.976080 -31.656542
v -12.342983 -29.927830 -30.529253
v -12.181115 -30.247200 -30.715387
v -12.331358 -30.131311 -30.144753
v -12.133201 -25.221321 -33.852188
v -12.778040 -29.110302 -33.128567
v -12.712401 -29.475237 -33.249027
v -12.487278 -26.849199 -32.544754
v -11.312716 -23.453962 -34.438908
v -9.670701 -29.013876 -37.724201
v -12.627905 -30.393087 -31.813406
v -8.882834 -21.820248 -37.558956
v -11.739259 -29.216520 -35.387833
v -12.377831 -30.195482 -31.094456
v -11.202436 -29.031605 -36.921497
v -8.790225 -26.201126 -37.608513
v -8.431685 -25.929413 -37.649776
v -12.712401 -29.475237 -33.249027
v -11.089733 -29.419750 -36.920403
v -9.179864 -28.565073 -37.580582
v -10.756600 -3.070183 -37.014362
v -10.816012 -2.363926 -36.656998
v -13.902134 -27.229540 -22.048851
v -17.969744 -24.956207 -18.242355
v -13.075900 -28.225147 -26.327600
v -16.782202 -26.445143 -19.286587
v -16.810038 -25.353149 -20.389585
v -17.736986 -20.620047 -19.791441
v -17.686749 -30.460079 -17.610704
v -18.159672 -30.575340 -17.034967
v -17.484297 -28.484472 -18.135626
v -16.087173 -16.582987 -21.930223
v -14.707251 -15.958621 -22.877018
v -13.050161 -15.060745 -23.549326
v -13.065146 -20.517181 -23.809021
v -13.116469 -25.096697 -26.961550
v -12.506543 -18.001162 -24.290686
v -12.340089 -15.466337 -25.556892
v -12.685316 -24.033863 -30.018749
v -12.252650 -13.321800 -28.330217
v -10.603776 -20.669933 -35.307087
v -12.225249 -19.213690 -30.080595
v -9.980115 -18.899508 -37.456211
v -9.568995 -19.272015 -37.317780
v -15.723719 -27.973600 -19.048170
v -11.949287 -7.874007 -27.345146
v -12.813367 -30.578817 -27.187273
v -12.732079 -18.756054 -29.057938
v -13.244942 -29.508791 -27.165361
v -11.732816 -8.107648 -31.086647
v -12.168389 -15.286929 -34.560215
v -12.336725 -12.048409 -31.299625
v -10.744496 -4.023516 -33.566929
v -11.487362 -6.037595 -30.894938
v -11.487683 -4.428134 -31.862597
v -11.974520 -10.050871 -35.901745
v -11.333733 -11.697280 -37.090931
v -11.486297 -10.691034 -37.149620
v -11.330431 -11.093459 -37.197338
v -11.547458 -8.843836 -34.821209
v -10.878045 -7.451465 -35.983604
v -10.466553 -5.549676 -36.396389
v -17.377674 -30.586695 -17.730120
v -10.223305 -4.523599 -37.096569
v -9.990447 -4.237756 -36.937794
v -17.166569 -30.344229 -18.038462
v -15.331746 -22.364735 -22.594484
v -11.476861 -8.166675 -32.630241
v -13.106187 -25.290236 -28.487160
v -12.943460 -26.424885 -30.522135
v -14.028605 -30.369108 -20.705603
v -13.613379 -30.524059 -21.023546
v -13.812407 -30.767736 -20.582064
v -13.715394 -29.201912 -23.816862
v -11.477632 -23.143883 -32.581657
v -13.782961 -30.583693 -22.342302
v -13.418612 -30.899910 -22.842661
v -11.571655 -21.713114 -34.085079
v -11.147453 -20.220490 -34.838341
v -13.748710 -26.292542 -23.340967
v -13.451963 -25.890175 -23.871483
v -13.604787 -30.770636 -21.744465
v -16.109735 -25.512012 -21.509640
v -11.156110 -16.305876 -37.308563
v -11.350037 -15.402301 -37.336121
v -11.102825 -15.811173 -37.361412
v -13.332008 -30.834011 -24.378857
v -11.909253 -22.171011 -31.385241
v -10.820446 -4.080208 -35.993393
v -11.741865 -19.472158 -32.725323
v -11.843615 -17.949125 -34.312729
v -12.791213 -21.720997 -25.968493
v -12.517365 -28.193321 -28.422194
v -11.653695 -17.623392 -36.243202
v -14.191766 -29.338608 -19.679501
v -14.099743 -30.331999 -20.026859
v -11.599323 -13.459156 -37.221268
v -11.411208 -13.898705 -37.272053
v -12.625268 -25.847990 -32.178040
v -12.860474 -20.803532 -28.171968
v -12.605970 -16.494726 -31.028610
v -14.366789 -27.828793 -20.009663
v -11.408515 -19.135990 -35.438877
v -10.959535 -18.570717 -36.338181
v -12.029117 -17.218206 -31.843628
v -12.136334 -16.495035 -33.502087
v -10.484223 -17.604750 -37.450352
v -10.430662 -17.039623 -37.811867
v -12.305224 -11.903654 -33.224037
v -10.216593 -7.055951 -36.852795
v -10.392313 -6.601095 -36.563583
v -9.898058 -6.547157 -37.171272
v -12.013536 -21.066944 -30.402664
v -11.507592 -9.351146 -36.942558
v -12.271919 -30.381224 -30.062986
v -10.906979 -6.446872 -33.682419
v -10.366134 -8.913682 -37.222416
v -10.204025 -9.129211 -37.241669
v -10.210179 -8.544447 -37.120308
v -11.775335 -12.978889 -36.727726
v -10.248526 -7.731546 -37.167427
v -11.558073 -12.633321 -37.236267
v -11.018460 0.721358 -36.799545
v -11.284687 0.486242 -36.341774
v -11.111403 1.332063 -36.620922
v -13.462863 -30.770403 -23.713451
v -12.904370 -21.291218 -24.215212
v -11.050827 -1.407980 -36.901035
v -11.070831 -0.615750 -36.824139
v -11.401855 -0.061764 -36.239365
v -14.910616 -29.536283 -19.676622
v -15.223462 -29.500465 -19.528082
v -10.937104 -10.689824 -37.231537
v -11.183737 -10.392659 -37.208633
v -13.272897 -30.465744 -26.105871
v -13.379501 -30.930880 -25.390211
v -12.385235 -30.506947 -28.467690
v -19.489056 -28.569319 -16.047197
v -12.291609 -30.940247 -27.910580
v -10.945733 -1.686388 -37.064537
v -18.708612 -30.466612 -16.349386
v -10.783604 -16.952320 -37.372467
v -10.762591 -16.558615 -37.402065
v -12.320128 -30.610022 -29.402576
v -12.103917 -10.528419 -34.404922
v -9.841949 -18.542856 -37.473442
v -16.734175 -30.591585 -18.165501
v -16.131598 -29.990067 -18.808031
v -10.029783 -6.983452 -37.256580
v -13.132453 -30.316296 -26.720310
v -10.585986 -10.164508 -37.237949
v -10.939224 -9.840382 -37.104538
v -10.421633 -6.054932 -36.403328
v -10.114333 -5.690117 -36.600227
v -10.212128 -5.208779 -36.582287
v -10.056662 -4.948423 -37.036694
v -9.971804 -5.332693 -36.792259
v -11.318145 -14.926761 -37.286083
v -10.964793 -15.186382 -37.337040
v -11.167430 -1.695658 -34.668854
v -15.768559 -29.982632 -19.127510
v -18.866665 -30.368631 -15.623206
v -19.234198 -30.504526 -15.011508
v -19.088638 -30.152094 -16.134621
v -9.992898 -18.022959 -37.462635
v -14.925720 -29.825254 -19.800312
v -11.285882 -2.464848 -32.824512
v -11.286605 -14.463455 -37.291874
v -11.335215 -12.978135 -37.247810
v -10.357083 -17.891207 -37.411491
v -11.020367 1.874979 -36.650406
v -10.878341 1.701998 -36.807552
v -11.087532 7.116505 -34.438847
v -22.195944 -8.705995 -14.324420
v -25.766191 -17.863939 -12.456108
v -21.128517 -28.481289 -13.534284
v -19.638775 -30.406633 -14.656649
v -10.961176 13.364202 -30.972366
v -20.231022 -9.411578 -16.330839
v -10.909698 16.165808 -34.491920
v -22.297220 -17.100214 -14.889791
v -12.494968 -7.797285 -23.805176
v -10.758595 19.058205 -35.509197
v -24.191044 -28.050091 -9.548201
v -18.558683 -2.380889 -19.700485
v -22.666849 -28.116205 -10.324606
v -17.159203 2.043630 -20.757408
v -20.074486 -23.320719 -16.267900
v -17.181850 -18.909027 -20.777718
v -11.255806 5.098944 -31.912518
v -24.142912 -21.484901 -12.536524
v -13.949605 -3.761300 -23.031990
v -11.076236 8.958907 -34.416210
v -22.340994 -20.696184 -14.588761
v -11.516907 -0.835091 -24.943214
v -14.777698 1.304487 -22.287485
v -10.713263 15.185625 -36.300835
v -10.604293 13.579817 -36.300713
v -10.777328 12.105747 -36.157677
v -10.190519 14.124557 -36.636681
v -10.136037 14.556681 -36.553455
v -12.526229 -14.411602 -23.990120
v -12.415842 -11.413697 -24.124807
v -12.095835 -9.748031 -25.070868
v -11.477027 1.980406 -24.305073
v -11.768350 5.424118 -23.466782
v -11.773359 -8.025166 -28.298645
v -11.533298 -4.574986 -28.489977
v -11.456748 -3.385586 -29.865173
v -33.927288 -29.977892 -5.777009
v -33.515099 -30.188478 -5.891765
v -18.764803 -19.302700 -17.842907
v -23.394913 -12.667833 -14.105999
v -19.449539 -15.183954 -17.181337
v -32.329170 -29.780674 -7.551794
v -33.614353 -27.850769 -6.180434
v -19.181297 -12.726134 -18.047689
v -31.093618 -25.729609 -8.413268
v -18.553934 -11.476159 -19.273338
v -17.163252 -11.164178 -20.976133
v -11.550399 0.113274 -33.451298
v -14.510849 -7.836666 -22.860144
v -11.699000 -3.945016 -28.068151
v -24.034140 -30.349314 -10.994059
v -24.503286 -30.248795 -10.567360
v -24.930204 -29.738903 -10.455351
v -11.523193 -0.879567 -30.057812
v -22.775785 -29.697929 -11.548160
v -12.163898 -3.574174 -23.825443
v -27.736021 -21.960876 -10.697126
v -21.441738 -26.122606 -14.124663
v -11.073500 8.032281 -30.339033
v -10.796013 10.338578 -35.353310
v -10.040662 9.806562 -36.628262
v -11.059246 10.556828 -33.540955
v -10.476584 11.600144 -36.620995
v -10.677344 11.244920 -36.353512
v -35.609287 -29.146938 -2.239485
v -35.327229 -29.282536 -3.234260
v -34.788467 -29.759819 -3.843164
v -35.035576 -27.585096 -4.083271
v -10.709940 16.983147 -35.879120
v -10.757619 17.379385 -35.675575
v -34.643555 -29.451504 -4.681914
v -31.362333 -29.822157 -8.013446
v -31.811012 -29.404404 -7.819672
v -31.209251 -29.504751 -8.173028
v -30.830671 -28.127615 -8.414221
v -32.983582 -21.975510 -6.259242
v -29.808622 -18.729435 -9.431406
v -29.285814 -27.871681 -9.030533
v -26.624647 -25.246065 -10.164375
v -24.373817 -24.911045 -10.613127
v -10.197885 10.190677 -36.490757
v -11.367203 0.964880 -35.963181
v -10.798904 4.209260 -36.471184
v -21.307987 -12.659079 -15.497027
v -10.792368 4.670474 -36.554466
v -10.421602 5.404222 -36.579212
v -11.921728 -5.915584 -24.480803
v -11.026289 8.761461 -24.087172
v -10.461079 3.821262 -36.566330
v -10.809674 9.831121 -25.346460
v -17.425137 -5.937193 -20.788473
v -10.643809 20.020166 -35.993530
v -26.230310 -14.747502 -12.209624
v -11.987222 -0.389607 -23.774893
v -10.486791 20.730066 -36.132347
v -10.556970 21.432806 -35.825836
v -10.533099 15.794082 -36.383663
v -28.103472 -29.559816 -9.318810
v -28.274654 -29.167223 -9.390339
v -27.571344 -29.598049 -9.253572
v -27.086470 -29.337503 -9.326307
v -34.517082 -29.955479 -5.074028
v -25.504547 -28.064806 -9.407709
v -26.155355 -29.332273 -9.547976
v -25.700806 -29.592350 -10.013644
v -24.338982 -28.951982 -10.935127
v -20.837166 -30.349207 -12.775386
v -21.314667 -30.065111 -12.453516
v -22.655615 -23.585636 -13.397017
v -10.784915 17.656221 -35.458519
v -10.725795 18.166029 -35.749596
v -11.143315 4.437978 -25.890118
v -10.565042 12.725961 -36.379875
v -32.890903 -30.280615 -6.584366
v -33.242672 -30.046980 -6.333348
v -22.709015 -30.193657 -11.186895
v -22.034088 -29.880243 -11.910480
v -33.027523 -23.825182 -6.503471
v -10.597205 8.670235 -36.298885
v -10.680094 8.236710 -36.416763
v -10.223959 9.435198 -36.653572
v -25.515747 -21.806269 -11.515497
v -30.896347 -29.355732 -8.331160
v -30.194208 -29.698019 -8.677965
v -29.873615 -29.199594 -8.816611
v -28.927765 -29.266800 -8.963956
v -10.631514 17.111206 -36.143875
v -10.481831 16.649469 -36.379108
v -10.690160 24.612164 -33.261978
v -10.656528 22.036139 -35.301662
v -10.555671 22.209242 -35.724289
v -10.704487 2.539006 -36.863174
v -10.762012 10.647195 -36.314278
v -10.559738 10.901760 -36.541740
v -10.699695 7.479015 -36.276318
v -20.666479 -30.277529 -13.069736
v -19.997990 -30.448519 -13.573895
v -19.968809 -30.334826 -14.232882
v -19.602039 -30.441378 -14.206332
v -28.481922 -29.674423 -9.104366
v -26.729151 -29.823490 -9.308979
v -23.199108 -30.188896 -11.217408
v -35.288685 -29.395113 -2.666630
v -10.720020 3.014497 -36.832378
v -10.646597 6.140205 -36.467079
v -34.646374 -29.739338 -4.326744
v -10.747345 14.031949 -26.778345
v -10.650088 22.441586 -35.388531
v -21.512236 -30.115107 -12.120218
v -10.680094 8.236710 -36.416763
v -10.559738 10.901760 -36.541740
v -33.853081 -30.156439 -5.382182
v -23.512615 -30.326986 -10.660001
v -32.260345 -30.129835 -7.269153
v -10.757619 17.379385 -35.675575
v -10.901342 3.511378 -36.469410
v -10.506675 4.834632 -36.808590
v -25.301979 -29.824501 -10.107491
v -10.457505 6.887190 -36.766754
v -21.140707 -5.448511 -14.692412
v -10.279124 13.671385 -36.519894
v -29.332809 -29.394775 -8.939995
v -23.937738 -3.618831 -10.934395
v -23.370592 6.584496 -13.219310
v -23.084335 11.276107 -14.032874
v -23.140808 -5.043761 -12.433641
v -22.197929 -2.380338 -12.497654
v -21.293730 -4.075082 -15.209075
v -21.136940 -0.078527 -16.615601
v -13.966961 18.340200 -20.732782
v -11.412247 18.979090 -21.701332
v -34.939487 -28.851357 2.225401
v -35.062836 -28.730181 1.945278
v -34.665066 -28.091152 2.654950
v -36.159813 -27.721806 0.820210
v -21.386465 8.452127 -16.704002
v -28.435240 -9.978224 -9.276808
v -27.482767 -6.483293 -8.721416
v -10.594468 17.526512 -24.125505
v -19.612522 2.814756 -18.709724
v -26.342327 -3.587884 -7.870614
v -25.744539 -9.766645 -11.860972
v -10.592868 24.347553 -25.733994
v -32.173271 -14.070041 -3.027545
v -32.332222 -14.780349 -1.216380
v -33.771172 -20.519489 -3.801248
v -32.082245 -13.976830 -1.268663
v -20.030777 -3.241689 -17.869024
v -22.117786 5.980558 -15.665595
v -30.344614 -13.105161 -7.756348
v -18.218201 9.569601 -19.455805
v -30.085215 -8.402219 -2.027095
v -14.957986 6.948745 -21.784084
v -11.318607 8.351580 -23.343063
v -30.246380 -9.043725 -1.432966
v -30.489426 -9.672362 -1.310941
v -30.242855 -9.315753 -1.021738
v -10.820505 21.751480 -31.293251
v -10.810365 21.708097 -30.365908
v -28.837406 -6.826696 -6.493906
v -10.567552 24.352438 -35.116085
v -10.577208 24.542019 -34.884838
v -10.526183 25.589779 -34.930664
v -10.537350 25.049603 -34.971325
v -10.503669 25.325441 -35.184765
v -28.341984 -4.773059 -4.260137
v -28.662844 -5.527509 -2.478606
v -29.065372 -6.061975 -2.864424
v -28.929356 -5.984104 -2.373171
v -35.827290 -28.508194 1.039275
v -13.995208 12.216354 -21.716194
v -23.106346 2.385261 -12.368415
v -24.522810 -1.188265 -7.385476
v -26.243109 -2.122729 -5.601892
v -22.966999 -0.332892 -9.593196
v -25.387815 -0.999979 -3.413189
v -10.690286 15.399828 -23.402615
v -23.517387 0.811781 -6.276171
v -23.375137 1.309606 -10.130021
v -10.643853 20.094387 -25.855974
v -24.166918 4.639642 -8.259404
v -10.701344 23.043964 -27.952398
v -10.656633 22.952839 -27.057964
v -10.736742 23.123278 -29.024681
v -10.704829 23.688046 -28.833561
v -10.738450 23.422583 -29.264837
v -10.703354 23.790340 -28.269632
v -22.024775 14.677814 -15.254759
v -30.643686 -16.121553 -8.286943
v -29.233505 -6.424914 -2.638105
v -29.351690 -6.763081 -4.291933
v -29.761045 -7.481697 -2.689804
v -19.814188 15.270561 -17.388615
v -11.309723 11.857281 -22.969608
v -17.185516 16.066723 -19.246511
v -10.784003 22.750153 -29.881577
v -10.534277 25.665781 -24.709526
v -10.556227 25.632696 -25.312429
v -10.572973 25.220514 -25.701143
v -11.241815 15.442317 -22.471979
v -10.734957 18.253183 -22.828699
v -10.647916 23.519176 -26.581112
v -10.620190 23.538908 -26.250387
v -27.886454 -13.425195 -10.772343
v -10.643888 22.986696 -26.733616
v -31.848673 -13.431342 -1.081152
v -10.772922 22.187140 -29.962103
v -30.395727 -8.916559 -3.153444
v -10.581874 23.472654 -35.348953
v -10.574391 23.912062 -35.252399
v -36.030491 -28.544813 -0.253416
v -35.929485 -28.741495 0.192019
v -10.774882 12.751059 -23.667456
v -10.633462 13.749579 -25.084473
v -34.700970 -25.961170 3.795526
v -34.462734 -26.335020 3.926368
v -10.723660 24.071884 -31.735180
v -10.720600 24.389608 -31.974901
v -10.716538 24.115641 -32.424995
v -13.331818 24.688454 -19.172075
v -11.401887 22.787333 -20.652489
v -34.710716 -25.406019 3.320525
v -10.545804 24.824520 -21.802700
v -10.635607 23.044844 -35.836464
v -33.860863 -19.945938 0.066651
v -34.040279 -20.258467 -0.508580
v -33.332779 -17.864212 -2.482286
v -34.745682 -26.776476 4.051580
v -34.639114 -27.354038 3.602806
v -10.590994 24.215761 -26.155415
v -31.821716 -14.916383 -5.639977
v -30.556816 -10.155049 -5.231219
v -10.533316 26.272440 -24.803236
v -10.539300 25.947540 -25.085497
v -35.004868 -25.782566 3.003704
v -35.201027 -25.533768 2.251549
v -35.184422 -25.173782 1.846834
v -34.882706 -24.558321 2.086746
v -34.977600 -24.352213 1.616580
v -34.927692 -23.890930 1.291114
v -34.573246 -22.378607 0.530930
v -34.957409 -23.317026 -1.034200
v -34.520172 -22.584003 1.082855
v -34.589783 -28.077499 3.198720
v -35.801834 -28.823751 -1.101205
v -10.505090 26.829887 -23.806675
v -10.491533 26.493717 -24.324184
v -31.462742 -12.340454 -1.159384
v -31.141024 -11.954198 -0.456426
v -33.570881 -18.905439 -0.131203
v -33.428192 -18.403936 -0.316456
v -30.711210 -10.220671 -1.176166
v -33.066277 -17.492363 -0.040099
v -33.125805 -17.909004 0.265022
v -32.473488 -15.191382 -1.220097
v -32.666473 -15.914365 -0.838268
v -10.767520 23.341518 -31.784958
v -10.638189 25.020666 -33.624470
v -10.615718 25.162666 -33.897663
v -10.583808 24.812044 -25.613451
v -32.177025 -14.458419 -0.952262
v -30.770826 -10.822919 -0.683295
v -30.960836 -11.085552 -1.008609
v -35.586479 -28.477087 1.351933
v -28.417728 -5.150966 -2.326374
v -10.675393 23.205538 -27.537077
v -35.929485 -28.741495 0.192019
v -35.806541 -28.778221 0.588804
v -35.881321 -28.174612 -2.221774
v -31.645872 -12.955180 -0.820163
v -10.786474 22.294989 -30.391220
v -10.485806 26.855503 -22.847853
v -34.596733 -25.547674 3.622889
v -10.506862 26.560696 -23.493151
v -35.052780 -25.486340 2.631052
v -34.702141 -23.727612 1.749106
v -34.685230 -23.093130 1.041723
v -34.399551 -22.042847 0.872695
v -35.804180 -28.932652 -0.430055
v -34.426407 -21.865946 0.284629
v -34.288528 -21.152826 -0.236757
v -10.493935 26.884619 -24.419331
v -33.424313 -18.518049 -0.080539
v -10.623556 25.357006 -33.256969
v -32.673855 -16.469265 0.051821
v -10.530762 26.230408 -34.857372
v -35.350372 -28.827814 1.705140
v -28.143402 -4.751320 -2.446432
v -27.301371 -3.496539 -2.570357
v -10.695018 23.495596 -27.962286
v -29.192493 -6.396817 -2.576667
v -29.897552 -7.952460 -2.304397
v -10.508986 23.804316 -35.569847
v -34.440853 -27.845776 3.613276
v -34.165779 -20.857433 -0.065337
v -34.038635 -20.456219 -0.120143
v -10.804468 21.787361 -30.994417
v -10.690083 24.889479 -32.328873
v -10.621593 25.008808 -32.846844
v -32.644707 -16.089622 -0.417268
v -32.332222 -14.780349 -1.216380
v -31.042786 -11.457753 -0.914410
v -10.533101 25.942087 -34.594193
v -27.084539 -3.174236 -2.745540
v -26.602463 -2.413239 -3.452462
v -30.018953 -8.550829 -1.358838
v -29.932793 -8.105521 -1.849682
v -31.982389 -13.834441 -1.018015
v -34.417744 -26.859722 4.567157
v -10.807804 21.972746 -30.867001
v -10.764816 23.204247 -31.313944
v -10.713869 24.557974 -32.152924
v -34.517620 -28.357233 3.230940
v -10.571050 25.636410 -33.766823
v -10.543106 26.011520 -34.188408
v -21.681711 18.972534 -14.742527
v -24.946753 14.581834 -4.798140
v -24.578917 15.973648 -2.485411
v -18.959675 21.889015 -16.559229
v -15.621861 22.283480 -18.813692
v -15.819449 25.273695 -17.700256
v -23.842876 19.806915 -10.030970
v -10.779065 23.355865 -21.257986
v -22.236233 23.767025 -11.841362
v -11.648780 26.989048 -18.814398
v -10.617311 26.759745 -20.178509
v -10.738638 29.746445 -18.385689
v -20.538086 26.891159 -12.810613
v -20.853880 22.986910 -14.289310
v -17.609110 26.830286 -15.811459
v -12.818146 31.895401 -15.589276
v -14.543907 28.793585 -16.767630
v -11.900378 31.160633 -16.333347
v -11.386422 31.284924 -16.800880
v -17.090666 30.468740 -14.040153
v -22.672998 20.742289 -12.517248
v -11.922198 31.838884 -15.827526
v -11.707187 31.572832 -16.167076
v -10.475556 29.042366 -20.272251
v -10.588836 29.404877 -19.230345
v -11.216956 30.555593 -17.208813
v -27.826475 -4.380113 -2.019710
v -10.847853 30.085344 -18.002892
v -24.472010 15.653554 -1.907866
v -24.608400 16.432774 -2.780686
v -24.502127 18.176573 -2.811339
v -26.602463 -2.413239 -3.452462
v -26.304712 -2.063522 -3.643246
v -10.565072 29.862295 -18.936985
v -10.478562 27.729460 -21.735811
v -10.484149 27.813269 -22.009409
v -22.203478 27.543837 -9.091422
v -24.472960 17.406105 -2.334766
v -24.496565 19.623596 -4.582207
v -19.330265 30.555506 -11.635202
v -13.980447 31.985542 -14.977168
v -13.045277 32.820885 -14.762976
v -12.795796 32.377148 -15.216761
v -20.517319 28.852919 -11.291936
v -13.515513 33.456459 -13.921458
v -13.632179 32.946903 -14.451788
v -23.812824 0.347785 -2.365697
v -23.720802 2.407515 -1.746534
v -24.698391 7.905351 -7.628572
v -24.423376 8.453424 -10.144619
v -24.495190 14.516090 -9.821472
v -23.812918 12.795906 -12.407593
v -24.386866 -0.140976 -2.905684
v -23.558847 1.447010 -3.410575
v -23.410776 0.937655 -1.610363
v -23.423237 1.441351 -1.188296
v -24.460463 19.595036 -6.713446
v -23.474739 24.614145 -6.997900
v -23.492605 24.407925 -7.546464
v -23.643009 24.253918 -6.481042
v -22.865614 25.954214 -8.344812
v -22.975546 26.051815 -7.768105
v -22.452944 27.229654 -8.528071
v -10.451536 27.317522 -22.771206
v -22.020971 27.846777 -9.143589
v -24.234257 7.306702 -0.819952
v -24.352819 7.915496 -1.165817
v -24.579716 9.148185 -2.061032
v -24.303850 6.993327 -1.040359
v -24.420105 8.284377 -1.356636
v -24.647795 9.893323 -2.225696
v -24.818123 8.404687 -4.297791
v -18.175488 31.879295 -11.649929
v -18.564129 31.168415 -11.869554
v -22.663258 26.438114 -8.672987
v -15.562239 33.203678 -12.845882
v -16.030901 32.922543 -12.759814
v -15.886049 33.494377 -12.296771
v -15.064631 33.794167 -12.630768
v -14.647833 33.443584 -13.199286
v -15.307834 33.594231 -12.635513
v -21.252680 28.265505 -10.448081
v -21.463327 28.018579 -10.231994
v -21.162148 28.624905 -10.314639
v -20.670395 28.876022 -10.986057
v -19.786072 29.980202 -11.418302
v -17.320967 32.198452 -12.238325
v -24.713943 10.789008 -2.405647
v -24.703884 12.177406 -2.480741
v -24.018368 5.440875 -0.571587
v -24.088419 5.409718 -0.887095
v -24.028955 4.963906 -0.837285
v -24.072672 6.241945 -0.460039
v -24.313637 4.759552 -3.684844
v -24.123545 5.742949 -0.921531
v -13.263142 33.664032 -13.979002
v -23.678804 2.441273 -1.084375
v -24.896641 11.605344 -7.777847
v -23.909744 3.957653 -1.150496
v -23.891024 4.240689 -0.633423
v -24.691378 12.432146 -2.478716
v -24.642719 11.862403 -2.266611
v -24.691097 13.529958 -2.380773
v -23.830229 3.023645 -1.687533
v -23.889061 3.468277 -1.484454
v -24.641199 12.806669 -2.218999
v -24.586348 14.944376 -2.374063
v -10.483771 28.419794 -21.400084
v -10.473308 27.813643 -21.442705
v -24.529800 13.960760 -1.943787
v -10.433558 29.633167 -20.333467
v -27.311171 -3.662365 -1.958970
v -26.795225 -2.800529 -2.606030
v -25.937166 -1.647046 -3.541127
v -11.037670 30.353235 -17.560127
v -10.834924 30.669525 -17.633144
v -12.795796 32.377148 -15.216761
v -23.500938 0.678169 -1.835936
v -13.167852 33.250351 -14.381455
v -23.365442 24.939695 -7.196668
v -23.088566 25.845697 -7.420517
v -24.492828 8.844181 -1.672925
v -21.774639 27.813417 -9.755700
v -20.966240 28.896624 -10.409303
v -20.592690 29.247019 -10.803083
v -19.987785 29.981991 -11.121847
v -16.795038 32.398056 -12.569281
v -13.661194 33.936550 -13.531786
v -25.048903 -0.822010 -2.855673
v -23.849911 3.431939 -1.107468
v -24.619200 12.371578 -2.098212
v -10.437428 29.068195 -20.802034
v -10.465959 28.602749 -20.776079
v -24.477829 15.061326 -1.828692
v -27.164660 -3.414117 -2.203889
v -26.314928 -2.136129 -3.146789
v -25.802277 -1.516289 -3.099137
v -10.430295 29.824106 -19.928608
v -10.660332 30.310078 -18.329700
v -22.217508 27.754524 -8.588993
v -24.220823 6.668358 -1.017346
v -23.934769 4.634189 -0.596708
v -24.243067 7.720991 -0.800038
v -24.741758 -0.578826 -2.677824
v -21.563147 28.295258 -9.761093
v -19.615814 30.498514 -11.181072
v -19.097961 30.972736 -11.530170
v -23.243719 0.918755 -0.930293
v -17.732338 31.816635 -12.187906
v -16.368544 32.799183 -12.622669
v -14.138687 33.924408 -13.173675
v -24.409309 19.040686 -2.348399
v -23.889299 23.599617 -4.291486
v -23.489107 0.559966 -1.397658
v -16.754360 32.768120 -12.249116
v -24.361252 8.713346 -1.142109
v -24.573603 9.586114 -1.925370
v -23.753677 2.858189 -1.244568
v -23.889061 3.468277 -1.484454
v -24.594173 11.741842 -1.992722
v -25.375032 -1.098488 -3.062373
v -24.373793 19.533335 -2.722649
v -24.121910 21.665039 -2.659912
v -24.039305 22.546059 -3.318560
v -23.872286 23.546047 -4.678308
v -23.722803 24.242081 -4.997094
v -23.704664 24.256462 -5.421934
v -23.637310 24.549612 -5.693770
v -23.932268 23.164320 -3.298233
v -24.198475 20.437250 -2.350533
v -24.245947 20.574478 -2.781353
v -24.260900 19.987167 -2.373923
v -24.180510 20.772766 -2.478781
v -24.222303 20.935362 -2.977975
v -24.311796 19.916391 -2.797069
v -23.797909 23.960766 -4.734220
v -2.095902 33.807949 21.748215
v -2.877531 32.445232 21.691486
v -1.761987 35.398808 23.602604
v -0.798437 28.416489 23.735180
v -0.157987 30.208971 25.127129
v -1.032654 32.820606 24.464638
v 0.069273 31.720449 25.001379
v -2.890391 35.019806 20.640518
v -2.246120 35.368397 21.294746
v 1.532967 29.679310 25.325396
v 1.503251 29.056599 25.069597
v -3.319523 34.783951 20.354498
v 0.816737 30.847588 25.197634
v -1.432951 30.779413 22.975325
v -0.519794 37.864883 21.392406
v -0.724519 37.740017 21.011812
v -1.180398 37.660038 22.585781
v -1.110955 37.508701 21.326689
v -1.404868 37.202648 21.181242
v -1.626212 37.088066 21.449461
v -1.944453 36.049141 21.469872
v -2.051251 36.356430 21.320284
v -0.192719 33.828506 24.409763
v 0.672958 35.034676 24.247038
v -0.386466 37.010296 23.405407
v -0.802086 36.540279 23.723627
v 0.457757 35.587608 24.119566
v -0.103058 33.470200 24.508913
v -0.096720 33.050438 24.622900
v 0.429577 33.539806 24.506882
v 1.400076 30.665213 25.210030
v 1.817926 29.943546 25.300079
v 0.006537 32.274227 24.856077
v -5.352859 35.614265 18.857182
v -6.055181 35.697208 18.732716
v -5.278767 35.377132 19.227228
v -6.724549 35.272335 18.913065
v -7.790458 34.176414 19.321459
v -4.779204 35.684395 19.153822
v -4.502152 35.526249 19.411272
v -3.894909 35.267784 19.822306
v 0.786785 31.472023 25.064194
v 2.059636 28.046589 24.012707
v 1.630309 28.757202 24.722055
v -3.376798 35.422909 19.978716
v -6.964821 35.510010 18.576071
v -3.632414 35.821228 19.539660
v -4.146498 35.755253 19.371992
v -7.376609 35.468082 18.450108
v 1.975093 29.346304 25.170664
v -0.579892 37.893063 22.376154
v -0.740815 37.497967 22.947224
v 0.788913 35.999428 23.944901
v 0.074996 36.489651 23.685738
v 0.036858 38.119850 22.176958
v -0.073782 38.115032 21.650639
v -0.177426 37.943005 22.359341
v 0.376300 32.623981 24.745123
v 1.968329 29.013645 24.913452
v -9.859580 34.007378 18.143763
v 1.386360 27.495457 23.340603
v -0.586286 27.442701 23.231428
v -11.265627 35.974308 15.568656
v -11.897710 35.655994 15.354436
v -11.171241 35.599586 16.010256
v -12.414928 34.994694 15.364594
v -12.570742 34.443031 15.522158
v -11.209824 31.944496 17.863914
v -4.996297 28.288921 22.387541
v -8.711742 30.404488 20.243252
v -6.284462 31.373995 21.051291
v -9.269417 16.317921 21.794191
v -10.819548 19.611860 19.331533
v -17.948759 32.662437 9.301078
v -7.545800 14.819393 23.092476
v -16.803598 31.134163 11.508839
v 1.140181 24.133125 24.460770
v 1.409620 24.633678 24.307011
v 0.960857 24.815138 24.254953
v -9.963578 29.191927 19.381260
v -13.597571 33.830631 14.673000
v -13.919289 33.366341 14.505634
v -13.315082 33.649792 15.108165
v -12.928074 34.273106 15.225668
v -4.777276 27.543255 22.181980
v -7.257242 28.265293 21.330929
v 0.856260 25.304104 24.139116
v 1.364439 6.133294 25.467049
v 1.818198 6.408532 25.624229
v 0.395971 7.541836 25.628075
v 0.908151 5.674711 25.024729
v 2.406384 8.165300 26.504740
v 2.677092 8.008720 26.126467
v -1.935526 24.895905 24.033028
v -1.604274 23.387247 24.522945
v 0.747572 8.674604 26.618393
v -5.167387 24.848141 23.163023
v -12.160087 23.427473 12.319074
v -14.002177 24.503548 10.496554
v -18.237261 27.472834 8.500891
v -12.844733 26.021954 13.287759
v -12.609751 24.296625 12.497660
v -12.354941 20.995476 12.516975
v 1.748803 20.264282 24.851320
v 1.715557 19.856827 25.045706
v 2.208073 20.088406 24.946829
v 1.856695 20.824594 24.758097
v 1.365637 20.997374 24.709789
v 1.321092 22.458138 24.714270
v 1.290239 21.989784 24.725876
v -12.277652 17.704300 15.198609
v 2.207536 10.556561 27.000246
v 2.467184 9.425430 26.532488
v 2.295039 10.188310 26.740614
v 1.033078 10.407527 26.674801
v -7.305442 27.344749 20.900801
v -0.918707 11.095663 25.231510
v -11.735488 15.956853 17.514166
v -8.089940 19.001877 21.879940
v -8.883600 26.939014 19.439249
v -6.290616 17.470205 23.319773
v -0.574991 20.586563 23.635094
v -11.780065 19.652042 17.356527
v -10.246411 12.618059 19.878702
v -17.230324 33.444344 10.067274
v -17.535074 32.757816 9.931385
v -0.553852 12.938783 27.101286
v -1.553559 13.246527 25.529646
v -3.646308 21.634239 24.005285
v -11.100326 16.584490 19.438416
v -2.161776 8.646497 24.046318
v -2.712630 22.864307 24.054770
v -9.211619 13.063738 21.503811
v -15.410082 28.384304 11.796861
v -4.905384 23.871771 23.746614
v -1.645120 8.080528 23.879776
v -7.114441 24.477449 22.214785
v -8.262373 10.203209 21.413982
v -11.584522 23.792900 15.298996
v -7.094341 23.584791 22.646057
v -5.415098 9.672009 23.003889
v -5.653056 21.809605 23.594604
v -6.286065 20.688133 23.561567
v -5.636641 13.296619 23.718996
v -13.786428 30.578428 15.065666
v -19.229177 31.606983 7.459702
v -19.538580 31.693808 6.804914
v -19.569649 31.257612 6.952649
v -19.388844 31.837015 7.013081
v -19.451998 31.032988 7.296871
v -19.051334 30.833818 8.245498
v -33.223801 -27.061708 6.131241
v -30.115786 -28.590641 7.830764
v -28.541483 -24.909145 7.677011
v -28.388578 -28.234045 8.384912
v -33.047997 -21.807421 3.787665
v -25.571932 -18.063879 6.763425
v -30.161518 -21.758888 6.194720
v -30.821011 -18.264118 4.394722
v -27.681976 -18.141151 6.131627
v -32.672073 -16.470018 0.051290
v -32.644707 -16.089622 -0.417268
v -32.656063 -16.085812 -0.414244
v -32.628021 -15.929068 -0.843680
v -32.407036 -14.926647 -1.269224
v -28.691040 -13.664930 4.105641
v -3.756075 20.890368 24.350067
v -27.681837 -28.544769 8.440453
v -26.847597 -28.899986 8.321276
v -27.741472 -27.960497 8.462508
v -31.159966 -11.946274 -0.451636
v -31.059692 -11.451265 -0.912104
v -26.414785 -29.017052 8.589444
v -24.186831 -28.838701 8.530361
v -23.634066 -28.557299 8.424568
v -30.260555 -11.301016 1.103696
v -18.432158 -28.922117 12.466847
v -18.446245 -28.989485 11.582945
v -18.239796 -29.147533 11.854733
v -22.341913 -27.796999 8.242670
v -20.297277 -27.728441 8.748986
v -22.568226 -26.281038 7.911972
v -20.031199 -27.098288 9.723287
v -28.344044 -15.913608 5.155859
v -21.120474 -27.625742 8.204083
v -17.683477 -28.651375 13.918174
v -17.663445 -28.838228 14.252650
v -19.766521 -29.193604 9.826700
v -20.483255 -29.166809 9.332974
v -17.117018 -27.510984 15.102443
v -24.862606 -21.540751 7.501713
v -18.629557 -27.678301 12.410666
v -18.857212 -25.429193 13.645436
v -20.742811 -28.818016 9.221674
v -21.054567 -20.978683 8.967616
v -21.382343 -21.593861 7.925689
v -22.259974 -19.936913 7.775340
v -21.988674 -23.606270 7.594834
v -22.343372 -21.254496 7.553061
v -20.431416 -24.288435 9.718615
v -30.779663 -10.819612 -0.680609
v -30.481543 -9.675159 -1.312199
v -30.242855 -9.315753 -1.021738
v -29.205652 -6.389984 -2.574600
v -29.915325 -7.943422 -2.303237
v -29.925522 -8.108584 -1.852340
v -18.004950 -28.877014 13.242102
v -30.075417 -8.523604 -1.341346
v -1.876492 12.308522 24.562725
v -2.393360 11.204706 24.468536
v -3.555636 13.971657 24.185862
v -31.631536 -16.694874 2.602602
v -32.487030 -16.066730 0.209129
v -32.068241 -13.981654 -1.269777
v -31.982389 -13.834441 -1.018015
v 2.486075 10.962349 27.309534
v -26.305441 -27.611423 8.540783
v -23.735302 -25.236343 8.033401
v -20.654839 -25.100603 8.318326
v -19.388243 -29.015564 10.377096
v -11.316900 25.239742 14.840104
v -11.283007 22.269419 17.358824
v -33.522335 -27.946981 4.425373
v -34.162354 -27.451218 4.231780
v -11.313234 21.408974 17.939806
v -33.069225 -28.316620 5.026894
v -32.986038 -27.935352 5.547590
v -35.009483 -25.781057 3.005897
v -34.728394 -25.400291 3.329000
v -34.923756 -24.545021 2.099344
v -34.987698 -24.349525 1.619103
v -34.724529 -23.721529 1.754968
v -10.015233 22.091227 20.124937
v -34.714844 -23.083990 1.049018
v -34.510456 -22.586971 1.081282
v -34.403419 -22.041613 0.873733
v -33.869507 -19.999111 0.023918
v -34.180027 -20.851711 -0.063083
v -34.310261 -21.146009 -0.233855
v -34.038635 -20.456219 -0.120143
v -10.641038 20.747923 19.027401
v -33.790459 -28.150801 4.017523
v -34.190334 -27.764528 3.991543
v 2.666446 7.351169 25.842409
v 2.185484 6.903000 25.792559
v -30.379335 -28.692764 7.275629
v -34.416534 -26.858191 4.579624
v -32.006645 -27.939259 7.182183
v -31.904310 -27.347635 7.114602
v -32.243282 -27.996017 6.830858
v -32.539684 -27.915096 6.227383
v -34.681095 -25.523645 3.668988
v -12.748248 29.015467 15.838196
v -31.652546 -12.952913 -0.818244
v -33.189552 -17.884338 0.288158
v -33.588913 -19.167511 -0.115607
v -20.015617 30.956701 6.192985
v -20.158104 30.866642 5.887457
v -33.405827 -18.522505 -0.083538
v -20.872072 27.626020 5.538113
v -20.285393 31.153931 5.441203
v -18.795885 31.550251 8.322393
v -19.767794 28.212679 7.053882
v -22.363760 -29.145758 8.791903
v -21.959494 -28.963310 8.490203
v -20.820408 -29.249157 9.054069
v -11.389830 26.358303 16.179724
v -1.622541 13.861390 24.664682
v -7.612131 35.590225 18.235577
v -32.177025 -14.458419 -0.952262
v -30.960836 -11.085552 -1.008609
v -15.404152 33.426510 12.647564
v -15.809887 33.523075 12.074812
v -15.533705 33.884609 12.265166
v -30.235556 -9.025373 -1.421526
v -27.958282 -5.114699 -0.628320
v -28.929356 -5.984104 -2.373171
v -30.086939 -8.401482 -2.026933
v -28.662844 -5.527509 -2.478606
v -14.032038 32.477875 14.701594
v -4.569567 16.576288 23.786474
v -10.239017 35.971333 16.336815
v -9.856303 35.695988 16.863773
v -29.737335 -7.495445 -2.690377
v -31.848673 -13.431342 -1.081152
v -1.461967 12.047964 25.943859
v -34.600670 -26.774843 3.933394
v -34.522034 -26.332907 3.974515
v -14.767757 33.408234 13.460642
v -14.818878 33.688812 13.265572
v -15.080382 33.412609 13.054382
v -34.034859 -20.260056 -0.507305
v -35.206753 -25.531986 2.253091
v -35.052780 -25.486340 2.631052
v -35.184422 -25.173782 1.846834
v -32.156372 -28.447268 6.547435
v -30.978506 -28.728889 7.731182
v -28.586107 -28.801702 7.972697
v -28.947783 -28.658459 7.914829
v -28.360987 -28.650057 8.064412
v -28.037188 -28.852434 8.114621
v 1.283566 5.153589 24.402029
v -31.700365 -28.353201 7.474296
v -31.617723 -27.943810 7.404885
v -31.235485 -28.303198 7.702292
v 0.996957 26.310556 23.769312
v -33.484486 -18.821129 -0.116492
v -33.408840 -18.410854 -0.316507
v -33.060566 -17.493990 -0.041073
v -26.224733 -29.193300 8.496141
v -25.767998 -28.862766 8.598092
v -31.466084 -12.339376 -1.158994
v -12.241620 35.524834 15.128852
v -23.190657 -28.645611 8.553049
v 2.558863 8.754827 26.565878
v -28.707117 -10.316019 2.439516
v -17.399370 -28.763712 15.424595
v 0.147148 14.549301 27.160089
v -0.090974 12.234826 27.578623
v -30.672859 -10.238914 -1.181635
v 1.911334 11.845128 28.935408
v 1.272538 13.332820 28.903885
v -10.126504 26.370371 17.705112
v -29.415890 -6.835143 -2.722070
v -16.668474 33.363865 10.910619
v -16.333128 33.502323 11.346453
v -16.502966 33.890476 10.887870
v -9.619740 23.243057 20.208071
v -8.923881 20.213879 21.175577
v -8.068273 22.846451 21.831511
v -1.924882 6.950061 23.669455
v -32.828629 -28.271406 5.438915
v 1.281767 23.318308 24.651554
v -34.691681 -25.961048 3.788367
v 1.708697 23.686668 24.588617
v -14.123612 33.376427 14.231813
v -33.341389 -28.366604 4.571085
v -34.900295 -23.900513 1.285661
v -29.933020 -28.972181 7.582941
v -29.168140 -29.152868 7.540477
v -27.689405 -28.501432 8.395372
v -0.510482 18.507900 23.724060
v -1.142087 17.978582 23.792988
v -2.156983 18.702473 23.207876
v -2.834631 20.281836 23.816809
v -25.390001 -28.932262 8.511462
v -24.952213 -28.792458 8.504509
v 2.691451 10.552552 26.583557
v 1.896912 12.302162 28.970577
v 1.846419 12.798334 29.013962
v -4.465115 18.680586 23.544804
v -4.599968 19.832140 24.034883
v -23.921785 -16.197153 6.981517
v -3.693334 17.986876 23.903162
v -5.971007 18.182400 23.623119
v -28.419128 -5.152222 -2.326545
v 0.056524 22.630787 24.508991
v -17.482002 -28.982674 13.966060
v -7.140883 21.116987 22.933826
v 2.305708 11.455966 28.431791
v 2.530659 11.264041 27.807814
v -8.046427 21.311226 21.768583
v -7.705422 19.758369 21.847702
v -5.993444 18.892754 23.099237
v -29.038118 -6.077746 -2.864517
v 1.037328 19.834185 24.631136
v 2.062609 19.066711 25.354271
v 1.766884 18.813473 25.639645
v -34.601669 -27.126915 4.023178
v -34.573246 -22.378607 0.530930
v -34.426407 -21.865946 0.284629
v -19.740694 31.554243 6.404209
v -19.934937 31.261757 6.171573
v -22.348782 -29.173302 8.469756
v -27.741924 -27.954350 8.484745
v -24.205940 11.223457 -0.368044
v -24.647091 12.807187 -2.217573
v -24.587000 13.961264 -1.929732
v -24.688589 13.529498 -2.382029
v -14.161449 -6.480888 14.880974
v -20.953875 1.921869 6.814353
v -22.693624 5.744244 3.488282
v -18.163334 -3.018308 11.205380
v -0.436069 -8.168504 15.122048
v -13.052107 -10.685671 16.648674
v -13.037003 -9.867676 16.359312
v -12.608392 -10.360392 16.596977
v -7.385012 -4.097193 12.760669
v -6.907894 -5.045443 12.942213
v -0.463465 -7.280497 15.240456
v -17.679844 0.425938 10.564657
v -4.610877 -5.198517 13.894714
v -1.382880 15.071419 24.629387
v -12.846460 -7.377031 15.489894
v -12.509555 -7.514822 15.573587
v -12.549109 -7.721467 15.645825
v -12.502729 -7.128657 15.440603
v -15.703102 -28.069996 18.014639
v -15.417871 -28.317842 18.253798
v -24.485622 15.061644 -1.826983
v -28.140387 -4.753152 -2.446738
v -24.589071 14.944660 -2.373259
v -24.474386 15.653663 -1.907326
v -19.905474 2.814204 7.931129
v -28.031761 -6.700823 0.930413
v -7.795216 -3.016886 12.605464
v -16.483002 -25.872524 17.178301
v -8.142060 -2.494977 12.534242
v -8.180728 -1.069352 12.254861
v -17.884043 -24.316833 15.046305
v -0.297150 -5.944489 15.493641
v -17.688564 -22.305222 14.666418
v -19.645061 -22.350571 11.849355
v -0.126135 -6.832437 15.330878
v -20.091908 -19.627014 10.721167
v -2.418282 -3.765871 15.208637
v -23.504572 10.958572 1.397316
v -21.912426 -16.027029 8.269275
v -14.994086 -28.085857 18.758879
v -14.590690 -28.256094 18.966354
v -14.172174 -28.223141 18.912865
v -13.797165 -27.907476 19.511570
v -13.531813 -28.202959 19.323742
v -24.576464 15.972474 -2.484207
v -24.590897 16.431856 -2.783287
v -24.461248 17.407063 -2.336427
v -24.985077 -10.531197 5.179021
v -20.351772 -14.205371 9.209627
v -26.791054 -9.192694 3.520761
v -17.429745 -22.456060 16.479975
v 2.335768 7.669574 25.909555
v -18.029772 -18.786856 13.222557
v -17.073143 -26.084764 16.040167
v -14.859036 -19.884855 19.015949
v -16.777962 -19.871050 17.196701
v -15.347418 -27.978609 18.404230
v -21.988482 9.297440 4.073771
v -17.836029 -15.096362 14.358438
v -26.238243 -2.835035 -0.769656
v -11.455281 -23.672869 20.886299
v -11.263906 -22.908899 20.766392
v -11.008295 -23.443714 20.835230
v -23.452560 0.530652 -1.399994
v -13.165941 -27.771379 19.961317
v -12.618138 -27.919241 19.903194
v -16.859245 -10.425035 14.435193
v -11.204725 -22.485395 20.667774
v -12.167839 -20.759197 20.166939
v -13.261271 -20.982304 20.075377
v -12.642988 -19.754320 19.775511
v -15.326982 -26.197466 18.292246
v -16.835159 -25.012226 17.656485
v -11.591064 -21.568697 20.422796
v -11.520469 -20.994852 20.263147
v -12.213673 -20.245478 19.968740
v -18.458313 -15.972163 11.870402
v -14.066340 -27.213917 18.957924
v -11.200495 -24.832747 20.811165
v -13.621493 -24.200699 20.524883
v -18.156784 -10.498929 12.801806
v -10.670330 -24.258698 20.903284
v -15.784240 -24.137493 19.274179
v -25.804573 -1.513081 -3.098874
v -24.356577 -0.171080 -2.910025
v -24.760111 -0.560861 -2.675259
v -11.466652 -26.612183 20.605791
v -20.573004 -6.912166 6.991224
v -11.347755 -25.328711 20.637947
v -11.032322 -26.088758 20.693489
v -23.707834 -1.452766 0.847113
v -18.321482 -14.896360 12.928722
v -12.336822 -18.342907 19.347296
v -12.520390 -17.893261 19.176891
v -19.033667 -10.635448 10.960245
v -19.600039 -4.078283 9.734631
v -12.817153 -15.650250 18.409069
v -23.814362 5.996682 0.598098
v -14.357249 -25.221497 19.745960
v -24.093925 6.240537 -0.455530
v -24.220823 6.668358 -1.017346
v -24.262394 6.997581 -1.047541
v -19.990950 -8.655337 8.126402
v -16.901003 -28.613562 16.491913
v -17.498999 -28.444613 16.112635
v -16.914902 -28.857218 16.091286
v -4.683721 -10.382293 13.718373
v -4.135107 -10.679541 13.785251
v -10.901344 -26.884026 20.600868
v -19.057945 -12.343416 10.177411
v -3.426744 -10.685056 13.948856
v -22.150812 -6.836854 5.369383
v -21.117102 -10.400921 7.512887
v -23.283863 0.921146 -1.659044
v -14.621442 -13.868591 17.257715
v -12.288350 -15.263160 18.332247
v -21.854689 -2.869194 4.086622
v -12.445452 -15.516807 18.397230
v -24.247593 7.305408 -0.817081
v -12.631056 -13.641851 17.735432
v -12.659256 -14.853574 18.127813
v -21.613443 0.323299 5.778772
v -24.267000 7.720034 -0.794756
v -24.492828 8.844181 -1.672925
v -24.359188 8.713390 -1.142666
v -24.586063 9.147941 -2.060051
v -24.420105 8.284377 -1.356636
v -24.353636 7.915418 -1.165637
v -22.955242 1.820377 2.308903
v -23.140455 -4.178665 3.265894
v -23.397682 1.373280 -1.164946
v -22.932850 1.166010 1.752460
v -23.521660 1.978119 -1.206703
v -20.890926 -1.964452 7.162118
v -15.942091 -8.680788 14.756443
v -23.863585 3.429269 -1.105286
v -23.891024 4.240689 -0.633423
v -23.909744 3.957653 -1.150496
v -1.640327 -10.011617 14.484983
v -1.122932 -9.368095 14.742850
v -1.976239 -10.289454 14.328438
v -0.876786 -9.784038 14.721668
v -6.091275 -9.065679 13.336397
v -5.147137 -7.451927 13.623909
v -6.001954 -8.456633 13.348285
v -22.358904 -1.184986 2.691695
v -2.825954 -10.136129 14.117978
v -27.307350 -3.665422 -1.960148
v -27.164660 -3.414117 -2.203889
v -26.817198 -2.819728 -2.644172
v -24.610064 11.745526 -2.014902
v -23.643860 2.479068 -1.034408
v -23.753677 2.858189 -1.244568
v -23.889061 3.468277 -1.484454
v -12.707601 -12.801659 17.442612
v -12.778846 -12.425220 17.277998
v -6.407321 -7.228094 13.108418
v -12.514131 -11.416226 16.995497
v 1.361042 5.863946 25.203218
v -12.441622 -12.509609 17.365435
v -0.485182 -8.874620 14.972260
v -24.619200 12.371578 -2.098212
v -7.148242 -5.538256 12.994615
v -6.699615 -5.804213 13.044132
v -15.859597 -3.139410 12.939201
v -12.846721 -6.521340 15.163441
v -13.212991 -6.006808 14.901663
v -12.908848 -6.202045 15.025686
v -12.491192 -6.719773 15.291593
v -12.903736 -9.327487 16.178928
v -12.620868 -9.712462 16.351393
v -8.359425 -1.469811 12.312948
v -27.792566 -4.407780 -2.028455
v -0.405960 -5.239860 15.571565
v -26.566589 -2.444947 -3.064183
v -26.602463 -2.413239 -3.452462
v -26.718063 -2.669652 -2.871984
v -22.357943 12.832542 2.965740
v -7.861270 -3.676289 12.700227
v -16.675409 -28.317688 16.933844
v -16.159132 -28.307861 17.742544
v -10.617991 35.657059 16.366449
v -23.355688 0.581720 -1.949814
v -11.811437 -27.632170 20.179024
v -11.527001 -22.275457 20.615923
v -12.213673 -20.245478 19.968740
v -12.667290 -19.507437 19.687613
v -12.071852 -19.709423 19.817036
v -16.388557 -28.617558 16.880619
v -12.458546 -16.410084 18.687141
v -11.924714 -17.516531 19.109816
v -24.026907 4.964380 -0.837617
v -24.018368 5.440875 -0.571587
v -23.206306 0.907628 -0.918475
v -5.260108 -10.169416 13.590465
v -3.289026 -10.215709 14.020000
v -12.550476 -14.465949 18.020800
v -12.401727 -14.697697 18.112726
v -2.548490 -10.686419 14.158499
v -23.818945 3.025766 -1.688529
v -23.680750 2.418459 -1.749597
v -12.339398 -13.815238 17.820133
v -24.573603 9.586114 -1.925370
v -24.639814 9.893438 -2.226729
v -25.375032 -1.098488 -3.062373
v -8.475088 35.673992 17.748768
v -6.094435 -8.088380 13.277909
v -6.498148 -8.305308 13.311453
v -24.642719 11.862403 -2.266611
v -24.696117 12.177182 -2.482136
v -13.254669 -5.543087 14.721120
v -6.683190 -6.393203 13.070701
v -12.780231 -5.597925 14.803241
v -12.501971 -6.006456 14.995570
v -12.533876 -5.251297 14.674946
v -0.119444 -8.545877 15.107787
v -26.314928 -2.136129 -3.146789
v -26.304712 -2.063522 -3.643246
v 1.834094 27.203650 23.361822
v 1.422694 26.542040 23.610928
v 0.068714 -7.479680 15.296439
v -12.458238 -8.881761 16.081081
v -15.939997 33.802307 11.780625
v -11.266680 -27.646147 20.184881
v -11.008076 -27.382147 20.358488
v -12.100909 35.880810 14.967066
v -11.523839 -21.888224 20.507940
v -11.272471 -21.509127 20.397758
v -11.031922 -25.171829 20.670397
v -12.320580 -18.988462 19.568087
v -24.088419 5.409718 -0.887095
v -24.123545 5.742949 -0.921531
v -11.877943 -16.527269 18.792986
v -25.048903 -0.822010 -2.855673
v -25.347811 -1.037717 -3.403414
v -13.119668 -3.749817 14.002277
v -5.522462 -9.546463 13.483088
v -12.199384 -13.098045 17.688435
v -12.781613 -4.437310 14.327287
v -2.507199 -10.269088 14.193976
v -2.548490 -10.686419 14.158499
v -24.696550 10.724360 -2.396123
v -12.458021 -4.796500 14.494705
v -3.919748 -2.320836 14.854199
v -23.909744 3.957653 -1.150496
v -24.500740 18.176485 -2.811361
v -12.695100 -10.736474 16.733927
v -27.078098 -3.178496 -2.746500
v -27.301170 -3.496688 -2.570371
v -25.937166 -1.647046 -3.541127
v -7.394188 -4.823455 12.625899
v -0.206463 -4.860859 15.655925
v 1.281456 5.491994 24.621229
v -14.281809 33.225655 14.117270
v -14.123612 33.376427 14.231813
v -12.328714 -7.929890 15.749756
v 0.061517 -7.227237 15.324714
v -14.655887 -28.412724 18.786213
v -15.281715 25.148588 9.699265
v 1.381468 22.773352 24.712015
v -12.339831 22.478779 11.244515
v 2.444957 11.837719 28.645731
v 1.650965 21.522007 24.727907
v -23.934769 4.634189 -0.596708
v -4.263970 -11.057687 13.712896
v -1.435547 -10.478907 14.456168
v -23.397682 1.373280 -1.164946
v -0.582814 -9.297731 14.886631
v -24.687767 12.432038 -2.479351
v -9.772341 8.705942 18.480021
v -7.678235 5.508894 19.085104
v -16.953835 16.613230 7.102087
v -22.741634 25.998049 1.191624
v -23.257555 24.119446 0.241034
v 2.195553 18.781683 25.544367
v -22.876717 16.557888 2.041477
v -12.442637 14.398112 13.128904
v 2.270334 18.097771 25.905794
v -13.431952 -1.829743 13.096405
v -12.424602 17.898958 12.299459
v -5.300900 6.032585 21.759541
v -15.881137 1.420722 11.107951
v -22.989603 25.219421 0.656647
v -4.289562 3.166692 20.629099
v -18.097012 25.080530 7.421904
v 1.399360 0.158827 19.193674
v 0.553539 0.030216 18.515974
v 0.057843 2.868172 23.261967
v -11.988689 -0.180680 12.299860
v -17.188585 24.576162 7.503407
v -12.485298 -3.350142 13.841022
v 2.338059 17.585037 26.203457
v 2.240403 17.084980 26.691059
v 0.259762 -0.332789 17.940916
v -11.207808 10.745122 16.798891
v -23.792896 18.076086 0.132269
v -11.987373 13.233831 15.480186
v -13.451106 21.429075 10.558001
v -14.929077 23.261292 9.876976
v -23.447111 23.240707 -0.173766
v -23.453861 22.755110 0.040880
v -12.471537 -4.200491 14.226221
v -23.357328 23.517080 0.030297
v -15.537008 24.320120 9.857456
v -16.659117 22.495985 7.926046
v -12.578870 20.570099 10.955697
v -12.084288 10.169200 9.490023
v -12.565152 10.701345 8.281264
v -18.838270 5.382935 7.927749
v -13.307579 19.010197 9.646832
v -19.966499 9.281417 5.778100
v 1.340688 4.570561 24.056753
v -10.509850 6.639690 12.033428
v -8.821155 4.405436 13.701292
v -3.389623 0.646617 17.085751
v -13.845111 21.542997 9.076893
v -12.446431 -0.807936 12.626511
v -12.202097 -0.951239 12.694315
v -12.573961 -1.143222 12.782488
v -9.425509 6.334854 16.496471
v -15.499085 22.442347 8.468619
v 1.846331 3.605867 23.936991
v -21.058136 16.461662 3.711136
v -11.648193 0.114031 12.146073
v -11.644431 -0.406609 12.375926
v -0.620555 -4.450912 15.654236
v -11.202014 -0.253765 12.289041
v -10.929717 0.487846 11.950770
v -17.122725 15.740677 5.739154
v -10.768350 -0.037026 12.157238
v -10.477403 0.393031 11.995823
v -9.883550 0.298483 11.975306
v 1.860659 2.710625 23.658838
v -9.412367 1.684483 11.432261
v -14.944505 12.690059 8.526326
v -14.188480 11.463117 7.733066
v -0.160166 -1.141052 17.044458
v -24.106712 19.368292 -1.314512
v -15.872370 13.721988 6.692194
v -24.394865 19.044254 -2.347651
v 1.473725 16.321236 27.264021
v -23.631371 21.894751 -0.288536
v 2.265960 16.679434 27.035351
v -12.545041 18.173712 9.831402
v -21.033560 30.709211 3.712244
v -20.720310 30.733755 4.588935
v -20.710920 31.093742 4.326753
v 0.329800 1.520268 22.290358
v -21.254534 28.344072 4.546098
v 2.491801 15.976000 27.334629
v -12.567039 12.754349 11.402610
v -6.662642 1.295617 14.038700
v -15.803882 21.043617 8.129862
v -21.342981 29.728764 3.488102
v -21.147873 30.795033 3.263770
v 2.364506 1.776723 22.917839
v -21.620655 28.967182 3.151342
v -12.731534 15.232683 10.210851
v -21.468956 29.472759 3.263919
v -13.656514 19.957111 8.373820
v -8.491488 -0.771014 12.067092
v -8.917844 -0.439941 12.046741
v -9.055819 -0.991171 12.294576
v -1.683518 -1.545139 16.337444
v -16.476191 20.287058 7.315784
v -18.009150 22.240942 5.767990
v -20.438528 24.449062 5.358007
v -21.940495 21.883137 3.339536
v 2.439388 15.449137 27.784742
v -23.768202 21.662668 -0.809938
v -23.819704 20.953857 -0.693036
v -0.149262 -4.421768 15.737355
v 0.128601 -0.764746 17.345030
v 0.581117 -0.746428 17.473173
v -14.291192 20.076822 8.015511
v -10.612398 8.011044 15.550501
v -22.321392 26.999409 2.037745
v -0.367048 -3.004092 16.084602
v -0.274875 -2.726846 16.209835
v -21.821144 28.622774 2.712514
v 2.674175 1.504844 22.552919
v 1.310314 0.881186 21.849421
v 3.103374 1.422390 22.240396
v -2.544192 1.495676 20.120924
v -11.272662 6.787748 9.990600
v -23.999180 20.126846 -1.117967
v -24.065363 20.029226 -1.395442
v 2.024835 14.732211 28.129995
v -9.041589 3.752906 12.531586
v -4.442916 -0.094519 15.492675
v -12.424660 17.188246 9.932442
v -13.523145 16.743158 9.376130
v -22.921345 22.754740 1.745044
v -15.803717 18.389257 7.925291
v -12.248565 2.420204 11.122709
v -12.126301 10.700463 12.035644
v -14.368319 17.848675 8.132630
v -11.403956 8.725714 13.303372
v -23.937208 20.943741 -1.234763
v -23.999264 20.545820 -1.327042
v -19.544153 21.429241 5.163622
v -17.463835 7.050637 7.870249
v -18.183342 11.566964 6.008105
v -22.180899 27.843557 2.032548
v -14.096447 7.739247 8.497131
v -12.434868 12.832645 10.450096
v -15.891767 17.031031 7.552692
v -17.298399 19.066496 6.952600
v -6.922579 3.552328 17.628160
v -6.111914 2.262078 16.186258
v -11.918925 6.891176 9.303000
v -13.842516 15.394947 8.997283
v -15.038243 16.395388 8.391601
v -15.534581 9.079148 7.740350
v -13.823121 17.167137 8.519302
v -17.870436 18.096348 5.283614
v -17.861826 20.387718 5.452495
v -16.172474 14.909896 7.758814
v -10.089708 3.300990 10.926094
v -13.725731 12.792363 9.864400
v -10.990578 5.277093 10.063600
v -20.274597 13.037263 4.634211
v -22.421297 27.169586 1.588614
v -19.311701 16.930773 4.803653
v 1.837461 0.256540 19.993509
v 2.382020 0.320618 20.230419
v 0.223726 -2.004244 16.629053
v -0.574670 -3.738909 15.803526
v -22.914938 25.836512 0.594784
v -0.225574 -3.700769 15.897376
v 1.616200 4.971036 24.264296
v -23.136896 24.605093 0.330520
v 1.543523 3.930140 23.933083
v -13.067237 -2.550127 13.447230
v -12.684303 -2.073054 13.229013
v -12.583045 -2.969657 13.661551
v -12.594690 -2.579413 13.472373
v -0.119977 -3.352173 16.018522
v -9.548830 -0.126081 12.107552
v -8.917844 -0.439941 12.046741
v -9.002843 0.126208 11.897056
v -9.361986 0.292341 11.889830
v -0.149262 -4.421768 15.737355
v 2.674833 1.008464 21.731676
v 2.910226 1.203591 22.033224
v 2.997783 1.116380 21.835426
v 2.684040 0.564135 20.861507
v 3.053054 0.809812 21.154917
v 0.223726 -2.004244 16.629053
v -0.160275 -1.506536 16.790859
v -22.705029 26.565723 0.946765
v -22.535154 26.768667 1.429991
v 2.092693 0.154835 19.378901
v -19.145117 31.359112 7.736286
v -23.357328 23.517080 0.030297
v 1.818651 4.042876 23.943129
v -24.253239 19.191036 -2.021849
v -23.590712 22.644804 -0.464819
v -20.498569 31.079321 4.927359
v 3.166302 1.630235 22.546356
v -12.697275 -1.562323 12.984211
v -12.684303 -2.073054 13.229013
v -12.697275 -1.562323 12.984211
v -21.964472 28.085495 2.559687
v -22.011034 28.295746 2.270810
v -9.883550 0.298483 11.975306
v 0.322760 -2.632550 16.392586
v 1.172362 -0.050701 18.551748
v 1.789760 4.523330 24.053518
v -8.621201 36.000137 17.378662
v -8.992699 35.710678 17.418043
v -24.373793 19.533335 -2.722649
v -9.425935 35.571960 17.262568
v -12.571206 35.197788 15.038558
v 2.796710 9.368982 26.298252
v 1.513891 14.011822 28.536148
v 1.719132 13.384982 28.798908
v 0.724920 25.955366 23.843508
v -17.506012 33.027214 9.842881
v -14.490705 33.481796 13.754585
v 1.837311 22.549368 24.733656
v -20.404015 30.847841 5.303820
v -9.252208 36.032238 16.941381
v 1.778331 23.136623 24.697407
v -16.907057 33.695065 10.379549
v 1.919978 14.128102 28.468536
v 2.522779 6.606047 25.619007
v 2.398369 6.322675 25.524139
v 2.604613 16.757463 26.579145
v 2.590600 17.550732 25.879288
v 2.513503 17.269241 26.208191
v 2.253725 12.212765 28.928234
v 0.735182 42.848759 15.520443
v -0.144781 41.482517 14.676429
v 0.899371 52.320545 9.980570
v 1.449650 49.427097 14.389640
v -4.842500 43.506802 14.110378
v -7.349052 45.072529 13.265053
v -0.925452 42.864262 15.376132
v 0.613826 52.499138 9.496090
v -3.972915 45.045425 15.157351
v -3.348423 43.382542 14.853842
v 0.011729 49.295242 14.581680
v 2.149441 38.944935 17.649242
v 0.056843 38.716671 18.133911
v -2.309552 51.676731 10.237352
v -1.020953 37.464142 19.734240
v -1.193040 46.020397 16.913481
v -1.867243 48.181133 17.243517
v -3.216724 51.153389 9.963783
v 1.399397 52.995701 8.311347
v 1.235993 52.545898 9.322074
v -2.512964 49.345428 14.166421
v -1.413316 37.204903 21.180836
v -2.121562 36.126663 20.394459
v -0.074009 38.116879 21.647539
v -2.048818 36.354439 21.320683
v -2.193149 35.358624 21.289585
v -1.621839 37.093029 21.443819
v 2.035914 49.537895 13.863307
v 1.297867 49.582298 13.791310
v -1.899101 36.042515 21.526863
v 1.711832 53.123203 7.565520
v 0.393667 51.533237 11.689228
v 0.356454 51.115356 13.117519
v 0.892802 51.377995 12.079644
v -5.393494 51.196732 9.414465
v -0.455576 53.574570 6.008717
v -4.768054 49.960140 14.148279
v 3.211330 38.424629 18.731304
v 2.836635 38.799744 18.209826
v 2.636514 38.835686 18.680555
v -3.150264 48.071930 17.190550
v -4.002584 49.430191 15.640244
v -1.872781 52.505436 8.579745
v -4.686631 49.360634 15.605635
v -6.237728 49.868591 13.771806
v -3.214539 52.291832 7.529212
v -1.956440 50.916000 11.883372
v -2.159780 37.477634 18.511059
v -5.834130 48.416023 15.198225
v -8.155422 48.985214 12.295755
v -3.810782 52.057030 6.579553
v -3.784397 51.432945 8.425718
v -5.404364 46.118389 15.533850
v -0.180072 49.605404 13.939705
v -0.290438 51.829144 11.056824
v 0.276230 51.743286 11.297628
v 0.698985 50.320972 13.603576
v -7.695841 50.436989 10.502327
v 3.076831 47.843395 17.282671
v 1.328198 47.642174 17.594618
v 2.185352 47.234543 17.517786
v -3.597955 35.760109 19.471134
v -2.079308 50.226650 12.113972
v -0.257980 48.430283 16.352089
v 1.414135 49.204739 15.022799
v 1.626498 48.921646 15.452319
v -6.122037 51.406590 8.112705
v -9.012730 45.967823 12.596350
v -7.054193 46.837246 15.315929
v -9.033114 49.137646 10.869707
v -3.372742 35.413811 19.966734
v -3.324957 34.796303 20.374817
v -2.946723 34.991798 20.558409
v -8.298739 47.968117 14.216549
v -7.969398 50.711510 8.825137
v -8.864678 50.030830 8.104486
v 0.319306 45.947235 17.097887
v -10.138066 48.084625 11.921636
v -8.722101 47.525230 12.745211
v -7.673250 50.205360 9.737595
v -6.691414 50.417297 11.587389
v -10.593336 48.724453 9.626873
v -4.848715 49.917835 11.369686
v -4.452192 46.610199 16.663544
v 1.696766 46.760502 17.620768
v 2.349918 45.929382 17.010754
v -11.180099 47.693466 10.241174
v -7.693316 50.020245 12.025026
v 2.228827 39.500984 20.271009
v 2.398080 39.605953 21.043106
v -11.228621 46.605377 8.695086
v 0.777677 52.140461 10.566874
v -0.012336 52.185944 10.971329
v 0.925045 52.036552 10.826032
v -9.896796 46.477425 11.876347
v 1.499638 39.777470 21.806688
v -8.522093 44.642185 11.385899
v 1.404077 38.715717 22.117172
v 1.769026 38.289036 22.259132
v 0.959877 44.712574 16.030424
v 1.313087 43.689285 15.728697
v 1.828460 43.761456 15.731508
v 1.396455 38.059883 22.365158
v 0.040043 38.118084 22.167828
v 0.387312 39.487556 21.570456
v -8.671258 46.852699 13.917812
v -2.548416 49.256905 15.516065
v 3.539234 48.080326 16.724266
v 2.054933 48.327957 16.603045
v 1.954829 53.343239 6.909972
v 2.713923 45.069626 16.177843
v 2.263490 45.364685 16.510963
v 2.335386 44.730091 16.021320
v -1.116246 44.835548 15.881074
v 3.097211 47.411507 17.333666
v 1.486258 37.300575 22.872618
v 1.085964 43.347095 15.646299
v 1.923953 36.936256 23.099613
v 1.221611 36.881668 23.225906
v 1.566089 36.702984 23.381369
v 0.759420 37.049088 23.030554
v -0.007796 37.312042 22.799799
v 0.891427 36.622276 23.384348
v 2.601123 39.472893 20.627615
v -0.177426 37.943005 22.359341
v -0.746913 37.462421 22.913691
v 1.050730 39.308571 16.921585
v 0.478720 39.773834 15.740115
v -0.579892 37.893063 22.376154
v -5.687378 51.449551 7.191542
v -1.453329 40.082233 15.205578
v -3.142745 40.320126 14.819368
v -0.519794 37.864883 21.392406
v 2.488342 38.982697 19.224678
v 0.295733 36.870041 23.189154
v -0.724519 37.740017 21.011812
v -0.499098 37.142975 23.030807
v -1.110955 37.508701 21.326689
v 0.585775 41.890457 15.396704
v 2.879198 38.699310 19.002220
v -7.006378 43.832348 12.800263
v 2.536266 44.406513 15.845831
v 1.565901 39.125256 22.080637
v 1.762191 39.393303 22.084728
v 1.687163 39.121582 17.518116
v 2.942379 48.373722 16.225639
v 1.834584 48.738667 15.846055
v -5.136465 36.769497 18.016834
v 2.278397 39.116814 19.432341
v -6.973329 35.530682 18.597708
v 0.796101 40.660275 15.519172
v -5.352859 35.614265 18.857182
v -6.048012 35.711056 18.740282
v 1.054489 39.554417 16.232384
v 1.404926 39.457504 16.548443
v -6.719003 35.259243 18.896345
v 0.908312 39.710117 15.885520
v 0.790949 42.208160 15.499861
v -4.778575 35.682850 19.152168
v -4.150939 35.764008 19.381660
v 1.414135 49.204739 15.022799
v -4.502152 35.526249 19.411272
v 3.085246 38.647625 18.038786
v 2.763402 38.971226 17.451012
v -5.282475 35.349609 19.201948
v 1.828460 43.761456 15.731508
v 2.104003 44.231499 15.816140
v 2.459663 48.538155 15.995410
v 0.777790 50.718063 13.312319
v 1.602852 49.765823 13.628679
v -7.611559 35.588261 18.233286
v -7.376609 35.468082 18.450108
v 1.504277 52.852428 8.551682
v 1.884906 38.963848 22.192360
v 1.455362 43.264023 15.628873
v -3.896477 35.270866 19.826225
v -10.482228 37.134022 14.956934
v -11.900949 35.685989 15.377134
v -11.266181 35.975014 15.569372
v -8.055746 42.667915 10.948874
v -7.271090 40.973915 11.203963
v -5.652220 58.614834 -10.800890
v -8.791302 40.454536 10.027841
v -17.492601 35.054951 8.437962
v -11.935753 38.210300 11.542715
v -17.505926 33.027206 9.842831
v -17.940357 32.660267 9.296969
v -14.658394 36.950096 10.558217
v -12.162874 35.941944 15.023961
v -4.598728 58.900776 -10.449815
v -12.250702 35.532028 15.137908
v -14.503835 33.485870 13.765597
v -2.786884 55.626041 -8.833996
v -1.518401 57.443054 -9.049805
v -12.621943 35.231491 15.084864
v -12.931164 34.274487 15.228455
v -13.916173 33.365406 14.502988
v -13.597571 33.830631 14.673000
v -12.566519 34.440876 15.518045
v -1.432178 54.399658 -6.491682
v -8.838521 50.740463 -2.239074
v -11.061366 49.903927 -0.649583
v -5.711578 51.846008 -5.403419
v -12.729824 48.730564 0.394946
v -13.019581 48.172050 1.373751
v -12.666999 47.072060 2.648852
v -0.176624 61.198963 -9.191853
v -10.726025 44.571163 4.044858
v -1.938467 60.254589 -10.340350
v -10.351103 42.671242 4.774075
v -10.616316 41.006058 5.065219
v -1.957013 64.024986 -11.337535
v -10.331701 50.218422 -4.866619
v -13.152384 38.746136 7.879797
v 1.403882 53.568985 6.211603
v -16.291342 37.295078 5.970824
v -3.493530 69.354088 -15.834578
v -3.478996 69.413063 -17.066572
v -3.710352 69.669426 -17.389275
v -12.366569 47.999950 -3.578217
v -4.420586 69.205833 -15.651887
v -3.804286 69.665123 -17.928614
v -12.108359 47.063107 -1.794997
v -4.988449 68.049370 -19.338785
v -4.767355 68.488785 -17.780333
v -10.864694 45.820972 -3.124877
v -4.888025 65.432732 -13.028769
v -5.325799 61.186832 -11.590102
v -9.911887 42.738026 0.013443
v -16.912180 33.697361 10.382612
v -17.231997 33.445045 10.068306
v -6.392592 58.793758 -13.101470
v -10.794021 41.117607 1.091764
v -7.567941 43.423927 11.512513
v -15.295185 38.328770 3.448698
v -0.584309 58.072174 -8.523633
v 1.370280 53.903278 4.969707
v 1.664047 53.786293 5.351821
v 1.395168 65.690292 -8.445540
v 1.206231 65.451164 -8.451402
v 1.734575 65.453850 -8.453881
v 1.467511 65.233932 -8.340806
v -18.760469 34.912720 5.511807
v 1.377116 65.701729 -8.404181
v 0.453070 65.084579 -8.977718
v -6.647525 56.566360 -10.999000
v -6.472518 55.689545 -9.723401
v -19.538580 31.693808 6.804914
v -7.345978 53.189621 -8.739091
v -6.370405 53.654167 -8.328005
v -2.713461 53.115810 -5.038662
v -0.390283 65.064735 -10.844623
v -6.514208 51.528641 -3.629309
v -8.431967 51.656158 -7.535251
v 0.902330 55.651756 -1.976243
v -5.175623 52.039410 6.276106
v -2.462041 66.855179 -12.041730
v 0.439659 40.425114 15.185480
v -10.582595 24.214920 -26.155855
v -10.607953 24.347343 -25.732864
v -10.583808 24.812044 -25.613451
v -10.587578 27.646984 -27.725029
v -10.446960 30.929684 -31.489061
v -0.518429 55.283428 -2.249973
v -9.712812 37.271557 -35.210388
v -9.609571 38.084366 -35.547806
v -9.660262 38.878593 -34.983681
v -5.876199 51.726685 5.402785
v -7.230155 51.454334 6.837763
v -0.600629 62.567886 -10.171908
v 0.065481 63.417725 -8.282651
v -11.018764 49.868896 -5.882563
v -10.786360 49.343796 -6.872117
v -2.758918 54.057060 -2.059619
v -3.781463 53.492321 -0.109937
v -10.965306 48.046200 -6.357285
v -8.835200 50.637451 6.143885
v -3.363708 69.301399 -14.359552
v -3.267329 68.974548 -13.764141
v -12.095651 49.626328 -2.126662
v -11.930943 49.353916 -3.793280
v -9.761959 49.619324 5.119296
v -11.158070 47.231144 -5.009733
v -5.855452 53.202038 -0.698893
v -12.210751 47.754837 -1.386366
v -9.737890 49.304001 7.492572
v -4.199602 68.097458 -13.251270
v -2.471156 67.254143 -12.517249
v -10.662868 48.547161 8.039502
v -8.090254 52.165741 0.241919
v -8.204294 52.173420 -0.680693
v -10.700758 24.445860 -28.868959
v -10.745437 23.422729 -29.264912
v -10.725989 24.886684 -32.326279
v -11.166360 45.255680 0.442292
v -10.538061 43.801891 -0.872379
v -9.894953 33.437309 -35.906422
v -9.653214 33.994228 -36.159290
v -9.742596 35.508728 -35.653889
v -10.448722 41.272964 -1.271848
v -2.699690 39.536530 15.283869
v -9.329012 50.194023 0.959311
v -10.504999 43.283466 0.879407
v -10.724178 22.750023 -29.883238
v -10.743069 23.123497 -29.023952
v -10.739488 24.073009 -31.735310
v -10.299308 29.117548 -35.473789
v -10.449949 27.283316 -34.957935
v -10.129021 29.676624 -35.847614
v -10.572973 25.220514 -25.701143
v -10.557631 25.632763 -25.312326
v -9.955937 30.719963 -36.057446
v -9.616607 32.788948 -36.268959
v -10.772625 22.893351 -30.348202
v -10.775181 22.187214 -29.962049
v -10.633595 23.518768 -26.581244
v -10.643210 22.952198 -27.058723
v -10.643888 22.986696 -26.733616
v -12.309689 49.490433 1.806788
v -10.766720 23.204281 -31.313936
v -10.632821 25.359083 -33.256138
v -10.900395 41.080406 2.719227
v -9.046384 40.261169 -35.967453
v -8.554142 41.247959 -36.216862
v -10.687853 23.495768 -27.963270
v -10.684821 23.043596 -27.952988
v -10.675393 23.205538 -27.537077
v -10.689985 23.789650 -28.270100
v -10.099131 30.205561 -35.783070
v -9.681313 31.056711 -36.295307
v -10.174732 33.793671 -33.848431
v -13.373829 39.459503 0.185383
v -11.914549 40.011337 4.681102
v 0.596383 55.300884 -1.226008
v -11.773452 48.548214 3.665957
v -6.818771 41.967205 12.478440
v -18.056898 36.354000 3.360008
v -2.385950 54.348614 -0.301627
v -10.791323 22.305754 -30.392153
v -10.807804 21.972746 -30.867001
v -10.803279 21.713320 -30.368725
v -5.363966 40.126633 13.687867
v -10.786500 22.477436 -31.308519
v -10.768120 23.341549 -31.784979
v -12.067934 46.581535 3.842291
v -10.621593 25.008808 -32.846844
v -4.164797 41.208782 13.837499
v -6.091248 39.378349 14.116176
v 0.943665 66.011734 -9.962588
v 1.352591 66.116943 -9.683010
v -0.100133 60.533855 -6.973474
v -10.478631 26.843178 -23.861183
v 0.834488 54.209030 3.705000
v -10.354563 30.800531 -23.478151
v 0.456704 66.343826 -10.420538
v -10.283982 34.168751 -28.522455
v 0.051091 58.833744 -6.797095
v -9.955288 38.977402 -31.295969
v -10.931746 44.990940 5.351117
v -9.170188 42.465012 -35.287388
v -8.558743 44.118641 -35.765831
v -10.533316 26.272440 -24.803236
v -10.539300 25.947540 -25.085497
v -9.837768 42.424927 7.057325
v -7.899592 45.237797 -35.926880
v -8.233563 45.951553 -35.132168
v -2.203230 53.556953 4.329296
v -6.583420 52.780643 1.214547
v -9.793535 36.580078 -35.360416
v -8.185673 42.228947 -36.085583
v -8.596334 42.177368 -36.008808
v -8.440942 42.558769 -36.045242
v -0.307155 58.000259 -5.746469
v -6.507940 37.642822 16.570606
v -20.283121 31.153307 5.440256
v -0.401733 56.473248 -5.525746
v -10.494383 26.884636 -24.419331
v -10.495727 26.493740 -24.324152
v -19.412136 31.843750 7.022335
v -9.079332 41.970772 7.698801
v -10.213157 40.587025 6.979492
v -20.158104 30.866642 5.887457
v -3.758808 52.809116 4.237569
v 1.635364 62.551716 -7.398879
v 2.065284 62.765678 -7.460953
v 1.774060 63.182362 -7.480536
v -0.932601 55.523777 -4.450694
v -18.796722 31.550650 8.323359
v -6.137784 52.317120 4.601096
v -10.533101 25.942087 -34.594193
v -10.543106 26.011520 -34.188408
v -10.508834 26.251890 -34.812717
v -10.309759 26.394718 -35.135609
v -8.361916 38.048508 15.081281
v -7.978333 51.648693 4.933894
v -1.987236 54.375793 -4.304141
v -4.239563 53.843266 -2.723606
v -4.605265 53.187057 -3.433181
v -9.253925 36.034805 16.943954
v -9.859168 35.698586 16.864494
v -15.814237 33.524132 12.078197
v -15.533705 33.884609 12.265166
v -15.939997 33.802307 11.780625
v -12.111144 49.111324 5.598442
v -8.065157 52.237114 -1.521149
v 0.800024 55.794762 -2.546230
v 0.823211 55.952255 -3.014638
v -0.772413 55.429600 -3.048118
v 1.579072 54.748486 1.379831
v 1.461980 54.791698 0.803161
v -11.845254 46.842911 7.344414
v -10.239017 35.971333 16.336815
v 0.808812 54.539799 2.089524
v -1.079972 54.450848 1.567193
v 0.864197 54.453747 2.495747
v -10.703380 23.688168 -28.833303
v -15.009768 35.471420 12.017794
v -9.126562 39.806374 10.850862
v -16.514238 33.895233 10.894784
v -9.159074 42.827221 8.725356
v -4.608116 53.460510 -1.659602
v -5.373685 65.340691 -15.819735
v -10.716908 24.389481 -31.974911
v -9.785967 31.803974 -36.223877
v -9.539391 32.221230 -36.321968
v -10.621874 23.538960 -26.250273
v -3.873417 53.047302 2.176395
v -4.029239 52.727024 3.215979
v -6.534610 52.859676 -1.941690
v -9.705278 35.949848 -35.896580
v -6.226002 52.207569 3.651862
v -6.857176 52.400005 2.878039
v -6.557993 40.173439 12.752172
v -10.014612 42.035046 3.767044
v -10.720903 24.115633 -32.425316
v -10.713869 24.557974 -32.152924
v -10.570599 25.636389 -33.766800
v -8.700665 51.157021 4.129855
v -15.406917 33.427479 12.650003
v -14.824070 33.690670 13.269794
v -6.358577 52.478352 1.960208
v -10.513976 26.560581 -23.493074
v -10.485058 26.855474 -22.847853
v -10.908247 49.549629 3.893275
v -5.558684 62.259979 -12.394371
v -8.580250 51.524849 2.162709
v -7.968594 42.845341 -36.180679
v -10.615718 25.162666 -33.897663
v -10.638189 25.020666 -33.624470
v -10.330137 28.060930 -35.358486
v -10.151623 28.102730 -35.947823
v -12.185224 48.417370 7.031663
v -10.024990 44.638252 8.280577
v -12.594934 47.818268 5.129086
v -5.376089 55.194946 -9.056499
v -3.459800 53.780628 -7.677126
v -17.529390 32.756058 9.927736
v -3.660884 69.280800 -15.096031
v -9.503436 38.793259 -35.441639
v -9.131210 39.167702 -35.418503
v -4.826785 64.076340 -12.274452
v -16.668474 33.363865 10.910619
v -13.290896 33.641628 15.085877
v -9.847443 30.237814 -36.181030
v -10.546485 25.666006 -24.709686
v -14.123612 33.376427 14.231813
v -8.700084 41.772198 -36.041943
v -7.893802 45.670799 -35.613098
v -1.669987 68.463509 -12.187129
v -2.318032 68.571304 -13.164411
v -7.646892 51.690075 -6.605805
v -10.803432 21.750381 -31.291401
v -10.804468 21.787361 -30.994417
v -10.786500 22.477436 -31.308519
v -0.511225 67.356514 -11.493005
v -0.892995 67.614510 -11.768147
v -10.487441 42.414700 2.976255
v -10.820189 49.010445 -5.083814
v -0.162984 66.381798 -10.801685
v 1.086944 61.946659 -7.547849
v -12.279324 47.045254 -0.377936
v -10.703380 23.688168 -28.833303
v -19.802280 31.569733 6.426819
v -10.775181 22.187214 -29.962049
v -19.229177 31.606983 7.459702
v -10.477345 27.318184 -22.771749
v -9.560664 37.411366 -35.600101
v 1.090688 59.839310 -6.022906
v 1.687694 59.344589 -5.740119
v 0.936825 58.137447 -4.774724
v -10.682767 24.610991 -33.261345
v -19.934937 31.261757 6.171573
v 0.858765 57.354378 -4.548673
v 1.375224 56.854671 -3.998558
v 0.243951 56.281528 -3.996323
v 1.745284 53.885254 4.895774
v 1.201765 54.031284 4.497380
v -8.032677 46.679886 -34.825951
v -7.918753 47.062794 -33.611965
v -10.440584 28.401594 -21.394798
v -10.067046 37.589874 -27.284018
v -9.569248 43.494671 -29.254505
v -11.319022 31.233858 -16.713543
v -10.831271 30.669270 -17.631189
v -10.286136 33.163124 -18.282969
v -7.470997 47.515015 -32.748981
v -10.114228 34.729633 -22.423719
v -6.639046 47.870281 -32.826389
v -7.602690 46.935936 -34.343510
v -11.907030 31.836597 -15.839139
v -11.707187 31.572832 -16.167076
v -9.159636 46.744736 -26.523293
v -9.431334 44.436104 -24.763372
v -9.780939 39.190323 -21.949209
v -7.757782 49.537655 -29.931768
v -5.553157 51.347080 -30.438831
v -8.645975 49.061184 -28.452885
v -11.212556 30.556448 -17.200106
v -10.649152 30.307886 -18.326422
v -7.841809 50.692593 -28.886654
v -10.559346 29.861521 -18.936481
v -9.667430 42.328018 -26.294464
v -8.801276 46.428562 -32.414520
v -6.514366 48.222126 -32.281460
v -5.929016 48.587868 -32.117165
v -5.905924 50.365910 -30.756268
v -12.792206 32.371731 -15.201939
v -12.811389 31.883698 -15.572705
v -10.742712 29.748194 -18.388529
v -9.848929 37.666168 -16.407032
v -10.430691 29.824238 -19.929047
v -10.474970 27.812204 -22.010214
v -9.563016 42.240780 -22.144936
v -5.242077 52.826523 -29.876268
v -7.995475 46.242107 -34.968464
v -4.847513 53.314545 -29.860123
v -3.935098 55.595337 -29.253159
v -13.045277 32.820885 -14.762976
v -6.028399 48.986645 -31.692841
v -10.666371 33.004997 -16.397779
v -9.409028 42.825275 -20.223404
v -3.509617 55.069798 -29.660776
v -3.678802 54.460220 -29.859997
v -10.577871 36.317944 -13.448069
v -3.595302 68.854034 -20.041252
v -3.172828 68.967964 -19.092768
v -3.912355 55.972820 -29.131611
v -3.475479 55.558277 -29.440680
v -20.603394 29.253611 -10.808064
v -20.966175 28.896255 -10.409260
v -19.624622 30.504778 -11.186769
v -19.987785 29.981991 -11.121847
v -19.786072 29.980202 -11.418302
v -19.126877 30.841192 -11.491706
v -19.286419 30.524408 -11.598383
v -18.160175 31.865992 -11.637875
v -17.728519 31.813049 -12.184043
v -17.323603 32.200699 -12.240795
v -16.773296 32.786140 -12.267818
v -16.795038 32.398056 -12.569281
v -14.707629 33.518318 -13.276093
v -15.143882 33.818077 -12.634562
v -14.139568 33.926537 -13.176274
v -12.764328 35.038303 -12.946155
v -13.171008 33.256283 -14.389007
v -13.261053 33.657009 -13.971246
v 1.372690 64.850151 -8.280708
v -8.523077 50.939754 -25.212894
v -6.118304 55.063717 -28.119785
v -5.143514 60.024303 -26.153339
v -4.278664 58.321362 -27.722521
v -4.012940 57.231991 -28.409864
v -3.970408 56.845886 -28.632353
v -3.464482 56.273556 -29.126205
v 1.052741 66.086418 -9.363654
v 1.971665 64.498436 -8.097074
v -10.473386 28.606133 -20.776249
v -10.437428 29.068195 -20.802034
v -7.399553 47.341484 -33.555107
v -7.548913 47.126717 -33.939098
v -10.433558 29.633167 -20.333467
v 1.256374 55.089153 -0.251457
v 0.962270 55.225895 -0.724951
v -10.595131 29.402090 -19.230761
v -5.404488 51.936749 -30.202139
v -10.847853 30.085344 -18.002892
v -5.922426 50.683208 -30.572031
v -5.457157 51.167969 -30.541035
v -5.495230 50.806164 -30.723635
v -10.688062 27.768509 -21.524662
v -5.485235 49.586246 -31.441319
v -5.463931 49.958748 -31.233852
v -5.070605 52.469299 -30.109102
v -5.651915 49.260090 -31.603611
v -5.114939 49.407608 -31.667465
v -4.095234 53.760605 -30.000780
v -10.617991 35.657059 16.366449
v -13.584605 33.520721 -13.939116
v -21.985132 27.832018 -9.128138
v -21.771751 27.812199 -9.754354
v -21.572615 28.299456 -9.765147
v -20.735632 31.404404 -8.308251
v -21.463327 28.018579 -10.231994
v -19.314615 32.494137 -9.460547
v -18.820131 31.062452 -11.624940
v -19.126877 30.841192 -11.491706
v -18.565453 31.169483 -11.870651
v -16.368544 32.799183 -12.622669
v -15.886049 33.494377 -12.296771
v -16.030901 32.922543 -12.759814
v -3.449520 55.943264 -29.284658
v -3.839988 57.682518 -28.293301
v -20.527679 28.859022 -11.298512
v -8.483759 35.682381 17.719727
v -8.204984 35.630978 17.908031
v -13.661194 33.936550 -13.531786
v -8.204984 35.630978 17.908031
v -3.572515 56.941738 -28.773502
v -3.792295 56.620979 -28.824013
v -10.470117 29.041985 -20.271570
v -20.735161 31.101051 4.335487
v 1.764483 62.087757 -7.323779
v -20.498569 31.079321 4.927359
v 2.154809 61.578613 -7.065057
v -20.404015 30.847841 5.303820
v -11.898901 31.158810 -16.330204
v 1.629519 61.526802 -6.891822
v 2.009384 61.161179 -6.722902
v 1.578464 61.005875 -6.555379
v 1.144628 60.686520 -6.399019
v 1.498123 60.455826 -6.271215
v -23.373747 24.941824 -7.197958
v -23.439463 24.396362 -7.532929
v -23.474739 24.614145 -6.997900
v -22.866486 25.954439 -8.345063
v -22.651329 26.433769 -8.668530
v -22.434757 27.212976 -8.521017
v -22.143139 27.523891 -9.062791
v 0.796274 56.190605 -3.485715
v 0.823211 55.952255 -3.014638
v -16.333128 33.502323 11.346453
v -15.562239 33.203678 -12.845882
v -15.080382 33.412609 13.054382
v -7.821580 46.130989 -35.267101
v -10.433558 29.633167 -20.333467
v -14.281809 33.225655 14.117270
v -11.037670 30.353235 -17.560127
v -23.623997 24.249901 -6.478594
v -22.970741 26.050507 -7.767005
v -22.219553 27.755348 -8.589528
v -4.969514 49.855560 -31.452524
v -13.615685 32.925858 -14.426147
v -7.595516 46.334026 -35.205872
v -3.312692 69.376427 -18.492180
v -21.162148 28.624905 -10.314639
v -21.252680 28.265505 -10.448081
v -21.463327 28.018579 -10.231994
v -20.671108 28.876381 -10.986499
v -9.272891 42.587963 -15.515324
v -9.169538 44.183113 -18.080353
v -15.408099 34.745193 -11.356323
v -21.744362 31.688900 -2.895548
v -12.141967 36.522964 -11.619004
v -22.917898 25.837080 0.595377
v -22.989603 25.219421 0.656647
v -23.112026 27.012016 -1.634447
v -2.585803 67.511925 -23.801327
v -8.591705 49.765793 -20.655649
v -10.326674 38.043079 -11.120234
v -23.882671 23.599739 -4.284677
v -23.642193 24.550795 -5.694056
v -20.508007 33.646839 -4.374175
v -7.635814 54.130306 -16.953857
v -22.670397 28.178057 -6.329029
v -7.004786 58.635437 -19.396206
v -6.904681 57.482067 -25.078653
v -23.357328 23.517080 0.030297
v -23.257385 24.120958 0.241204
v -23.447111 23.240707 -0.173766
v -5.762287 64.284721 -21.755402
v -15.438890 37.546803 -5.846644
v -3.413140 61.029934 -26.842730
v -3.420499 61.629250 -26.547661
v -9.671659 39.869938 -8.755563
v -15.101909 36.789227 -8.340152
v -9.185860 41.359760 -8.233508
v -11.914038 38.173744 -8.499946
v -7.733695 54.388630 -25.697418
v -3.902420 59.719452 -27.243973
v -3.915760 59.152794 -27.449686
v -8.448876 48.425453 -15.529021
v -8.771466 44.388214 -11.060326
v -2.425709 65.790474 -24.939552
v -2.449261 66.596733 -24.448290
v -2.198603 67.235397 -24.043695
v -2.006020 66.773926 -24.488932
v -3.797954 69.472443 -15.700091
v -23.148987 24.605860 0.333036
v -23.156141 27.148930 -4.183009
v -21.180504 31.747082 -6.358793
v -6.961679 59.339703 -22.128923
v -18.052197 35.353939 -6.975064
v -24.023935 21.441683 -1.837593
v -23.590712 22.644804 -0.464819
v -2.291875 65.090538 -25.385536
v -21.021269 30.700066 3.698260
v -20.276731 34.172775 1.043439
v -9.264835 41.132996 -12.061140
v -19.330423 35.449215 -0.067656
v -2.396064 66.236717 -24.672321
v -1.971275 66.066727 -24.943842
v -1.702867 65.409538 -25.373535
v -21.339151 29.727947 3.486958
v -21.157970 30.798176 3.266759
v -21.618509 28.966801 3.150635
v -21.468956 29.472759 3.263919
v -21.825949 28.623888 2.714020
v -22.115911 30.284662 -0.432154
v -20.740255 32.838394 2.314472
v -9.918636 43.390755 -3.398587
v -16.224213 37.926064 -1.167481
v -9.152264 42.342892 -4.167056
v -6.006816 61.018257 -24.167183
v -10.147594 45.753559 -5.462248
v -18.381786 36.078182 -3.236442
v -1.685494 64.818161 -25.721622
v -9.052866 50.407089 -7.923658
v -10.022594 41.346245 -3.417659
v -8.249900 49.381283 -10.158970
v -23.631371 21.894751 -0.288536
v -23.765270 21.658297 -0.804478
v -9.430862 43.320923 -5.395796
v -7.711663 51.894897 -12.285118
v -9.735795 41.196808 -5.177411
v -6.863823 57.468086 -15.047938
v -9.926396 47.603294 -7.710406
v -8.732824 46.656410 -9.140006
v -6.382304 61.021732 -16.998777
v -5.731340 64.947517 -19.040842
v -24.106089 19.368315 -1.314621
v -24.065363 20.029226 -1.395442
v -24.180510 20.772766 -2.478781
v -24.198475 20.437250 -2.350533
v -9.679196 39.158562 -12.484276
v -24.130772 21.665703 -2.658087
v 1.591634 53.664673 5.792521
v 1.949243 53.580734 6.007515
v 1.824071 53.510872 6.366413
v -12.173643 39.391796 -4.677221
v -4.316096 67.941383 -21.656746
v 1.750007 53.939789 4.619225
v -8.752693 44.701096 -8.667301
v -23.950890 23.163240 -3.297360
v -3.201177 62.354500 -26.330898
v -8.340035 48.062824 -11.547312
v -2.419516 62.870804 -26.403154
v -1.532214 63.090755 -26.542099
v -1.263140 64.101875 -26.196827
v -3.003747 67.809921 -22.630728
v -3.310145 68.452248 -21.636913
v -3.182335 68.364548 -20.841787
v -23.088566 25.845697 -7.420517
v -4.117202 66.363411 -23.255526
v -7.979053 54.109310 -22.305840
v -22.731112 26.570141 0.952329
v -2.685885 62.412189 -26.510363
v -8.791039 42.640888 -7.885261
v -24.034336 22.545010 -3.318784
v -3.189144 60.784935 -27.116709
v -3.616037 60.313747 -27.100832
v -4.141167 68.668777 -20.451132
v -23.701197 24.255707 -5.421834
v -23.996935 20.126638 -1.118690
v -24.009569 20.547031 -1.323883
v -22.060646 28.306097 2.283846
v -22.178932 27.843204 2.031837
v -23.937208 20.943741 -1.234763
v -1.627462 64.511162 -25.891199
v -4.307428 58.664284 -27.519495
v -2.093330 63.030918 -26.435963
v -1.593401 62.979286 -26.606251
v -1.593401 62.979286 -26.606251
v -0.783348 63.129833 -26.693954
v -0.880388 63.627697 -26.468306
v -0.667526 63.678715 -26.466736
v -19.145117 31.359112 7.736286
v -19.005522 30.837954 8.214676
v -22.741705 25.998062 1.191646
v -24.260900 19.987167 -2.373923
v -24.253239 19.191036 -2.021849
v -24.242104 20.574043 -2.781757
v -23.445747 22.754065 0.038838
v 1.377106 54.394791 2.758905
v -21.034328 30.709444 3.698463
v -20.011890 30.955826 6.191144
v -23.821266 20.953932 -0.692627
v 1.098477 55.405338 -1.181224
v 1.404382 55.332115 -0.942471
v -11.169562 35.597664 16.008318
v -23.722803 24.242081 -4.997094
v -22.421297 27.169586 1.588614
v -22.319172 26.999117 2.036978
v -1.263140 64.101875 -26.196827
v -22.535154 26.768667 1.429991
v -2.610211 67.713043 -23.134235
v 2.159204 64.152290 -7.954648
v -2.954289 62.144650 -26.515753
v -8.623064 36.004139 17.382429
v -24.222303 20.935362 -2.977975
v -8.992699 35.710678 17.418043
v -20.721800 30.734089 4.589457
v -1.776543 65.140396 -25.514988
v 0.800024 55.794762 -2.546230
v 1.060577 55.005207 0.137941
v -21.964472 28.085495 2.559687
v -24.373793 19.533335 -2.722649
v -24.311796 19.916391 -2.797069
v -23.860262 23.543678 -4.678611
v -23.797909 23.960766 -4.734220
v -1.836296 62.544155 -26.762053
v -9.425935 35.571960 17.262568
v 1.231565 56.405148 -3.698213
v 1.123125 58.801979 -5.410826
v 1.027248 60.141487 -6.220390
v 1.444542 54.137592 3.834002
v -0.105164 66.600433 -11.056000
v 1.664047 53.786293 5.351821
v -0.930257 67.959763 -11.945640
v -14.766829 33.407959 13.459903
v -19.451998 31.032988 7.296871
v 0.285888 66.517235 -10.893831
v -12.400535 34.984962 15.350616
v 0.285888 66.517235 -10.893831
v 2.298023 61.815479 -7.372350
v 1.231565 56.405148 -3.698213
v 1.177288 57.708420 -4.574619
v 1.422420 58.797409 -5.186557
v -19.569649 31.257612 6.952649
v 1.144628 60.686520 -6.399019
v 1.498123 60.455826 -6.271215
v 11.485670 -18.775230 -36.954178
v 11.537129 -19.737869 -37.088417
v -8.879515 -21.820528 -37.541687
v 10.105069 -26.822884 -37.371735
v 11.922832 -23.984203 -37.155128
v 6.829199 -21.547281 -37.387699
v -3.354342 -18.597813 -37.494007
v -5.394979 -28.744528 -37.553070
v -4.437908 -28.284128 -37.691708
v -9.817875 -19.556774 -37.441341
v -8.755600 -20.028263 -37.527458
v -9.867351 -19.941002 -37.386127
v -3.081073 -28.070910 -37.685215
v -3.353132 -28.525322 -37.615059
v -2.014314 -27.889978 -37.689404
v -1.925941 -28.275072 -37.692810
v -1.165380 -27.798515 -37.687290
v 0.910132 -28.113600 -37.639496
v 1.442832 -28.200420 -37.513367
v 8.323163 -26.853815 -37.433865
v 2.206017 -27.959517 -37.595764
v -9.332145 -26.913910 -37.402588
v -9.482501 -28.391285 -37.452248
v -9.519517 -27.356640 -37.363091
v -8.790299 -26.201166 -37.607086
v 0.910500 -21.150490 -37.512859
v 11.459952 -22.617760 -37.186749
v -8.431745 -25.928919 -37.646046
v -9.740588 -26.558460 -37.310532
v -9.344627 -26.241108 -37.414398
v 0.471800 -28.141777 -37.525295
v -0.451286 -27.949749 -37.789742
v 10.086456 -27.714111 -37.399879
v 11.147045 -26.841860 -37.294388
v 11.631088 -26.380499 -37.269360
v 11.674281 -21.145239 -37.104782
v 11.789886 -21.856392 -37.094440
v 11.889398 -22.242718 -37.065430
v 3.012404 -27.996748 -37.626389
v 4.128172 -28.028158 -37.420902
v 4.596677 -28.255753 -37.334011
v 5.386175 -28.357273 -37.266140
v 9.110734 -17.258579 -37.206482
v 11.909910 -21.354637 -37.034016
v 11.656423 -18.156246 -37.029762
v -7.668196 -24.887844 -37.620808
v -8.407874 -23.984198 -37.597828
v -9.752985 -28.007256 -37.332668
v 6.630295 -28.032452 -37.339485
v -7.646485 -25.648823 -37.618206
v -8.092925 -23.373119 -37.590649
v 7.216673 -27.132013 -37.308422
v -7.770176 -23.554483 -37.610085
v 8.698070 -27.777704 -37.438381
v 8.315642 -27.403841 -37.488304
v -3.739105 -25.198267 -37.636894
v -8.817057 -23.123888 -37.583965
v -9.126658 -22.283585 -37.486763
v 10.437807 -27.488304 -37.374531
v -7.589625 -25.225389 -37.624973
v 0.258522 -26.339041 -37.635712
v 7.814865 -27.063517 -37.347515
v 11.847281 -20.307575 -37.012554
v -9.350842 -20.688538 -37.470314
v 10.760988 -27.255857 -37.331093
v -6.181797 -28.525766 -37.788654
v 4.697656 -25.889784 -37.548382
v -4.026674 -28.532795 -37.674610
v -8.824823 -28.887787 -37.658833
v -7.966334 -28.901741 -37.743874
v -7.164879 -28.659300 -37.716331
v -9.622574 -19.291897 -37.474899
v -9.217682 -21.359447 -37.429222
v -9.968041 -27.285898 -37.244385
v 7.034904 -27.646097 -37.232887
v -8.663932 -25.742899 -37.652222
v -8.471769 -25.428217 -37.634624
v -9.350842 -20.688538 -37.470314
v -8.054959 -24.727402 -37.612099
v -7.738048 -24.504791 -37.619183
v -6.610519 -28.669703 -37.690472
v 11.054311 -16.898575 -37.060314
v 10.623331 0.140948 -36.726463
v -11.039709 -2.332412 -36.865604
v -10.902567 -1.660720 -36.964077
v -11.339416 -12.984824 -37.285198
v -11.494486 -12.677357 -37.220257
v -5.612719 -16.347309 -37.455719
v -10.712628 -3.118193 -37.059944
v 6.857141 -8.714349 -37.056252
v 11.550100 1.655270 -36.545055
v 1.472613 -2.384457 -37.083221
v 11.683636 0.916213 -36.441883
v 1.566366 -14.906538 -37.370022
v 11.276057 -13.656524 -36.992481
v -9.970503 -18.896088 -37.441601
v -9.841850 -18.543961 -37.467014
v 4.768782 -5.826456 -37.059475
v -10.936893 -10.689975 -37.230465
v -11.330431 -11.093459 -37.197338
v -11.462065 -10.690028 -37.127758
v -10.585774 -10.164564 -37.234856
v 11.558681 0.357532 -36.465397
v -7.714538 -10.473351 -37.323910
v 6.889505 -4.014750 -36.933975
v -1.090189 -5.686993 -37.207256
v -10.479128 -3.938477 -37.046631
v -10.007718 -4.241169 -37.113964
v 11.877331 -12.735096 -36.777729
v 11.747335 -13.063847 -36.899040
v 11.556170 -11.969753 -36.921104
v 11.245195 -4.250222 -36.758957
v 10.921524 -14.485034 -37.028793
v 10.883503 -15.408699 -37.068592
v 11.022926 -16.393627 -37.072590
v 11.976080 -4.606071 -36.601471
v 11.719989 -4.325128 -36.723976
v 4.272533 -11.697262 -37.230907
v 11.812338 -8.275206 -36.801830
v 11.891112 -6.896178 -36.770451
v 11.867791 -7.590294 -36.766819
v 12.021868 -7.179726 -36.511597
v 11.974556 -6.292323 -36.569637
v 11.407945 -9.828963 -36.903751
v -10.964691 -15.186426 -37.341732
v -11.102825 -15.811173 -37.361412
v -11.322023 -15.389779 -37.298584
v 11.856658 -10.351304 -36.800945
v 11.353978 -1.539351 -36.693192
v -10.406199 -16.928209 -37.413784
v 11.635211 -3.684370 -36.721329
v 11.883651 -3.452573 -36.638916
v 11.346312 -0.769088 -36.566425
v -11.290936 -14.336222 -37.295940
v -10.182996 -17.222153 -37.424068
v -10.405224 -6.596390 -36.575001
v -9.898699 -6.546775 -37.172211
v -8.898972 -5.473054 -37.212776
v -10.366168 -8.913648 -37.223576
v -10.203948 -9.129306 -37.241009
v -10.205160 -7.663601 -37.206806
v -10.281965 -8.500098 -37.196266
v -4.084785 -9.933811 -37.323929
v -11.402000 -11.743386 -37.176453
v -10.902463 1.715838 -36.864967
v -11.111403 1.332063 -36.620922
v 12.052708 -8.569074 -36.636101
v -9.979484 3.208807 -36.966900
v -11.031510 0.723371 -36.818928
v -11.118781 -0.491150 -36.744656
v -11.369012 -0.048930 -36.235752
v -10.212128 -5.208779 -36.582287
v -9.971804 -5.332693 -36.792259
v -10.114333 -5.690117 -36.600227
v -10.056662 -4.948423 -37.036694
v -9.710777 -5.374563 -37.146751
v -10.056662 -4.948423 -37.036694
v -10.200278 -4.499274 -37.072803
v -2.706218 4.373724 -37.006184
v 1.470613 6.603831 -36.898483
v -5.217672 0.471761 -37.116776
v -9.993708 -18.022680 -37.445927
v 11.855655 -1.827694 -36.603371
v 11.593669 -2.140319 -36.677044
v 2.163719 0.718884 -37.006771
v 11.708484 -13.859419 -36.923637
v 11.326844 2.704542 -36.603096
v -11.183737 -10.392659 -37.208633
v 11.885333 3.873613 -36.491669
v 12.089829 3.190207 -35.954006
v 12.223184 3.483678 -36.113277
v 11.773579 -11.285102 -36.887028
v 11.221839 -15.014441 -36.988865
v 11.622270 2.198766 -36.560921
v 12.260157 -5.740123 -36.252304
v 11.949965 -5.327405 -36.455532
v 11.891917 -2.323435 -36.603680
v -10.410705 -6.055270 -36.396839
v 11.626070 -0.490416 -36.384686
v -9.924181 -7.073752 -36.687496
v -10.959556 -9.831473 -37.219242
v -10.371113 -5.567244 -36.265865
v -11.318145 -14.926761 -37.286083
v 11.723759 -1.025247 -36.572453
v 11.799853 -9.335759 -36.823704
v 11.987181 -10.051130 -36.714462
v -11.273291 0.487299 -36.340225
v -10.783604 -16.952320 -37.372467
v -10.762591 -16.558615 -37.402065
v 12.124747 -6.630532 -36.444996
v -11.538871 -13.426476 -37.184357
v 12.217957 4.251350 -35.984913
v -11.437016 -11.430315 -37.192890
v 11.266669 -16.056789 -37.030201
v -11.172984 -16.304991 -37.319469
v -10.357083 -17.891207 -37.411491
v -11.020367 1.874979 -36.650406
v -10.725434 2.741761 -37.120815
v 12.223184 3.483678 -36.113277
v 12.032146 4.802244 -36.361610
v -10.461192 -17.601627 -37.426044
v 11.752221 1.867326 -36.150406
v 4.654299 17.922485 -36.543030
v -10.508583 8.652490 -36.273464
v -10.176120 9.699564 -36.789158
v -9.533668 7.831293 -36.864014
v 5.958814 18.481314 -36.452648
v -10.484178 20.970039 -36.069286
v 7.865168 20.177786 -36.391685
v 5.395468 26.371988 -36.354797
v 3.858557 22.473320 -36.461815
v -3.573563 21.923321 -36.628151
v -10.096368 14.449406 -36.601788
v 7.111114 12.067308 -36.608727
v -4.696345 18.650640 -36.658360
v 12.523034 17.966110 -35.708679
v 12.267477 18.670383 -35.890759
v 12.542694 18.489351 -35.676720
v -1.090519 17.380533 -36.703777
v 6.509971 23.248297 -36.364391
v 11.666144 22.905376 -36.132671
v 11.927893 11.010276 -36.336842
v 11.563240 16.358128 -36.253429
v 12.201522 25.994677 -36.009846
v 12.264377 24.809196 -36.057968
v 12.654546 25.280434 -35.642345
v 12.619674 22.112408 -35.615047
v 12.572409 22.804024 -35.714401
v 12.386798 23.073084 -35.819450
v 12.024185 16.866096 -36.175819
v 12.035886 16.470579 -36.070515
v -10.420756 11.648323 -36.401859
v -10.278750 13.671601 -36.521599
v -10.834027 17.669693 -35.491425
v -10.670070 17.127188 -36.189201
v -10.709940 16.983147 -35.879120
v -10.514630 16.615570 -36.462349
v -5.933973 14.069835 -36.802376
v -0.261018 12.132429 -36.813454
v -9.468265 11.441349 -36.758816
v -10.388258 10.479836 -36.579296
v -10.692127 6.084184 -36.544891
v -10.480409 4.852610 -36.807041
v -10.860981 4.237557 -36.481750
v -10.760582 3.839088 -36.737610
v 11.576182 14.246238 -36.297726
v 12.344267 14.031731 -36.032574
v 12.600000 19.686735 -35.591637
v 12.347329 19.834028 -35.974461
v 12.597311 20.272345 -35.673527
v -10.556970 21.432806 -35.825836
v -10.117788 22.825932 -36.439087
v -10.611470 15.148071 -36.320621
v -9.327691 20.588732 -36.578136
v 6.059438 6.167608 -36.774612
v -10.772193 7.452454 -36.336555
v -10.408680 6.911019 -36.748138
v 11.492534 6.365987 -36.483887
v 11.941146 13.476644 -36.279747
v 12.169494 7.369235 -36.126205
v 12.388810 7.675279 -35.781891
v 12.120225 8.248502 -35.948368
v 12.358595 6.220281 -35.909470
v 12.152250 5.840988 -36.197903
v 3.277466 11.159145 -36.754478
v -10.764643 19.072802 -35.511292
v -10.697987 18.165506 -35.743221
v -10.309546 19.307909 -36.460373
v -10.549475 12.714378 -36.358711
v -10.604293 13.579817 -36.300713
v 12.098736 10.463802 -36.232475
v 12.268106 9.579157 -35.868279
v 11.260110 8.506545 -36.437618
v 12.316799 23.792023 -35.923027
v 12.207509 17.421360 -36.156635
v -5.483581 8.578158 -36.927467
v 11.635824 15.866886 -36.253090
v 11.925405 15.621200 -36.180653
v 12.116940 12.122465 -36.281532
v -10.655540 23.046715 -35.898037
v -10.787466 4.671242 -36.554512
v 12.371961 19.292511 -35.863369
v -10.764829 12.109493 -36.153576
v -10.681512 11.232393 -36.403793
v 12.595504 25.653225 -35.785648
v 12.197949 6.515983 -36.146431
v 12.189567 14.634522 -36.095509
v 11.855433 12.708707 -36.302967
v 12.543077 9.390541 -35.505184
v 12.426305 9.066557 -35.361012
v 12.543077 9.390541 -35.505184
v 12.734240 21.253550 -35.604851
v 12.821585 21.208973 -35.056633
v 12.659642 20.811134 -35.560921
v 12.043872 5.598567 -35.874866
v -10.634915 22.440033 -35.386944
v -10.555671 22.209242 -35.724289
v -10.649853 22.035816 -35.300873
v 12.378340 6.812680 -35.967125
v -10.573959 23.480968 -35.353798
v -10.475744 20.221100 -36.028957
v 11.872262 15.101229 -36.231880
v 12.215546 15.149575 -36.055264
v 12.559905 23.346180 -35.685513
v -10.901342 3.511378 -36.469410
v 12.849771 21.787992 -35.089432
v 12.290938 10.820620 -36.043598
v 12.604469 26.653410 -35.791164
v -10.330137 28.060930 -35.358486
v -10.125746 28.098236 -35.928463
v -9.725483 27.869020 -36.387714
v 10.572396 44.916473 -35.473148
v 12.618729 31.608370 -35.797752
v 12.237334 32.675854 -35.901924
v 12.800589 32.118534 -35.687061
v 13.140756 42.680248 -34.395969
v 12.977286 42.553078 -34.902740
v 12.956566 43.100636 -34.901402
v -2.771945 26.791273 -36.537830
v 11.668932 45.921036 -34.436420
v 12.272984 45.277786 -34.848194
v -9.602979 38.865513 -34.985264
v -9.503436 38.793259 -35.441639
v -9.552807 38.292065 -35.444744
v -9.295624 39.651527 -35.855438
v -8.494220 41.311611 -36.138607
v 11.403513 27.573845 -36.064045
v 12.363345 44.861683 -35.136639
v 12.684602 44.871677 -34.639065
v 12.710930 44.433922 -34.930786
v 8.948892 42.483177 -35.812366
v 12.516742 29.132969 -35.896214
v 12.658914 30.871399 -35.742405
v -10.517097 25.589247 -34.929794
v -10.092335 25.773752 -36.396606
v -10.499189 25.324984 -35.183727
v 12.744820 39.952015 -35.592911
v 13.221407 40.524212 -34.344975
v 12.686312 42.530918 -35.487194
v -9.633807 33.995979 -36.161037
v -9.735497 35.501408 -35.626640
v 13.012834 40.072803 -34.747074
v -5.323178 34.175453 -36.399151
v -1.578537 33.076313 -36.393738
v 2.891981 35.728531 -36.249729
v -9.975916 33.407692 -36.061066
v -9.606315 32.771042 -36.294125
v -9.688621 31.068914 -36.339127
v -9.785967 31.803974 -36.223877
v -9.543602 32.231194 -36.369690
v -10.596483 24.342852 -35.126110
v 12.492539 28.458778 -35.935432
v -8.973349 37.270256 -36.242722
v -9.520144 35.932205 -35.801231
v -9.736267 36.568775 -35.340748
v -9.600479 37.427761 -35.642551
v 12.720631 29.824255 -35.804504
v -6.829675 26.096430 -36.551517
v -3.186954 38.489960 -36.284313
v 2.304667 43.294910 -36.001076
v 0.731503 26.116171 -36.483913
v 13.145710 35.654022 -34.922337
v 13.125236 35.063503 -35.020069
v 12.982858 35.011715 -35.316845
v 13.040627 35.950706 -35.288136
v 12.662204 36.366180 -35.737080
v -9.842384 30.236374 -36.176868
v -10.055687 29.672619 -35.825905
v 12.771671 33.518040 -35.715435
v 12.908076 34.415901 -35.461826
v 13.203500 41.469521 -34.377285
v 13.071748 41.924976 -34.723709
v 4.746027 31.320496 -36.291653
v -7.838050 45.396969 -35.836922
v -4.289979 46.038445 -35.767925
v -9.703489 37.270744 -35.208389
v -9.559139 37.925568 -35.513996
v 13.002877 37.870522 -35.319412
v 12.981622 38.690533 -34.710354
v 13.039683 38.676266 -35.166779
v 13.046950 37.340359 -35.219540
v 2.690691 45.901897 -35.610210
v -8.185177 42.228771 -36.079895
v -8.436298 42.556011 -36.036240
v -7.951994 42.811558 -36.081089
v -3.573580 43.087536 -36.111660
v 6.511482 45.401459 -35.587662
v 9.552285 45.366234 -35.290070
v 11.404471 46.294655 -33.965771
v 7.330477 37.940281 -36.053181
v -10.475085 27.280365 -34.963749
v 12.678585 32.580082 -35.743656
v -10.322932 29.128916 -35.502579
v 13.238541 39.184967 -34.487053
v 13.102330 39.098938 -35.028622
v 12.930934 44.128269 -34.721176
v -9.443468 39.253578 -35.472496
v -10.517097 25.589247 -34.929794
v -10.443727 26.404991 -35.148209
v -10.585801 24.542896 -34.885586
v -8.700084 41.772198 -36.041943
v 13.059535 36.328510 -35.214737
v -10.091227 30.206202 -35.781170
v -9.959968 30.720133 -36.060596
v 12.660892 27.917799 -35.771084
v 12.950558 33.918591 -35.419052
v -0.252627 46.062729 -35.669872
v 12.575084 27.172422 -35.788033
v -10.603234 26.232344 -34.879158
v 12.893501 31.440361 -35.488968
v 13.079967 36.635963 -35.155140
v 12.599888 28.818304 -35.844814
v -8.596334 42.177368 -36.008808
v -7.956963 45.757038 -35.520382
v 13.161811 37.727909 -34.755527
v 12.865041 33.104465 -35.570484
v 12.323430 27.355991 -35.940731
v -10.537350 25.049603 -34.971325
v 13.189054 36.499119 -34.735710
v -7.594619 46.332954 -35.205906
v 10.870565 46.458210 -33.904388
v -6.659824 47.932022 -32.855984
v -7.600866 46.932220 -34.338066
v -7.389641 47.331348 -33.550068
v -3.907600 48.450542 -32.734566
v 0.261501 48.252712 -32.885628
v 4.546330 48.376488 -32.301342
v 7.989526 48.632866 -31.473919
v 9.663385 48.203789 -31.780531
v 10.298294 47.922058 -31.942503
v 10.745521 47.599995 -32.319912
v -6.515779 48.224701 -32.285862
v 6.389150 46.861515 -34.163094
v 7.660161 48.894386 -31.379192
v -4.093986 53.758350 -29.996725
v -2.373195 53.154446 -30.670727
v 2.766841 52.229153 -30.636759
v 3.756790 53.108963 -30.149918
v 4.549111 52.859634 -30.101280
v -4.821356 53.306217 -29.823511
v -5.242201 52.826580 -29.876598
v -0.944003 57.536983 -29.083786
v -6.026019 48.983482 -31.689383
v -5.500870 50.812798 -30.735062
v 1.456183 54.128933 -30.200893
v -1.459871 49.782734 -31.870848
v 2.560265 49.268810 -31.762358
v -4.973521 49.859219 -31.459660
v -5.463931 49.958748 -31.233852
v 7.058768 49.091885 -31.328873
v 4.837882 52.400089 -30.200954
v 5.872500 51.717926 -30.214491
v 6.401579 51.299725 -30.252037
v 7.027215 50.414085 -30.470158
v 7.741218 50.492867 -30.154587
v -7.916354 46.562790 -34.729794
v -3.682467 54.477158 -29.878904
v -5.651915 49.260090 -31.603611
v -5.118295 49.421421 -31.692966
v 10.502929 47.000984 -33.305496
v 10.831785 46.852745 -33.392174
v 7.347238 49.566059 -30.852472
v 7.895622 49.594681 -30.668644
v 1.700569 55.791592 -29.528700
v 2.399050 54.825062 -29.776707
v 2.875941 54.434620 -29.862720
v 2.902381 54.881859 -29.654942
v -3.461131 55.964062 -29.339130
v 1.201294 56.115906 -29.467245
v 2.211752 55.599651 -29.527927
v -3.475479 55.558277 -29.440680
v -3.891406 55.952065 -29.092367
v 1.257046 56.633568 -29.281973
v -8.214036 45.939346 -35.119789
v -3.821244 57.667816 -28.258560
v -3.571080 56.940182 -28.769840
v -4.012940 57.231995 -28.409864
v -3.083884 58.994045 -28.023325
v -3.459396 56.293289 -29.122360
v -3.792295 56.620979 -28.824013
v 1.694575 60.111084 -27.878309
v 2.497450 58.174911 -28.363365
v 1.733317 57.694901 -28.800945
v -7.548913 47.126717 -33.939098
v 10.285519 47.275517 -32.912861
v 8.508530 48.728317 -31.358734
v -5.404488 51.936749 -30.202139
v -5.080030 52.478687 -30.126255
v -5.534123 51.329102 -30.398033
v 9.359063 48.425446 -31.520590
v -5.457157 51.167969 -30.541035
v -5.926328 48.576275 -32.108952
v -5.919381 50.381310 -30.775503
v 7.090248 50.847652 -30.224682
v 3.323807 53.567059 -30.105759
v 3.556061 53.942875 -29.925112
v 2.135672 55.063152 -29.714308
v -3.509617 55.069798 -29.660776
v -7.821580 46.130989 -35.267101
v 1.914615 59.613987 -28.008894
v 2.266696 57.510403 -28.791544
v 1.662878 57.407684 -28.928455
v -7.487703 47.525372 -32.750992
v -7.908201 47.047764 -33.606602
v -5.922426 50.683208 -30.572031
v 5.405983 52.349628 -30.084927
v 5.746500 52.164532 -30.076244
v 6.884130 51.172161 -30.174374
v 3.761788 53.115986 -30.158722
v 3.587812 54.379154 -29.713951
v 3.238919 54.652931 -29.690081
v -5.483235 49.580322 -31.431684
v -3.930277 55.591015 -29.244665
v -7.995475 46.242107 -34.968464
v 2.358399 59.146393 -28.082682
v 2.266696 57.510403 -28.791544
v 2.652423 57.794621 -28.617109
v 5.208861 52.680737 -29.960024
v 1.686294 56.327995 -29.339718
v -2.954554 62.144932 -26.516356
v -3.923678 59.248714 -27.425430
v -3.756364 60.113026 -27.124243
v -3.185020 60.779671 -27.105745
v -1.834920 62.547272 -26.792395
v -0.784399 63.136707 -26.707438
v 0.381675 62.611305 -26.926165
v 0.158063 62.028770 -27.184713
v 1.737156 61.675690 -27.121128
v 1.243126 62.084850 -27.073299
v -4.297225 58.660896 -27.544237
v -0.531126 63.640625 -26.493046
v -0.220867 63.184189 -26.699928
v -0.880388 63.627697 -26.468306
v -0.034450 63.558598 -26.527775
v -0.141795 62.780659 -26.879429
v 0.645354 61.902397 -27.231503
v -0.195873 64.112465 -26.296061
v -4.274041 58.317413 -27.717175
v -3.420499 61.629250 -26.547661
v -3.413140 61.029934 -26.842730
v -2.685885 62.412189 -26.510363
v -2.417337 62.868328 -26.398973
v -1.593401 62.979286 -26.606251
v 0.305586 63.003487 -26.760542
v -3.175992 62.341339 -26.315273
v -2.093330 63.030918 -26.435963
v -1.357755 63.146122 -26.587696
v 10.608456 48.908123 10.782331
v 10.693049 48.491703 11.091798
v 11.107567 48.358658 10.903060
v 10.908176 48.202393 11.601350
v 11.159496 48.035988 11.358813
v 10.529066 49.624100 10.222236
v 10.319513 49.576244 9.797783
v 11.439517 46.997150 11.932058
v 11.252828 47.440147 11.591388
v 11.413901 47.510857 12.071496
v 4.311362 57.006001 -8.365236
v 4.784514 53.756439 -6.351622
v 4.337121 55.479069 -7.739153
v 12.805725 47.777077 10.115219
v 10.849215 49.605350 8.948065
v 10.368331 49.729893 8.514994
v 10.316436 49.997025 8.795526
v 11.624065 48.826981 8.626771
v -2.225006 68.816330 -14.122557
v 6.839844 52.898296 -1.362077
v 9.973149 51.046661 0.245545
v 11.466579 46.315186 11.375446
v 2.486444 65.957466 -12.267781
v 3.064671 65.369675 -13.906383
v 12.731947 49.464462 -2.014136
v 11.391899 45.976601 11.497238
v 0.525254 66.240662 -14.229433
v 1.718313 65.827293 -12.809158
v 0.182759 66.684990 -13.374778
v 8.735456 51.980114 -3.688752
v 6.061324 52.622196 -5.331819
v 9.165217 51.620815 -1.295487
v 4.395189 63.050266 -12.585279
v 4.081532 64.811394 -11.013034
v 4.766876 63.043240 -10.692518
v 13.654047 47.757744 2.010374
v 4.041345 62.219872 -10.063991
v 4.053952 59.785477 -9.380225
v 3.441269 63.396091 -15.744978
v 4.024734 62.208447 -14.634589
v 5.014074 61.246933 -12.939528
v 5.755608 59.064262 -12.104922
v -3.726313 69.379776 -15.148342
v -3.485523 69.356628 -15.835739
v -3.273173 69.427910 -18.502262
v -2.295448 68.159767 -19.499758
v 14.124106 48.033733 4.858855
v 12.913285 47.172310 10.114380
v 11.104106 50.038605 7.155210
v 13.261551 46.345890 6.843162
v 13.142357 47.504688 6.790033
v 13.075377 45.849712 7.011349
v 9.373124 50.924953 6.872152
v 10.489698 50.935486 1.336329
v 6.728997 58.009037 -9.959935
v 7.161803 51.740864 5.603043
v 10.743107 50.671169 3.450576
v 11.692506 49.469578 4.263423
v 3.637555 57.743732 -7.984120
v 6.924284 57.012447 -9.605088
v 7.192054 55.619370 -9.922706
v 8.928058 51.819393 1.176508
v 7.160012 52.431675 0.385503
v 7.786689 55.360329 -9.015479
v 3.920524 57.275063 -6.357626
v 3.764896 55.498875 -5.379999
v 7.976099 52.813316 -7.426337
v 2.765601 66.257431 -8.781685
v 12.823361 48.897556 2.483428
v -0.887462 67.997589 -11.950100
v -1.766355 68.532410 -12.338961
v 1.242436 65.701477 -8.576334
v 1.095200 66.041412 -9.385002
v 11.369477 45.301865 10.862122
v 11.519483 45.261398 10.536523
v 11.838127 45.456940 10.248230
v 1.559753 65.284836 -8.663669
v 8.152757 51.911400 -6.201933
v 13.386626 45.820827 5.550594
v 13.087278 45.289272 5.036422
v 1.939045 64.503471 -8.143438
v 3.021599 65.871696 -10.798719
v 6.147090 53.246468 1.476615
v 5.097950 53.842037 0.756197
v 11.686088 49.552353 1.413364
v 5.770666 53.827984 -4.262265
v 8.456612 52.334534 -2.302546
v 3.067475 61.553719 -8.234132
v 3.346409 60.789413 -7.367329
v 3.116496 55.054592 -0.789797
v 9.538910 51.019497 -4.068584
v 1.406336 55.345833 -0.937600
v 1.350847 66.030617 -9.678588
v 11.034518 50.191807 -1.953110
v 13.380061 40.360176 -33.311756
v 13.333811 49.162819 -3.909846
v 13.525544 46.880310 -3.500396
v 12.714874 31.557541 -25.071541
v 0.589107 55.330723 -1.219190
v 13.568963 47.516148 8.067262
v 13.347771 40.127632 -30.031139
v 13.244078 47.267242 -1.602466
v 12.965775 44.205666 -34.758644
v 12.881538 46.330406 8.869967
v 12.756818 44.913525 -34.654213
v 10.411097 50.376633 6.062963
v 13.224680 48.415630 -1.197977
v 13.315104 42.523975 -33.625618
v 6.896865 52.495132 3.156418
v 7.111914 52.267139 2.706429
v 12.942859 43.639038 -34.775082
v 12.710930 44.433922 -34.930786
v 8.790167 51.333664 3.814392
v 13.443439 45.587372 0.626428
v 12.828795 46.294514 -0.506343
v 12.146733 48.916248 6.649597
v 12.491346 43.619583 -0.644309
v -2.660421 68.684196 -13.394219
v -3.275075 69.059967 -13.717449
v 7.139330 52.108608 4.332820
v 7.172969 52.109680 3.933321
v 12.370515 44.749855 -2.413799
v 6.869707 52.220387 4.852893
v 12.434914 43.646770 1.244638
v 13.077573 44.425587 2.318486
v 12.599837 43.886292 2.033151
v 12.048627 42.299923 1.619938
v 12.118473 41.913506 1.375663
v 12.084205 42.881226 1.732623
v 12.127318 45.388317 9.223746
v 12.576295 45.776543 8.788781
v 12.720026 27.182693 -25.089586
v 12.763857 26.969456 -25.777967
v 12.750080 28.115782 -25.633944
v 4.796430 54.025852 0.905468
v 4.664334 53.956146 1.315028
v 13.432311 35.648819 -31.909786
v 13.250658 39.184765 -34.488712
v 13.240865 40.530487 -34.346111
v 13.092912 40.087364 -34.781620
v 11.032652 50.383327 5.050252
v 1.255814 55.092403 -0.250581
v 0.962765 55.232498 -0.722447
v 13.699693 48.423168 1.187939
v 6.380805 53.067856 1.690706
v 5.444191 53.665852 1.298674
v 5.799398 53.470707 1.257481
v 6.404666 52.993214 2.235162
v 6.675417 52.743389 2.803603
v 3.096616 58.640770 -6.863884
v 2.940429 57.986214 -5.052936
v 3.137738 63.934971 -8.303885
v 3.233004 62.198444 -7.852851
v 2.540177 56.374702 -4.065438
v 3.348244 56.006355 -4.493419
v 13.195065 46.306335 1.003412
v 13.243642 45.174313 2.904455
v 3.016384 64.564049 -8.890302
v 13.005849 26.764688 -28.245266
v 12.957198 26.333210 -27.841957
v 12.748650 28.543205 -25.461395
v 13.193940 29.633038 -29.631306
v 13.249838 30.941967 -30.199738
v 13.235197 30.627979 -30.044020
v 13.157357 28.410007 -29.436724
v 13.304305 31.189604 -30.913746
v 13.162403 32.154514 -28.631287
v 13.175765 29.014023 -29.586540
v 13.206092 29.175291 -29.845596
v 13.303741 31.931967 -30.830662
v 13.378204 32.885971 -32.247669
v 13.373459 33.210789 -33.063740
v 13.368225 32.589874 -32.667068
v 13.300153 36.366688 -34.031441
v 13.274844 35.555264 -34.147301
v 13.292514 37.165508 -34.180294
v 13.297305 34.658237 -33.951687
v 13.183798 38.714813 -34.727638
v 13.161811 37.727909 -34.755527
v 12.964806 37.899490 -35.337017
v 1.781580 63.169296 -7.530071
v 2.071496 62.764065 -7.445802
v 5.060750 54.572765 -3.541383
v 3.684941 64.699165 -13.143469
v -0.804283 67.444283 -16.862326
v 0.538762 65.804077 -16.003403
v 6.036434 53.565922 -1.873919
v -1.767500 67.748932 -17.343666
v 12.775374 26.232784 -26.094204
v 12.266699 45.267532 -34.840950
v 12.685132 28.895126 -24.921347
v 2.780240 65.337059 -15.942628
v 13.140756 42.680248 -34.395969
v 12.956566 43.100636 -34.901402
v 12.942859 43.639038 -34.775082
v 12.621819 29.300898 -24.007732
v 12.674335 28.807566 -24.394077
v 0.911000 55.601410 -1.989976
v 0.808080 55.799213 -2.539119
v 5.182357 61.934952 -11.483130
v 1.513078 54.817265 0.842494
v 2.387388 54.587715 1.457363
v 5.764552 60.046783 -10.229690
v 3.467786 54.450077 1.365021
v 1.577176 54.652660 1.366119
v -3.563983 69.380310 -17.089024
v 13.119685 27.629499 -29.162804
v 13.105967 27.078487 -29.203934
v 13.130453 27.228983 -29.585196
v 13.283216 33.679527 -33.629250
v 13.272466 33.867142 -34.112442
v 7.992671 52.449783 -0.408168
v 12.899058 26.114645 -27.459209
v 12.854148 26.155012 -26.757093
v 12.847757 26.487904 -26.911619
v 13.370464 31.795464 -31.729286
v 13.354676 32.375988 -31.512600
v 13.988267 46.882736 3.185075
v 13.064292 41.844307 -34.684456
v 13.656960 45.746841 3.601281
v 13.517245 45.733604 4.051042
v 12.550624 29.195532 -23.067545
v 11.656537 45.900959 -34.403572
v 12.674335 28.807566 -24.394077
v 12.587438 29.111258 -23.510422
v 12.624602 28.670212 -23.882460
v 12.353286 44.853722 -35.112804
v -3.394251 69.205017 -14.593688
v 10.862668 49.385281 9.791281
v 10.784686 48.976444 10.192663
v 12.700903 27.897001 -25.172075
v 11.432244 46.699539 12.269526
v 11.436595 46.284355 11.907263
v 7.959061 50.840904 7.834243
v 7.675916 50.977829 7.437655
v 13.080121 27.118822 -28.831305
v 13.161010 27.838888 -29.626057
v 6.947794 51.572533 6.754311
v 6.937650 51.557034 7.546552
v 0.220147 66.418358 -10.919923
v -0.107501 66.689095 -10.917019
v 10.793198 49.815987 9.321462
v 13.232912 29.670387 -30.187038
v 13.314079 31.563553 -30.774096
v 13.162088 37.011784 -34.691231
v 13.046950 37.340359 -35.219540
v -0.901621 67.617447 -11.781431
v -0.524944 67.284103 -11.688867
v 13.039683 38.676266 -35.166779
v 13.102330 39.098938 -35.028622
v 12.531140 28.846581 -22.254034
v 3.555062 65.594940 -9.258065
v 12.977286 42.553078 -34.902740
v 11.458151 50.066231 -6.401343
v 0.430329 66.355606 -10.471765
v 13.673344 48.429279 -3.751482
v 12.314117 45.076866 -3.390447
v 2.188042 61.641811 -6.988728
v 1.728400 59.328217 -5.761850
v 7.491484 51.995663 1.697951
v 9.428155 51.332439 2.092041
v 13.002722 26.357758 -28.232052
v 13.039951 26.548779 -28.625937
v 13.203500 41.469521 -34.377285
v 13.907461 46.865959 5.614929
v 13.237873 45.934231 6.427806
v 13.314079 31.563553 -30.774096
v 13.299597 37.167728 -34.175213
v 7.023765 51.784721 5.137519
v 11.405017 46.297752 -33.968388
v 12.582913 28.493345 -23.185097
v 11.954336 46.686821 -19.063633
v 12.160041 50.151031 -22.674929
v 10.866471 50.407272 -24.081224
v 10.180264 51.118000 -23.232033
v 26.113222 22.210133 -1.553463
v 26.120943 21.581837 -1.540104
v 26.120798 23.138144 -1.618020
v 26.551140 21.073536 -4.047694
v 26.338882 23.257175 -3.800703
v 11.958483 38.010540 -12.247533
v 12.475165 38.064327 -11.024250
v 10.745683 47.600910 -32.320530
v 12.026844 46.882004 -32.858578
v 16.757153 35.993595 -10.753234
v 19.319984 34.212975 -10.943883
v 13.950566 36.479462 -11.703759
v 23.053740 30.420275 -10.163067
v 22.365164 32.765495 -8.629241
v 23.985561 31.401548 -6.470180
v 24.956749 29.816875 -5.079029
v 21.480761 34.349407 -7.921412
v 11.751205 38.375153 -15.146415
v 0.443649 65.772896 -18.478493
v 12.610129 29.443361 -19.004076
v 12.669913 29.002836 -19.196363
v 12.560616 29.326918 -19.571915
v 12.493237 29.437080 -20.549471
v 12.490840 29.544439 -21.548223
v 11.738227 50.771770 -21.556854
v 9.659673 48.186241 -31.767719
v 9.348763 48.386993 -31.486883
v 10.835391 46.868233 -33.405727
v 10.501434 46.995369 -33.300461
v 12.719693 35.486771 -24.800581
v 12.927219 41.607792 -26.203434
v 13.138996 45.032967 -31.449390
v 12.541411 47.037144 -31.279095
v 6.828684 52.460869 -29.532667
v 5.405983 52.349628 -30.084927
v 5.214780 52.691029 -29.983168
v 5.746500 52.164532 -30.076244
v 13.011699 29.400339 -18.164154
v 13.407201 29.203470 -18.417982
v 12.811097 28.828859 -18.767897
v 8.350543 51.394093 -29.371630
v 6.885495 51.174057 -30.178062
v 9.736262 50.647186 -28.982296
v 10.923972 50.339695 -27.192959
v 4.099509 53.336864 -29.667471
v 5.949032 52.687191 -28.205250
v 12.533396 29.000463 -20.223822
v 8.823324 51.075268 -27.060728
v 13.100064 32.347374 -16.320477
v 12.379136 32.851532 -17.048738
v 14.010408 32.525265 -15.668299
v 13.566250 32.468643 -15.948981
v 13.110455 33.126793 -15.803082
v 3.780196 54.327858 -29.910017
v 3.323807 53.567059 -30.105759
v 15.008145 31.941113 -15.674521
v 14.566849 31.906397 -15.860678
v 16.860340 31.516499 -15.183372
v 15.569114 31.895988 -15.486970
v 6.401579 51.299725 -30.252037
v 7.735456 50.500977 -30.172146
v 11.815235 48.780289 -29.417601
v 7.929680 49.892807 -30.509552
v 16.794834 34.205513 -12.906046
v 18.312258 31.663548 -14.267681
v 19.106808 32.018074 -13.350665
v 18.716877 31.685564 -13.931829
v 4.503396 60.590096 -14.288965
v 12.305216 36.841717 -20.852114
v 11.846113 39.633419 -17.225023
v 12.646549 30.927446 -17.805786
v 13.313868 30.248693 -17.455133
v 13.040153 30.030285 -17.836716
v 13.321381 31.969780 -16.435232
v 12.329640 32.547592 -20.359612
v 12.675247 45.445419 -24.682482
v 12.308804 49.272541 -23.445610
v 4.039248 53.208256 -28.188892
v 12.635601 47.461830 -27.803812
v 11.772953 49.928719 -27.402491
v 12.898538 31.585003 -17.043318
v 10.070908 50.682835 -26.227407
v 10.870565 46.458210 -33.904388
v 7.850410 49.580078 -30.725891
v 8.502785 48.715809 -31.347555
v 7.339255 49.536423 -30.817741
v 2.875620 54.433884 -29.860716
v 2.903476 54.884037 -29.660902
v 3.238919 54.652931 -29.690081
v 3.641304 55.897476 -28.887739
v 26.131777 17.166616 -1.578771
v 26.259068 16.800924 -2.057927
v 26.244909 17.671106 -1.839760
v 26.448183 17.542233 -2.504061
v 26.492214 18.749249 -2.922814
v 26.569973 18.652193 -3.561678
v 26.560732 19.014591 -3.352711
v 26.631535 19.185528 -4.063636
v 26.597765 19.548000 -3.759602
v -3.172828 68.967964 -19.092768
v -3.552873 68.890205 -20.073275
v 10.607221 48.421204 -31.083145
v 26.160036 23.462145 -6.532138
v 25.980909 24.135513 -6.974055
v 8.844748 51.017277 -25.581491
v 12.719206 35.415279 -14.160767
v 13.228060 30.822947 -17.195517
v 13.024267 30.606287 -17.515041
v 12.985604 31.024052 -17.272005
v 8.287908 51.887039 -26.230186
v 20.180964 31.738544 -12.687918
v 2.209808 55.596802 -29.518604
v 3.867391 55.082787 -27.692181
v 26.278942 19.075481 -1.895511
v 26.277554 19.688496 -1.848633
v 26.501747 21.464935 -4.139411
v 26.464705 21.845781 -4.751777
v 26.427904 22.239840 -4.556043
v 20.910002 31.660521 -11.988270
v 26.355167 22.974026 -5.086811
v 26.221018 23.483696 -6.114199
v 25.854328 25.168131 -6.659189
v 12.209525 35.341171 -15.063004
v 11.911415 42.455418 -17.867464
v 14.432390 35.048939 -13.195572
v 6.823414 53.049866 -25.802902
v 12.124236 50.101696 -24.848297
v 23.718828 29.497322 -9.640201
v 24.303377 28.617207 -8.986045
v 24.094357 28.579262 -9.470734
v 23.714468 29.068514 -10.032759
v 1.688536 56.332645 -29.350868
v 1.283362 56.595203 -29.288258
v 1.598850 57.373184 -28.933603
v 23.275311 29.671358 -10.270920
v 23.456169 29.666231 -9.949093
v 22.937029 30.104469 -10.504460
v 3.242600 57.462376 -28.551580
v 21.666815 31.548019 -11.161816
v 21.584946 31.352808 -11.471652
v 21.391283 31.655214 -11.441381
v 13.169244 46.163963 7.438322
v 13.262844 46.562141 7.930280
v 18.922670 33.092060 -12.486620
v 25.708515 25.815210 -6.721890
v 25.488619 26.461792 -7.097183
v 25.185801 27.166082 -7.574858
v 1.371623 64.853096 -8.274610
v 3.682173 54.199211 -25.046978
v 3.834976 53.706005 -27.011166
v 3.780790 55.564896 -26.190268
v 8.679349 51.774773 -23.776590
v 4.876171 53.080898 -25.150640
v 5.004928 53.103477 -23.157787
v 7.057827 52.918251 -24.248329
v 3.531658 57.264389 -27.310137
v 5.542851 52.798134 -25.884069
v 2.395389 58.110306 -28.325480
v 12.502005 28.887184 -21.582371
v 2.272363 57.517952 -28.808231
v 26.009951 21.902370 -1.224566
v 26.040154 21.064272 -1.186074
v 26.106701 19.962276 -1.427822
v 10.298294 47.922058 -31.942503
v 10.284760 47.269844 -32.908600
v 4.729601 52.284653 -29.891500
v 5.876419 51.724483 -30.229961
v 7.660114 48.894199 -31.378965
v 7.058820 49.092007 -31.328863
v 7.090248 50.847652 -30.224682
v 7.022017 50.404335 -30.452213
v 17.844818 31.299006 -14.793614
v 13.566250 32.468643 -15.948981
v 16.593910 31.314541 -15.442594
v 16.134474 31.464943 -15.530489
v 13.210174 31.583399 -16.773926
v -0.498437 67.784042 -14.912336
v 12.517192 28.968884 -20.741735
v 26.406958 17.924650 -2.367624
v 26.510988 17.976089 -2.921115
v 26.468229 18.388809 -2.757412
v 1.016844 54.568611 1.948273
v 1.927253 54.562138 1.836943
v 26.588200 20.200478 -3.985860
v 26.594486 19.830959 -3.901016
v 26.882168 21.012798 -4.427305
v 26.331007 22.908920 -5.721928
v 26.245892 23.142847 -6.155900
v 25.868372 24.669485 -7.055105
v 1.702605 55.794365 -29.537971
v 26.070204 18.271189 -1.375366
v 26.208567 18.188047 -1.724414
v 26.392885 22.726295 -4.586585
v 26.392885 22.726295 -4.586585
v 25.004726 27.305367 -8.067785
v 24.845875 27.754299 -8.204898
v 24.420525 28.093527 -9.172512
v 24.767122 27.631411 -8.540745
v 22.695633 30.751417 -10.292123
v 22.513700 30.645393 -10.729478
v 22.258335 31.191278 -10.618752
v 25.550127 26.074553 -7.157879
v 25.339470 26.557770 -7.535357
v 21.269985 31.360254 -11.855601
v 7.896173 52.981430 -22.472418
v 1.475495 54.855690 0.860425
v 3.841975 56.885609 -25.985365
v 25.966200 22.657591 -1.091341
v 3.688002 54.258804 1.606944
v 12.441988 43.273960 2.266941
v 2.652423 57.794621 -28.617109
v 1.635364 62.551716 -7.398879
v 1.760486 62.095718 -7.318624
v 1.629521 61.526020 -6.892765
v 2.017643 61.182926 -6.691318
v 1.578464 61.005875 -6.555379
v 3.753194 53.105053 -30.140448
v 1.498123 60.455826 -6.271215
v 15.161600 31.582151 -15.860834
v 18.080656 30.930811 -14.921474
v 17.528151 31.340992 -14.937002
v 0.796274 56.190605 -3.485715
v 19.684071 31.824791 -13.038975
v 2.399050 54.825062 -29.776707
v 2.135672 55.063152 -29.714308
v 4.197610 54.294430 -22.954914
v 1.201522 56.116562 -29.469007
v 25.984632 18.722452 -1.182528
v 12.947823 44.742126 2.976610
v 11.766631 51.155312 -19.766275
v 8.982387 50.324947 7.623453
v 6.700119 51.969246 6.032888
v 7.997734 48.689301 -31.524342
v 26.606281 19.903330 -4.511730
v 19.684071 31.824791 -13.038975
v 20.122761 31.513605 -12.903172
v 4.102602 57.715881 -16.857912
v 11.802675 43.398663 -3.774207
v 2.933741 62.654522 -20.710527
v 3.159590 62.919342 -19.456982
v -0.442251 66.387222 -22.578791
v 13.025209 40.023079 -2.844584
v 12.635273 40.246616 -2.408678
v 0.472723 65.762985 -22.798767
v 1.926982 63.967155 -21.377827
v 10.061155 52.895691 -16.980415
v 11.262762 52.130371 -16.873343
v 5.020531 55.220619 -16.481363
v -1.458521 67.628830 -21.612310
v -2.123605 67.229645 -24.205450
v 9.400465 54.205334 -12.985493
v 9.215830 53.408195 -14.785275
v 8.724376 54.500698 -14.271291
v 25.158949 26.445908 1.067110
v 25.190237 26.118979 0.916993
v 25.374239 26.542498 0.292352
v 25.199705 28.757835 -0.500363
v 25.325083 28.052408 -0.465103
v 25.043331 29.343966 -0.409487
v 11.222024 46.079578 -7.396605
v 10.956515 46.623230 -7.993249
v 11.086258 49.263741 -7.473699
v 10.903691 46.956760 -9.877942
v 3.416275 59.216831 -19.169479
v 3.801542 57.435402 -18.874790
v 3.696200 56.422016 -23.585066
v 10.429585 51.769890 -9.885164
v 6.827627 53.659733 -20.277916
v 11.039109 49.066147 -13.381565
v 19.752613 36.344856 -6.285373
v 14.510721 38.379795 -7.736536
v 10.325123 53.528408 -11.873856
v 24.814201 30.820873 -0.966004
v 4.455177 57.003899 -17.180906
v -3.797954 69.472443 -15.700091
v 11.851665 40.608257 -3.795387
v 23.286926 33.852676 -2.781109
v 7.381584 53.375343 -20.137178
v 22.299755 34.663429 -4.971666
v 24.757996 30.581764 -0.842341
v 2.662589 59.081635 -24.543139
v 1.046468 64.397705 -23.603596
v 2.413632 60.552696 -24.285408
v 13.227751 39.753777 -3.660114
v 2.678926 62.282341 -22.550798
v 3.555872 55.116520 -24.005590
v 1.250087 62.031487 -26.976425
v 0.158083 62.030979 -27.189894
v 0.381675 62.611305 -26.926165
v 6.544738 53.482079 -22.482306
v -1.973092 66.812706 -24.525253
v 8.764815 52.521477 -20.742290
v 8.871798 53.096779 -16.987284
v 2.721335 58.521324 -26.628941
v 2.286104 59.136749 -28.043121
v 10.553994 44.947960 -7.608560
v 25.206663 25.174576 0.912788
v 25.553583 26.939125 -0.740998
v 25.462542 26.886122 -0.280581
v 25.449081 27.486454 -0.763928
v 25.495867 27.455463 -0.814083
v 5.482448 54.623310 -17.207458
v 3.413177 58.510948 -20.671707
v 11.537726 40.364948 -5.651155
v 4.096956 56.041759 -18.579025
v 1.768725 63.388836 -23.029896
v 25.617882 23.902220 -0.174632
v 25.678329 23.319532 -0.153637
v 0.617581 65.587929 -24.295303
v 6.695661 54.032158 -18.503901
v 25.856571 26.764761 -3.557964
v 8.760018 54.092342 -15.999660
v 10.580429 42.699432 -7.032512
v 2.946131 60.240662 -22.099545
v -1.971275 66.066727 -24.943842
v -2.396064 66.236717 -24.672321
v 11.516064 39.528004 -10.060564
v 11.313920 39.945545 -12.398812
v 13.393272 39.650707 -4.371176
v 2.236820 62.721272 -23.833885
v 15.263397 36.915905 -10.054699
v 18.613161 36.485203 -8.044714
v -1.734605 65.463249 -25.471548
v -0.252559 65.928535 -25.460035
v 11.169374 45.766304 -13.131189
v 25.235575 23.952244 0.530284
v 25.307354 24.234642 0.503950
v 9.727226 52.307526 -20.433699
v 10.415573 52.529476 -18.521030
v 10.976578 40.625488 -6.455497
v 15.371164 38.869518 -4.090931
v 15.810088 38.750507 -3.789291
v 4.653134 54.303684 -18.831085
v 14.451037 39.166821 -4.832136
v 13.731594 39.435097 -4.881132
v 14.622377 39.210522 -4.159684
v 10.926391 42.210403 -7.958876
v 7.975625 53.626289 -18.695845
v 17.190720 38.012146 -4.648582
v 1.744728 62.483761 -25.489712
v 0.984026 63.646713 -26.386150
v 6.306046 56.231388 -12.437303
v -1.629619 64.521568 -25.893837
v 10.838286 44.034599 -8.291194
v -0.196011 64.123245 -26.313442
v 10.880291 52.466248 -14.300849
v 10.938969 52.743877 -15.317253
v 6.461404 54.754410 -12.355833
v -3.164197 68.372879 -20.832891
v 8.595843 54.799271 -12.461162
v 3.558226 61.861088 -16.410038
v 5.218433 56.927536 -14.333577
v 11.917673 39.560120 -8.840587
v 1.898560 65.203026 -17.971972
v 2.894936 64.099411 -17.607973
v -3.176689 67.988045 -21.839718
v 0.275372 66.078560 -19.277863
v -1.388284 67.438751 -20.089067
v 4.809065 58.389107 -15.046610
v 4.133070 59.116653 -15.778856
v 24.216557 32.116486 -0.767136
v 24.258173 31.894512 -0.449842
v 24.452948 31.470642 -0.850164
v -0.880263 63.626804 -26.466578
v 3.287682 57.857159 -22.512157
v 1.900438 65.344002 -19.404409
v 1.479839 65.354729 -20.939939
v 21.508610 35.678112 -2.843674
v 4.736000 53.944214 -20.049477
v 22.105940 35.233204 -2.306300
v 22.659237 34.632072 -2.759714
v 7.247215 54.842514 -14.433304
v 11.129190 43.272995 -12.606592
v 3.934241 56.466366 -21.489220
v -0.561804 63.662712 -26.454407
v 1.825728 60.769135 -25.739023
v 12.410908 41.543407 -0.541126
v 3.218070 61.305847 -17.999968
v 12.962406 46.156303 8.214948
v 11.399777 41.680538 -2.648738
v 12.465574 41.129074 -0.915161
v 12.155737 41.274345 -1.955939
v 11.191457 43.948387 -6.388154
v 5.720326 54.702827 -14.107618
v 6.422568 54.567261 -15.469187
v 12.972523 48.665703 -5.503191
v 10.489844 51.331490 -7.889574
v 24.705462 30.399370 -0.180702
v -2.601189 67.736877 -23.148746
v -3.033703 67.894150 -22.622370
v 9.964808 54.622776 -11.044791
v 9.541979 54.907959 -9.631743
v 8.480633 55.401527 -10.246283
v 12.967325 47.346581 -5.636842
v 24.192741 32.323227 -1.172799
v 23.636183 33.295063 -1.893239
v 3.392784 58.295753 -23.351425
v 5.060246 56.967976 -15.582712
v 12.181101 40.696369 -2.047193
v -2.580718 67.488243 -23.734535
v 25.151688 28.462275 0.070959
v 12.220038 45.281113 8.787628
v 12.429243 41.796612 0.296390
v 7.633914 54.565529 -16.169569
v 25.352345 27.032791 0.041317
v 13.467300 39.623314 -3.886644
v 25.184746 24.541449 0.798524
v 16.692059 38.353214 -3.884602
v 17.167578 38.111340 -4.117251
v -1.776543 65.140396 -25.514988
v -1.685494 64.818161 -25.721622
v -2.112595 65.069008 -25.422466
v 13.020569 45.455376 5.956632
v 17.995256 37.545666 -5.208367
v 21.326132 35.796700 -3.257032
v 20.694185 36.263306 -3.303304
v 20.645237 36.221996 -3.748285
v 20.273104 36.473782 -3.738905
v 20.287474 36.364948 -4.329196
v 12.446911 41.706821 -0.127924
v 19.196815 36.923252 -5.151691
v 24.621414 31.003931 -0.680245
v 1.773932 59.897835 -27.966116
v -0.034527 63.557743 -26.525473
v 19.583622 36.725830 -5.100401
v -0.141795 62.780659 -26.879429
v 0.305586 63.003487 -26.760542
v -2.449261 66.596733 -24.448290
v -3.799771 69.646523 -17.915709
v 25.966200 22.657591 -1.091341
v 25.840031 23.031450 -0.737317
v -2.411745 65.775467 -24.911064
v 16.878067 38.213974 -4.235375
v 2.235855 54.492294 1.926931
v 17.963881 37.666271 -4.626121
v 24.116674 32.250210 -0.380755
v -3.353077 68.247330 -21.495132
v 18.576305 37.282307 -5.111406
v 23.373209 33.663055 -2.233845
v 2.159204 64.152290 -7.954648
v 19.936443 36.585781 -4.479194
v 19.580465 36.811317 -4.550738
v 12.668009 40.380825 -1.732232
v 25.035328 29.098736 -0.022453
v 13.279975 45.321171 3.319195
v 25.049257 25.680752 1.218433
v 15.547352 38.901539 -3.602200
v 0.647205 61.899967 -27.225748
v 1.060577 55.005207 0.137941
v 20.873508 36.167816 -3.063874
v 3.980187 54.206585 1.366422
v 18.941837 37.150478 -4.808356
v 23.945332 32.728218 -1.268654
v 23.870504 32.865635 -1.530094
v 12.494765 41.406361 0.092784
v -0.220867 63.184189 -26.699928
v -3.678460 69.624611 -17.348448
v 1.413343 56.779869 -4.123777
v 0.858765 57.354378 -4.548673
v 2.804712 54.424068 1.879666
v 1.231565 56.405148 -3.698213
v 1.438209 58.825855 -5.162740
v 12.326865 42.771915 2.085480
v 2.298023 61.815479 -7.372350
v 12.306836 45.230202 8.337825
v 12.640928 45.688541 8.261422
v -1.162195 68.122742 -11.961364
v 6.967327 52.414265 3.561059
v 6.139388 53.214851 1.669466
v 5.818925 53.390648 1.837544
v 1.098477 55.405338 -1.181224
v 1.760486 62.095718 -7.318624
v 11.935168 45.080475 9.121710
v 12.165145 41.733921 1.773951
v 12.233937 41.302067 1.357795
v 1.177288 57.708420 -4.574619
v 0.959852 58.109901 -4.818088
v 1.123125 58.801979 -5.410826
v 1.115712 59.823807 -6.062725
v 1.027248 60.141487 -6.220390
v 13.553082 45.709675 4.052903
v 13.301737 45.305874 3.323468
v 13.594872 45.781467 3.594591
v 12.790900 39.693272 8.065028
v 13.296287 39.471390 7.696885
v 11.931740 40.401924 6.056393
v 13.238838 39.512184 8.129422
v 11.598769 43.453300 5.269154
v 11.454916 41.442200 5.077730
v 16.818653 36.847439 10.507659
v 17.024132 37.170132 9.503555
v 17.450718 36.238190 10.672522
v 17.392395 35.882317 11.148783
v 17.448629 35.191814 11.813478
v 18.165504 34.648453 11.362293
v 17.559769 34.744385 12.046198
v 12.839540 45.670944 7.498018
v 13.075377 45.849712 7.011349
v 16.743788 37.215302 9.844521
v 13.018195 45.457024 5.956360
v 13.106817 45.274494 5.040846
v 13.368279 45.832581 5.546518
v 12.762496 45.390442 7.036516
v 11.891898 44.250393 7.428082
v 11.872274 43.554230 6.175811
v 11.582948 40.138081 7.910843
v 11.290943 39.711803 9.743876
v 11.903109 39.687584 9.406616
v 11.145931 42.454922 8.007831
v 11.427922 43.009102 7.491449
v 11.592733 40.742622 7.015835
v 11.131422 42.454941 8.001278
v 9.949149 41.578957 9.241263
v 17.177074 37.361221 9.038227
v 18.416824 37.883530 3.733145
v 20.378078 36.557529 3.085630
v 20.473959 35.539989 6.118232
v 16.928085 37.854042 7.928084
v 12.456648 43.270550 2.264997
v 12.599837 43.886292 2.033151
v 11.951512 42.887905 1.883002
v 12.165145 41.733921 1.773951
v 12.080679 41.881325 1.381364
v 12.650169 40.492882 2.529266
v 12.249081 40.746479 3.938585
v 16.841566 38.652702 3.854625
v 21.385296 33.071659 7.221853
v 20.795710 31.288921 9.083476
v 19.965876 32.020012 10.268508
v 19.589010 31.687601 10.746983
v 14.750062 38.976929 7.656280
v 14.435507 39.191879 7.301660
v 16.842916 37.646809 8.606174
v 15.043130 38.861828 7.573461
v 15.271671 38.887573 7.143653
v 18.600447 33.276508 11.617428
v 18.848499 33.084454 11.373433
v 12.415479 39.721214 8.459766
v 12.938999 39.523277 8.464649
v 17.257454 35.631550 11.613072
v 17.317823 34.921276 12.254677
v 12.342600 42.768375 2.077779
v 20.376509 31.606817 9.641721
v 20.137470 31.771790 9.928102
v 12.233937 41.302067 1.357795
v 12.891825 40.390324 0.254669
v 12.133191 41.922482 1.410460
v 12.783322 44.267006 2.302860
v 12.922482 44.563248 2.337660
v 12.950559 44.740208 2.977431
v 12.255021 43.098209 4.023751
v 15.933718 38.558701 7.133096
v 12.186537 44.406796 6.747320
v 10.996429 39.745766 10.027678
v 11.256743 39.658192 10.018810
v 11.212546 42.861443 7.979487
v 10.751738 42.526501 8.486081
v 9.987523 40.638973 9.905633
v 13.886089 39.271690 7.932765
v 17.943638 33.947803 12.109217
v 18.181572 33.426533 12.125279
v 16.405685 38.083015 8.037335
v 20.584154 31.006445 9.454982
v 18.571909 32.972023 11.812681
v 13.022713 40.102165 -2.814561
v 15.173831 39.306873 -1.881462
v 21.646276 35.871742 0.620761
v 25.361877 26.542191 0.288673
v 24.987654 26.385359 1.487226
v 23.994143 31.233088 2.421428
v 23.264841 30.547138 4.674709
v 14.622018 39.208462 -4.159127
v 23.625269 33.066845 0.866515
v 25.443470 27.544590 -0.736753
v 25.329458 28.052969 -0.464335
v 25.533590 26.937061 -0.745572
v 24.006111 29.310677 3.305127
v 23.757023 29.757046 3.758473
v 13.714770 39.396454 -4.878007
v 15.376970 38.882767 -4.094289
v 15.608917 38.845196 -3.704880
v 13.393272 39.650707 -4.371176
v 13.499486 39.708679 -3.916206
v 18.879051 37.683788 -1.475867
v 16.690472 38.349709 -3.881514
v 20.314945 36.527031 -3.748814
v 20.886246 36.184334 -3.065711
v 24.165493 28.199333 3.083639
v 24.385426 27.902971 2.657071
v 25.431404 27.040184 0.059153
v 25.157372 28.463350 0.072491
v 17.167578 38.111340 -4.117251
v 16.692059 38.353214 -3.884602
v 18.944920 37.156143 -4.809271
v 17.079651 36.305130 10.996243
v 22.101030 35.226028 -2.306000
v 17.963507 37.665489 -4.625984
v 24.631227 31.007021 -0.678644
v 24.116674 32.250210 -0.380755
v 24.172674 32.313213 -1.170195
v 23.946653 32.728863 -1.268459
v 20.645237 36.221996 -3.748285
v 20.694185 36.263306 -3.303304
v 21.326132 35.796700 -3.257032
v 21.517384 35.688431 -2.845450
v 22.701536 34.656937 -2.763826
v 24.565121 27.632788 2.299676
v 24.729141 30.406343 -0.178088
v 17.734312 34.170570 12.226768
v 19.196815 36.923252 -5.151691
v 19.580465 36.811317 -4.550738
v 23.573780 33.256550 -1.890611
v 23.373209 33.663055 -2.233845
v 23.233566 33.818935 -2.775541
v 19.583973 36.726475 -5.100700
v 19.954208 36.608067 -4.480227
v 21.926914 32.624619 6.486334
v 22.423355 33.959480 3.729735
v 16.834438 38.738281 0.447207
v 22.452684 30.320604 6.434514
v 21.966711 31.067095 7.087512
v 22.614063 30.910820 5.943724
v 12.199177 40.732315 -2.066253
v 12.668009 40.380825 -1.732232
v 12.378004 41.225666 -1.283498
v 12.480558 41.089428 -0.914158
v 24.796965 27.042192 1.827034
v 24.824217 26.585812 1.763979
v 25.035328 29.098736 -0.022453
v 25.029751 29.340357 -0.411530
v 23.016663 30.830214 5.098802
v 12.654269 40.275055 -2.418662
v 12.429243 41.796612 0.296390
v 23.371677 29.906652 4.606709
v 23.555731 29.919146 4.204602
v 13.235225 39.739674 -3.670129
v 13.241797 45.932693 6.429297
v 25.465546 26.886436 -0.279688
v 15.547352 38.901539 -3.602200
v 20.248144 31.217993 9.944582
v 23.990543 28.718468 3.445107
v 14.449969 39.150944 -4.825624
v 10.080045 42.037922 9.218564
v 10.001540 41.304607 10.126829
v 10.284635 39.773827 10.662146
v 9.980328 40.239777 10.273050
v 18.576305 37.282307 -5.111406
v 23.870504 32.865635 -1.530094
v 21.068975 31.481569 8.533781
v 21.289206 31.070881 8.270341
v 20.287474 36.364948 -4.329196
v 21.721003 30.948647 7.580085
v 11.716382 39.534866 10.052526
v 12.477015 41.403488 0.093504
v 12.443436 41.542606 -0.551425
v 12.446911 41.706821 -0.127924
v 12.166440 41.289158 -1.970280
v 23.489334 29.532654 4.420019
v 23.680122 29.392361 3.993423
v 17.190544 38.011234 -4.648300
v 24.324537 27.467850 2.811591
v 17.993780 37.542366 -5.207596
v 24.452948 31.470642 -0.850164
v 24.258173 31.894512 -0.449842
v 24.211779 32.114540 -0.766961
v 19.357386 32.476936 10.885717
v 21.429197 31.413273 7.910015
v 22.833401 30.456959 5.614271
v 24.744036 30.577118 -0.841675
v 24.699509 30.790611 -0.960318
v 25.196796 28.757206 -0.500346
v 16.878067 38.213974 -4.235375
v 21.721003 30.948647 7.580085
v 18.400358 33.497692 11.749501
v 18.181572 33.426533 12.125279
v 15.941278 38.571301 7.101947
v 10.852755 39.671116 10.517416
v 20.817314 30.797276 9.092430
v 21.013372 30.986797 8.748472
v 11.438803 43.587017 7.837992
v 13.230841 45.182468 2.903945
v 13.169244 46.163963 7.438322
v 13.258755 46.348316 6.840669
v 15.666050 38.634243 7.360300
v 4.227934 51.654572 10.352407
v 2.089405 52.046486 10.375986
v 6.879515 49.153126 14.558975
v 8.374237 48.681343 13.958041
v 5.521520 49.707691 11.486547
v 3.403373 48.508575 15.900270
v 2.460544 48.540768 15.996029
v 1.839388 48.720261 15.839627
v 0.848588 52.371956 9.843286
v 0.878901 52.112679 10.123003
v 1.530764 49.537758 14.305012
v 1.371670 49.196609 14.804373
v 1.517327 52.921654 8.577380
v 1.242655 52.581078 9.325351
v 9.702054 49.258598 11.310105
v 10.095683 49.586143 11.051387
v 5.278118 52.025974 8.964093
v 8.647596 49.529453 12.826473
v 2.960058 50.250729 13.647624
v 1.603977 49.749893 13.604381
v 9.026673 50.043907 10.948845
v 10.193233 49.791695 10.496790
v 8.784652 48.338074 13.782486
v 2.595078 51.130314 12.808596
v 3.557385 53.538540 5.278093
v 6.208692 50.824242 9.544625
v 1.711630 53.136276 7.570254
v 1.954829 53.343239 6.909972
v 6.328721 48.977180 13.281857
v 1.709928 50.989578 12.465909
v 7.125447 49.954987 9.764126
v 6.086690 48.018257 16.588966
v 6.409744 48.256802 16.165001
v 5.511708 48.254215 16.269670
v 0.893766 51.465702 12.119925
v 5.369627 50.684490 11.011540
v 0.681245 50.306034 13.570481
v 0.777790 50.718063 13.312319
v 0.375915 50.981869 13.015980
v 4.825994 48.141060 16.184273
v 5.095352 47.864426 16.517214
v 3.526319 48.135574 16.676529
v 3.448747 49.260483 13.816779
v 3.860377 47.406799 16.565922
v 0.930781 52.043076 10.829561
v 0.393667 51.533237 11.689228
v 0.276230 51.743286 11.297628
v 2.052490 49.501606 13.833119
v 1.612273 48.918198 15.446902
v 2.945945 48.400181 16.237381
v 9.552555 49.284939 12.059854
v 9.110075 48.335098 13.445912
v 8.981847 48.825554 13.146476
v 9.637503 48.903126 12.165055
v 9.548517 48.527695 12.569392
v 1.403014 52.959946 8.297669
v 0.777677 52.140461 10.566874
v 6.662785 48.104057 16.024206
v 7.830915 48.161579 14.912403
v 7.415828 47.926899 15.426308
v 6.917104 48.183422 15.780851
v 7.886601 48.541389 14.510776
v 9.200157 48.502354 13.112479
v 3.527760 48.140934 16.684797
v 2.054933 48.327957 16.603045
v 0.232637 52.032280 10.853050
v -0.122094 51.714710 11.021338
v 1.300300 49.590691 13.798632
v 0.613263 52.510372 9.499731
v 6.899639 51.494099 7.465508
v 10.744557 49.756939 9.757013
v 10.368653 50.174500 8.757742
v 8.457156 50.160393 9.731322
v 10.570143 48.878361 10.598726
v 10.529066 49.624100 10.222236
v 10.289459 49.446068 10.706109
v 10.549910 49.789513 9.973964
v 10.862668 49.385281 9.791281
v 10.784686 48.976444 10.192663
v 7.983396 50.903618 7.807049
v 8.401928 50.575710 7.699252
v 7.687609 50.985466 7.447166
v 6.946495 51.574608 6.762206
v 6.763818 52.054775 6.069308
v 7.145284 51.168056 7.344586
v 10.385297 49.789711 8.523469
v 1.745229 53.884861 4.895678
v 1.950078 53.589096 6.009697
v 1.370618 53.899658 4.968925
v 1.664047 53.786293 5.351821
v 6.879355 52.237980 4.854860
v 6.969058 52.417362 3.560898
v 6.655509 52.715462 2.804630
v 6.896865 52.495132 3.156418
v 7.143284 52.302120 2.704949
v 5.805212 53.448231 1.952171
v 1.749997 53.939247 4.619076
v 1.444931 54.141796 3.834994
v 0.834855 54.176273 3.697212
v 2.236671 54.497181 1.928221
v 1.377144 54.395222 2.758992
v 1.933420 54.609734 1.848256
v 0.827222 54.507912 2.010630
v 6.404666 52.993214 2.235162
v 4.088319 54.170059 1.320976
v 3.688002 54.258804 1.606944
v 10.774508 49.805328 9.338019
v 9.185502 50.270035 7.704725
v 1.823892 53.508560 6.365664
v 1.403978 53.567940 6.211444
v 7.172994 51.752888 5.607545
v 7.105211 51.886436 5.165205
v 7.314961 52.206669 4.054084
v 2.805367 54.428154 1.880727
v 6.379368 53.066143 1.690357
v 4.697775 53.984383 1.286523
v 4.386524 54.083626 1.372214
v 2.387419 54.587418 1.457414
v 5.799464 53.470806 1.257500
v 5.444191 53.665852 1.298674
v 6.162333 53.311466 1.619798
v 4.792852 54.015739 0.902953
v 5.131437 53.894680 0.768837
v 0.864190 54.454193 2.495759
v 3.437349 54.380836 1.243281
v 3.261850 54.387089 1.571244
v 1.202953 54.003025 4.491926
v 1.591634 53.664673 5.792521
v 10.849215 49.605350 8.948065
v 16.407061 38.085602 8.038054
v 15.039699 38.853329 7.570921
v 15.015974 38.312267 9.770681
v 8.334579 37.942478 16.600073
v 7.944793 37.933456 16.722515
v 9.976680 36.583126 17.491302
v 13.330466 39.554409 7.711609
v 13.237269 39.508591 8.128325
v 13.886089 39.271690 7.932765
v 17.943638 33.947803 12.109217
v 18.182455 33.426945 12.125936
v 17.911133 33.292027 12.566739
v 16.746981 37.219891 9.846295
v 17.021452 37.166817 9.501927
v 16.844318 37.648407 8.606810
v 9.394668 36.436764 17.897736
v 8.957347 36.514996 18.020048
v 10.309809 39.419598 11.969375
v 11.887100 39.634888 9.395231
v 10.890618 36.177406 17.362074
v 11.547154 36.274200 16.864590
v 15.230822 36.679031 12.985270
v 9.201719 37.684547 16.321669
v 17.278305 35.647953 11.629405
v 17.319164 34.922352 12.255594
v 16.249266 33.769588 14.416430
v 10.326379 39.823250 10.676961
v 9.628533 40.096947 10.778426
v 7.228944 39.399105 14.045128
v 6.558377 39.372898 14.545697
v 9.481364 38.282898 15.009491
v 9.425167 37.937355 15.687968
v 16.666010 32.968575 14.345278
v 7.129149 39.168816 14.720409
v 7.700322 38.946339 14.785010
v 7.129149 39.168816 14.720409
v 17.087656 36.313801 11.001894
v 12.809494 36.307087 15.947239
v 13.306002 36.037857 15.783643
v 12.915504 35.857864 16.296812
v 11.076084 37.863117 15.034093
v 13.441427 37.824883 13.022204
v 8.790628 40.031212 11.712452
v 9.088986 38.439373 14.850322
v 14.010657 35.681305 15.475120
v 6.760216 39.861111 13.382508
v 7.843581 40.256100 12.283202
v 7.345997 40.180523 12.682686
v 15.667615 38.637142 7.361111
v 15.255216 38.850285 7.134761
v 12.940968 39.528992 8.466053
v 17.477110 33.845104 12.818866
v 17.790344 32.492249 13.094325
v 17.478327 32.420998 13.537085
v 17.113424 32.661037 13.915442
v 16.811939 36.839592 10.503399
v 8.803378 37.711765 16.615440
v 11.257385 39.660748 10.019404
v 11.729462 39.569229 10.065576
v 11.293589 39.718842 9.746305
v 12.003407 35.859741 16.985310
v 15.642989 35.151623 14.150828
v 9.769207 40.569206 10.513820
v 9.980328 40.239777 10.273050
v 6.612703 39.553776 13.715963
v 10.852755 39.671116 10.517416
v 15.399331 34.814056 14.694457
v 14.435702 39.192329 7.301754
v 7.603726 40.381863 12.408412
v 17.122505 37.291401 9.010340
v 14.532178 35.695755 14.903672
v 16.836584 32.386745 14.362561
v 9.072073 40.379219 11.431591
v 9.359630 40.158184 11.161747
v 15.934907 38.581474 7.121802
v 8.733237 38.014484 16.075830
v 8.505000 37.969421 16.319012
v 10.377997 36.361908 17.421505
v 10.101816 36.005947 17.945276
v 10.670014 35.894829 17.769724
v 12.790665 39.692524 8.064900
v 17.416039 36.207664 10.652280
v 17.734312 34.170570 12.226768
v 17.559656 34.744305 12.046122
v 12.279463 35.880638 16.749655
v 12.224347 36.203945 16.468573
v 7.936473 39.099903 14.244028
v 13.758521 35.523727 15.825092
v 6.500111 40.022705 13.639577
v 8.191916 38.823154 14.673085
v 8.688734 38.738808 14.491762
v 8.843392 38.478970 14.998331
v 8.177745 40.293438 11.769933
v 16.191330 33.271412 14.724988
v 14.983199 35.073673 14.962401
v 14.750062 38.976929 7.656280
v 12.415479 39.721214 8.459766
v 17.447321 35.191055 11.812546
v 10.996429 39.745766 10.027678
v 7.042688 40.359825 13.002031
v 6.821551 40.305771 13.340502
v 12.734381 35.988979 16.312246
v 8.530781 36.910309 17.848444
v 17.317823 34.921276 12.254677
v 7.755272 37.704575 17.137066
v 17.390141 35.880623 11.147247
v 16.913874 37.833858 7.923544
v 18.070919 32.728191 12.624147
v 7.812682 37.047142 17.985460
v 6.307775 46.781818 16.759396
v 7.324888 46.918007 16.204737
v 7.672587 44.142742 13.261001
v 5.659156 44.234383 14.738692
v 7.806033 48.164188 14.877730
v 7.268040 47.861374 15.345231
v 3.801502 45.801613 16.631926
v 7.771912 45.952854 15.317650
v 4.135056 44.091892 15.010602
v 9.903341 49.351139 11.418543
v 10.561112 48.895744 10.687908
v 10.082512 49.575378 11.040270
v 8.796878 48.382977 13.831984
v 8.387388 48.700352 13.979889
v 8.685134 45.836273 14.501260
v 2.351252 45.917030 17.021280
v 6.096081 48.028267 16.604317
v 6.398077 48.211746 16.118156
v 5.045296 47.900238 16.585585
v 10.453716 48.553627 11.280489
v 10.409901 47.949848 12.305916
v 4.641967 47.539307 16.364174
v 4.824369 48.133350 16.165861
v 9.424591 45.807602 13.928639
v 9.653914 45.604671 13.453394
v 5.022522 42.037563 14.462066
v 3.404012 47.061203 17.051155
v 3.149321 47.415859 17.383844
v 1.704669 46.796116 17.468382
v 8.981847 48.825554 13.146476
v 9.107328 48.332043 13.444916
v 9.200157 48.502354 13.112479
v 10.055472 47.636997 13.964143
v 9.548517 48.527695 12.569392
v 9.796464 48.305565 12.707336
v 2.714393 45.061634 16.187075
v 3.067829 44.161877 15.583891
v 2.104003 44.231499 15.816140
v 10.389603 47.061356 13.998029
v 10.480398 47.141190 13.372255
v 4.098139 41.364334 14.212276
v 3.662585 43.121346 15.069942
v 10.046653 46.438175 14.050791
v 2.541449 40.320919 15.578401
v 1.456571 43.264858 15.600478
v 1.899611 41.220814 15.554890
v 9.498988 46.207870 14.291142
v 2.263904 45.364849 16.509809
v 1.825884 43.767040 15.713372
v 1.085964 43.347095 15.646299
v 0.725974 42.837841 15.535686
v 9.747866 49.445080 11.644968
v 9.547986 49.279762 12.057155
v 0.997132 41.063881 15.525885
v 0.889601 41.624237 15.536220
v 0.602532 41.491886 15.410470
v 1.278432 41.751938 15.488445
v 0.567371 41.894176 15.440702
v 0.602532 41.491886 15.410470
v 2.335252 44.730843 16.019964
v 6.662785 48.104057 16.024206
v 3.073366 47.803810 17.251587
v 3.614580 47.558731 16.780668
v 2.263566 47.283779 17.611544
v 2.177015 40.733212 15.619913
v 3.852007 47.398235 16.544315
v 4.824369 48.133350 16.165861
v 6.917104 48.183422 15.780851
v 0.790949 42.208160 15.499861
v 2.536266 44.406513 15.845831
v 2.104003 44.231499 15.816140
v 1.313087 43.689285 15.728697
v 3.614580 47.558731 16.780668
v 3.512643 48.113270 16.673265
v 3.844513 47.399090 16.538654
v 10.892067 47.824829 12.779002
v 10.439806 48.115509 12.424889
v 9.637503 48.903126 12.165055
v 3.404012 47.061203 17.051155
v 9.498988 46.207870 14.291142
v 9.810972 46.154037 13.951965
v 10.570143 48.878361 10.598726
v 10.570143 48.878361 10.598726
v 10.289459 49.446068 10.706109
v 10.693049 48.491703 11.091798
v 10.600739 48.399635 11.414454
v 5.512633 48.240463 16.261328
v 9.933076 45.905102 13.450910
v 9.673436 45.215973 12.852141
v 8.915079 44.608284 12.849357
v 11.235950 47.577179 12.760667
v 7.889842 48.536983 14.545974
v 8.649760 43.941628 12.520856
v 7.244859 42.838470 13.299220
v 6.117766 40.287048 13.971144
v 5.810997 40.678471 14.264713
v 5.478775 39.970985 14.495736
v 4.703762 40.411472 14.385046
v 3.990720 40.454903 14.574402
v 3.924292 39.987400 14.578923
v 1.857592 40.394020 15.651552
v 7.523769 41.411114 12.092945
v 7.092819 40.348515 13.025584
v 6.821551 40.305771 13.340502
v 6.500111 40.022705 13.639577
v 6.301318 39.885353 13.850423
v 8.295045 41.265045 11.908507
v 8.197341 41.854229 12.251560
v 7.603726 40.381863 12.408412
v 8.111835 40.411610 12.037006
v 7.345997 40.180523 12.682686
v 9.435310 44.844318 12.736547
v 9.124183 44.534370 12.776121
v 8.892126 43.377548 12.492740
v 5.787194 40.223133 14.322357
v 4.373320 40.038826 14.874320
v 8.314707 42.691917 12.253581
v 8.547387 42.173180 12.062107
v 3.061601 40.317558 15.332124
v 8.229576 40.907108 11.909148
v 7.845188 40.260696 12.289328
v 5.802880 39.791862 14.690174
v 5.787194 40.223133 14.322357
v 5.481329 39.970936 14.484316
v 6.764387 39.868134 13.389014
v 2.394652 39.807430 15.664734
v 8.475064 40.660309 11.808451
v 3.373898 39.892265 15.229503
v 7.042688 40.359825 13.002031
v 8.488044 40.344849 11.829114
v 3.078194 38.637844 18.020584
v 3.595331 38.515789 17.938202
v 5.526138 37.123943 19.084396
v 5.012086 37.355942 19.208729
v 4.870726 37.613930 18.838970
v 4.127905 38.038197 18.387196
v 3.657072 38.328609 18.392321
v 4.360245 37.905952 18.676113
v 6.373837 37.546970 18.011375
v 5.794647 37.495022 18.387566
v 6.218961 37.184196 18.552277
v 1.204116 41.756287 15.570679
v 0.997132 41.063881 15.525885
v 1.749569 41.440781 15.612630
v 0.889601 41.624237 15.536220
v 0.792324 40.662113 15.542160
v 3.327169 39.900471 15.227332
v 2.771674 38.993790 17.460175
v 2.197771 39.014965 17.649553
v 1.684836 39.101486 17.510336
v 1.408844 39.416004 16.523439
v 1.054285 39.309464 16.921883
v 2.177015 40.733212 15.619913
v 0.602532 41.491886 15.410470
v 6.038000 37.053734 18.778616
v 3.973375 40.546783 14.893679
v 4.373320 40.038826 14.874320
v 8.508875 37.979687 16.324644
v 7.896165 37.960823 16.788984
v 8.319939 37.901180 16.575859
v 5.307854 39.630436 15.038157
v 3.657650 40.035599 14.928893
v 1.857592 40.394020 15.651552
v 0.429883 40.465908 15.307390
v 2.398172 39.820137 15.679229
v 6.562779 39.350349 14.572751
v 6.618701 39.613754 13.691027
v 5.791650 39.764984 14.653209
v 6.301318 39.885353 13.850423
v 6.127249 40.286072 13.982775
v 0.978553 39.796925 16.241138
v 8.844824 38.482502 14.999887
v 7.963006 38.574535 15.464680
v 9.481364 38.282898 15.009491
v 9.425167 37.937355 15.687968
v 8.197268 38.841858 14.679398
v 7.700322 38.946339 14.785010
v 6.902342 37.585163 17.711512
v 6.879536 37.175571 18.243423
v 5.192178 39.923279 14.639201
v 4.688840 40.412479 14.439140
v 8.803378 37.711765 16.615440
v 6.500111 40.022705 13.639577
v 2.527126 40.323906 15.532563
v 8.688734 38.738808 14.491762
v 9.090343 38.443172 14.852275
v 7.936473 39.099903 14.244028
v 0.478097 39.777645 15.741327
v 7.719085 37.472794 17.482830
v 5.481329 39.970936 14.484316
v 8.733237 38.014484 16.075830
v 7.372021 37.247494 17.941059
v 5.192178 39.923279 14.639201
v 3.061601 40.317558 15.332124
v 9.205956 37.701965 16.329004
v 9.425167 37.937355 15.687968
v 5.481329 39.970936 14.484316
v 10.679273 47.139076 13.620280
v 11.445607 46.695503 12.277324
v 11.326159 47.593773 12.768504
v 10.890053 47.815735 12.776779
v 10.676437 48.414875 11.517990
v 9.971101 46.509563 14.021196
v 9.932288 45.906059 13.450266
v 9.810972 46.154037 13.951965
v 9.653914 45.604671 13.453394
v 10.439806 48.115509 12.424889
v 9.420009 45.814636 13.923120
v 10.799422 47.455151 13.350720
v 10.908176 48.202393 11.601350
v 10.376129 48.453300 11.214738
v 11.079510 48.336384 10.893198
v 11.413901 47.510857 12.071496
v 11.343754 47.438148 11.589383
v 11.438689 46.997292 11.932055
v 11.518513 46.252380 11.954412
v 11.343227 48.175003 11.474598
v 9.697289 45.198524 12.872367
v 10.389365 47.083477 13.892400
v 9.498988 46.207870 14.291142
v 11.508893 45.888138 11.547407
v 10.284292 45.084675 11.835720
v 9.786430 45.041981 12.478100
v 10.883793 45.216827 11.439407
v 10.643199 45.078644 11.518311
v 10.460082 45.436085 12.262033
v 10.152613 45.221684 12.314676
v 9.435310 44.844318 12.736547
v 9.653292 44.778027 12.394675
v 11.066085 44.990864 10.885925
v 10.257421 45.138340 12.104261
v 11.549957 46.309971 11.412768
v 11.369477 45.301865 10.862122
v 10.033551 42.031609 9.634985
v 9.976700 41.577427 9.273991
v 10.080045 42.037922 9.218564
v 10.004293 41.303505 10.127411
v 9.769657 40.569275 10.514043
v 10.081676 40.672371 9.932142
v 9.980328 40.239777 10.273050
v 8.754319 43.526051 12.188458
v 8.314707 42.691917 12.253581
v 9.443127 42.782303 11.233644
v 9.490005 42.322803 10.984685
v 8.295045 41.265045 11.908507
v 8.179685 41.849567 12.144448
v 9.224588 43.079292 11.603805
v 9.457607 43.481422 11.519972
v 8.547387 42.173180 12.062107
v 8.229576 40.907108 11.909148
v 9.941060 42.623512 9.876357
v 9.355128 40.157555 11.153417
v 9.069683 40.380318 11.433045
v 9.650938 40.125832 10.788226
v 8.797660 40.044235 11.718037
v 8.488044 40.344849 11.829114
v 9.232019 43.665565 11.913902
v 8.475064 40.660309 11.808451
v 9.287273 44.025074 12.049523
v 10.942148 44.070904 9.198666
v 11.203882 42.862999 7.975449
v 10.081857 42.019417 9.619690
v 10.062268 42.058571 9.150988
v 11.309466 43.840595 8.335252
v 10.200781 43.083130 9.941340
v 10.135157 42.483982 9.915226
v 11.463382 44.212463 8.084972
v 11.483372 43.950890 7.602907
v 11.438803 43.587017 7.837992
v 10.764603 42.551178 8.440582
v 10.718600 44.314133 10.075601
v 10.965612 44.259575 9.588240
v 10.400446 43.777275 10.006186
v 10.245024 43.783707 10.578937
v 11.123417 44.456482 9.644562
v 10.049630 43.146152 10.317044
v 11.145931 42.454922 8.007831
v 11.444290 43.007938 7.499374
v 12.844697 45.667522 7.499327
v 11.913266 44.268429 7.454252
v 12.798416 45.366024 7.043643
v 12.312361 45.226295 8.339488
v 11.569840 44.144844 8.133142
v 11.566959 43.927750 7.776027
v 13.262844 46.562141 7.930280
v 13.079520 45.844513 7.016823
v 11.687970 44.764511 9.110309
v 10.930537 44.191135 9.533492
v 11.311970 43.839668 8.334496
v 12.640928 45.688541 8.261422
v 12.220038 45.281113 8.787628
v 11.121958 44.455185 9.643918
v 12.186537 44.406796 6.747320
v 11.738117 44.012749 7.513882
v 12.962406 46.156303 8.214948
v 11.935168 45.080475 9.121710
v 12.879683 46.331417 8.869386
v 12.559491 45.787685 8.783274
v 9.232019 43.665565 11.913902
v 9.457607 43.481422 11.519972
v 9.507307 43.881481 11.611502
v 10.189863 44.009754 10.755019
v 10.106239 43.146969 10.313285
v 9.450082 42.781254 11.239244
v 9.404606 42.344078 10.921836
v 10.071477 42.608093 9.929589
v 10.200781 43.083130 9.941340
v 9.921802 43.960960 11.620208
v 9.224588 43.079292 11.603805
v 9.287273 44.025074 12.049523
v 9.735637 43.801517 11.216232
v 10.622625 44.797047 11.218364
v 10.436036 44.245071 10.746857
v 11.066085 44.990864 10.885925
v 11.830470 45.461895 10.240935
v 11.729935 44.813911 9.076554
v 12.127318 45.388317 9.223746
v 11.320898 44.850964 10.091651
v 11.407684 44.547161 9.406312
v 10.398089 43.787281 10.039940
v 10.186008 43.831829 10.618644
v 11.369477 45.301865 10.862122
v 11.519483 45.261398 10.536523
v 10.362286 44.536789 11.202798
v 11.382213 44.586758 9.405334
v 10.771517 44.267490 10.092288
v 10.883793 45.216827 11.439407
v 9.653292 44.778027 12.394675
v 9.806241 44.730995 12.082201
v 9.868906 44.895790 12.214208
v 9.382491 44.379852 12.249031
v 9.141539 44.524731 12.786489
v 9.293077 44.020996 12.055401
v 8.735115 43.875553 12.638067
v 8.784147 43.757107 12.401417
v 8.767114 43.437386 12.276218
v 8.942755 44.572567 12.878551
v 9.435310 44.844318 12.736547
v 10.326044 45.120918 11.976907
v 10.168993 45.026485 11.874548
v 10.337420 45.043564 11.794464
v 10.270761 45.171829 12.071588
v 9.868906 44.895790 12.214208
v 10.036318 44.385494 11.371462
v 10.192879 44.345581 11.149532
v 9.735637 43.801517 11.216232
v 10.159064 44.961353 11.687663
v 10.714258 45.275120 11.329023
v 9.806241 44.730995 12.082201
v 10.054923 44.656883 11.673815
v 9.653292 44.778027 12.394675
v 9.868906 44.895790 12.214208
v 10.152613 45.221684 12.314676
v 9.797838 45.033478 12.487976
v 10.152613 45.221684 12.314676
v 10.622625 44.797047 11.218364
v 9.695273 44.341087 11.720157
v 10.243855 44.874794 11.717536
v 9.773750 44.895470 11.829064
v 9.024048 44.814232 11.869642
v 8.408037 45.113026 11.840960
v 8.814821 44.594570 11.798335
v 8.286858 44.558548 11.783142
v 9.235130 44.779961 11.217118
v 9.044749 44.693207 11.609062
v 9.735637 43.801517 11.216232
v 10.036318 44.385494 11.371462
v 9.767099 44.138176 11.498073
v 10.054923 44.656883 11.673815
v 9.806241 44.730995 12.082201
v 9.388948 44.374737 12.253707
v 9.695273 44.341087 11.720157
v 9.287273 44.025074 12.049523
v 9.507307 43.881481 11.611502
v 10.142474 44.992893 11.702054
v 10.326657 45.066097 11.913737
v 9.604680 45.124683 11.968462
v 9.416245 44.732372 11.625611
v 9.129895 45.024788 11.880475
v 9.023104 44.787548 11.610831
v 8.790400 44.662373 11.888643
v 9.917044 45.128639 11.744626
v 10.153400 44.956085 11.680984
v 10.337420 45.043564 11.794464
v 9.632776 45.055950 11.605856
v 9.797667 44.882446 11.669677
v 9.632776 45.055950 11.605856
v 9.251781 44.783054 11.298063
v 9.061404 44.943233 11.788840
v 9.044749 44.693207 11.609062
v 8.819052 44.952984 11.921542
v 8.799969 44.750809 11.682076
v 8.651650 44.951122 11.994609
v 8.400776 44.762554 11.957004
v 8.790400 44.662373 11.888643
v 8.397916 44.707191 11.544457
v 10.371863 44.480919 11.180412
v 10.425684 44.254185 10.737267
v 10.247111 43.954601 10.743276
v 9.735637 43.801517 11.216232
vn -0.1605 0.3169 0.9348
vn 0.3183 0.1943 0.9279
vn 0.2904 0.5655 0.7719
vn -0.0025 0.5789 0.8154
vn 0.0286 0.4282 0.9032
vn 0.8920 0.3346 0.3040
vn 0.6968 0.0007 0.7173
vn 0.7824 0.2303 0.5786
vn 0.7580 0.6395 0.1283
vn 0.2345 0.7357 0.6354
vn 0.7671 0.6391 -0.0561
vn 0.7213 0.6911 -0.0457
vn 0.0634 0.2169 0.9741
vn 0.4173 0.8078 0.4164
vn 0.6052 0.7951 -0.0401
vn 0.6293 0.7772 0.0041
vn 0.4642 0.8848 -0.0410
vn -0.0416 0.1726 0.9841
vn 0.0058 0.2303 0.9731
vn 0.0816 0.2469 0.9656
vn 0.3753 0.6512 0.6596
vn 0.5486 0.6873 0.4761
vn 0.4516 0.5243 0.7219
vn 0.1283 0.2326 0.9641
vn -0.1212 0.1998 0.9723
vn 0.2844 0.7356 0.6148
vn 0.3357 0.7525 0.5667
vn 0.3629 0.3678 0.8562
vn 0.1503 -0.4386 0.8861
vn -0.0406 -0.5718 0.8194
vn 0.1980 -0.6124 0.7653
vn 0.8206 0.5706 -0.0330
vn -0.0424 0.9495 0.3110
vn 0.4716 0.8364 0.2793
vn 0.3275 0.8937 0.3068
vn 0.3264 0.8379 0.4375
vn 0.5389 0.7438 0.3954
vn 0.3457 0.8419 0.4144
vn -0.1065 0.5706 0.8143
vn -0.0676 0.5814 0.8108
vn 0.0697 0.6182 0.7829
vn 0.5462 0.8257 0.1409
vn 0.7154 -0.0074 0.6987
vn 0.0674 0.7123 0.6986
vn 0.1067 0.6308 0.7686
vn 0.1340 0.5677 0.8122
vn -0.0212 0.6327 0.7741
vn 0.1201 0.4964 0.8597
vn -0.0816 0.7094 0.7001
vn 0.0830 0.6801 0.7284
vn 0.2405 0.1696 0.9557
vn -0.0052 0.2237 0.9746
vn 0.0833 0.1848 0.9792
vn -0.1441 0.4885 0.8606
vn -0.1176 0.2409 0.9634
vn 0.0426 0.6992 0.7137
vn -0.0340 0.6338 0.7728
vn -0.2760 0.1984 0.9405
vn -0.1256 0.1996 0.9718
vn 0.0682 0.3144 0.9468
vn -0.1212 0.2837 0.9512
vn 0.1724 -0.0130 0.9849
vn 0.4856 -0.1940 0.8524
vn 0.3655 0.8363 0.4087
vn 0.5260 0.7792 0.3408
vn 0.5136 0.8353 -0.1961
vn 0.7234 0.6277 -0.2876
vn 0.3108 0.9108 -0.2719
vn 0.3638 0.8710 0.3302
vn 0.3914 -0.3341 0.8574
vn 0.8465 -0.0879 0.5250
vn -0.1111 0.2640 0.9581
vn 0.3945 0.2670 0.8793
vn 0.1370 -0.6628 0.7362
vn -0.2275 0.1793 0.9571
vn 0.1345 -0.7260 0.6744
vn 0.0126 -0.1939 0.9809
vn 0.1459 -0.1102 0.9831
vn -0.0889 0.6887 0.7196
vn -0.1215 0.2305 0.9655
vn 0.2643 0.7795 0.5680
vn 0.2934 0.6951 0.6563
vn 0.3112 -0.0212 0.9501
vn 0.3806 0.2206 0.8980
vn 0.0457 0.4128 0.9097
vn 0.0207 0.3777 0.9257
vn 0.0498 0.3274 0.9436
vn 0.4764 0.0840 0.8752
vn 0.6879 -0.0182 0.7256
vn 0.5556 -0.0741 0.8281
vn 0.5759 0.3872 0.7200
vn 0.3599 -0.0406 0.9321
vn 0.6454 -0.1727 0.7441
vn 0.7233 -0.2684 0.6362
vn 0.7815 -0.2710 0.5620
vn 0.2635 -0.0181 0.9645
vn 0.4429 -0.1087 0.8900
vn 0.1865 -0.2460 0.9511
vn 0.1822 0.3134 0.9320
vn 0.1433 0.0827 0.9862
vn 0.2386 -0.0427 0.9702
vn 0.0579 0.1177 0.9914
vn -0.2062 0.2661 0.9416
vn 0.5034 0.1841 0.8442
vn 0.1483 0.0228 0.9887
vn -0.0874 -0.0490 0.9950
vn -0.1228 0.0218 0.9922
vn 0.3459 0.7259 0.5945
vn 0.2380 0.7735 0.5874
vn 0.3546 0.7114 0.6067
vn 0.2935 0.6316 0.7176
vn 0.7679 0.0232 0.6402
vn 0.8691 0.0944 0.4855
vn 0.7836 0.1510 0.6027
vn 0.4045 0.5626 0.7210
vn 0.3323 -0.0030 0.9432
vn 0.1845 0.0338 0.9822
vn 0.2693 0.0344 0.9625
vn 0.3682 0.1611 0.9157
vn 0.9406 0.0958 0.3257
vn 0.7044 0.3788 0.6003
vn 0.8024 0.2448 0.5443
vn 0.2437 -0.9627 0.1172
vn 0.5653 -0.7842 0.2559
vn 0.4519 -0.8767 0.1647
vn 0.5828 -0.7457 0.3229
vn 0.9082 0.1590 0.3871
vn 0.8833 0.1036 0.4572
vn 0.9594 0.0668 0.2739
vn 0.9557 0.1819 0.2315
vn 0.6961 0.3893 0.6033
vn 0.6950 0.3072 0.6500
vn 0.6838 0.3586 0.6354
vn 0.6820 0.1630 0.7130
vn 0.9032 0.3175 0.2889
vn 0.9084 0.3920 -0.1457
vn 0.9325 0.3581 0.0482
vn 0.4270 0.5904 -0.6850
vn -0.1427 0.0509 0.9885
vn 0.2110 0.3530 0.9115
vn -0.5319 0.4337 0.7273
vn -0.1539 0.4029 0.9022
vn -0.0790 0.3226 0.9432
vn -0.2053 0.2168 0.9544
vn 0.9266 -0.1762 0.3323
vn 0.5271 0.3970 0.7514
vn 0.1080 0.3971 0.9114
vn 0.3350 0.3777 0.8632
vn 0.6022 0.4022 0.6896
vn 0.5840 0.3927 0.7105
vn 0.8772 0.3632 0.3141
vn 0.8756 0.3663 0.3148
vn 0.8388 0.3489 0.4180
vn 0.7285 0.3863 0.5657
vn 0.8290 0.3415 0.4429
vn 0.9684 0.1498 0.1992
vn 0.8202 0.3702 0.4361
vn 0.8560 0.3455 0.3845
vn 0.8849 0.3298 0.3289
vn 0.9196 0.2898 0.2653
vn 0.9566 0.2665 0.1179
vn 0.9515 0.2545 0.1731
vn 0.7482 0.4294 0.5058
vn 0.8340 0.4414 0.3310
vn 0.7008 0.5142 0.4943
vn 0.8161 0.4467 0.3665
vn 0.9025 -0.2459 0.3536
vn 0.8894 0.4161 0.1890
vn 0.7820 -0.2559 0.5683
vn 0.7065 0.6722 0.2215
vn 0.7777 0.6183 0.1134
vn 0.7291 0.6332 0.2598
vn 0.8862 0.3667 0.2830
vn 0.8640 0.3843 0.3252
vn 0.8994 0.2652 0.3476
vn 0.8753 0.3500 0.3337
vn 0.8867 0.3336 0.3203
vn 0.8815 0.3618 0.3035
vn 0.9149 0.4035 0.0096
vn 0.2362 0.5593 0.7946
vn 0.4163 0.3081 0.8554
vn 0.1204 0.3833 0.9158
vn -0.1176 -0.0702 0.9906
vn 0.5348 0.2427 0.8094
vn 0.3980 0.2248 0.8894
vn 0.5097 0.5709 0.6436
vn 0.5929 0.5045 0.6277
vn 0.5089 0.6431 0.5722
vn 0.8768 0.0733 0.4751
vn 0.7952 0.4013 0.4545
vn 0.8504 0.3725 0.3715
vn 0.9429 0.0177 0.3327
vn 0.8701 0.0607 0.4891
vn 0.9264 0.0370 0.3747
vn 0.8251 -0.0127 0.5648
vn 0.2014 0.1441 0.9689
vn 0.3900 0.1153 0.9136
vn 0.3944 0.3155 0.8631
vn 0.5464 0.8374 0.0181
vn 0.6972 0.6788 0.2305
vn 0.6878 0.6921 0.2189
vn 0.8374 -0.0758 0.5414
vn 0.9119 0.1696 0.3737
vn 0.5994 -0.0585 0.7983
vn 0.5835 -0.3015 0.7541
vn 0.5819 0.4294 0.6907
vn 0.7109 0.3940 0.5826
vn 0.9660 0.2237 0.1300
vn 0.9635 0.2378 0.1234
vn 0.5397 -0.3147 0.7808
vn 0.7337 -0.2330 0.6382
vn 0.5629 0.3399 0.7534
vn 0.6134 0.5661 0.5507
vn 0.6070 0.5625 0.5614
vn 0.2755 -0.3067 0.9111
vn 0.8539 0.4660 0.2317
vn 0.5667 0.4094 0.7150
vn 0.7724 0.3268 0.5446
vn 0.5761 -0.4233 0.6992
vn 0.9343 0.2883 0.2099
vn 0.9133 0.3057 0.2691
vn 0.8146 -0.1326 0.5647
vn 0.9160 0.2030 0.3461
vn 0.9188 -0.1048 0.3807
vn 0.8533 0.1719 0.4923
vn 0.8070 0.1005 0.5819
vn 0.7665 0.5151 0.3835
vn -0.1480 -0.9546 0.2584
vn -0.0136 -0.8585 0.5126
vn 0.9366 0.2729 0.2196
vn 0.9309 -0.2199 0.2918
vn 0.5896 0.1770 0.7880
vn 0.4830 -0.6413 0.5962
vn 0.5159 -0.6079 0.6037
vn 0.5363 0.0891 0.8393
vn -0.0236 -0.3568 0.9339
vn 0.0149 -0.7020 0.7120
vn 0.0687 -0.7793 0.6229
vn 0.1803 -0.8330 0.5231
vn 0.9492 0.2327 0.2121
vn 0.7699 -0.0340 0.6372
vn -0.0636 0.2658 0.9619
vn 0.7962 0.2250 0.5617
vn 0.7973 0.2629 0.5434
vn 0.7070 -0.0807 0.7026
vn 0.5032 0.1491 0.8512
vn 0.9066 0.3928 0.1540
vn 0.8753 0.4817 0.0424
vn 0.9154 0.3479 0.2024
vn 0.7621 -0.2888 0.5795
vn 0.8637 -0.0262 0.5033
vn 0.9297 -0.2946 0.2212
vn 0.8846 0.1277 0.4485
vn 0.7933 0.6086 -0.0153
vn 0.8172 0.1609 0.5534
vn 0.4592 -0.2330 0.8572
vn 0.6403 -0.2884 0.7119
vn 0.6223 -0.0260 0.7823
vn 0.8318 0.1871 0.5226
vn 0.6180 0.5531 0.5587
vn 0.6555 0.6222 0.4280
vn 0.4748 -0.6034 0.6406
vn 0.4215 -0.1407 0.8959
vn 0.5935 0.4731 0.6511
vn 0.6828 0.0514 0.7288
vn 0.5770 0.3961 0.7142
vn 0.9835 0.0581 0.1713
vn 0.7149 0.6180 0.3271
vn 0.8441 0.4270 0.3244
vn 0.8741 0.4286 0.2287
vn 0.8458 0.4102 0.3410
vn -0.1186 -0.7492 0.6516
vn -0.3780 -0.7166 0.5862
vn -0.0570 -0.7414 0.6686
vn 0.2099 -0.0926 0.9733
vn 0.5830 -0.6441 0.4952
vn 0.5587 0.5706 0.6019
vn 0.3981 0.4360 0.8071
vn 0.4312 0.0602 0.9003
vn 0.7565 0.1041 0.6457
vn 0.7155 -0.2467 0.6536
vn 0.6612 -0.5396 0.5211
vn 0.4529 -0.2286 0.8618
vn 0.4897 -0.5853 0.6463
vn 0.1558 -0.8466 0.5090
vn 0.9125 0.3060 0.2714
vn 0.9149 0.2918 0.2788
vn 0.0955 -0.4828 0.8705
vn 0.1422 -0.2395 0.9604
vn 0.8667 -0.4079 0.2870
vn 0.9573 0.2403 0.1609
vn 0.8514 0.1363 0.5065
vn 0.4821 0.1901 0.8553
vn 0.6447 0.5944 0.4806
vn 0.1161 0.2425 0.9632
vn 0.4993 -0.2923 0.8156
vn 0.8570 -0.4191 0.2998
vn 0.9649 0.2260 0.1336
vn 0.7769 0.3350 0.5331
vn 0.6754 0.1916 0.7121
vn 0.5652 0.3207 0.7601
vn -0.0335 0.2507 0.9675
vn 0.6791 0.6527 0.3360
vn 0.7677 0.4069 0.4951
vn 0.7795 0.4203 0.4645
vn 0.8495 0.4089 0.3333
vn 0.8399 0.3358 0.4263
vn 0.8115 0.2988 0.5021
vn 0.5896 -0.0235 0.8074
vn 0.2984 -0.3583 0.8846
vn 0.8183 -0.5692 -0.0796
vn 0.9393 -0.2362 0.2488
vn 0.9556 -0.0117 0.2943
vn 0.9434 0.2553 0.2118
vn 0.9302 0.0387 0.3651
vn 0.9694 0.2278 0.0913
vn 0.9656 0.2401 0.0994
vn 0.9818 0.1729 0.0793
vn 0.9713 0.2102 0.1115
vn 0.6968 -0.0852 0.7122
vn -0.1210 0.1627 0.9792
vn 0.5244 0.3248 0.7871
vn 0.3175 -0.5425 0.7778
vn 0.6895 -0.4914 0.5321
vn 0.6126 -0.6585 0.4372
vn -0.3928 -0.2136 0.8945
vn 0.2701 -0.9532 0.1356
vn 0.2800 0.7646 0.5806
vn 0.2876 0.7668 0.5739
vn 0.9174 0.1681 0.3607
vn 0.6450 0.2172 0.7326
vn 0.9119 0.3106 0.2683
vn 0.0856 -0.8524 0.5159
vn 0.9144 0.3127 0.2570
vn 0.9603 0.2472 0.1296
vn 0.9307 0.2857 0.2286
vn 0.9971 -0.0597 0.0465
vn 0.9337 0.3278 0.1442
vn 0.8431 0.5167 0.1486
vn 0.8971 0.3906 0.2065
vn 0.7647 0.5162 0.3857
vn 0.8114 0.5600 0.1675
vn 0.7833 0.6198 0.0472
vn 0.9060 0.3615 0.2203
vn 0.9572 0.2629 0.1214
vn 0.5274 0.3425 0.7775
vn 0.1615 0.5418 0.8248
vn -0.0600 0.4251 0.9032
vn 0.3502 0.7135 0.6069
vn 0.5944 0.7079 0.3816
vn 0.6933 0.6461 0.3192
vn 0.6680 0.6885 0.2822
vn 0.0241 0.2557 0.9665
vn 0.1302 -0.0635 0.9895
vn 0.0435 0.2410 0.9695
vn -0.3619 0.1389 0.9218
vn 0.7663 0.2136 0.6059
vn 0.8128 0.1746 0.5558
vn 0.8050 0.1959 0.5600
vn 0.8257 0.1225 0.5506
vn 0.6513 0.2837 0.7038
vn 0.7773 0.1860 0.6010
vn -0.2822 0.4165 0.8642
vn -0.0803 0.3840 0.9198
vn 0.0896 0.4077 0.9087
vn 0.9145 -0.0060 0.4046
vn 0.8202 0.0832 0.5660
vn 0.9188 -0.0023 0.3947
vn -0.6651 0.3791 0.6433
vn -0.7115 0.3337 0.6184
vn 0.8450 0.1411 0.5159
vn 0.7920 0.2060 0.5748
vn 0.7972 0.1858 0.5744
vn 0.6983 0.2340 0.6765
vn 0.8369 0.0906 0.5398
vn 0.9021 0.0723 0.4254
vn 0.7583 0.1627 0.6313
vn 0.7610 0.1523 0.6306
vn 0.4379 0.2135 0.8733
vn 0.9384 -0.0202 0.3448
vn 0.9338 0.0618 0.3523
vn 0.9658 -0.1099 0.2349
vn 0.3709 0.3345 0.8663
vn 0.3019 0.4028 0.8640
vn 0.0097 0.3680 0.9298
vn -0.1811 0.5133 0.8389
vn -0.1087 -0.1733 0.9789
vn -0.1121 -0.1872 0.9759
vn -0.0625 -0.1508 0.9866
vn -0.2087 0.4003 0.8923
vn 0.9054 0.0267 0.4237
vn 0.9528 -0.1830 0.2424
vn -0.0751 0.3092 0.9480
vn -0.1265 0.2289 0.9652
vn -0.1788 0.2308 0.9564
vn 0.0303 0.3188 0.9473
vn 0.1100 0.3259 0.9390
vn 0.9535 -0.0434 0.2982
vn 0.9711 -0.0727 0.2272
vn 0.9525 -0.0311 0.3028
vn 0.6843 0.2746 0.6755
vn 0.6612 0.2020 0.7225
vn 0.8967 0.0245 0.4419
vn 0.2263 0.3773 0.8980
vn 0.4239 0.3218 0.8466
vn -0.4644 0.3653 0.8068
vn -0.2410 0.4254 0.8723
vn -0.2258 0.4434 0.8674
vn 0.9629 -0.0214 0.2691
vn 0.9524 -0.0070 0.3047
vn 0.9736 -0.0644 0.2189
vn -0.0277 0.4327 0.9011
vn 0.8577 0.1312 0.4972
vn 0.9340 -0.0656 0.3512
vn 0.9332 -0.0135 0.3591
vn 0.6059 0.3034 0.7354
vn 0.3221 0.3483 0.8803
vn 0.4943 0.3287 0.8047
vn 0.1110 0.4497 0.8863
vn 0.2901 0.4084 0.8655
vn 0.5336 0.3335 0.7772
vn 0.4120 0.3976 0.8199
vn 0.8504 -0.2478 0.4642
vn -0.1698 0.3174 0.9329
vn -0.1218 0.3430 0.9314
vn -0.0255 0.3495 0.9366
vn -0.0090 0.3492 0.9370
vn -0.1519 0.3252 0.9334
vn 0.9481 -0.0761 0.3088
vn 0.9707 0.0158 0.2399
vn 0.9575 -0.0093 0.2884
vn -0.1870 -0.3538 0.9164
vn -0.0689 -0.2153 0.9741
vn 0.0177 -0.2039 0.9788
vn 0.3228 -0.2540 0.9117
vn 0.0498 -0.1512 0.9872
vn 0.2278 -0.1373 0.9640
vn 0.6228 0.0419 0.7813
vn 0.7996 0.0476 0.5987
vn 0.4373 -0.1045 0.8932
vn 0.9776 -0.0329 0.2077
vn 0.9627 0.0093 0.2706
vn 0.6566 -0.1072 0.7465
vn 0.1818 0.2886 0.9400
vn 0.1541 0.3338 0.9300
vn -0.1779 0.4843 0.8566
vn -0.1036 0.4772 0.8727
vn 0.8929 -0.0137 0.4500
vn 0.9908 -0.0708 -0.1151
vn 0.9581 0.0668 0.2787
vn 0.1728 0.4826 0.8586
vn 0.4544 0.2525 0.8543
vn 0.2509 0.3508 0.9022
vn 0.5613 0.2660 0.7837
vn 0.6982 -0.3596 0.6190
vn 0.5034 -0.3460 0.7918
vn 0.0671 0.1822 0.9810
vn 0.0770 0.1536 0.9851
vn 0.1936 0.2648 0.9447
vn 0.0691 0.2142 0.9743
vn 0.1851 0.3019 0.9352
vn -0.0512 0.3776 0.9245
vn -0.0193 0.3208 0.9469
vn -0.0315 0.3040 0.9521
vn -0.0208 0.3049 0.9522
vn 0.7552 0.5555 0.3481
vn 0.4857 0.2570 0.8355
vn 0.7355 0.2050 0.6458
vn 0.5166 0.2833 0.8080
vn 0.3096 0.3078 0.8997
vn 0.2560 0.3003 0.9188
vn 0.4438 0.2959 0.8459
vn 0.7299 -0.1949 0.6552
vn -0.5855 -0.1437 0.7978
vn -0.4175 0.2636 0.8696
vn -0.5389 0.1987 0.8186
vn -0.5703 0.2046 0.7955
vn -0.4202 0.1897 0.8874
vn 0.5816 0.2305 0.7801
vn 0.3994 0.1340 0.9069
vn 0.7243 0.2965 0.6224
vn -0.5155 0.1949 0.8345
vn -0.1022 -0.0500 0.9935
vn -0.3636 0.0005 0.9316
vn 0.7744 -0.1261 0.6200
vn 0.6511 0.1435 0.7453
vn -0.2479 -0.6870 0.6831
vn -0.4469 -0.0764 0.8913
vn 0.6359 0.3603 0.6825
vn 0.6003 0.2651 0.7546
vn -0.1422 0.3114 0.9396
vn -0.1305 0.3138 0.9405
vn -0.0240 0.2984 0.9541
vn 0.2700 0.6225 0.7346
vn 0.2660 0.0248 0.9637
vn 0.1538 0.4174 0.8956
vn 0.1805 0.4810 0.8579
vn 0.9252 0.0191 0.3790
vn 0.9604 0.0281 0.2771
vn 0.9717 -0.0369 0.2335
vn 0.7460 0.2673 0.6099
vn -0.0788 0.5398 0.8381
vn -0.0165 0.3209 0.9470
vn 0.0810 0.3339 0.9391
vn 0.4378 -0.1194 0.8911
vn 0.3466 -0.7794 0.5220
vn 0.6144 -0.2565 0.7462
vn 0.0980 0.4278 0.8986
vn 0.1083 0.0122 0.9940
vn 0.6396 0.2099 0.7395
vn 0.1376 0.0928 0.9861
vn -0.2173 0.0673 0.9738
vn -0.1524 -0.0047 0.9883
vn 0.6660 0.0229 0.7456
vn 0.5085 -0.0561 0.8593
vn 0.8230 0.1442 0.5494
vn -0.0469 -0.1333 0.9900
vn -0.0538 -0.3356 0.9405
vn -0.0343 -0.1797 0.9831
vn -0.2851 0.0056 0.9585
vn -0.2129 -0.0675 0.9747
vn -0.2208 -0.0470 0.9742
vn 0.1441 0.0486 0.9884
vn -0.0329 -0.2218 0.9745
vn 0.0988 0.2147 0.9717
vn -0.2036 0.2870 0.9361
vn -0.2530 0.2380 0.9377
vn -0.1919 -0.1550 0.9691
vn -0.1989 -0.0525 0.9786
vn -0.0371 -0.1223 0.9918
vn 0.5290 0.2771 0.8021
vn -0.2374 -0.3397 0.9101
vn -0.4103 0.0097 0.9119
vn 0.0919 0.3479 0.9330
vn -0.0931 0.2791 0.9557
vn 0.0558 0.4811 0.8749
vn -0.1141 0.2920 0.9496
vn 0.5625 0.3264 0.7597
vn 0.2331 0.3135 0.9206
vn 0.1743 0.3022 0.9372
vn 0.1668 -0.7601 0.6280
vn -0.1363 0.3405 0.9303
vn -0.3165 0.4131 0.8539
vn -0.5088 0.3538 0.7848
vn 0.6108 0.4812 0.6288
vn 0.8306 0.1744 0.5289
vn 0.0531 0.4554 0.8887
vn -0.0849 0.0687 0.9940
vn 0.2783 0.0260 0.9602
vn 0.0543 0.3249 0.9442
vn -0.3499 0.3927 0.8505
vn 0.9017 0.2690 0.3386
vn 0.9602 -0.2791 -0.0070
vn -0.2686 -0.0191 0.9631
vn 0.4947 0.1397 0.8577
vn 0.0023 -0.1380 0.9904
vn 0.0505 -0.3911 0.9190
vn 0.1459 -0.4473 0.8824
vn -0.2414 -0.0592 0.9686
vn -0.3655 0.2632 0.8928
vn -0.3438 -0.1177 0.9316
vn 0.5334 0.4231 0.7325
vn 0.0325 0.2985 0.9539
vn 0.2394 -0.0680 0.9685
vn 0.1093 -0.0789 0.9909
vn -0.0020 -0.1764 0.9843
vn -0.1013 -0.2821 0.9540
vn -0.1470 -0.5931 0.7916
vn 0.2802 -0.6348 0.7201
vn 0.9672 0.0527 0.2484
vn 0.8977 0.0788 0.4336
vn 0.8929 0.0124 0.4501
vn -0.5820 0.4069 0.7040
vn -0.6572 0.3691 0.6571
vn -0.0891 0.3817 0.9200
vn -0.1343 0.3517 0.9264
vn -0.0919 -0.1510 0.9842
vn -0.3346 -0.0646 0.9401
vn -0.1145 0.3666 0.9233
vn -0.0772 0.3623 0.9289
vn 0.6680 -0.0465 0.7427
vn 0.6016 0.5636 0.5660
vn -0.5754 0.3663 0.7313
vn -0.3082 0.1293 0.9425
vn 0.2916 -0.0234 0.9563
vn -0.7327 0.2226 0.6431
vn -0.5620 0.3535 0.7478
vn 0.5779 0.1152 0.8079
vn 0.6083 0.2971 0.7360
vn 0.7973 0.2004 0.5693
vn -0.2122 -0.0628 0.9752
vn -0.1219 -0.0989 0.9876
vn -0.3539 0.1768 0.9184
vn 0.1211 -0.4592 0.8801
vn 0.5276 -0.1163 0.8415
vn -0.5944 0.3712 0.7134
vn 0.3239 -0.1714 0.9304
vn 0.0979 -0.3222 0.9416
vn 0.9524 -0.1768 0.2482
vn 0.9742 -0.2182 0.0569
vn 0.9695 -0.1782 0.1681
vn 0.8622 -0.4901 -0.1284
vn -0.6018 0.3309 0.7269
vn -0.7791 0.2919 0.5548
vn 0.9724 -0.0749 0.2210
vn 0.9725 -0.1445 0.1827
vn 0.9731 -0.0805 0.2158
vn -0.2434 -0.1591 0.9568
vn -0.2131 -0.1757 0.9611
vn 0.7787 0.2624 0.5699
vn 0.7650 0.3178 0.5601
vn 0.8377 0.0734 0.5412
vn 0.9451 -0.1286 0.3004
vn 0.8951 0.0489 0.4432
vn 0.9116 0.0773 0.4038
vn -0.0015 0.3722 0.9281
vn -0.1441 0.3750 0.9157
vn -0.1451 0.3540 0.9239
vn 0.0137 0.4080 0.9129
vn 0.1260 0.4326 0.8927
vn -0.1996 0.3441 0.9175
vn -0.1708 0.3391 0.9251
vn -0.0461 0.3307 0.9426
vn -0.1647 0.3423 0.9251
vn 0.8679 0.3453 0.3571
vn 0.1799 0.3350 0.9249
vn 0.2190 0.2320 0.9477
vn 0.7106 0.2400 0.6614
vn 0.2104 0.1546 0.9653
vn -0.0296 0.1772 0.9837
vn 0.0726 0.2083 0.9754
vn 0.4704 0.3845 0.7943
vn 0.0976 -0.9375 0.3340
vn 0.1713 -0.8892 0.4243
vn 0.2586 0.4382 0.8609
vn 0.7891 0.1490 0.5959
vn 0.9788 -0.0832 0.1873
vn 0.5495 0.3392 0.7636
vn 0.5736 0.0672 0.8164
vn 0.6259 -0.0536 0.7781
vn 0.3882 0.0941 0.9168
vn 0.2970 -0.0682 0.9524
vn 0.9743 -0.1157 0.1931
vn -0.0267 0.2510 0.9676
vn 0.0381 0.2293 0.9726
vn 0.5034 0.1957 0.8416
vn 0.3953 0.1429 0.9074
vn 0.0201 0.4677 0.8837
vn 0.1262 0.0150 0.9919
vn -0.0394 0.2902 0.9562
vn 0.8013 -0.0098 0.5982
vn -0.3249 -0.0798 0.9424
vn -0.0555 -0.0854 0.9948
vn -0.0530 -0.0884 0.9947
vn 0.3827 0.1396 0.9133
vn 0.1678 -0.0330 0.9853
vn 0.5335 0.1414 0.8339
vn 0.9937 0.0288 0.1080
vn 0.9601 0.0787 0.2683
vn 0.9750 0.1101 0.1930
vn -0.5778 0.0103 0.8161
vn -0.5026 0.1878 0.8438
vn 0.2810 0.3608 0.8893
vn 0.4629 -0.0407 0.8855
vn -0.4667 0.2333 0.8531
vn 0.2592 0.4284 0.8656
vn 0.0187 0.3347 0.9421
vn 0.9112 -0.0281 0.4109
vn -0.1317 -0.1674 0.9771
vn -0.2414 0.0558 0.9688
vn -0.0408 0.3406 0.9393
vn -0.1030 0.3183 0.9424
vn -0.2235 -0.0710 0.9721
vn -0.2453 -0.0720 0.9668
vn -0.2331 -0.0622 0.9705
vn -0.1285 0.2924 0.9476
vn -0.2825 -0.0223 0.9590
vn -0.5462 0.1095 0.8305
vn 0.9486 -0.1549 0.2761
vn 0.9666 -0.1776 0.1847
vn -0.1114 -0.0984 0.9889
vn -0.0350 0.0268 0.9990
vn 0.9457 -0.2953 0.1357
vn 0.9688 -0.0294 0.2461
vn 0.9608 -0.2319 0.1517
vn -0.0751 0.0796 0.9940
vn -0.5209 -0.0919 0.8487
vn 0.3788 0.3350 0.8627
vn 0.8388 0.1763 0.5151
vn -0.1481 0.3546 0.9232
vn -0.1909 0.3637 0.9118
vn -0.1074 0.3899 0.9146
vn 0.0667 -0.4492 0.8909
vn 0.0889 0.1786 0.9799
vn -0.2856 0.3594 0.8884
vn 0.0106 -0.1666 0.9860
vn -0.1442 0.3681 0.9186
vn 0.8275 -0.0600 0.5583
vn -0.6396 0.3103 0.7033
vn 0.9389 -0.0853 0.3335
vn 0.9772 -0.0442 0.2077
vn 0.9890 -0.1130 0.0959
vn -0.1715 0.1657 0.9711
vn 0.9333 -0.2912 0.2102
vn 0.3730 0.3634 0.8537
vn 0.7143 0.2628 0.6486
vn -0.0406 0.2132 0.9762
vn 0.9723 -0.0580 0.2264
vn 0.9615 -0.0251 0.2737
vn 0.1702 0.0504 0.9841
vn 0.8246 0.1316 0.5501
vn -0.2595 -0.1984 0.9451
vn -0.2205 -0.2319 0.9474
vn 0.1046 -0.9500 0.2941
vn -0.0315 -0.7062 0.7073
vn 0.5928 -0.3185 0.7397
vn -0.0130 -0.8838 0.4676
vn -0.0413 0.1638 0.9856
vn 0.9869 -0.1086 0.1191
vn 0.9873 -0.0411 0.1537
vn 0.9700 0.0020 0.2430
vn 0.5650 -0.1977 0.8010
vn 0.0792 -0.9438 0.3208
vn 0.7691 0.5100 0.3851
vn 0.8523 0.3832 0.3560
vn 0.9017 -0.2569 0.3477
vn 0.4886 0.1175 0.8646
vn -0.0484 0.0655 0.9967
vn -0.0281 0.2613 0.9648
vn 0.0514 0.2847 0.9572
vn 0.0188 -0.2492 0.9683
vn 0.0309 -0.2213 0.9747
vn 0.2117 0.1028 0.9719
vn 0.3603 0.3021 0.8826
vn 0.2993 -0.1407 0.9437
vn 0.4540 -0.0732 0.8880
vn -0.1626 0.2997 0.9401
vn -0.1547 0.2794 0.9476
vn -0.1101 0.3087 0.9448
vn 0.9042 -0.0294 0.4261
vn 0.0416 -0.1751 0.9837
vn -0.1464 -0.0269 0.9889
vn 0.8286 -0.2584 0.4967
vn 0.6940 -0.2389 0.6792
vn -0.3503 0.2693 0.8971
vn -0.0563 0.3129 0.9481
vn -0.0778 0.0048 0.9970
vn 0.0039 -0.0796 0.9968
vn -0.0711 0.3208 0.9445
vn 0.5608 0.3668 0.7422
vn -0.0523 -0.1608 0.9856
vn 0.4331 -0.2246 0.8729
vn 0.1520 0.3016 0.9413
vn 0.1630 0.2372 0.9577
vn -0.2058 -0.3877 0.8985
vn -0.1440 -0.5358 0.8320
vn -0.5806 0.5910 0.5600
vn -0.0447 0.4441 0.8949
vn 0.0089 0.1121 0.9937
vn 0.2241 -0.9293 0.2936
vn 0.0773 0.1249 0.9892
vn 0.7015 0.0194 0.7124
vn -0.2842 -0.1346 0.9493
vn -0.1921 -0.1874 0.9633
vn 0.6295 -0.2701 0.7286
vn 0.9165 -0.0006 0.4000
vn 0.9827 -0.0975 0.1573
vn 0.9223 0.0537 0.3828
vn 0.1811 0.3309 0.9261
vn -0.0352 0.1248 0.9916
vn -0.5873 0.0355 0.8086
vn -0.2286 -0.2445 0.9423
vn 0.8192 -0.3815 0.4282
vn 0.8934 -0.2507 0.3727
vn 0.7850 0.2886 0.5481
vn 0.7932 0.1920 0.5779
vn 0.9060 -0.3560 0.2291
vn -0.0245 0.3367 0.9413
vn 0.0615 0.1335 0.9891
vn 0.7704 0.0095 0.6375
vn 0.6155 0.4125 0.6716
vn 0.8018 0.3704 0.4689
vn -0.0787 0.1833 0.9799
vn -0.0574 0.0054 0.9983
vn 0.3024 -0.7672 0.5657
vn -0.0291 0.2478 0.9684
vn 0.0474 0.1207 0.9916
vn 0.2828 -0.7678 0.5749
vn -0.4825 0.4034 0.7775
vn -0.1432 -0.0743 0.9869
vn -0.0818 -0.9055 0.4165
vn -0.2160 -0.0882 0.9724
vn -0.1638 -0.0558 0.9849
vn -0.1347 -0.5911 0.7952
vn -0.0586 -0.9482 0.3122
vn 0.2054 -0.5888 0.7817
vn -0.1988 0.2364 0.9511
vn -0.0973 0.2948 0.9506
vn -0.1796 0.2742 0.9447
vn -0.3061 -0.1267 0.9435
vn -0.1511 0.2813 0.9477
vn 0.2801 0.6716 0.6859
vn 0.2755 0.7370 0.6171
vn 0.9707 -0.1390 0.1960
vn -0.1919 0.5490 0.8135
vn -0.0247 0.2769 0.9606
vn 0.2891 0.7691 0.5700
vn -0.3782 -0.0856 0.9217
vn 0.4853 0.4686 0.7382
vn -0.0044 -0.9084 0.4181
vn 0.0497 -0.9810 0.1874
vn -0.1450 -0.9393 0.3108
vn 0.9459 0.0705 0.3166
vn 0.8312 -0.1082 0.5453
vn 0.9683 0.0305 0.2481
vn -0.0530 0.4059 0.9124
vn -0.0081 0.4287 0.9034
vn -0.0335 0.3929 0.9190
vn 0.8993 0.1737 0.4014
vn 0.8910 0.0517 0.4510
vn 0.8988 0.1875 0.3963
vn 0.0175 0.4622 0.8866
vn 0.5308 -0.2982 0.7933
vn 0.0307 0.4980 0.8666
vn -0.1527 0.5257 0.8368
vn 0.0574 0.3749 0.9253
vn 0.0123 0.4948 0.8689
vn 0.0732 0.4156 0.9066
vn 0.6985 0.2303 0.6775
vn 0.7657 -0.3846 0.5155
vn 0.9326 0.1583 0.3244
vn 0.8944 0.0268 0.4464
vn 0.9138 0.1024 0.3931
vn -0.2685 -0.2293 0.9356
vn -0.2254 -0.2151 0.9502
vn -0.0336 -0.3664 0.9298
vn -0.3285 -0.2660 0.9063
vn 0.3341 -0.8162 0.4713
vn 0.5632 -0.7338 0.3798
vn 0.5850 -0.7331 0.3469
vn 0.8683 -0.0838 0.4889
vn 0.7959 -0.1395 0.5891
vn 0.8423 0.1796 0.5081
vn 0.6526 -0.1821 0.7355
vn 0.5214 -0.1628 0.8376
vn 0.9391 -0.3193 0.1268
vn 0.9157 -0.4009 0.0273
vn 0.7634 -0.3128 0.5652
vn 0.7422 -0.1588 0.6511
vn 0.8004 -0.1156 0.5883
vn 0.0520 -0.6369 0.7692
vn 0.2432 -0.8001 0.5484
vn 0.0740 -0.4265 0.9014
vn 0.8117 0.0455 0.5823
vn 0.7432 -0.1196 0.6583
vn 0.7251 -0.5298 0.4400
vn 0.7281 -0.3661 0.5795
vn 0.8562 -0.0954 0.5077
vn 0.8437 -0.1597 0.5126
vn 0.6624 -0.4071 0.6290
vn 0.8841 0.0009 0.4672
vn 0.8235 -0.3702 0.4298
vn 0.1612 0.4029 0.9009
vn 0.0808 0.2651 0.9608
vn 0.8314 -0.1787 0.5262
vn 0.9040 0.0423 0.4254
vn 0.9348 0.0832 0.3452
vn 0.9077 -0.2989 0.2946
vn 0.8476 -0.4237 0.3196
vn 0.7869 -0.0486 0.6151
vn 0.6815 0.0562 0.7297
vn 0.1822 -0.9016 0.3924
vn 0.0012 -0.8943 0.4474
vn 0.4378 -0.8051 0.4001
vn 0.3796 -0.4488 0.8090
vn 0.8248 -0.0186 0.5651
vn 0.5017 -0.4583 0.7337
vn 0.4682 -0.0012 0.8836
vn 0.5932 -0.3836 0.7078
vn 0.6365 -0.2537 0.7284
vn 0.7510 -0.2283 0.6196
vn 0.5414 0.4027 0.7380
vn 0.6520 0.4440 0.6146
vn 0.5063 0.2283 0.8316
vn 0.9293 0.1168 0.3504
vn 0.9225 0.0662 0.3802
vn 0.9956 0.0144 0.0923
vn 0.9994 -0.0093 0.0322
vn 0.8379 -0.0647 0.5420
vn 0.4785 -0.0396 0.8772
vn 0.6990 0.1487 0.6995
vn 0.2540 0.3447 0.9037
vn 0.6756 -0.5730 0.4640
vn 0.6713 -0.5445 0.5029
vn 0.2567 -0.8666 0.4280
vn 0.2082 -0.8787 0.4295
vn -0.0392 -0.6596 0.7506
vn -0.1626 -0.5454 0.8223
vn -0.0060 -0.6663 0.7456
vn 0.8474 0.2070 0.4890
vn 0.8568 0.0690 0.5110
vn 0.8606 0.1344 0.4912
vn 0.6345 -0.4709 0.6129
vn 0.7454 -0.5755 0.3364
vn 0.7449 0.2198 0.6300
vn 0.7793 -0.2935 0.5536
vn 0.8774 -0.4681 0.1052
vn 0.2829 -0.8369 0.4686
vn 0.2501 -0.9205 0.3003
vn 0.6412 0.1572 0.7511
vn 0.5005 -0.4321 0.7502
vn 0.7642 -0.1248 0.6328
vn 0.5530 -0.2348 0.7994
vn 0.6965 -0.3488 0.6270
vn 0.9375 0.0279 0.3469
vn 0.5723 -0.0027 0.8200
vn 0.4921 -0.8697 0.0375
vn 0.4819 -0.6259 0.6133
vn 0.8867 0.0633 0.4579
vn 0.8929 0.1791 0.4131
vn 0.9038 0.1438 0.4030
vn 0.8111 -0.5472 0.2066
vn 0.9536 -0.2152 0.2104
vn 0.8313 -0.0987 0.5470
vn 0.8120 -0.2511 0.5268
vn 0.6262 -0.4873 0.6087
vn 0.8267 -0.1169 0.5503
vn 0.9382 0.0555 0.3416
vn -0.0146 -0.2695 0.9629
vn 0.0013 -0.4689 0.8833
vn -0.1501 -0.3208 0.9352
vn 0.3528 -0.5766 0.7369
vn 0.4435 -0.7054 0.5529
vn 0.4865 -0.7539 0.4416
vn 0.1001 -0.2117 0.9722
vn 0.1324 -0.2117 0.9683
vn -0.2464 -0.1203 0.9617
vn -0.1487 -0.8534 0.4996
vn -0.0418 -0.8369 0.5457
vn 0.7295 -0.1773 0.6606
vn 0.8573 -0.2870 0.4274
vn -0.0052 0.4269 0.9043
vn -0.0454 0.4211 0.9059
vn 0.0036 0.4301 0.9028
vn -0.0475 0.4054 0.9129
vn 0.6386 -0.0880 0.7645
vn 0.6902 0.2079 0.6931
vn 0.7458 0.0176 0.6659
vn -0.7231 0.1730 -0.6687
vn 0.9243 -0.0422 0.3793
vn 0.7570 -0.5917 0.2770
vn 0.2288 -0.8305 0.5079
vn 0.8579 0.1784 0.4819
vn 0.6932 -0.5153 0.5039
vn 0.8830 0.0154 0.4690
vn 0.4470 0.3569 0.8202
vn 0.9141 0.1531 0.3754
vn 0.2750 -0.5541 0.7857
vn 0.7269 0.2716 0.6308
vn 0.7262 0.4670 0.5046
vn 0.9800 -0.0990 0.1724
vn 0.7322 -0.2683 0.6260
vn -0.1988 0.4770 0.8561
vn -0.0125 0.5460 0.8377
vn 0.0100 0.4084 0.9128
vn 0.0797 0.4069 0.9100
vn 0.2134 0.5465 0.8098
vn 0.8670 0.1687 0.4689
vn -0.2457 -0.4543 0.8563
vn -0.4077 -0.4040 0.8189
vn 0.5766 -0.2307 0.7838
vn 0.4730 -0.4409 0.7629
vn -0.0992 -0.5175 0.8499
vn -0.3456 -0.6325 0.6931
vn 0.9248 0.0950 0.3685
vn 0.0150 0.3320 0.9432
vn -0.2190 -0.3303 0.9181
vn -0.2379 -0.3426 0.9089
vn 0.8913 0.1690 0.4207
vn -0.0633 -0.9753 0.2115
vn 0.7599 0.3488 0.5485
vn 0.8403 0.0582 0.5389
vn 0.8475 0.1313 0.5143
vn -0.0152 0.3658 0.9306
vn -0.2815 0.2865 0.9158
vn 0.2462 0.4144 0.8762
vn 0.4550 0.6822 0.5723
vn 0.4643 0.6526 0.5988
vn 0.5110 0.6824 0.5227
vn 0.4871 0.5673 0.6640
vn 0.4055 0.6860 0.6041
vn 0.3298 0.8177 0.4718
vn -0.1271 -0.0278 0.9915
vn 0.3895 0.1544 0.9080
vn -0.0278 -0.6106 0.7914
vn 0.7692 0.3140 0.5566
vn -0.1224 0.0220 0.9922
vn 0.8594 0.1964 0.4720
vn -0.2992 0.0505 0.9529
vn 0.3388 -0.4630 0.8191
vn 0.3719 0.7869 0.4924
vn 0.4198 0.6826 0.5982
vn -0.1558 0.4206 0.8938
vn 0.4108 0.6611 0.6279
vn 0.4173 0.5252 0.7416
vn 0.6211 0.4785 0.6207
vn 0.9989 -0.0119 -0.0464
vn 0.8279 0.0869 -0.5542
vn 0.9419 0.0107 -0.3357
vn 0.9919 -0.0451 -0.1186
vn 0.8645 -0.2880 -0.4118
vn 0.8644 -0.2276 -0.4483
vn -0.2366 -0.1136 -0.9649
vn 0.5255 0.0425 -0.8497
vn 0.9919 -0.1271 -0.0037
vn 0.4886 -0.8066 -0.3327
vn 0.9389 -0.2237 -0.2615
vn 0.9717 -0.2358 0.0163
vn 0.7007 -0.6445 0.3060
vn 0.7689 -0.4543 -0.4498
vn 0.6836 -0.3589 -0.6355
vn 0.9998 -0.0163 -0.0090
vn 0.1396 -0.7244 -0.6751
vn 0.1488 -0.8209 -0.5514
vn 0.0690 -0.5538 -0.8298
vn -0.0360 -0.8839 -0.4664
vn 0.5612 -0.3960 -0.7268
vn 0.2492 -0.2278 -0.9413
vn 0.5552 -0.6811 -0.4774
vn 0.0607 0.0189 -0.9980
vn 0.7098 0.1800 -0.6811
vn 0.6878 -0.6096 -0.3940
vn 0.5292 -0.7629 -0.3715
vn 0.8113 0.1615 -0.5619
vn 0.5342 0.1926 -0.8231
vn 0.9813 -0.1907 -0.0275
vn 0.9552 -0.2927 -0.0435
vn 0.9489 -0.3148 -0.0235
vn 0.8042 0.0740 -0.5897
vn 0.5977 0.0269 -0.8012
vn 0.4033 -0.9003 -0.1639
vn 0.4410 -0.8910 0.1077
vn -0.0755 -0.9970 -0.0192
vn 0.3594 -0.0752 -0.9302
vn -0.2489 0.1782 -0.9520
vn -0.5721 0.0512 -0.8186
vn 0.6995 -0.4525 -0.5531
vn 0.3388 -0.2730 -0.9004
vn 0.5594 -0.0668 -0.8262
vn 0.6408 -0.2489 -0.7262
vn 0.4604 -0.3379 -0.8209
vn 1.0000 -0.0037 0.0049
vn 0.9997 -0.0123 -0.0221
vn 0.9989 -0.0054 -0.0476
vn 0.8779 -0.0333 -0.4777
vn 0.9351 0.0016 -0.3544
vn 0.7040 -0.0160 -0.7100
vn 0.6262 -0.1964 -0.7545
vn 0.5831 -0.4627 -0.6678
vn 0.6416 -0.1482 -0.7526
vn 0.5827 -0.0454 -0.8114
vn 0.8141 -0.0438 -0.5791
vn 0.9985 0.0418 -0.0340
vn 0.9998 -0.0170 -0.0042
vn 0.9437 -0.0681 -0.3237
vn 0.9923 -0.0217 -0.1216
vn 0.9982 -0.0158 -0.0574
vn 0.9995 -0.0288 -0.0155
vn 0.9998 -0.0020 -0.0192
vn 0.8809 -0.1889 -0.4340
vn 0.7671 -0.3110 -0.5611
vn 0.9981 -0.0161 -0.0593
vn 0.9998 -0.0214 -0.0055
vn 0.6803 -0.0017 -0.7329
vn 0.3379 -0.0059 -0.9412
vn 0.4845 0.0327 -0.8742
vn 0.9999 -0.0130 -0.0039
vn 0.9995 -0.0300 -0.0133
vn 0.9999 -0.0107 -0.0076
vn 0.9118 -0.0135 -0.4104
vn 0.6404 0.1171 -0.7591
vn 0.9858 -0.1604 -0.0492
vn 0.8245 -0.5597 -0.0830
vn 0.8523 -0.5167 -0.0815
vn 0.9980 -0.0220 -0.0591
vn 0.8292 0.0215 -0.5585
vn 0.6891 -0.0722 -0.7211
vn 0.3484 -0.0596 -0.9354
vn 0.3386 0.0208 -0.9407
vn -0.0596 0.1207 -0.9909
vn 0.9999 -0.0086 0.0099
vn 0.9993 -0.0189 -0.0310
vn 0.9988 0.0008 -0.0489
vn 0.9981 -0.0262 -0.0551
vn 0.8648 0.0312 -0.5012
vn 0.4046 0.1113 -0.9077
vn 0.9221 -0.0042 -0.3870
vn 0.4864 -0.0534 -0.8721
vn 0.4960 -0.0302 -0.8678
vn 0.6547 -0.0438 -0.7546
vn -0.1331 -0.9726 -0.1904
vn 0.3247 -0.9297 -0.1741
vn 0.9579 -0.2727 -0.0899
vn 0.6332 -0.1660 -0.7560
vn 0.7532 -0.0629 -0.6548
vn 0.7197 -0.0681 -0.6909
vn 0.9912 -0.0424 -0.1254
vn 0.9327 -0.2177 -0.2874
vn 0.9814 -0.1052 -0.1605
vn 0.7592 -0.1443 -0.6347
vn 0.6719 -0.0961 -0.7344
vn 0.8638 -0.4963 -0.0865
vn 0.5925 -0.3508 -0.7252
vn 0.7755 -0.0817 -0.6261
vn -0.0155 0.0914 -0.9957
vn 0.2950 0.0846 -0.9517
vn 0.7914 -0.0766 -0.6064
vn 0.7651 -0.0783 -0.6392
vn 0.7426 -0.1087 -0.6608
vn 0.6005 -0.0123 -0.7995
vn 0.9227 -0.0535 -0.3818
vn 0.7235 0.0006 -0.6903
vn 0.9979 -0.0321 0.0554
vn 0.7532 -0.1490 -0.6407
vn 0.9999 -0.0147 0.0055
vn 0.9998 -0.0172 0.0055
vn 0.9998 -0.0178 -0.0047
vn 0.5614 -0.0824 -0.8235
vn 0.0725 -0.1318 -0.9886
vn 0.9999 -0.0094 0.0080
vn 0.4777 -0.1237 -0.8698
vn 0.3175 -0.3638 -0.8757
vn 0.8097 -0.0385 -0.5855
vn 0.5339 -0.8455 -0.0059
vn 0.9579 -0.1543 -0.2419
vn 0.7119 -0.2050 -0.6717
vn 0.4329 -0.1656 -0.8861
vn 0.4194 -0.3884 -0.8205
vn 0.3433 -0.0402 -0.9384
vn 1.0000 0.0092 -0.0013
vn 0.9875 -0.0095 -0.1572
vn 0.1730 0.0450 -0.9839
vn 0.2563 0.0213 -0.9663
vn 0.9843 -0.0032 -0.1762
vn 0.4480 -0.0546 -0.8924
vn 0.5061 -0.1541 -0.8486
vn 0.5381 -0.0963 -0.8373
vn 0.1776 0.0851 -0.9804
vn 0.2633 0.2016 -0.9434
vn -0.0491 -0.2143 -0.9755
vn 0.4230 -0.1458 -0.8943
vn -0.0101 -0.3874 -0.9219
vn 0.5109 0.0430 -0.8586
vn 0.4634 0.2482 -0.8507
vn 0.9615 -0.0212 -0.2740
vn 0.7141 -0.1855 -0.6750
vn 0.8091 -0.2244 -0.5431
vn 0.4174 0.3036 -0.8565
vn 0.2853 0.2116 -0.9348
vn 0.7167 -0.6972 0.0126
vn 0.8478 -0.4799 -0.2255
vn 0.6870 -0.6073 -0.3990
vn 0.5099 -0.8209 -0.2572
vn 0.6691 0.0980 -0.7367
vn 0.1270 -0.0007 -0.9919
vn -0.0539 -0.9968 -0.0596
vn 0.6214 -0.5136 -0.5917
vn -0.1304 0.3124 -0.9410
vn 0.1097 0.0127 -0.9939
vn 0.4394 0.0306 -0.8978
vn 0.5717 -0.7832 -0.2442
vn 0.2428 -0.9621 -0.1244
vn 0.5183 -0.7457 -0.4187
vn 1.0000 -0.0072 0.0019
vn 0.2113 -0.3857 -0.8981
vn 0.8537 -0.3083 -0.4196
vn 0.9602 -0.0975 -0.2617
vn 0.8500 -0.0147 -0.5266
vn 0.5756 0.0451 -0.8165
vn 0.6289 0.0433 -0.7763
vn 0.4975 -0.7834 -0.3725
vn 0.7771 -0.4971 -0.3860
vn 0.7109 -0.6741 0.2005
vn 0.7684 -0.2706 -0.5799
vn 0.7614 -0.1005 -0.6404
vn 0.2521 -0.9460 -0.2039
vn -0.0773 0.1357 -0.9877
vn 0.0977 0.0132 -0.9951
vn 0.1278 0.0382 -0.9911
vn 0.5559 0.1213 -0.8223
vn 0.5843 0.2263 -0.7793
vn 0.5366 -0.2731 -0.7984
vn 0.5916 -0.6332 -0.4991
vn 0.5557 0.0158 -0.8312
vn 0.7626 -0.1590 -0.6270
vn 0.8919 -0.0289 -0.4514
vn 0.8218 -0.1469 -0.5506
vn 0.5269 0.1172 -0.8418
vn 0.6973 0.0901 -0.7111
vn 0.6378 -0.0581 -0.7680
vn 0.6756 -0.1720 -0.7170
vn 0.6313 -0.1026 -0.7687
vn 0.6639 -0.2243 -0.7134
vn 0.9667 -0.0166 -0.2555
vn 0.7787 0.0547 -0.6250
vn 0.7972 -0.0851 -0.5977
vn 0.4932 0.0010 -0.8699
vn 0.4168 -0.0186 -0.9088
vn 0.4156 0.0310 -0.9090
vn 0.9998 -0.0074 0.0163
vn 0.9972 0.0047 -0.0752
vn 0.8614 0.0159 -0.5078
vn 0.7936 -0.0098 -0.6084
vn 0.9325 -0.1511 -0.3279
vn 0.5343 0.0758 -0.8419
vn 0.5825 -0.0420 -0.8117
vn 0.5791 -0.0035 -0.8152
vn 0.6115 -0.0462 -0.7899
vn 0.7438 -0.0837 -0.6632
vn 0.5787 -0.0500 -0.8140
vn 0.9667 -0.0338 -0.2539
vn 0.4363 -0.0327 -0.8992
vn 0.7349 -0.0108 -0.6781
vn 0.7853 0.0071 -0.6191
vn 0.9886 -0.0038 -0.1508
vn 0.9691 0.0015 -0.2467
vn 0.3586 -0.0071 -0.9335
vn 0.7771 0.0206 -0.6290
vn 0.7291 -0.1725 -0.6623
vn 0.7223 -0.0980 -0.6846
vn 0.8219 -0.0560 -0.5669
vn 0.7333 -0.2624 -0.6272
vn 0.8077 -0.2706 -0.5239
vn 0.8625 -0.4939 -0.1103
vn 0.8680 -0.4929 -0.0604
vn 0.9918 -0.1117 -0.0626
vn 0.5943 -0.2732 -0.7564
vn 0.5880 -0.3112 -0.7466
vn 0.9867 -0.0005 -0.1628
vn 0.8673 0.0082 -0.4977
vn 0.9795 -0.0360 -0.1982
vn 0.9715 0.1041 -0.2131
vn 0.9540 0.0147 -0.2996
vn 0.9758 0.0154 -0.2180
vn 0.8821 -0.0146 -0.4708
vn 0.6044 -0.6757 -0.4221
vn 0.8793 0.0544 -0.4732
vn 0.5472 0.3146 -0.7757
vn 0.7083 -0.4321 -0.5582
vn 0.8367 -0.2159 -0.5034
vn 0.7628 -0.4374 -0.4763
vn 0.8430 -0.2946 -0.4500
vn 0.8479 -0.0027 -0.5302
vn 0.6372 0.0159 -0.7705
vn 0.4036 -0.0142 -0.9148
vn 0.4780 0.0046 -0.8783
vn 0.8534 -0.1123 -0.5090
vn 0.8356 -0.1181 -0.5365
vn 0.5796 -0.3020 -0.7568
vn -0.2559 -0.9666 -0.0132
vn 0.8110 -0.0769 -0.5799
vn 0.3828 -0.3412 -0.8585
vn 0.4590 -0.3661 -0.8095
vn 0.9994 -0.0170 -0.0305
vn 0.8375 -0.0315 -0.5456
vn 0.9903 -0.0134 -0.1383
vn 0.8179 -0.5225 -0.2409
vn 0.4820 -0.8317 -0.2755
vn 0.9508 0.0188 -0.3092
vn 0.9055 0.3741 -0.2001
vn 0.7195 0.1751 -0.6720
vn 0.6773 -0.0698 -0.7323
vn 0.5096 -0.0404 -0.8595
vn 0.7056 -0.3987 -0.5857
vn 0.6695 -0.5841 -0.4589
vn 0.4844 0.0051 -0.8749
vn 0.8468 -0.1903 -0.4967
vn 0.8213 -0.0905 -0.5633
vn 0.5138 0.1970 -0.8350
vn 0.8853 -0.0048 -0.4651
vn 0.8784 -0.4778 0.0087
vn 0.9384 -0.3404 0.0604
vn 0.0290 0.9493 -0.3131
vn 0.5706 -0.2932 -0.7671
vn 0.9528 -0.0452 -0.3001
vn 0.9974 0.0521 0.0500
vn 0.9275 0.0498 -0.3704
vn 0.8743 -0.1256 -0.4688
vn 0.7758 -0.0916 -0.6243
vn 0.8855 -0.0357 -0.4632
vn 1.0000 -0.0016 -0.0086
vn 0.6696 -0.2415 -0.7024
vn 0.5479 0.2880 -0.7854
vn 0.7336 0.0052 -0.6795
vn 0.6143 0.0432 -0.7879
vn 0.2781 -0.0072 -0.9605
vn 0.9009 -0.0157 -0.4337
vn 0.7474 0.1173 -0.6539
vn 0.8723 0.0418 -0.4873
vn 0.6217 0.0337 -0.7826
vn 0.5067 -0.8170 -0.2752
vn 0.4143 -0.8212 -0.3925
vn 0.5152 -0.7187 -0.4669
vn 0.8513 -0.1644 -0.4982
vn 0.5560 -0.0192 -0.8310
vn 0.4330 -0.1321 -0.8917
vn 0.6792 -0.3634 -0.6377
vn 0.5901 -0.3856 -0.7093
vn 0.4215 0.0102 -0.9068
vn 0.3927 -0.4395 -0.8079
vn 0.6128 -0.3912 -0.6866
vn 0.7739 -0.0282 -0.6327
vn 0.8787 -0.0293 -0.4764
vn 0.5623 0.0071 -0.8269
vn 0.8338 -0.1508 -0.5311
vn 0.9998 0.0102 -0.0145
vn 0.8923 0.0062 -0.4515
vn 0.9824 0.0043 -0.1868
vn 0.9725 0.0269 -0.2315
vn 0.2639 -0.0955 -0.9598
vn 0.8276 -0.0093 -0.5612
vn 0.9999 -0.0148 0.0085
vn 0.9774 -0.0054 -0.2114
vn 0.9212 0.0196 -0.3885
vn 0.9857 0.1232 -0.1148
vn 0.9021 0.0349 -0.4302
vn 0.4980 -0.0538 -0.8655
vn 0.7360 -0.0527 -0.6750
vn 0.7630 0.0201 -0.6461
vn 0.6176 0.0450 -0.7852
vn 0.7416 -0.5422 -0.3950
vn 0.8354 -0.3319 -0.4381
vn 0.8347 -0.3712 -0.4069
vn 0.8821 -0.4698 -0.0350
vn 0.3599 0.0016 -0.9330
vn 0.3668 -0.0103 -0.9303
vn 0.9998 0.0008 -0.0185
vn 0.4991 -0.0169 -0.8664
vn 0.8065 0.0240 -0.5907
vn 0.6461 -0.7248 -0.2392
vn 0.4069 -0.8292 -0.3833
vn 0.6447 0.0359 -0.7636
vn 0.7937 -0.0357 -0.6072
vn 0.8819 -0.0553 -0.4681
vn 0.7278 -0.1872 -0.6598
vn 0.4834 0.0823 -0.8715
vn 0.3951 -0.1024 -0.9129
vn 0.9457 -0.2029 -0.2540
vn 0.0919 -0.0032 -0.9958
vn 0.3629 -0.6895 -0.6268
vn 0.1679 0.1116 -0.9795
vn 0.6042 -0.2831 -0.7449
vn 0.6944 -0.0306 -0.7190
vn 0.7922 -0.0595 -0.6074
vn 0.7427 -0.0092 -0.6696
vn 0.9747 0.0132 -0.2233
vn 0.6845 -0.0279 -0.7285
vn 0.9220 0.1442 -0.3593
vn 0.9575 -0.1272 -0.2590
vn 0.7992 -0.0244 -0.6006
vn 0.5538 -0.0692 -0.8298
vn 0.6598 -0.6267 -0.4147
vn 0.2735 0.2478 -0.9294
vn 0.9997 -0.0009 -0.0242
vn 0.9996 -0.0060 0.0293
vn 0.5230 -0.7814 -0.3404
vn 0.7910 -0.2982 -0.5343
vn 0.9997 -0.0236 -0.0068
vn 0.3335 -0.0640 -0.9406
vn 0.8915 -0.0178 -0.4526
vn 0.6258 -0.1048 -0.7729
vn 0.2698 0.0133 -0.9628
vn 0.4565 -0.0195 -0.8895
vn 0.7104 0.2265 -0.6664
vn 0.5930 -0.6922 -0.4112
vn -0.1646 -0.8934 -0.4180
vn 0.5599 -0.3738 -0.7395
vn 0.5100 -0.7322 -0.4513
vn 0.1164 0.0428 -0.9923
vn 0.9009 -0.1501 -0.4073
vn 0.9136 0.0698 -0.4006
vn 0.5426 -0.3185 -0.7773
vn 0.8349 0.1495 -0.5297
vn 0.2867 0.0146 -0.9579
vn 0.8110 -0.5625 0.1608
vn 0.6244 0.0812 -0.7769
vn 0.9793 -0.0403 -0.1986
vn 0.9253 -0.0077 -0.3792
vn 0.9328 -0.0168 -0.3601
vn 0.7402 0.2224 -0.6346
vn 0.6541 0.1303 -0.7451
vn 0.6115 0.2399 -0.7540
vn 0.7708 0.1213 -0.6254
vn 0.3731 -0.0472 -0.9266
vn 0.6642 0.0198 -0.7473
vn 0.4340 0.2897 -0.8531
vn 0.3914 0.2107 -0.8958
vn 0.4172 0.2242 -0.8807
vn 0.9367 -0.2958 0.1871
vn 0.9397 -0.2885 0.1837
vn 0.9694 -0.1674 0.1796
vn 0.9970 0.0639 0.0444
vn 0.9992 0.0322 -0.0222
vn 0.9942 -0.0733 0.0786
vn 0.5377 0.4024 -0.7409
vn 0.9001 0.0648 -0.4309
vn 0.9521 -0.2481 -0.1789
vn 0.9344 0.3012 0.1903
vn 0.9285 0.3192 0.1897
vn 0.9081 0.3012 0.2910
vn 0.9737 0.1977 -0.1129
vn 0.9475 0.1889 -0.2580
vn 0.8732 0.3138 -0.3728
vn 0.6851 0.3586 -0.6341
vn 0.9669 0.2429 0.0776
vn 0.9423 0.2732 0.1933
vn 0.9370 0.2786 0.2106
vn 0.9361 0.3021 0.1801
vn 0.9985 -0.0168 -0.0517
vn -0.2783 0.1719 -0.9450
vn 0.9462 0.1940 0.2589
vn 0.9352 0.3221 0.1474
vn 0.5539 0.0692 -0.8297
vn 0.9571 0.2799 0.0752
vn 0.6997 0.7032 0.1261
vn 0.7273 0.6810 -0.0857
vn 0.8885 0.3053 0.3427
vn 0.9514 0.2781 0.1322
vn 0.9409 0.2698 0.2048
vn 0.9493 0.2484 0.1925
vn 0.9634 0.2343 0.1303
vn 0.9810 0.1940 0.0079
vn 0.7385 0.5678 -0.3636
vn 0.7512 0.5789 -0.3172
vn 0.9959 0.0308 -0.0846
vn 0.9601 -0.2284 -0.1617
vn 0.9740 -0.2243 0.0335
vn 0.9455 0.1559 -0.2858
vn 0.8674 0.4597 0.1906
vn 0.8907 0.3897 0.2342
vn 0.9011 0.4014 0.1641
vn 0.9159 0.3077 0.2577
vn 0.6667 0.4914 0.5604
vn 0.9426 0.2918 0.1621
vn 0.8017 0.3896 0.4534
vn 0.8300 0.5563 0.0402
vn 0.8534 0.4979 -0.1543
vn 0.6649 0.0243 -0.7465
vn 0.9624 0.2528 0.0992
vn 0.9402 0.2919 0.1753
vn 0.9374 0.2647 0.2262
vn 0.8641 -0.0868 -0.4957
vn 0.4267 0.1736 -0.8876
vn 0.6757 0.0706 -0.7338
vn 0.7817 0.1218 -0.6116
vn -0.2721 0.0541 -0.9607
vn 0.6154 0.7761 0.1374
vn 0.6230 0.7308 0.2790
vn 0.7607 0.5700 0.3105
vn 0.9769 0.0873 0.1952
vn 0.6462 0.7386 0.1920
vn 0.9318 0.3602 -0.0439
vn 0.7371 0.6741 -0.0473
vn 0.8525 -0.0473 -0.5206
vn 0.9093 -0.1116 -0.4009
vn 0.9757 -0.1006 -0.1946
vn 0.9618 -0.1731 -0.2120
vn 0.9484 -0.1539 -0.2772
vn 0.9956 0.0235 0.0909
vn 0.9979 -0.0111 0.0646
vn 0.9980 -0.0158 0.0619
vn 0.9946 -0.0202 0.1014
vn 0.9984 -0.0179 0.0534
vn 0.9986 -0.0149 0.0513
vn 0.3851 0.1238 -0.9145
vn 0.3905 0.0472 -0.9194
vn 0.9992 -0.0184 -0.0364
vn 0.9748 -0.1386 -0.1746
vn 0.9890 0.1127 0.0954
vn 0.9925 0.0213 -0.1205
vn 0.9686 -0.0225 -0.2476
vn 0.9826 0.0104 -0.1856
vn 0.3588 0.0534 -0.9319
vn 0.6722 0.7090 0.2132
vn 0.6834 0.6757 0.2763
vn 0.7138 0.6824 0.1573
vn 0.8723 0.1825 -0.4536
vn 0.9814 0.0552 -0.1837
vn 0.9977 -0.0152 0.0658
vn 0.9954 -0.0055 0.0961
vn 0.9937 -0.0034 0.1118
vn 0.7916 0.0127 -0.6109
vn 0.9881 0.0562 0.1435
vn 0.9976 -0.0112 0.0678
vn 0.5208 0.0786 -0.8501
vn 0.7359 0.0678 -0.6737
vn 0.9964 -0.0101 0.0838
vn 0.9932 -0.0323 0.1122
vn 0.9974 -0.0057 0.0712
vn 0.7044 0.0469 -0.7083
vn 0.9471 -0.0475 -0.3174
vn 0.9929 -0.0109 0.1186
vn 0.9978 -0.0366 0.0547
vn 0.9985 -0.0285 0.0465
vn 0.5537 0.0672 -0.8300
vn 0.9371 -0.0339 -0.3473
vn 0.9892 -0.0066 -0.1466
vn 0.9897 -0.0204 -0.1415
vn 0.9754 -0.0008 -0.2205
vn 0.9604 0.0311 -0.2768
vn 0.9439 0.0232 -0.3294
vn 0.9342 0.0032 -0.3567
vn 0.9330 0.0841 -0.3500
vn 0.9611 -0.0260 -0.2751
vn 0.9209 0.0031 -0.3897
vn 0.3700 -0.0831 -0.9253
vn -0.2557 0.0353 -0.9661
vn 0.9619 -0.1691 0.2147
vn 0.9851 0.0110 0.1714
vn 0.9507 0.0638 0.3034
vn 0.9600 0.1738 0.2197
vn 0.9917 0.1182 0.0504
vn 0.5144 0.1682 -0.8409
vn 0.7602 0.5769 0.2988
vn 0.7613 0.5903 0.2681
vn 0.9977 0.0124 0.0671
vn 0.9980 0.0288 0.0566
vn 0.9976 0.0088 0.0689
vn 0.9970 0.0076 0.0770
vn 0.9296 0.3498 0.1163
vn 0.8938 0.3299 0.3037
vn 0.9519 0.2319 0.2001
vn 0.9381 0.2732 0.2129
vn 0.9256 0.2932 0.2393
vn 0.9253 0.2968 0.2360
vn 0.9825 0.1858 0.0166
vn 0.9589 0.2801 0.0455
vn 0.9511 0.2914 0.1027
vn 0.7410 0.6580 0.1339
vn 0.7146 0.6520 0.2536
vn 0.8746 0.4096 0.2595
vn 0.8927 0.3829 0.2377
vn 0.9283 0.3042 0.2137
vn 0.8382 0.2624 0.4782
vn 0.8753 -0.4600 0.1495
vn 0.6137 0.5411 -0.5750
vn 0.9756 0.0405 -0.2158
vn 0.9999 0.0082 -0.0101
vn 0.9993 -0.0212 0.0319
vn 0.6513 0.6893 0.3171
vn 0.8745 -0.0067 -0.4849
vn 0.9917 -0.1277 0.0174
vn 0.9789 -0.1853 -0.0863
vn 0.9430 -0.0836 -0.3222
vn 0.9936 -0.0857 -0.0735
vn 0.7990 0.0166 -0.6011
vn 0.8631 0.0814 -0.4985
vn 0.7214 0.1804 -0.6686
vn 0.9958 -0.0198 0.0890
vn 0.9964 0.0384 0.0755
vn 0.9259 -0.1610 -0.3418
vn 0.9986 -0.0283 0.0451
vn 0.9985 0.0132 0.0523
vn 0.9988 -0.0002 0.0491
vn 0.9811 0.0406 -0.1893
vn 0.5022 0.3355 -0.7970
vn 0.9983 0.0357 0.0461
vn 0.1469 0.0278 -0.9888
vn 0.9622 0.2069 0.1771
vn 0.9584 0.2845 -0.0241
vn 0.7801 0.5064 0.3675
vn 0.8255 0.5433 0.1528
vn 0.8346 0.4953 0.2412
vn 0.6648 -0.6918 0.2819
vn 0.3068 -0.9511 0.0350
vn 0.9400 0.1975 0.2781
vn 0.7706 0.0742 -0.6330
vn 0.9206 0.3757 0.1062
vn 0.7220 0.6254 0.2959
vn 0.7335 0.6172 0.2846
vn 0.9793 0.0643 0.1918
vn 0.9921 0.0449 0.1169
vn 0.9935 -0.0006 0.1137
vn 0.8946 0.0012 -0.4468
vn 0.9095 0.0129 -0.4155
vn 0.4005 -0.1692 -0.9005
vn 0.6688 0.6480 0.3645
vn 0.7732 0.6227 0.1203
vn 0.1923 -0.1117 -0.9750
vn 0.9928 -0.0693 0.0980
vn 0.9439 0.2688 0.1919
vn 0.9877 -0.1079 0.1130
vn 0.9338 0.2891 0.2107
vn 0.9300 0.3026 0.2085
vn 0.7774 0.5814 0.2399
vn 0.9310 0.3156 0.1836
vn 0.9294 0.2389 0.2815
vn 0.7275 0.5654 0.3887
vn 0.9957 -0.0015 0.0930
vn 0.9976 -0.0303 0.0628
vn 0.9984 -0.0089 0.0557
vn 0.9997 -0.0054 0.0251
vn 0.1923 -0.0822 -0.9779
vn 0.8342 0.3978 0.3819
vn 0.8517 0.3677 0.3734
vn 0.8452 0.4021 0.3521
vn 0.9864 -0.0219 -0.1632
vn 0.9970 0.0040 0.0774
vn 0.5063 0.4198 -0.7533
vn 0.4519 0.3832 -0.8055
vn 0.7626 0.3278 -0.5576
vn 0.8550 0.2536 -0.4523
vn 0.9099 0.3843 -0.1559
vn 0.9537 0.1521 -0.2595
vn 0.9293 -0.0119 0.3691
vn 0.9411 -0.0138 0.3379
vn 0.9369 -0.0094 0.3494
vn 0.9297 0.0060 0.3684
vn 0.9904 -0.0316 0.1344
vn 0.8352 0.1698 0.5230
vn 0.9845 -0.0330 0.1722
vn 0.9766 0.0502 -0.2092
vn 0.9698 -0.1211 0.2115
vn 0.9504 -0.2065 0.2325
vn 0.9719 -0.1537 0.1784
vn 0.9856 -0.1127 0.1265
vn 0.7358 0.3718 -0.5660
vn 0.9955 0.0060 0.0943
vn 0.9915 -0.0069 0.1299
vn 0.9992 0.0161 -0.0379
vn 0.9984 0.0553 0.0130
vn 0.9826 0.0901 -0.1626
vn 0.9598 0.0267 0.2795
vn 0.9674 0.0100 0.2531
vn 0.9828 -0.0163 0.1837
vn 0.9991 0.0415 0.0083
vn 0.9977 0.0319 0.0594
vn 0.9054 0.3045 -0.2958
vn 0.9936 0.0850 -0.0745
vn 0.9857 0.1214 -0.1167
vn 0.9823 0.1255 -0.1394
vn 0.9913 0.1261 -0.0367
vn 0.9991 -0.0259 -0.0335
vn 0.6737 0.4003 -0.6212
vn 0.7972 0.2585 -0.5455
vn 0.7914 0.3406 -0.5076
vn 0.5601 0.3897 -0.7310
vn 0.9129 0.1839 -0.3645
vn 0.8542 0.1496 -0.4980
vn 0.8136 0.2521 -0.5240
vn 0.6571 0.3439 -0.6708
vn 0.6386 0.5177 -0.5694
vn 0.8200 0.3431 -0.4582
vn 0.9953 0.0881 -0.0409
vn 0.9981 0.0530 -0.0325
vn 0.9966 0.0696 -0.0448
vn 0.3099 0.5411 -0.7817
vn 0.8064 -0.5907 0.0286
vn 0.9919 0.0914 -0.0883
vn 0.8908 0.0227 -0.4539
vn 0.8924 0.1134 -0.4368
vn 0.8487 0.3695 -0.3784
vn 0.9383 0.2310 -0.2575
vn 0.9526 0.1917 -0.2363
vn 0.9485 0.2366 -0.2106
vn 0.9208 0.2407 -0.3071
vn 0.9455 0.2337 -0.2269
vn 0.9156 0.3229 -0.2396
vn 0.7798 0.4486 -0.4366
vn 0.7953 0.4260 -0.4313
vn 0.7670 0.4337 -0.4728
vn 0.7066 0.4473 -0.5483
vn 0.7546 0.4641 -0.4639
vn 0.7901 0.4321 -0.4349
vn 0.9593 0.2588 -0.1133
vn 0.9384 0.2216 -0.2651
vn 0.7058 0.5322 -0.4676
vn 0.8993 -0.2338 0.3695
vn 0.9603 -0.2537 0.1158
vn 0.9794 -0.0648 0.1912
vn 0.9782 -0.0984 0.1830
vn 0.9380 -0.2559 0.2340
vn 0.9619 -0.0377 0.2708
vn 0.9708 -0.0761 0.2275
vn 0.9354 0.0079 0.3535
vn 0.9528 -0.0799 0.2928
vn 0.9649 -0.1137 0.2369
vn 0.9621 -0.0693 0.2636
vn 0.9693 -0.0260 0.2446
vn 0.9766 -0.1161 0.1809
vn 0.9279 0.2693 -0.2578
vn 0.8946 0.1148 0.4319
vn 0.9626 -0.0441 0.2675
vn 0.9832 0.1488 -0.1060
vn 0.9698 -0.0355 0.2414
vn 0.9681 -0.0038 0.2505
vn 0.9419 0.0235 0.3351
vn 0.9585 0.0307 0.2834
vn 0.9280 0.0233 0.3718
vn 0.9628 -0.0725 0.2603
vn 0.4137 0.5139 -0.7515
vn 0.3378 0.5257 -0.7807
vn 0.4481 0.4484 -0.7734
vn 0.5377 0.4254 -0.7280
vn 0.7696 0.1614 0.6178
vn 0.2949 0.5550 -0.7778
vn 0.9931 0.0120 0.1162
vn 0.3165 0.5690 -0.7590
vn 0.2851 0.7632 -0.5799
vn 0.4014 0.6079 -0.6851
vn 0.3634 0.5070 -0.7816
vn 0.3918 0.6229 -0.6771
vn 0.4754 0.4819 -0.7360
vn 0.5066 0.5053 -0.6986
vn 0.6949 0.4189 -0.5845
vn 0.4805 0.8599 -0.1722
vn 0.5428 0.5072 -0.6694
vn 0.9909 0.1255 0.0484
vn 0.9972 0.0453 0.0597
vn 0.9956 0.0905 0.0248
vn 0.8598 0.3298 -0.3899
vn 0.8317 0.3885 -0.3968
vn 0.6281 0.5159 -0.5826
vn 0.6195 0.5266 -0.5822
vn 0.6706 0.4681 -0.5755
vn 0.9610 -0.1107 0.2533
vn 0.9814 -0.1341 0.1376
vn 0.9739 -0.0466 0.2223
vn 0.8948 0.0235 0.4459
vn 0.5297 0.6296 -0.5684
vn 0.9365 0.0326 0.3492
vn 0.4667 0.5502 -0.6924
vn 0.4293 0.8692 0.2454
vn 0.9137 0.0617 0.4017
vn 0.9875 0.0172 0.1565
vn 0.9723 0.0256 0.2323
vn 0.9971 0.0483 0.0583
vn 0.6760 0.5668 -0.4709
vn 0.8156 0.3705 -0.4446
vn 0.8581 0.3532 -0.3728
vn 0.6408 0.5595 -0.5257
vn 0.9607 -0.2472 0.1266
vn 0.9589 -0.1296 0.2524
vn 0.9441 -0.1645 0.2858
vn 0.9966 0.0806 0.0167
vn 0.4167 0.5687 -0.7092
vn 0.8493 0.2173 -0.4810
vn 0.8243 0.3665 -0.4316
vn 0.9839 0.0184 0.1777
vn 0.9875 -0.0104 0.1570
vn 0.9885 0.1120 -0.1014
vn 0.6187 0.5264 -0.5832
vn 0.9965 0.0676 0.0488
vn 0.9972 0.0560 -0.0500
vn 0.9742 0.2182 -0.0573
vn 0.9987 0.0106 -0.0503
vn 0.8779 0.3198 -0.3564
vn 0.9497 -0.0914 0.2996
vn 0.9451 -0.1286 0.3003
vn 0.9650 -0.0666 0.2535
vn 0.9702 -0.0713 0.2318
vn 0.9534 -0.2692 0.1364
vn 0.1513 -0.9583 -0.2426
vn 0.2068 -0.9224 -0.3262
vn 0.1312 -0.9848 -0.1135
vn 0.2027 -0.9764 -0.0746
vn -0.0681 -0.9882 -0.1374
vn 0.0352 -0.9848 -0.1700
vn 0.1200 -0.9727 -0.1987
vn 0.2182 -0.9353 -0.2784
vn 0.2009 -0.9442 -0.2611
vn -0.3529 -0.9006 -0.2538
vn -0.7516 -0.2926 -0.5912
vn -0.4673 -0.8716 -0.1481
vn 0.3577 -0.9336 -0.0197
vn -0.2302 -0.9415 -0.2461
vn -0.1653 -0.9728 -0.1624
vn -0.5999 -0.7946 -0.0938
vn 0.1550 -0.9877 -0.0200
vn 0.1988 -0.9790 -0.0460
vn 0.1834 -0.9448 -0.2716
vn 0.1494 -0.9744 -0.1680
vn 0.1138 -0.9885 -0.0994
vn 0.1535 -0.9323 -0.3275
vn 0.0181 -0.9536 -0.3004
vn -0.0382 -0.9234 -0.3820
vn 0.1615 -0.9706 -0.1784
vn 0.4715 0.8775 -0.0877
vn -0.6088 -0.7255 -0.3209
vn -0.2731 -0.9025 -0.3330
vn -0.5850 -0.7122 -0.3881
vn -0.2289 -0.9087 -0.3492
vn -0.1142 -0.9591 -0.2591
vn -0.1232 -0.9574 -0.2613
vn 0.0881 -0.8312 -0.5489
vn 0.6822 -0.6820 0.2637
vn 0.0039 -0.9666 -0.2563
vn 0.1967 -0.9417 -0.2728
vn 0.0742 -0.7117 -0.6986
vn 0.1297 -0.9902 -0.0520
vn 0.2963 -0.9549 0.0186
vn 0.3261 -0.9316 -0.1608
vn 0.0650 -0.9939 -0.0888
vn 0.1427 -0.9646 -0.2217
vn 0.0290 -0.9987 -0.0422
vn 0.1067 -0.9422 -0.3175
vn 0.0853 -0.9963 0.0038
vn -0.9098 -0.3226 -0.2613
vn -0.6544 -0.7257 -0.2123
vn -0.0398 -0.7826 -0.6212
vn 0.0034 -0.8266 -0.5627
vn -0.1953 -0.7657 -0.6128
vn 0.0635 -0.9896 -0.1289
vn -0.0127 -0.9108 -0.4127
vn 0.2183 -0.7231 -0.6553
vn -0.0026 -0.3192 -0.9477
vn 0.1020 -0.9948 -0.0079
vn 0.0774 -0.9682 -0.2379
vn 0.0152 -0.6642 -0.7474
vn 0.0791 -0.9181 -0.3883
vn 0.0440 -0.9976 -0.0538
vn 0.0032 -0.9869 -0.1611
vn 0.3637 -0.9178 -0.1592
vn -0.0217 -0.6158 -0.7876
vn 0.1252 -0.9152 -0.3829
vn -0.0155 -0.9599 -0.2799
vn -0.1632 -0.9240 -0.3457
vn -0.0503 0.4879 -0.8714
vn 0.0751 -0.9873 -0.1400
vn 0.1796 -0.9539 -0.2405
vn -0.2110 -0.8767 -0.4322
vn 0.1685 -0.9662 -0.1952
vn 0.0990 -0.9944 -0.0362
vn 0.1065 -0.7429 -0.6609
vn -0.9590 -0.2805 0.0414
vn -0.8589 -0.4609 0.2232
vn -0.8192 -0.5478 0.1698
vn -0.0986 -0.0244 -0.9948
vn -0.1400 0.0441 -0.9892
vn 0.1142 -0.9766 -0.1824
vn 0.0863 -0.9371 -0.3383
vn 0.2249 -0.8996 -0.3744
vn -0.0578 -0.9970 0.0506
vn 0.2262 -0.9429 -0.2446
vn 0.0044 -0.9279 -0.3727
vn 0.0412 -0.6580 -0.7519
vn 0.2208 -0.4955 -0.8401
vn -0.0954 -0.2367 -0.9669
vn 0.1159 -0.9782 -0.1723
vn 0.0986 -0.5174 -0.8501
vn -0.0607 -0.8288 -0.5562
vn 0.0769 0.3980 -0.9142
vn 0.1547 -0.8805 -0.4481
vn 0.1663 -0.0940 -0.9816
vn 0.0444 -0.8376 -0.5444
vn 0.5093 -0.8531 0.1137
vn -0.0349 0.0083 -0.9994
vn -0.1059 -0.6492 -0.7532
vn -0.1606 -0.8806 -0.4457
vn 0.0420 -0.9984 -0.0376
vn 0.0712 -0.6597 -0.7481
vn 0.6341 -0.6895 -0.3500
vn -0.0170 -0.9504 -0.3105
vn -0.5214 -0.8047 -0.2839
vn -0.9878 -0.1222 0.0967
vn 0.0533 -0.9742 -0.2193
vn -0.5746 0.1654 -0.8015
vn -0.0514 0.5182 -0.8537
vn 0.3008 -0.9395 -0.1641
vn 0.0793 -0.8947 -0.4396
vn 0.0045 -0.8679 -0.4967
vn 0.0939 -0.8358 -0.5410
vn 0.2704 -0.9445 -0.1864
vn -0.1202 -0.8958 -0.4279
vn 0.7937 -0.5918 -0.1409
vn -0.1900 -0.3078 -0.9323
vn 0.0549 -0.6827 -0.7286
vn -0.9078 -0.4129 0.0738
vn -0.0685 0.8356 -0.5450
vn 0.9635 -0.0280 -0.2662
vn -0.7040 -0.6028 -0.3754
vn -0.1036 -0.5094 -0.8543
vn 0.9980 -0.0633 0.0051
vn -0.4380 -0.8805 -0.1813
vn 0.1514 -0.9863 -0.0647
vn 0.3020 -0.9167 -0.2615
vn 0.0056 -0.9993 0.0376
vn 0.1088 -0.9858 -0.1276
vn 0.2202 -0.9638 -0.1505
vn -0.0284 -0.9995 -0.0139
vn 0.0727 -0.9887 -0.1311
vn 0.2592 -0.9177 -0.3012
vn 0.5107 -0.8225 -0.2504
vn 0.4124 -0.8542 -0.3165
vn 0.4457 0.1979 -0.8730
vn 0.3104 -0.6333 -0.7089
vn 0.2370 -0.0095 -0.9715
vn -0.1388 -0.9813 -0.1332
vn 0.1915 -0.9716 0.1388
vn 0.0341 -0.9990 0.0276
vn 0.0288 -0.9989 0.0369
vn 0.0071 -0.9993 0.0370
vn 0.0043 -0.9994 0.0351
vn 0.0048 -0.9994 0.0351
vn -0.1558 -0.9568 -0.2456
vn -0.4548 -0.4491 -0.7691
vn -0.2549 -0.8569 -0.4480
vn -0.0001 -0.9992 0.0394
vn 0.0075 -0.9991 0.0410
vn -0.1635 -0.9864 -0.0176
vn 0.0046 -0.9990 0.0444
vn -0.0141 -0.9980 0.0621
vn -0.1578 -0.9872 0.0233
vn -0.6920 -0.7192 -0.0629
vn -0.0724 -0.9961 0.0503
vn 0.1181 -0.9907 -0.0669
vn 0.1890 -0.9749 -0.1180
vn 0.3665 -0.8509 -0.3765
vn 0.2277 -0.9601 -0.1624
vn 0.1532 -0.9759 -0.1555
vn 0.0083 -0.9932 -0.1161
vn 0.0110 -0.9995 0.0283
vn 0.0087 -0.9993 0.0377
vn 0.0026 -0.9993 0.0373
vn 0.7754 -0.1623 -0.6103
vn 0.0027 -0.9995 0.0308
vn 0.0098 -0.9986 0.0520
vn -0.0030 -0.9991 0.0420
vn 0.0582 -0.9978 -0.0305
vn 0.2907 -0.9539 0.0749
vn 0.6474 -0.7347 -0.2028
vn 0.3226 -0.9191 -0.2260
vn -0.6514 -0.6262 -0.4283
vn -0.2769 -0.9594 -0.0536
vn -0.2548 -0.4089 -0.8763
vn -0.6491 -0.1419 -0.7473
vn -0.2709 -0.9593 -0.0792
vn 0.0054 -0.9993 0.0370
vn 0.3401 -0.8812 -0.3283
vn 0.4555 -0.5264 -0.7179
vn -0.0081 -0.9993 0.0363
vn 0.9397 -0.2064 -0.2727
vn 0.9582 -0.2610 -0.1171
vn 0.8530 -0.5200 -0.0454
vn 0.0954 -0.9917 -0.0857
vn -0.8674 -0.1975 -0.4567
vn -0.5178 -0.7227 -0.4578
vn -0.1794 -0.9830 -0.0402
vn 0.0462 -0.9932 -0.1073
vn -0.6531 -0.4727 -0.5916
vn -0.8001 -0.3938 -0.4525
vn 0.0040 -0.9992 0.0395
vn 0.0238 -0.9996 0.0181
vn -0.6348 0.1685 -0.7541
vn -0.8893 -0.1201 -0.4412
vn 0.0047 -0.9993 0.0376
vn 0.0068 -0.9993 0.0374
vn -0.0006 -0.9993 0.0372
vn 0.9340 -0.3316 0.1334
vn 0.0082 -0.9992 0.0399
vn 0.0137 -0.9993 0.0340
vn 0.0043 -0.9994 0.0350
vn -0.9501 -0.1104 -0.2919
vn 0.0089 -0.9993 0.0351
vn 0.3308 -0.4313 -0.8394
vn 0.8076 -0.5150 -0.2875
vn 0.7690 -0.3856 -0.5099
vn 0.5199 -0.5248 -0.6740
vn 0.7357 -0.4900 -0.4676
vn -0.3072 -0.5109 -0.8029
vn -0.1915 -0.3219 -0.9272
vn 0.6622 -0.4938 -0.5636
vn 0.6526 -0.3544 -0.6697
vn -0.9591 -0.1584 -0.2346
vn -0.9863 -0.1365 -0.0921
vn -0.3406 -0.9385 -0.0559
vn -0.5906 -0.0086 -0.8069
vn -0.9844 -0.1577 -0.0775
vn 0.4816 -0.6179 -0.6216
vn -0.9920 -0.1182 -0.0432
vn 0.0021 -0.9989 0.0471
vn 0.3042 -0.9079 -0.2883
vn 0.2518 -0.9650 -0.0733
vn 0.8020 -0.5928 -0.0734
vn -0.9373 -0.2566 -0.2361
vn 0.6455 0.0097 -0.7637
vn 0.6189 0.1086 -0.7779
vn -0.1145 -0.9921 -0.0509
vn -0.0336 -0.9994 0.0081
vn 0.2945 -0.9547 0.0427
vn 0.5954 -0.7680 -0.2359
vn 0.7412 -0.6588 -0.1290
vn 0.0046 -0.9996 0.0295
vn -0.0351 -0.9994 0.0013
vn 0.1758 -0.9192 -0.3525
vn 0.1870 -0.9340 -0.3044
vn 0.4708 -0.7306 -0.4945
vn 0.3414 -0.6907 -0.6374
vn 0.0044 -0.9992 0.0400
vn 0.0021 -0.9990 0.0449
vn 0.0022 -0.9992 0.0391
vn 0.0047 -0.9990 0.0450
vn 0.0288 -0.9973 0.0676
vn 0.0039 -0.9991 0.0420
vn 0.0059 -0.9991 0.0422
vn 0.6816 -0.4248 -0.5958
vn 0.4929 -0.5400 -0.6823
vn 0.0038 -0.9992 0.0395
vn 0.0043 -0.9992 0.0388
vn 0.0057 -0.9994 0.0353
vn 0.1265 -0.9898 0.0650
vn 0.2024 -0.9731 0.1096
vn 0.0287 -0.9996 -0.0052
vn -0.0664 -0.9950 -0.0740
vn -0.5251 -0.4019 -0.7502
vn -0.4947 -0.8337 0.2453
vn 0.2806 -0.9158 -0.2873
vn 0.7360 -0.2092 -0.6439
vn 0.3963 -0.8624 -0.3150
vn 0.4131 -0.9093 0.0498
vn 0.0190 -0.9969 0.0759
vn 0.0088 -0.9992 0.0384
vn 0.0063 -0.9993 0.0359
vn 0.0044 -0.9993 0.0358
vn -0.5766 -0.0629 -0.8146
vn -0.3849 -0.6939 -0.6086
vn -0.4926 -0.2994 -0.8172
vn -0.1716 -0.9337 -0.3144
vn -0.1718 -0.8204 -0.5454
vn 0.2656 -0.9239 -0.2754
vn 0.1099 -0.9893 -0.0957
vn 0.5229 -0.4174 -0.7432
vn -0.0004 -0.9989 0.0463
vn -0.0023 -0.9993 0.0378
vn 0.0089 -0.9990 0.0440
vn 0.0082 -0.9991 0.0414
vn -0.0384 -0.9988 0.0287
vn 0.0004 -0.9993 0.0371
vn -0.1577 -0.5192 -0.8400
vn -0.1885 0.0486 -0.9809
vn 0.0246 -0.5069 -0.8616
vn 0.0034 -0.9993 0.0373
vn -0.0402 -0.0905 -0.9951
vn -0.2577 -0.9607 -0.1030
vn -0.2660 -0.9390 -0.2178
vn -0.0820 -0.9953 0.0515
vn -0.0117 0.0085 -0.9999
vn -0.3500 -0.4756 -0.8070
vn 0.0090 -0.9991 0.0419
vn 0.0035 -0.9990 0.0455
vn 0.8324 0.1324 -0.5381
vn 0.6790 0.3444 -0.6483
vn 0.7811 -0.4329 -0.4500
vn -0.0768 -0.7034 -0.7066
vn -0.1255 -0.9196 -0.3724
vn -0.4497 -0.4803 -0.7530
vn -0.6003 -0.6873 -0.4089
vn -0.4504 -0.8749 -0.1778
vn -0.1051 -0.9944 -0.0097
vn 0.7405 0.3353 -0.5824
vn 0.0058 -0.9990 0.0443
vn 0.0004 -0.9992 0.0390
vn -0.2668 -0.9584 -0.1018
vn 0.0070 -0.9993 0.0376
vn 0.0009 -0.9993 0.0378
vn 0.0080 -0.9994 0.0343
vn 0.8957 -0.4124 -0.1660
vn 0.8823 -0.4484 -0.1430
vn -0.7655 -0.6308 -0.1266
vn -0.6203 -0.7781 -0.0987
vn -0.4831 -0.8734 0.0606
vn -0.8903 -0.3122 -0.3315
vn -0.0591 -0.9973 0.0431
vn 0.6929 -0.7109 -0.1203
vn 0.7050 -0.7061 -0.0656
vn 0.0083 -0.9993 0.0373
vn -0.0107 -0.9997 0.0228
vn 0.0012 -0.9991 0.0427
vn 0.0051 -0.9991 0.0431
vn -0.4658 -0.1149 -0.8774
vn -0.2573 -0.3135 -0.9141
vn -0.4558 -0.4905 -0.7427
vn 0.2730 -0.9588 -0.0783
vn 0.5247 -0.8247 -0.2112
vn 0.5354 -0.8203 -0.2013
vn 0.4061 -0.8793 -0.2489
vn 0.2468 -0.6351 -0.7320
vn 0.0511 -0.9987 0.0013
vn 0.0277 -0.9951 -0.0947
vn 0.9059 -0.1815 -0.3826
vn 0.1394 -0.6815 -0.7184
vn 0.1719 -0.4782 -0.8612
vn 0.4077 -0.1836 -0.8945
vn 0.0046 -0.9994 0.0332
vn 0.0038 -0.9994 0.0351
vn -0.7577 -0.2634 -0.5971
vn -0.0209 -0.9982 0.0558
vn -0.0740 -0.9971 -0.0170
vn 0.0716 -0.9963 0.0483
vn 0.8046 -0.1914 -0.5621
vn -0.2957 -0.8577 -0.4206
vn 0.1762 -0.9809 -0.0821
vn -0.0143 -0.9993 0.0344
vn -0.0611 -0.9977 0.0305
vn -0.0022 -0.9995 0.0318
vn -0.0039 -0.9990 0.0440
vn -0.0551 -0.9188 -0.3909
vn 0.8946 -0.4394 -0.0817
vn -0.3047 -0.1861 -0.9341
vn -0.2241 0.2320 -0.9466
vn -0.5332 0.4203 -0.7342
vn 0.1317 -0.8899 -0.4366
vn 0.0082 -0.9993 0.0363
vn 0.5753 -0.7808 -0.2437
vn -0.0121 -0.9964 0.0845
vn 0.0086 -0.9990 0.0442
vn 0.0548 -0.9962 0.0677
vn -0.6548 0.0058 -0.7558
vn 0.0084 -0.9992 0.0398
vn 0.4428 -0.7196 -0.5349
vn 0.7422 -0.0688 -0.6666
vn 0.8335 -0.4314 -0.3453
vn 0.6311 -0.7342 -0.2502
vn 0.0637 -0.9969 0.0471
vn 0.0418 -0.9986 0.0320
vn 0.4016 -0.0578 -0.9140
vn 0.3085 -0.2866 -0.9070
vn 0.2670 -0.7468 -0.6091
vn -0.6329 0.0494 -0.7727
vn 0.4298 -0.4061 -0.8064
vn 0.4940 -0.1591 -0.8548
vn 0.5205 -0.3306 -0.7873
vn -0.8905 -0.3784 -0.2526
vn 0.0043 -0.9992 0.0404
vn 0.0150 -0.9987 0.0478
vn 0.0013 -0.9991 0.0418
vn 0.0005 -0.8413 -0.5405
vn -0.2539 -0.1851 -0.9493
vn 0.6088 -0.6593 -0.4412
vn 0.7410 -0.4938 -0.4550
vn 0.9419 0.0989 -0.3212
vn 0.8997 -0.3561 -0.2524
vn 0.8699 -0.1064 -0.4815
vn -0.5290 -0.8196 -0.2202
vn 0.3880 -0.6530 -0.6504
vn 0.3217 0.9396 0.1171
vn 0.0182 -0.9987 0.0483
vn 0.1573 -0.9635 0.2164
vn -0.8350 -0.5441 -0.0819
vn 0.6043 -0.5056 -0.6159
vn -0.0026 -0.9990 0.0439
vn 0.9362 -0.0557 -0.3470
vn 0.7964 -0.3260 -0.5094
vn 0.2396 -0.9455 -0.2203
vn -0.6598 -0.6653 -0.3493
vn -0.5775 -0.8119 0.0857
vn -0.9634 -0.0984 -0.2494
vn -0.0033 -0.9987 0.0518
vn 0.0074 -0.9989 0.0473
vn 0.0030 -0.9988 0.0483
vn 0.1551 -0.9806 0.1195
vn -0.2044 -0.9596 0.1932
vn -0.2695 -0.9476 0.1716
vn -0.0138 -0.9965 0.0824
vn 0.0028 -0.9990 0.0444
vn -0.0017 -0.9992 0.0402
vn 0.0060 -0.9992 0.0405
vn 0.0433 -0.9041 0.4250
vn 0.0016 -0.9890 0.1480
vn 0.0218 -0.9956 0.0911
vn -0.0030 -0.9988 0.0487
vn 0.0092 -0.9985 0.0548
vn -0.0449 -0.9821 0.1831
vn 0.0183 -0.9927 0.1193
vn 0.0051 -0.9982 0.0598
vn 0.0018 -0.9990 0.0439
vn 0.0010 -0.9990 0.0453
vn 0.1290 -0.5671 0.8134
vn 0.1610 -0.9350 0.3160
vn 0.3151 -0.4987 0.8075
vn -0.0052 -0.9992 0.0396
vn 0.0017 -0.9994 0.0356
vn 0.0130 -0.9987 0.0488
vn 0.0028 -0.9990 0.0456
vn -0.1676 -0.9745 0.1489
vn 0.0010 -0.9988 0.0482
vn -0.1075 -0.9864 0.1244
vn -0.0344 -0.9938 0.1054
vn 0.0036 -0.9988 0.0482
vn 0.0217 -0.9967 0.0779
vn 0.0028 -0.9991 0.0416
vn -0.0021 -0.9993 0.0385
vn -0.0021 -0.9987 0.0505
vn -0.0020 -0.9988 0.0487
vn 0.5336 0.3171 0.7840
vn 0.2620 -0.8603 0.4372
vn 0.0353 -0.9337 0.3562
vn -0.1405 -0.3374 0.9308
vn -0.1601 -0.3687 0.9157
vn 0.0053 -0.9993 0.0379
vn -0.0045 -0.9988 0.0492
vn -0.0033 -0.9963 0.0854
vn -0.1917 -0.9477 0.2551
vn -0.5987 -0.7417 0.3023
vn -0.5927 -0.6981 0.4016
vn -0.4200 -0.8959 0.1448
vn 0.2184 -0.8590 0.4630
vn 0.1295 -0.8867 0.4438
vn 0.3850 -0.7985 0.4629
vn -0.6930 -0.5908 0.4132
vn -0.6763 -0.7168 0.1695
vn -0.6563 -0.6713 0.3445
vn 0.0099 -0.9986 0.0513
vn 0.0071 -0.9991 0.0429
vn 0.1086 -0.9785 0.1755
vn 0.0105 -0.9985 0.0529
vn 0.0239 -0.9862 0.1641
vn 0.0606 -0.9477 0.3133
vn 0.0373 -0.9684 0.2467
vn 0.1760 -0.9358 0.3054
vn 0.7746 -0.4722 0.4207
vn 0.8647 -0.1773 0.4699
vn 0.4033 0.0479 0.9138
vn 0.2000 -0.9669 0.1584
vn 0.0205 -0.9898 0.1410
vn 0.0732 -0.9692 0.2350
vn 0.0392 -0.9746 0.2204
vn -0.6105 -0.6554 0.4446
vn 0.8310 -0.0692 0.5519
vn 0.4133 -0.8580 0.3050
vn 0.7053 0.2899 0.6470
vn -0.7434 -0.4165 0.5233
vn -0.6576 -0.6120 0.4393
vn -0.2354 -0.8731 0.4269
vn -0.8953 -0.1417 0.4224
vn -0.7923 -0.3124 0.5241
vn -0.7985 -0.3210 0.5093
vn -0.7218 -0.5209 0.4557
vn -0.7673 -0.3674 0.5256
vn -0.6933 -0.3259 0.6428
vn -0.8147 -0.1930 0.5468
vn -0.7583 -0.4132 0.5043
vn -0.7565 -0.4507 0.4740
vn -0.7216 -0.4014 0.5641
vn -0.6568 -0.5075 0.5578
vn -0.5938 -0.4725 0.6513
vn -0.4089 -0.6800 0.6086
vn -0.6957 -0.4248 0.5793
vn 0.0305 -0.9983 0.0499
vn 0.0141 -0.9986 0.0510
vn -0.0716 -0.9654 0.2508
vn 0.0043 -0.9989 0.0460
vn 0.0090 -0.9989 0.0463
vn 0.0185 -0.9990 0.0399
vn 0.0086 -0.9989 0.0472
vn -0.0745 -0.6152 0.7848
vn -0.0149 0.6232 0.7819
vn -0.2350 -0.4434 0.8650
vn -0.0531 -0.5321 0.8450
vn -0.0997 -0.4956 0.8628
vn -0.0123 -0.9973 0.0727
vn -0.2828 -0.9216 0.2657
vn -0.1928 -0.8575 0.4770
vn -0.0833 -0.4195 0.9039
vn 0.0409 0.2923 0.9554
vn -0.0028 -0.9987 0.0501
vn 0.0057 0.0438 0.9990
vn -0.0141 0.1154 0.9932
vn -0.0246 -0.4019 0.9153
vn -0.1304 0.1347 0.9823
vn 0.0024 -0.9991 0.0425
vn -0.7269 0.2553 0.6375
vn 0.1327 -0.9830 0.1266
vn 0.3672 -0.8738 0.3188
vn 0.4425 -0.8812 0.1662
vn -0.8779 -0.4257 0.2193
vn -0.0773 -0.0741 0.9942
vn -0.1424 -0.3448 0.9278
vn 0.4838 -0.1719 0.8581
vn 0.6173 -0.6027 0.5056
vn 0.0007 -0.9974 0.0721
vn -0.2471 -0.9556 0.1604
vn -0.3626 -0.9075 0.2122
vn -0.0640 -0.9413 0.3315
vn -0.0001 -0.9954 0.0962
vn 0.0657 -0.9679 0.2427
vn -0.0563 -0.9771 0.2053
vn 0.0169 -0.9990 0.0404
vn 0.8951 -0.2458 0.3720
vn 0.4615 -0.8489 0.2575
vn 0.7790 -0.5567 0.2886
vn -0.0488 -0.9960 -0.0750
vn 0.4757 -0.7546 0.4520
vn 0.3590 -0.6015 0.7136
vn -0.6387 -0.6344 0.4354
vn -0.6752 -0.1499 0.7222
vn -0.0230 -0.8847 0.4655
vn -0.1465 -0.8031 0.5775
vn -0.8012 -0.3328 0.4974
vn -0.7478 -0.6547 0.1103
vn -0.3378 -0.5779 0.7429
vn -0.0050 -0.9221 0.3870
vn -0.8120 -0.3016 0.4997
vn -0.8946 -0.2565 0.3659
vn 0.6920 -0.6921 0.2053
vn 0.7346 -0.6728 0.0878
vn 0.1249 -0.7023 0.7008
vn -0.8520 -0.5145 -0.0971
vn -0.1128 0.0881 0.9897
vn -0.5705 -0.8046 0.1648
vn -0.8516 -0.5211 0.0561
vn 0.8402 -0.4145 0.3496
vn -0.8467 -0.2341 0.4779
vn -0.0317 -0.9968 0.0737
vn 0.5384 0.2010 0.8183
vn -0.0266 -0.9186 0.3943
vn -0.2061 -0.9079 0.3650
vn 0.8873 0.2421 0.3924
vn -0.8563 -0.5159 0.0268
vn -0.1011 -0.7668 0.6339
vn -0.0374 -0.7371 0.6747
vn -0.6997 0.1625 0.6957
vn -0.8085 -0.0565 0.5858
vn -0.1807 -0.4264 0.8863
vn -0.8959 -0.2802 0.3447
vn 0.8874 0.2598 0.3809
vn 0.1509 -0.3883 0.9091
vn 0.0778 -0.6830 0.7262
vn -0.9872 -0.0860 0.1344
vn 0.9846 -0.0005 0.1748
vn 0.9300 -0.0992 0.3538
vn -0.0656 -0.5679 0.8205
vn -0.0224 -0.3579 0.9335
vn -0.3534 0.3892 0.8507
vn 0.3632 -0.5595 0.7450
vn -0.1879 -0.9327 0.3077
vn -0.0028 -0.9954 0.0957
vn 0.0944 -0.7803 0.6183
vn -0.0413 -0.9467 0.3195
vn 0.0623 -0.9623 0.2647
vn 0.0247 -0.9350 0.3537
vn -0.1005 -0.9113 0.3992
vn -0.1340 -0.9443 0.3007
vn -0.0685 -0.9383 0.3391
vn -0.1410 -0.9389 0.3139
vn -0.0891 -0.7981 0.5959
vn -0.1345 -0.8467 0.5147
vn -0.0428 -0.9468 0.3189
vn -0.1135 -0.8375 0.5345
vn 0.0394 -0.5130 0.8575
vn 0.4931 -0.5235 0.6948
vn -0.0530 -0.9636 0.2621
vn -0.0274 -0.4580 0.8885
vn -0.0119 -0.4092 0.9124
vn -0.0842 -0.4637 0.8820
vn -0.0981 -0.8033 0.5874
vn 0.1441 -0.1896 0.9712
vn -0.0328 -0.3508 0.9359
vn 0.5275 0.2726 0.8047
vn -0.3393 -0.5911 0.7317
vn -0.5357 0.1937 0.8219
vn -0.4215 0.3923 0.8176
vn -0.8285 0.2602 0.4958
vn -0.9426 0.3336 -0.0125
vn 0.0541 -0.2578 0.9647
vn 0.0408 -0.9358 0.3500
vn 0.1067 -0.8729 0.4761
vn 0.0659 -0.5363 0.8415
vn -0.2373 -0.9233 0.3021
vn -0.2905 -0.8540 0.4317
vn -0.4437 -0.7330 0.5157
vn -0.3112 0.8078 0.5007
vn -0.2987 0.2440 0.9226
vn -0.1631 0.1815 0.9698
vn -0.1077 -0.9561 0.2727
vn -0.0526 -0.9728 0.2254
vn 0.2556 -0.8323 0.4918
vn 0.1631 -0.5387 0.8265
vn 0.0844 -0.7553 0.6499
vn -0.0307 -0.7855 0.6181
vn -0.1725 -0.3903 0.9044
vn -0.3148 -0.3189 0.8940
vn -0.0858 -0.5969 0.7977
vn 0.5204 -0.3400 0.7833
vn 0.2340 -0.3878 0.8915
vn -0.3013 -0.9343 0.1905
vn -0.3788 -0.9000 0.2156
vn -0.6922 -0.1047 0.7141
vn -0.4212 -0.8102 0.4077
vn -0.1470 -0.9609 0.2346
vn -0.6426 -0.4277 0.6358
vn -0.8212 -0.0553 0.5680
vn -0.6820 -0.4609 0.5679
vn 0.0698 -0.9378 0.3402
vn -0.0496 -0.3760 0.9253
vn 0.0323 -0.4511 0.8919
vn -0.1789 -0.1731 0.9685
vn 0.0008 -0.9417 0.3365
vn -0.1625 -0.1239 0.9789
vn 0.4271 -0.2329 0.8737
vn 0.2051 -0.0231 0.9785
vn 0.1706 -0.3677 0.9142
vn 0.1196 0.4415 0.8893
vn -0.1462 -0.4914 0.8586
vn 0.0264 -0.4181 0.9080
vn -0.0085 -0.5807 0.8141
vn 0.0193 -0.2661 0.9638
vn -0.3815 -0.4526 0.8060
vn -0.4229 0.3320 0.8432
vn 0.6209 -0.1273 0.7735
vn -0.0800 -0.7745 0.6275
vn -0.2234 -0.9118 0.3444
vn -0.0480 -0.9425 0.3306
vn -0.5626 -0.7754 0.2866
vn -0.4345 -0.2739 0.8580
vn 0.1519 -0.9102 0.3853
vn 0.3440 -0.1733 0.9228
vn -0.1074 -0.3060 0.9460
vn 0.1445 0.1599 0.9765
vn 0.2343 0.2628 0.9360
vn -0.4288 -0.1553 0.8900
vn 0.1707 -0.1521 0.9735
vn -0.1915 0.1937 0.9622
vn 0.0016 0.1799 0.9837
vn 0.1696 0.0070 0.9855
vn -0.5160 -0.0882 0.8520
vn -0.0313 -0.3564 0.9338
vn 0.2931 0.4114 0.8630
vn -0.2313 -0.1586 0.9599
vn -0.3859 -0.8942 0.2268
vn -0.3662 0.0423 0.9296
vn 0.3053 0.7784 0.5485
vn -0.0685 -0.2176 0.9736
vn 0.2618 -0.0651 0.9629
vn -0.7971 -0.2710 -0.5397
vn -0.5301 -0.2584 -0.8076
vn -0.6762 -0.6789 -0.2861
vn -0.4433 -0.8225 -0.3563
vn -0.9959 -0.0902 0.0027
vn -0.9889 0.0433 -0.1421
vn -0.9883 -0.0505 0.1438
vn -0.2727 0.0878 -0.9581
vn -0.1792 0.0326 -0.9833
vn -0.2559 0.0762 -0.9637
vn -0.2637 0.0047 -0.9646
vn -0.4825 0.1504 -0.8629
vn -0.2136 -0.1299 -0.9683
vn -0.4468 -0.8344 -0.3227
vn -0.5169 -0.6449 -0.5630
vn -0.5559 -0.7801 -0.2869
vn -0.7346 -0.2669 -0.6238
vn 0.1803 0.1620 -0.9702
vn -0.7361 -0.1285 -0.6646
vn -0.8559 -0.3970 -0.3315
vn -0.8069 0.4122 -0.4231
vn -0.9179 -0.3170 -0.2388
vn -0.3977 0.1488 -0.9053
vn -0.2114 -0.1056 -0.9717
vn 0.0033 0.0678 -0.9977
vn -0.0504 -0.0295 -0.9983
vn -0.0100 0.0067 -0.9999
vn 0.0086 0.0298 -0.9995
vn -0.0353 0.0120 -0.9993
vn -0.0183 0.0254 -0.9995
vn -0.0119 0.0034 -0.9999
vn -0.0264 0.0191 -0.9995
vn -0.7055 -0.0147 -0.7086
vn -0.0129 -0.0045 -0.9999
vn -0.9798 -0.0128 0.1996
vn -0.9789 -0.1983 0.0498
vn -0.7099 -0.6930 0.1254
vn -0.9793 -0.1847 -0.0825
vn -0.8407 0.4421 -0.3128
vn -0.9559 0.2239 -0.1902
vn -0.9840 0.0927 -0.1524
vn -0.8641 0.3753 -0.3354
vn -0.8378 0.2512 -0.4847
vn -0.6713 0.6067 0.4258
vn -0.9485 -0.2775 -0.1527
vn -0.9866 0.1529 0.0578
vn -0.8149 0.1139 -0.5683
vn -0.9049 0.0987 -0.4139
vn -0.4372 0.3985 -0.8062
vn -0.1589 0.3597 -0.9194
vn -0.2806 0.3023 -0.9110
vn -0.9244 -0.0276 0.3804
vn -0.7374 0.4297 -0.5211
vn 0.0761 0.1447 -0.9865
vn -0.4468 -0.8344 -0.3226
vn -0.1412 -0.0463 -0.9889
vn -0.0183 -0.0181 -0.9997
vn 0.1695 0.1312 -0.9768
vn -0.0107 -0.0007 -0.9999
vn -0.9454 -0.2604 -0.1962
vn -0.7167 0.0646 -0.6944
vn -0.4976 -0.6092 -0.6176
vn -0.1395 0.3865 -0.9117
vn -0.8133 -0.5649 0.1393
vn -0.6453 -0.3976 -0.6523
vn -0.6122 -0.1302 -0.7799
vn -0.7965 -0.1349 -0.5894
vn -0.7796 -0.0281 -0.6256
vn -0.7281 -0.4122 -0.5478
vn -0.8642 -0.0821 -0.4964
vn -0.7322 -0.3551 -0.5813
vn -0.6618 -0.1844 -0.7267
vn -0.5151 -0.7282 -0.4520
vn -0.5388 0.0352 -0.8417
vn -0.6903 0.0303 -0.7229
vn -0.4930 0.0208 -0.8698
vn -0.9524 0.0476 -0.3010
vn -0.8525 -0.1090 -0.5112
vn -0.9935 0.0616 -0.0958
vn -0.9556 0.1654 -0.2440
vn -0.9980 -0.0399 -0.0482
vn -0.8120 -0.1863 -0.5532
vn -0.5630 -0.1200 -0.8177
vn 0.3993 0.0980 -0.9116
vn -0.9961 0.0881 0.0061
vn -0.9944 0.0720 -0.0772
vn -0.9763 0.1660 -0.1387
vn -0.9846 -0.0788 -0.1558
vn -0.9407 -0.1246 -0.3156
vn -0.9451 -0.2656 -0.1903
vn -0.4584 -0.2125 -0.8630
vn -0.9636 0.1873 -0.1908
vn -0.8897 -0.0231 -0.4559
vn -0.9408 0.0082 -0.3388
vn -0.8009 0.0205 -0.5984
vn -0.2433 -0.0773 -0.9669
vn -0.9064 0.2559 -0.3361
vn -0.9327 0.3508 -0.0842
vn -0.9639 0.2348 -0.1257
vn -0.8202 0.1586 -0.5497
vn -0.9728 -0.1637 -0.1640
vn -0.4611 0.2223 -0.8591
vn -0.5998 -0.1743 -0.7810
vn -0.9853 0.1421 -0.0944
vn -0.9885 0.0791 -0.1285
vn -0.9945 -0.0030 -0.1043
vn -0.9193 -0.3205 -0.2281
vn -0.1314 -0.9653 0.2255
vn -0.1452 -0.8321 -0.5353
vn -0.7218 0.0631 -0.6892
vn -0.9006 -0.3255 -0.2882
vn -0.9236 -0.0395 -0.3814
vn -0.9686 0.0959 -0.2294
vn -0.9669 0.0347 -0.2527
vn -0.9443 -0.3223 -0.0659
vn -0.9890 -0.0303 -0.1449
vn -0.9833 -0.1818 -0.0120
vn -0.7098 -0.2258 -0.6672
vn -0.8579 -0.2670 -0.4389
vn -0.6577 -0.1276 -0.7424
vn -0.9863 -0.1374 -0.0916
vn -0.7195 -0.6938 0.0317
vn -0.9900 -0.0244 -0.1389
vn -0.8286 0.0704 -0.5555
vn -0.8935 -0.0263 -0.4483
vn -0.1915 0.0345 -0.9809
vn -0.9771 0.0933 -0.1913
vn -0.9986 0.0118 -0.0521
vn -0.9960 0.0878 -0.0188
vn -0.9909 -0.0195 -0.1336
vn -0.9639 0.0192 -0.2657
vn -0.8749 -0.2368 -0.4224
vn -0.8744 -0.3349 -0.3512
vn -0.9856 -0.0912 -0.1423
vn -0.9931 0.0851 -0.0802
vn -0.9892 0.1431 -0.0317
vn -0.7951 0.4336 -0.4240
vn -0.8188 0.0689 -0.5699
vn -0.4820 0.1505 -0.8631
vn -0.7359 0.3046 -0.6047
vn -0.1342 0.1879 -0.9730
vn -0.0604 -0.0195 -0.9980
vn -0.4286 0.2928 -0.8547
vn -0.5832 -0.0325 -0.8117
vn -0.6336 0.0347 -0.7729
vn -0.9207 0.1024 -0.3765
vn -0.8115 0.0944 -0.5767
vn -0.9976 0.0623 0.0309
vn -0.9322 0.0893 -0.3507
vn -0.9585 0.0604 -0.2786
vn -0.9630 -0.0297 -0.2680
vn -0.8882 -0.0846 -0.4516
vn -0.9750 -0.1096 -0.1934
vn -0.0640 0.0480 -0.9968
vn -0.1658 0.0919 -0.9819
vn -0.8805 -0.4556 -0.1310
vn -0.7539 -0.5148 -0.4083
vn -0.8871 -0.3159 -0.3367
vn -0.4813 -0.8500 -0.2141
vn -0.9780 -0.1878 -0.0912
vn -0.7542 -0.1456 -0.6403
vn -0.8018 -0.3541 -0.4814
vn -0.9899 -0.0613 -0.1275
vn -0.7478 -0.2628 -0.6097
vn -0.7255 -0.3769 -0.5759
vn -0.0345 0.0707 -0.9969
vn 0.0915 0.0985 -0.9909
vn -0.7009 -0.2570 -0.6654
vn -0.6095 -0.0435 -0.7916
vn -0.6555 0.0071 -0.7552
vn -0.7717 -0.5332 -0.3468
vn -0.9325 -0.3453 -0.1061
vn -0.9870 -0.1041 -0.1222
vn -0.9846 -0.1592 -0.0729
vn -0.7035 0.0059 -0.7107
vn -0.3593 -0.9297 0.0816
vn -0.1326 0.6238 -0.7702
vn -0.7405 -0.3965 -0.5426
vn -0.5741 -0.0318 -0.8182
vn -0.3964 -0.6973 -0.5972
vn -0.4678 0.5862 -0.6614
vn -0.9734 0.1649 -0.1589
vn -0.4297 0.2139 -0.8773
vn -0.8566 -0.4081 -0.3158
vn -0.0628 0.2069 -0.9763
vn 0.3133 0.5873 -0.7463
vn -0.6231 -0.0362 -0.7813
vn -0.5351 -0.2078 -0.8188
vn -0.1879 -0.5322 -0.8255
vn -0.6197 -0.2909 -0.7289
vn -0.7767 -0.2523 -0.5771
vn -0.9976 0.0523 -0.0448
vn 0.5480 0.0643 -0.8340
vn -0.0343 0.1135 -0.9929
vn -0.9813 -0.1689 -0.0928
vn -0.9740 -0.1856 -0.1300
vn -0.9840 -0.1614 -0.0753
vn -0.9807 -0.1356 -0.1407
vn -0.9853 -0.1444 -0.0916
vn -0.2452 -0.9676 -0.0596
vn 0.1386 -0.9525 -0.2712
vn -0.2502 -0.9525 -0.1736
vn 0.1433 0.0035 -0.9897
vn 0.0855 0.1533 -0.9845
vn -0.8438 -0.1329 -0.5200
vn -0.8310 -0.4146 -0.3709
vn -0.4502 -0.8839 -0.1267
vn -0.2205 0.1220 -0.9677
vn -0.8641 0.0369 -0.5019
vn -0.9722 -0.0874 -0.2172
vn 0.1657 0.0247 -0.9859
vn -0.2822 -0.8677 -0.4092
vn -0.5443 -0.0327 -0.8382
vn 0.8187 0.3518 -0.4538
vn -0.6898 0.1327 -0.7118
vn -0.8815 0.3928 -0.2621
vn -0.5426 0.1203 -0.8313
vn 0.1601 0.0183 -0.9869
vn -0.4255 -0.8855 -0.1868
vn -0.6002 0.0394 -0.7989
vn -0.6033 -0.0175 -0.7973
vn -0.5680 -0.0908 -0.8180
vn -0.9527 0.0737 -0.2949
vn -0.9848 0.0389 -0.1692
vn -0.6934 0.0398 -0.7194
vn -0.9401 0.0383 -0.3388
vn -0.3698 -0.0729 -0.9262
vn -0.9765 -0.0137 -0.2152
vn -0.9988 -0.0043 -0.0480
vn -0.5752 0.0785 -0.8142
vn -0.6887 -0.0099 -0.7250
vn -0.7584 0.0304 -0.6511
vn -0.5788 -0.0402 -0.8145
vn -0.4664 -0.0105 -0.8845
vn -0.8846 0.0491 -0.4637
vn -0.9913 0.0092 -0.1310
vn -0.9814 0.0272 -0.1903
vn -0.5965 -0.1966 -0.7782
vn -0.3680 -0.3711 -0.8526
vn -0.5712 -0.6473 -0.5047
vn -0.2824 0.5031 -0.8168
vn -0.2175 0.0852 -0.9723
vn -0.7002 0.0466 -0.7125
vn -0.9784 0.0795 -0.1911
vn -0.9999 0.0094 -0.0123
vn -0.9985 -0.0317 -0.0440
vn -0.3906 -0.3001 -0.8703
vn -0.3524 -0.2168 -0.9104
vn -0.6696 -0.0052 -0.7427
vn -0.4616 -0.0181 -0.8869
vn -0.9762 -0.0138 -0.2165
vn -0.9111 -0.2249 -0.3453
vn -0.8816 -0.4535 -0.1307
vn -0.9980 0.0184 -0.0609
vn -0.9849 0.0585 -0.1629
vn -0.9765 0.0288 -0.2134
vn -0.8181 -0.2036 -0.5379
vn -0.7768 -0.2577 -0.5746
vn -0.6666 -0.1384 -0.7325
vn -0.5212 -0.2586 -0.8134
vn -0.4671 -0.1356 -0.8737
vn -0.4593 -0.0955 -0.8831
vn -0.7677 0.0650 -0.6375
vn -0.6707 0.0356 -0.7409
vn -0.6806 0.1233 -0.7222
vn -0.6194 0.0469 -0.7837
vn -0.7683 -0.0210 -0.6397
vn -0.5064 0.0141 -0.8622
vn -0.9737 0.0939 -0.2075
vn -0.8939 0.0738 -0.4422
vn -0.1727 0.0686 -0.9826
vn -0.9983 0.0155 0.0561
vn -0.9990 0.0408 0.0185
vn -0.9981 0.0546 -0.0279
vn -0.9995 0.0226 0.0238
vn -0.6930 0.1196 -0.7109
vn -0.9845 0.0702 -0.1609
vn -0.8753 0.0975 -0.4737
vn -0.0225 -0.3119 -0.9498
vn -0.1709 0.0468 -0.9842
vn -0.0242 -0.3807 -0.9244
vn -0.1235 0.0251 -0.9920
vn -0.8562 -0.0524 -0.5140
vn -0.7290 -0.2628 -0.6320
vn -0.7796 -0.0505 -0.6242
vn -0.9936 0.0461 -0.1036
vn -0.9985 0.0551 0.0012
vn -0.9373 -0.1382 -0.3201
vn -0.8275 -0.0622 -0.5581
vn -0.8092 -0.0220 -0.5871
vn -0.7176 -0.0108 -0.6964
vn -0.6635 -0.0026 -0.7482
vn -0.5876 0.2376 -0.7735
vn -0.2516 0.0683 -0.9654
vn -0.6295 -0.2874 -0.7219
vn -0.6576 0.0740 -0.7497
vn -0.9374 0.0416 -0.3457
vn -0.6501 0.0745 -0.7562
vn -0.9660 0.0729 -0.2480
vn -0.9968 0.0427 -0.0680
vn -0.9854 0.0144 -0.1698
vn -0.9657 -0.0023 -0.2597
vn -0.7073 -0.1080 -0.6986
vn -0.7991 -0.0568 -0.5985
vn -0.5265 -0.7339 -0.4292
vn -0.4476 -0.7874 -0.4238
vn -0.6592 -0.1189 -0.7425
vn -0.8392 -0.0503 -0.5415
vn -0.1041 -0.8505 -0.5156
vn -0.2966 -0.1144 -0.9481
vn -0.8394 0.1407 -0.5250
vn -0.8886 0.0628 -0.4543
vn -0.9445 0.1927 -0.2659
vn -0.8552 0.1035 -0.5078
vn -0.9226 0.0199 -0.3852
vn -0.7194 0.3726 -0.5862
vn -0.1625 -0.2783 -0.9467
vn -0.8722 0.0684 -0.4843
vn -0.4274 0.1113 -0.8972
vn -0.1871 0.2551 -0.9486
vn -0.3647 -0.3515 -0.8622
vn -0.9965 0.0674 -0.0498
vn -0.9949 0.0081 -0.1007
vn -0.9995 0.0288 -0.0150
vn -0.5652 -0.0727 -0.8218
vn 0.0362 0.2029 -0.9785
vn -0.7102 0.0743 -0.7001
vn -0.4883 0.0514 -0.8712
vn -0.8272 -0.0397 -0.5605
vn -0.4444 -0.0032 -0.8958
vn -0.8838 -0.2131 -0.4165
vn -0.9647 -0.1445 -0.2204
vn -0.4728 0.0341 -0.8805
vn -0.3718 -0.0435 -0.9273
vn 0.0446 0.0489 -0.9978
vn -0.4362 -0.8687 -0.2347
vn -0.2165 -0.9751 -0.0480
vn -0.4150 -0.0858 -0.9058
vn -0.3261 -0.4885 -0.8094
vn -0.2448 -0.1579 -0.9566
vn -0.4059 0.2306 -0.8843
vn -0.9976 0.0597 -0.0350
vn -0.0234 -0.8039 -0.5943
vn -0.6501 0.1495 -0.7450
vn -0.9906 0.0309 -0.1334
vn -0.9988 0.0261 -0.0417
vn -0.5322 -0.0224 -0.8463
vn -0.5695 0.0962 -0.8164
vn -0.9386 0.0096 -0.3449
vn -0.9843 0.1719 0.0401
vn -0.0665 0.1350 -0.9886
vn -0.2840 0.1020 -0.9534
vn -0.4483 -0.0189 -0.8937
vn -0.9991 0.0347 -0.0257
vn -0.8457 0.0564 -0.5306
vn -0.9619 -0.0519 -0.2686
vn -0.8481 -0.2365 -0.4741
vn -0.7776 -0.4030 -0.4826
vn -0.7171 -0.3539 -0.6004
vn -0.6303 -0.4269 -0.6485
vn -0.4742 0.0850 -0.8763
vn -0.4881 0.0820 -0.8689
vn 0.2142 -0.9752 -0.0549
vn -0.3810 -0.7944 -0.4731
vn -0.9760 0.0258 -0.2164
vn -0.7939 0.1346 -0.5929
vn -0.9145 0.0521 -0.4012
vn -0.5857 0.0411 -0.8095
vn -0.4626 0.2904 -0.8377
vn -0.9475 -0.0088 -0.3196
vn -0.8848 -0.0480 -0.4635
vn -0.3759 -0.7773 -0.5045
vn -0.3094 -0.2270 -0.9234
vn -0.3149 -0.9153 -0.2513
vn -0.1700 -0.9848 0.0350
vn -0.6120 -0.7896 -0.0439
vn -0.7235 -0.6335 -0.2742
vn -0.6295 -0.7694 -0.1082
vn -0.0659 -0.9821 -0.1766
vn -0.3383 -0.2066 -0.9181
vn -0.6773 0.0969 -0.7293
vn -0.1482 0.0470 -0.9878
vn -0.1526 -0.9875 -0.0386
vn -0.1675 -0.0181 -0.9857
vn -0.9546 -0.1396 -0.2633
vn -0.8607 -0.0714 -0.5041
vn -0.9262 -0.0906 0.3660
vn -0.8396 -0.3320 0.4300
vn -0.5693 -0.5003 0.6524
vn -0.9308 -0.0729 -0.3582
vn -0.8497 -0.0393 -0.5257
vn -0.7564 0.0402 -0.6528
vn -0.7140 0.0025 -0.7001
vn -0.8963 0.3902 0.2106
vn -0.9138 0.3803 0.1424
vn -0.8763 0.3832 0.2918
vn -0.7323 0.5285 -0.4295
vn -0.7567 0.3535 -0.5499
vn -0.8555 0.3917 -0.3386
vn -0.9959 0.0488 -0.0757
vn -0.9963 0.0383 -0.0763
vn -0.9973 0.0377 -0.0629
vn -0.9733 0.0312 -0.2274
vn -0.9838 0.0468 -0.1731
vn -0.8464 0.4538 0.2788
vn -0.8887 0.4572 0.0337
vn -0.8381 0.5171 0.1738
vn -0.7370 0.6443 -0.2045
vn -0.7210 0.6928 0.0145
vn -0.7444 0.5735 -0.3419
vn -0.9755 -0.0663 -0.2100
vn -0.9992 0.0142 0.0387
vn -0.9991 0.0083 0.0418
vn -0.9988 0.0134 0.0467
vn -0.9991 0.0257 0.0326
vn -0.9989 0.0236 0.0400
vn -0.8811 0.4728 -0.0012
vn -0.8963 0.4229 -0.1331
vn -0.9057 0.4210 0.0494
vn -0.6952 0.1023 -0.7115
vn -0.6623 0.1180 -0.7399
vn -0.4642 0.1150 -0.8782
vn -0.6282 0.1903 -0.7544
vn -0.9026 0.1528 -0.4024
vn -0.9359 0.0776 -0.3435
vn -0.7468 0.1197 -0.6541
vn -0.9967 0.0328 -0.0740
vn -0.9958 0.0439 -0.0803
vn -0.9998 0.0120 0.0185
vn -0.9990 0.0176 0.0403
vn -0.9997 0.0186 0.0188
vn -0.9462 0.0089 -0.3235
vn -0.9293 0.3682 -0.0283
vn -0.9575 0.2820 0.0608
vn -0.9234 0.3399 0.1785
vn -0.9995 0.0180 0.0248
vn -0.9750 0.1794 -0.1312
vn -0.9796 0.0525 -0.1938
vn -0.9785 -0.0094 0.2061
vn -0.9652 -0.2556 -0.0547
vn -0.8689 -0.4777 0.1297
vn -0.9103 0.2325 -0.3425
vn -0.9358 0.2136 -0.2805
vn -0.6290 0.2351 -0.7410
vn -0.5520 0.1507 -0.8201
vn -0.6541 0.1303 -0.7451
vn -0.9990 0.0420 -0.0171
vn -0.9999 0.0075 -0.0122
vn -0.9985 0.0541 -0.0023
vn -0.9881 0.1367 -0.0709
vn -0.9437 0.3184 0.0903
vn -0.9558 0.2801 -0.0890
vn -0.9540 0.2953 0.0516
vn -0.9993 0.0124 0.0341
vn -0.9968 0.0773 -0.0205
vn -0.9987 0.0164 0.0485
vn -0.9989 0.0161 0.0434
vn -0.9993 0.0142 0.0356
vn -0.8361 -0.2641 0.4808
vn -0.9112 0.2070 0.3560
vn -0.9295 0.2561 0.2655
vn -0.9254 0.2924 0.2410
vn -0.8868 0.3123 0.3408
vn -0.9041 0.3074 0.2967
vn -0.9231 0.3844 0.0038
vn -0.9646 0.2571 -0.0586
vn -0.9631 0.2445 0.1127
vn -0.9613 -0.1891 0.2005
vn -0.8212 -0.4113 0.3956
vn -0.6017 0.2449 -0.7603
vn -0.4483 0.1902 -0.8734
vn -0.3829 0.3311 -0.8624
vn -0.9609 0.1696 -0.2189
vn -0.9311 0.3449 0.1190
vn -0.7666 0.2517 -0.5908
vn -0.9613 0.2753 0.0091
vn -0.9532 0.2892 -0.0881
vn -0.9661 0.2581 0.0073
vn -0.9992 0.0350 -0.0173
vn -0.9945 0.0991 -0.0336
vn -0.9949 0.0876 -0.0505
vn -0.5979 0.0858 -0.7969
vn -0.6430 0.4314 -0.6328
vn -0.6918 0.2682 -0.6704
vn -0.9711 -0.2038 -0.1243
vn -0.9336 0.0176 -0.3578
vn -0.8744 0.0262 -0.4845
vn -0.9194 0.3852 0.0794
vn -0.9459 0.3152 0.0768
vn -0.9038 0.3070 0.2981
vn -0.8878 0.3106 0.3395
vn -0.9101 0.3190 -0.2644
vn -0.9184 0.3864 0.0845
vn -0.6399 0.2049 -0.7407
vn -0.8404 -0.3762 0.3902
vn -0.7598 -0.4070 0.5071
vn -0.9050 -0.0208 -0.4248
vn -0.8246 0.5591 0.0862
vn -0.9757 0.1852 -0.1172
vn -0.9620 0.0700 -0.2639
vn -0.9996 0.0293 -0.0009
vn -0.9520 0.0684 -0.2982
vn -0.8344 0.2177 -0.5063
vn -0.9966 -0.0418 0.0711
vn -0.8891 -0.4446 0.1088
vn -0.8126 -0.5351 0.2312
vn -0.9229 0.3434 0.1741
vn -0.9985 0.0363 0.0400
vn -0.4950 0.2416 -0.8346
vn -0.8458 0.3238 0.4241
vn -0.8234 0.2526 0.5082
vn -0.8248 0.3354 0.4552
vn -0.9989 0.0371 -0.0293
vn -0.9997 0.0260 -0.0011
vn -0.9032 0.2772 0.3277
vn -0.8942 0.2888 0.3420
vn -0.9365 0.3032 0.1761
vn -0.9484 0.2917 0.1241
vn -0.8063 -0.5898 -0.0446
vn -0.8446 0.5254 -0.1033
vn -0.9655 0.2366 0.1085
vn -0.9562 0.2845 0.0691
vn -0.9975 0.0597 -0.0374
vn -0.9996 0.0224 -0.0196
vn -0.9999 0.0029 -0.0102
vn -0.9340 0.3287 0.1399
vn -0.9973 0.0590 -0.0446
vn -0.9041 0.3448 0.2523
vn -0.7809 -0.3718 0.5020
vn -0.8212 0.5642 0.0859
vn -0.9998 0.0196 0.0037
vn -0.9275 0.0535 -0.3699
vn -0.9985 0.0163 0.0526
vn -0.9998 0.0145 0.0153
vn -0.9329 0.3574 0.0450
vn -0.9086 0.4036 0.1076
vn -1.0000 0.0059 0.0057
vn -0.9837 -0.1583 -0.0858
vn -0.7969 0.1134 -0.5933
vn -0.9982 0.0101 0.0598
vn -0.5619 0.3675 -0.7411
vn -0.9731 0.1569 -0.1686
vn -0.8165 0.4464 -0.3661
vn -0.9444 0.3098 0.1100
vn -0.9472 0.2625 0.1844
vn -0.7801 -0.2837 0.5577
vn -0.9255 0.3266 0.1919
vn -0.9842 0.1764 0.0146
vn -0.9358 0.2958 0.1916
vn -0.9976 0.0516 -0.0456
vn -0.9966 0.0691 -0.0438
vn -0.9393 -0.3426 -0.0179
vn -0.9372 0.2954 0.1857
vn -0.9417 0.3250 0.0868
vn -0.8673 0.3179 0.3832
vn -0.9031 0.3502 0.2486
vn -0.9999 -0.0036 -0.0131
vn -0.9999 0.0063 -0.0080
vn -0.8074 0.5838 0.0856
vn -0.8127 0.5784 0.0713
vn -0.8894 0.4020 0.2177
vn -0.9029 0.4097 0.1305
vn -0.9977 0.0284 0.0615
vn -0.9200 0.3219 0.2235
vn -0.9993 0.0212 0.0299
vn -0.5543 -0.6047 0.5720
vn -0.2156 0.2818 0.9349
vn -0.9334 0.3148 0.1723
vn -0.9466 0.3093 0.0907
vn -0.9999 0.0062 -0.0132
vn -0.9994 0.0336 0.0123
vn -0.9988 0.0368 -0.0311
vn -0.8979 0.3081 0.3145
vn -0.9279 -0.2501 0.2765
vn -0.9959 0.0594 -0.0685
vn -0.9988 0.0153 -0.0457
vn -0.9942 0.0726 0.0792
vn -0.9928 0.1175 0.0250
vn -0.9990 0.0389 0.0221
vn -0.4165 0.5298 -0.7388
vn -0.3192 0.5303 -0.7854
vn -0.4065 0.4417 -0.7998
vn -0.5617 0.4866 -0.6691
vn -0.5926 0.3550 -0.7231
vn -0.7521 0.3431 -0.5627
vn -0.9485 0.1550 -0.2762
vn -0.8745 0.1871 -0.4476
vn -0.3095 0.5426 -0.7809
vn -0.4203 0.4561 -0.7844
vn -0.5187 0.5096 -0.6865
vn -0.7366 0.2645 -0.6224
vn -0.6506 0.3579 -0.6698
vn -0.7831 0.6173 0.0760
vn -0.7635 0.6458 -0.0050
vn -0.7773 0.6272 -0.0494
vn -0.9538 0.2292 -0.1944
vn -0.8660 0.2562 -0.4295
vn -0.7673 0.6315 0.1116
vn -0.7781 0.1663 -0.6058
vn -0.9577 0.2737 0.0892
vn -0.9968 0.0716 -0.0344
vn -0.9294 0.1504 -0.3370
vn -0.3167 0.5554 -0.7690
vn -0.3142 0.5571 -0.7687
vn -0.9960 -0.0764 0.0456
vn -0.9920 -0.1022 -0.0741
vn -0.9859 -0.1632 0.0360
vn -0.9957 -0.0004 -0.0924
vn -0.9753 0.0684 -0.2100
vn -0.9945 0.0918 0.0496
vn -0.8219 0.4931 0.2853
vn -0.9743 -0.2179 0.0575
vn -0.9859 0.1119 0.1244
vn -0.9606 -0.2107 0.1810
vn -0.9444 0.3169 -0.0878
vn -0.9780 0.1902 -0.0854
vn -0.9520 -0.0165 0.3057
vn -0.9743 -0.0289 0.2233
vn -0.9772 -0.1002 0.1873
vn -0.9885 -0.0488 0.1434
vn -0.9872 -0.1123 0.1136
vn -0.9393 0.3221 -0.1180
vn -0.9452 0.2637 -0.1924
vn -0.9203 0.2427 -0.3068
vn -0.4651 0.6068 -0.6446
vn -0.3983 0.6113 -0.6839
vn -0.4794 0.5814 -0.6574
vn -0.5014 0.6259 -0.5973
vn -0.4618 0.5724 -0.6776
vn -0.3280 0.7330 -0.5960
vn -0.4350 0.6250 -0.6482
vn -0.8470 0.3133 -0.4295
vn -0.8213 0.3525 -0.4485
vn -0.8195 0.3797 -0.4292
vn -0.8131 0.3806 -0.4405
vn -0.9879 0.1249 -0.0918
vn -0.7721 0.4545 -0.4442
vn -0.6787 0.4618 -0.5710
vn -0.7949 0.3772 -0.4753
vn -0.9903 0.0153 0.1381
vn -0.9687 -0.1267 0.2136
vn -0.9804 -0.1153 0.1600
vn -0.9828 -0.1352 0.1261
vn -0.9872 -0.0761 0.1398
vn -0.9924 -0.0349 0.1180
vn -0.9824 -0.1363 0.1274
vn -0.9730 -0.1462 0.1786
vn -0.9871 0.0442 0.1540
vn -0.9868 0.0320 0.1585
vn -0.9804 -0.1803 0.0799
vn -0.9830 -0.1576 0.0947
vn -0.9850 0.0404 0.1676
vn -0.9814 0.1528 -0.1160
vn -0.9927 0.0641 -0.1020
vn -0.4898 0.3203 -0.8109
vn -0.8607 0.2618 -0.4366
vn -0.7940 0.5799 0.1825
vn -0.7978 0.5931 0.1083
vn -0.9828 0.0709 -0.1702
vn -0.4625 0.6544 -0.5982
vn -0.7902 0.3516 -0.5020
vn -0.8181 0.3106 -0.4839
vn -0.3202 0.5946 -0.7375
vn -0.4498 0.6207 -0.6422
vn -0.3614 0.7044 -0.6109
vn -0.9566 0.2824 -0.0726
vn -0.9522 0.2754 -0.1323
vn -0.9902 -0.0539 0.1288
vn -0.9959 0.0075 0.0897
vn -0.8542 0.3135 -0.4148
vn -0.7995 0.4371 -0.4119
vn -0.8251 0.3871 -0.4115
vn -0.7588 0.4324 -0.4871
vn -0.5855 0.5571 -0.5889
vn -0.5725 0.5538 -0.6046
vn -0.4913 0.4926 -0.7183
vn -0.4895 0.4922 -0.7198
vn -0.6849 0.6957 0.2168
vn -0.9852 -0.1239 0.1186
vn -0.9725 0.0142 0.2326
vn -0.9924 0.0651 -0.1046
vn -0.9979 0.0484 -0.0420
vn -0.9916 0.1255 -0.0324
vn -0.8084 0.5719 0.1394
vn -0.7596 0.6271 0.1726
vn -0.9623 0.0488 0.2677
vn -0.9781 0.0299 0.2058
vn -0.5546 0.8294 -0.0667
vn -0.7519 0.6517 0.0994
vn -0.7618 0.6455 0.0544
vn -0.9911 0.0561 -0.1210
vn -0.9992 0.0395 -0.0032
vn -0.7404 0.1485 -0.6556
vn -0.9626 0.1908 -0.1923
vn -0.8831 0.3333 -0.3302
vn -0.9867 0.0429 0.1568
vn -0.9899 0.0864 0.1122
vn -0.9351 0.1674 -0.3124
vn -0.9106 0.3813 -0.1594
vn -0.9209 0.3266 -0.2128
vn -0.9915 0.0912 -0.0926
vn -0.9239 0.3458 0.1636
vn -0.6067 0.5267 -0.5955
vn -0.9652 -0.1857 0.1842
vn -0.9608 -0.1257 0.2473
vn -0.9612 -0.0288 0.2742
vn -0.9699 0.0183 0.2429
vn -0.6970 0.6735 0.2463
vn -0.8475 0.3685 -0.3821
vn -0.6055 0.4914 -0.6260
vn -0.9661 -0.0062 0.2582
vn -0.6155 0.5320 -0.5815
vn -0.5371 0.5711 -0.6208
vn -0.5001 0.5017 -0.7058
vn -0.9694 -0.0078 0.2454
vn -0.9930 0.0880 0.0784
vn -0.9875 0.0233 0.1558
vn -0.9754 0.0299 0.2182
vn -0.9863 0.1638 -0.0186
vn -0.9233 0.3425 0.1737
vn -0.8227 0.4344 -0.3666
vn -0.7780 0.4709 -0.4160
vn -0.6138 0.5255 -0.5891
vn -0.5944 0.5577 -0.5793
vn -0.9629 -0.2618 0.0653
vn -0.9674 -0.0065 0.2532
vn -0.9683 -0.0484 0.2452
vn -0.9747 -0.1941 0.1107
vn -0.9718 -0.2032 0.1195
vn -0.9838 -0.1364 0.1165
vn -0.9627 0.0066 0.2704
vn -0.9800 0.0281 0.1970
vn -0.6687 0.7069 0.2306
vn -0.9806 0.1702 0.0972
vn -0.9904 0.1255 0.0576
vn -0.9885 0.1502 0.0176
vn -0.9822 0.1821 -0.0469
vn -0.9822 0.1787 -0.0574
vn -0.9817 0.1799 -0.0633
vn -0.9854 0.1657 0.0392
vn -0.9811 0.1110 0.1587
vn -0.9873 0.1202 0.1043
vn -0.9835 0.1068 0.1459
vn -0.9854 0.1164 0.1241
vn -0.9896 0.0976 0.1060
vn -0.9812 0.1831 -0.0610
vn -0.9873 0.1361 0.0822
vn -0.9847 0.1501 -0.0883
vn -0.0946 -0.1470 0.9846
vn -0.5171 -0.1473 0.8431
vn -0.1045 -0.5694 0.8154
vn -0.8167 0.1047 0.5675
vn -0.6718 0.2730 0.6886
vn -0.4136 0.4162 0.8098
vn -0.0242 0.1481 0.9887
vn -0.3990 0.3125 0.8621
vn -0.7635 -0.0007 0.6458
vn -0.4379 -0.2961 0.8489
vn -0.4826 0.8755 -0.0241
vn -0.5370 0.8422 -0.0477
vn -0.6357 0.7056 0.3131
vn -0.6408 0.7502 -0.1631
vn -0.8029 0.5887 -0.0936
vn -0.7178 0.2286 0.6576
vn -0.8891 0.3211 0.3261
vn -0.1627 0.6321 0.7577
vn -0.3307 0.4650 0.8212
vn -0.7893 0.1922 0.5832
vn -0.6400 0.0246 0.7680
vn -0.1847 0.2043 0.9613
vn -0.0781 0.3003 0.9506
vn -0.1251 0.2384 0.9631
vn -0.1349 0.2608 0.9559
vn 0.0005 0.2335 0.9723
vn -0.0063 0.1857 0.9826
vn 0.1330 0.0522 0.9897
vn -0.2604 0.1587 0.9524
vn -0.2015 0.2573 0.9451
vn -0.9045 0.1452 0.4009
vn -0.2732 0.6940 0.6661
vn -0.1415 0.6878 0.7120
vn -0.2290 0.6293 0.7426
vn -0.2598 0.5755 0.7754
vn -0.3857 0.4497 0.8056
vn -0.2647 0.7013 0.6620
vn -0.2936 0.6265 0.7220
vn -0.3172 0.5185 0.7941
vn 0.0919 0.2293 0.9690
vn -0.3779 0.4327 0.8185
vn -0.3436 0.2971 0.8909
vn -0.3258 0.5910 0.7379
vn -0.3028 0.6000 0.7405
vn -0.3235 0.6293 0.7066
vn -0.2703 0.6900 0.6714
vn 0.2137 -0.3885 0.8963
vn -0.1502 0.9121 0.3815
vn -0.2414 0.6031 0.7602
vn 0.1120 0.3901 0.9139
vn 0.0199 0.4976 0.8672
vn -0.6553 0.7496 -0.0934
vn -0.0185 0.8257 0.5638
vn -0.4637 0.6851 0.5617
vn -0.4003 0.9155 0.0406
vn -0.0359 -0.7209 0.6921
vn -0.0432 0.1856 0.9817
vn 0.0234 0.2811 0.9594
vn 0.1855 -0.6813 0.7081
vn -0.4926 0.6226 0.6081
vn -0.5770 0.5119 0.6364
vn -0.5520 0.5055 0.6631
vn -0.5292 0.4006 0.7480
vn -0.6042 0.4454 0.6607
vn -0.6625 0.3100 0.6819
vn -0.4885 -0.0907 0.8678
vn -0.3613 -0.0510 0.9310
vn -0.0705 0.2419 0.9677
vn 0.0208 0.2975 0.9545
vn -0.0450 0.2723 0.9612
vn -0.6887 -0.1191 0.7152
vn -0.5142 0.1783 0.8389
vn -0.6720 0.1806 0.7181
vn -0.7512 0.1322 0.6467
vn -0.7111 0.2451 0.6590
vn -0.7609 0.2411 0.6025
vn -0.3390 -0.0189 0.9406
vn -0.6056 -0.0212 0.7955
vn -0.0912 0.3114 0.9459
vn -0.1689 0.3075 0.9364
vn -0.4419 -0.4001 0.8029
vn -0.3931 -0.6282 0.6715
vn -0.2893 -0.3878 0.8751
vn -0.9898 0.0729 0.1222
vn -0.9546 0.1946 0.2257
vn -0.9027 -0.1875 0.3873
vn -0.1535 0.2837 0.9465
vn -0.2533 0.2935 0.9218
vn 0.1314 0.3745 0.9179
vn 0.0771 0.1139 0.9905
vn -0.1520 0.0185 0.9882
vn -0.9544 0.0864 0.2856
vn -0.9902 0.0195 0.1380
vn 0.1602 -0.5834 0.7962
vn 0.6803 0.0367 0.7320
vn 0.9757 0.0875 0.2008
vn 0.0425 -0.4984 0.8659
vn -0.9195 0.2163 0.3282
vn -0.4254 -0.3676 0.8270
vn -0.3322 0.1688 0.9280
vn -0.5333 0.2242 0.8157
vn -0.4553 -0.0045 0.8903
vn -0.1471 -0.1073 0.9833
vn -0.2248 -0.0886 0.9704
vn -0.2719 -0.0801 0.9590
vn -0.7497 -0.0287 0.6612
vn -0.7953 0.2699 0.5429
vn -0.8097 0.1864 0.5565
vn -0.7882 -0.0357 0.6144
vn -0.1382 -0.2280 0.9638
vn -0.0126 0.1607 0.9869
vn -0.7960 0.1542 0.5853
vn -0.9066 0.1895 0.3771
vn -0.7030 -0.3668 0.6093
vn -0.6147 -0.2313 0.7541
vn -0.7755 -0.3821 0.5025
vn -0.7095 -0.4537 0.5393
vn -0.7401 -0.4347 0.5131
vn -0.4921 -0.0871 0.8662
vn -0.3208 0.2076 0.9241
vn -0.6621 0.1849 0.7263
vn -0.7720 -0.1116 0.6258
vn -0.8690 0.2197 0.4432
vn -0.8789 0.2469 0.4082
vn -0.8798 0.2128 0.4250
vn -0.8692 0.2614 0.4196
vn -0.8837 0.1909 0.4273
vn -0.4480 0.2833 0.8480
vn -0.6247 0.3301 0.7076
vn -0.4458 0.2763 0.8514
vn -0.8971 0.3511 0.2683
vn -0.9314 0.3401 0.1298
vn -0.8932 0.3324 0.3028
vn -0.9340 0.3008 0.1929
vn -0.9300 0.3227 0.1763
vn -0.9365 0.3187 0.1461
vn -0.9778 0.2093 -0.0053
vn -0.1523 -0.2787 0.9482
vn 0.2047 0.0877 0.9749
vn -0.0126 -0.0449 0.9989
vn -0.2179 -0.0146 0.9759
vn -0.0677 0.0952 0.9932
vn -0.0327 0.1027 0.9942
vn -0.1787 -0.0545 0.9824
vn -0.5932 0.3297 0.7345
vn -0.7800 0.3468 0.5209
vn 0.0570 0.2056 0.9770
vn 0.1092 0.1296 0.9855
vn 0.0720 0.0966 0.9927
vn -0.8145 -0.5101 0.2766
vn -0.8258 -0.4474 0.3434
vn -0.4134 -0.9106 -0.0056
vn -0.8632 -0.1197 0.4904
vn -0.9147 -0.1297 0.3828
vn -0.9018 -0.4290 0.0529
vn -0.9283 -0.1111 0.3549
vn -0.6980 0.2501 0.6710
vn -0.9132 -0.1437 0.3813
vn -0.7472 0.0575 0.6622
vn -0.0549 0.2706 0.9611
vn -0.6105 -0.1435 0.7789
vn -0.4557 -0.7333 0.5046
vn -0.1016 0.1450 0.9842
vn -0.4968 -0.0711 0.8649
vn -0.2530 0.1619 0.9538
vn -0.1575 0.0448 0.9865
vn -0.7039 -0.1618 0.6916
vn -0.1820 -0.0580 0.9816
vn -0.7584 -0.0186 0.6515
vn -0.8580 -0.1666 0.4858
vn -0.8012 0.3539 0.4825
vn -0.8944 0.3586 0.2673
vn -0.8649 0.3851 0.3218
vn -0.8970 0.3400 0.2825
vn -0.8582 0.4836 0.1720
vn -0.9034 0.4149 0.1081
vn -0.8968 0.4269 0.1162
vn -0.8727 -0.2607 0.4128
vn -0.8712 -0.1278 0.4741
vn -0.7749 0.3331 0.5371
vn -0.7425 -0.0975 0.6627
vn -0.9421 0.3126 0.1210
vn -0.9238 0.3353 0.1846
vn 0.5410 -0.7081 0.4538
vn -0.3878 -0.4567 0.8007
vn 0.0768 0.1519 0.9854
vn -0.2900 0.5113 0.8090
vn -0.8602 -0.2353 0.4525
vn -0.8314 -0.0366 0.5544
vn -0.8698 -0.2255 0.4388
vn -0.7360 -0.4932 0.4638
vn -0.7026 -0.5092 0.4970
vn -0.8815 0.3334 0.3344
vn -0.9375 0.2966 0.1820
vn -0.9099 0.3261 0.2563
vn -0.9043 0.3332 0.2670
vn -0.9270 0.2949 0.2317
vn -0.9482 0.2962 0.1145
vn -0.9518 0.3049 0.0332
vn -0.9354 0.3049 0.1790
vn -0.7757 0.1400 0.6154
vn -0.7367 -0.0355 0.6753
vn -0.5943 -0.3593 0.7195
vn -0.6837 -0.3742 0.6266
vn -0.6747 0.1035 0.7308
vn 0.0364 -0.2766 0.9603
vn -0.0740 -0.1722 0.9823
vn -0.7304 -0.0328 0.6822
vn -0.5079 0.2108 0.8352
vn -0.8324 -0.2099 0.5129
vn -0.8200 -0.3514 0.4518
vn -0.8736 0.3587 0.3288
vn -0.8093 0.3177 0.4941
vn -0.9523 0.2960 -0.0747
vn -0.9152 0.1366 0.3791
vn -0.8855 0.1918 0.4231
vn -0.9050 0.2082 0.3709
vn -0.8504 -0.0042 0.5261
vn -0.9005 0.2296 0.3692
vn -0.1850 0.0458 0.9817
vn -0.2248 0.0293 0.9740
vn -0.5390 0.2291 0.8106
vn -0.6971 0.4509 0.5575
vn -0.8677 0.4040 0.2895
vn -0.1718 0.0862 0.9814
vn -0.2019 -0.5790 0.7900
vn -0.2524 -0.1808 0.9506
vn -0.8923 0.2295 0.3887
vn -0.6781 0.3674 0.6365
vn -0.8175 0.2227 0.5311
vn -0.2352 0.2290 0.9446
vn -0.9327 0.0067 0.3606
vn -0.8783 0.0286 0.4772
vn -0.3304 0.6265 0.7060
vn -0.8125 0.4406 0.3817
vn -0.9305 0.3261 0.1669
vn -0.8875 0.3235 0.3280
vn -0.9310 0.3108 0.1914
vn -0.7844 0.1718 0.5959
vn -0.7863 0.2084 0.5817
vn -0.9341 0.2743 0.2283
vn -0.7671 0.5304 0.3609
vn -0.8503 0.4934 0.1831
vn -0.9040 0.4253 0.0433
vn -0.8400 0.5135 0.1751
vn -0.4744 -0.0198 0.8801
vn -0.3345 -0.0842 0.9386
vn -0.6721 0.0753 0.7366
vn -0.9099 0.4140 0.0247
vn -0.9431 0.3139 0.1093
vn -0.2008 -0.1069 0.9738
vn -0.0394 -0.7339 0.6782
vn -0.8107 -0.1729 0.5593
vn -0.5815 -0.5243 0.6221
vn -0.9069 -0.4142 -0.0772
vn -0.8565 0.0880 0.5087
vn -0.7654 0.2185 0.6053
vn -0.7556 0.2720 0.5959
vn -0.7588 0.2333 0.6082
vn -0.9221 0.2888 0.2576
vn -0.9507 0.2954 0.0948
vn -0.9207 0.2717 0.2802
vn -0.8877 0.3059 0.3441
vn -0.9431 0.2771 0.1840
vn 0.0491 -0.8885 0.4563
vn 0.5032 0.0895 0.8595
vn -0.8070 -0.2493 0.5353
vn -0.3019 -0.5100 0.8054
vn -0.1729 -0.6022 0.7794
vn -0.1620 -0.5426 0.8242
vn -0.3747 -0.4358 0.8183
vn -0.6141 -0.1927 0.7654
vn -0.4875 0.1893 0.8523
vn -0.9649 0.2590 0.0431
vn -0.9642 0.2255 0.1398
vn -0.9675 0.2378 0.0863
vn -0.3381 0.2618 0.9040
vn -0.9439 0.3302 -0.0066
vn 0.0817 -0.7438 0.6634
vn 0.1771 -0.0823 0.9807
vn -0.6131 0.4946 0.6161
vn -0.1187 0.4456 0.8874
vn 0.1108 0.2332 0.9661
vn -0.2242 0.0776 0.9714
vn -0.2251 -0.2785 0.9337
vn -0.6736 0.3588 0.6461
vn -0.4065 -0.9013 0.1498
vn -0.7125 -0.5550 0.4293
vn -0.7766 0.1461 0.6129
vn -0.6130 -0.3707 0.6977
vn -0.4911 0.1251 0.8621
vn -0.8990 0.4332 -0.0643
vn -0.8032 0.2381 0.5461
vn -0.8011 0.2383 0.5491
vn -0.8032 0.2975 0.5160
vn 0.0356 -0.2785 0.9598
vn -0.0155 0.3143 0.9492
vn -0.9042 0.3238 0.2787
vn -0.8540 -0.2692 0.4452
vn -0.9101 0.1111 0.3992
vn -0.1136 0.1423 0.9833
vn 0.0007 0.2422 0.9702
vn -0.8703 0.3299 0.3657
vn -0.7427 0.2636 0.6155
vn -0.9365 0.2892 0.1985
vn -0.0608 -0.7304 0.6803
vn -0.2209 -0.7230 0.6545
vn -0.0629 -0.3086 0.9491
vn -0.0726 0.0532 0.9959
vn -0.4127 0.2002 0.8886
vn 0.1591 -0.1810 0.9705
vn -0.4194 0.1317 0.8982
vn 0.0303 -0.1457 0.9889
vn -0.0115 -0.2260 0.9741
vn 0.6930 -0.3388 0.6364
vn 0.2575 0.0018 0.9663
vn 0.0101 0.0645 0.9979
vn -0.0814 0.0372 0.9960
vn -0.6600 -0.3080 0.6852
vn -0.7691 -0.2879 0.5706
vn -0.8377 -0.1673 0.5199
vn -0.4408 0.1911 0.8770
vn -0.0642 -0.0263 0.9976
vn -0.3531 0.3804 0.8547
vn -0.8267 0.5362 0.1704
vn 0.0477 0.2375 0.9702
vn -0.1164 0.0584 0.9915
vn -0.6440 -0.7569 -0.1110
vn -0.9170 0.3538 0.1844
vn -0.4068 -0.8663 0.2899
vn 0.2669 -0.8470 0.4597
vn -0.7159 0.1460 0.6828
vn -0.8563 0.5154 0.0324
vn -0.4986 0.1499 0.8538
vn 0.1677 0.5177 0.8389
vn -0.2420 0.5386 0.8071
vn -0.5524 0.1962 0.8102
vn -0.6652 0.0262 0.7462
vn -0.7685 0.2378 0.5940
vn -0.3611 -0.0878 0.9284
vn -0.8020 -0.3495 0.4844
vn -0.8241 -0.0814 0.5605
vn -0.9449 0.2820 0.1662
vn -0.9493 0.2857 0.1315
vn -0.9315 0.3126 0.1858
vn -0.9229 0.3666 0.1173
vn -0.8821 0.2710 0.3852
vn -0.8827 0.2695 0.3851
vn -0.0106 -0.1026 0.9947
vn -0.0639 0.0547 0.9965
vn -0.9521 0.0037 0.3058
vn -0.9577 0.0175 0.2871
vn -0.9886 -0.0009 0.1505
vn -0.8243 0.0839 0.5600
vn -0.9095 -0.0197 0.4153
vn -0.8307 0.0753 0.5517
vn -0.5679 0.3182 0.7591
vn -0.2234 0.3013 0.9270
vn -0.1880 0.3431 0.9203
vn -0.3060 0.3289 0.8934
vn -0.0806 0.3315 0.9400
vn -0.6221 0.1012 0.7763
vn -0.8080 0.0778 0.5841
vn -0.1891 -0.1300 0.9733
vn -0.2110 -0.1119 0.9711
vn -0.3653 -0.2244 0.9034
vn -0.1286 0.3525 0.9269
vn -0.1635 0.3406 0.9259
vn -0.1669 0.3343 0.9276
vn -0.0908 0.3320 0.9389
vn -0.3932 0.3700 0.8417
vn -0.8035 0.5689 0.1752
vn -0.9853 0.0429 0.1655
vn -0.9533 0.0581 0.2965
vn -0.9668 0.0587 0.2488
vn -0.6887 0.1870 0.7005
vn -0.6957 0.1935 0.6917
vn -0.4987 -0.0693 0.8640
vn 0.1086 0.1937 0.9750
vn -0.3415 0.0141 0.9398
vn -0.9358 0.0785 0.3436
vn -0.6999 0.1815 0.6908
vn -0.6551 -0.2078 0.7264
vn -0.4873 0.0573 0.8714
vn -0.3404 -0.1411 0.9296
vn -0.7214 -0.0545 0.6904
vn -0.1109 0.0377 0.9931
vn -0.6857 -0.2203 0.6937
vn -0.1140 -0.5671 0.8157
vn -0.6094 0.2181 0.7623
vn -0.4851 0.2881 0.8256
vn 0.7336 0.4407 -0.5174
vn 0.5273 -0.6419 0.5567
vn -0.8707 0.0052 0.4918
vn -0.8859 -0.1702 0.4315
vn -0.7228 0.0183 0.6908
vn -0.7079 0.1786 0.6833
vn -0.8951 0.0796 0.4387
vn -0.7841 0.1371 0.6053
vn -0.2946 0.2435 0.9241
vn -0.1206 0.0602 0.9909
vn -0.1055 0.1818 0.9777
vn 0.1021 0.1506 0.9833
vn -0.8087 0.5596 0.1815
vn -0.7057 0.6864 0.1755
vn -0.7038 0.5957 0.3870
vn -0.2267 0.3261 0.9177
vn -0.5193 0.2303 0.8230
vn -0.1253 0.2901 0.9487
vn -0.0570 0.2664 0.9622
vn 0.0240 0.2799 0.9597
vn -0.6639 -0.1188 0.7383
vn -0.1500 0.3244 0.9339
vn -0.9268 0.0171 0.3752
vn -0.9120 0.0808 0.4021
vn -0.3472 -0.0258 0.9374
vn -0.5877 -0.3175 0.7442
vn -0.1718 -0.2054 0.9635
vn -0.1111 -0.1683 0.9795
vn -0.1351 -0.0092 0.9908
vn -0.8363 -0.2590 0.4832
vn -0.8416 -0.3247 0.4316
vn -0.1042 0.3138 0.9437
vn -0.0892 0.3097 0.9466
vn -0.2965 0.2927 0.9091
vn -0.5514 0.3771 0.7442
vn -0.2179 0.3345 0.9169
vn -0.4264 0.2839 0.8588
vn -0.9627 -0.0183 0.2698
vn -0.9855 -0.1153 0.1242
vn -0.9702 -0.1088 0.2166
vn -0.9859 -0.0865 0.1435
vn -0.3558 -0.2509 0.9002
vn -0.4541 -0.6978 0.5539
vn -0.3888 -0.8495 0.3567
vn -0.8192 -0.1253 0.5596
vn -0.9399 -0.0409 0.3389
vn -0.8778 0.0209 0.4786
vn -0.8953 0.0319 0.4442
vn -0.2094 -0.0261 0.9775
vn -0.2294 -0.1500 0.9617
vn -0.2124 -0.0826 0.9737
vn -0.1223 0.3478 0.9296
vn -0.0421 0.2466 0.9682
vn -0.2290 0.2981 0.9267
vn -0.2506 0.2312 0.9401
vn -0.9746 0.0012 0.2237
vn -0.9720 -0.0056 0.2350
vn -0.9795 -0.0447 0.1962
vn -0.9628 -0.0253 0.2690
vn -0.9813 -0.0247 0.1908
vn -0.9809 -0.1075 0.1621
vn -0.9131 -0.0311 0.4066
vn -0.9527 -0.1393 0.2701
vn -0.9628 -0.1948 0.1873
vn -0.9704 -0.1945 0.1430
vn -0.9623 -0.2302 0.1449
vn -0.5436 0.2544 0.7999
vn -0.9740 -0.1550 0.1654
vn -0.9756 -0.1791 0.1272
vn -0.8566 0.0755 0.5105
vn -0.8723 0.0982 0.4791
vn -0.2966 -0.1389 0.9448
vn -0.2817 -0.1441 0.9486
vn -0.2646 -0.1448 0.9534
vn -0.2225 -0.2485 0.9427
vn -0.1083 0.0960 0.9895
vn -0.1185 0.0629 0.9910
vn -0.3158 -0.0117 0.9488
vn -0.2514 -0.0650 0.9657
vn -0.6452 0.3696 0.6686
vn -0.6045 0.3205 0.7293
vn -0.9762 -0.1510 0.1558
vn -0.9642 -0.2433 0.1053
vn -0.9720 -0.2184 0.0867
vn -0.9850 -0.1651 0.0495
vn -0.2506 0.3391 0.9068
vn -0.2302 0.3354 0.9135
vn -0.1915 0.3047 0.9330
vn -0.1176 0.3382 0.9337
vn -0.4105 -0.0903 0.9074
vn -0.2454 -0.1548 0.9570
vn -0.1978 -0.1767 0.9642
vn -0.8930 0.0351 0.4487
vn -0.9535 -0.0596 0.2955
vn -0.9730 -0.0069 0.2308
vn -0.9798 -0.0019 0.1999
vn 0.2616 0.2611 0.9292
vn -0.1345 0.1242 0.9831
vn -0.8954 0.0272 0.4444
vn -0.5366 0.2863 0.7938
vn -0.1509 0.3520 0.9237
vn -0.1184 0.3631 0.9242
vn -0.1822 0.3676 0.9120
vn -0.0871 0.3728 0.9238
vn -0.0900 0.3363 0.9374
vn -0.0941 0.3505 0.9318
vn -0.3391 -0.2518 0.9064
vn 0.2175 0.1706 0.9610
vn 0.3825 0.2992 0.8742
vn -0.8223 0.5450 0.1640
vn -0.3466 -0.2167 0.9126
vn -0.2600 -0.1552 0.9531
vn -0.7582 0.6398 0.1258
vn -0.7887 0.6128 0.0501
vn -0.7862 0.6053 0.1240
vn 0.3474 0.2285 0.9094
vn -0.1312 0.0897 0.9873
vn -0.7725 -0.3055 0.5567
vn -0.7202 0.0598 0.6912
vn -0.7411 0.0852 0.6659
vn -0.7547 0.1312 0.6428
vn -0.6596 -0.4037 0.6340
vn -0.4384 -0.2491 0.8636
vn -0.4294 -0.2829 0.8577
vn -0.7138 0.3476 0.6080
vn -0.8998 0.0521 0.4332
vn -0.6930 0.5020 0.5175
vn -0.4516 0.6081 0.6528
vn -0.4834 0.5434 0.6864
vn -0.4858 0.5428 0.6852
vn -0.6570 0.7530 -0.0354
vn -0.7108 -0.1785 0.6804
vn -0.6486 -0.2987 0.7000
vn -0.0627 -0.6039 0.7946
vn -0.0871 -0.4159 0.9052
vn -0.0995 0.2067 0.9733
vn 0.0596 0.2456 0.9675
vn -0.1231 -0.1906 0.9739
vn -0.7373 0.6516 0.1783
vn -0.0770 0.2815 0.9565
vn -0.0677 0.2957 0.9529
vn -0.8446 0.0895 0.5278
vn -0.3560 -0.8976 0.2598
vn -0.8503 -0.1960 0.4884
vn -0.0905 0.3157 0.9445
vn -0.0968 0.3293 0.9393
vn -0.9740 -0.1238 0.1896
vn -0.9707 -0.0930 0.2216
vn -0.9734 0.0564 0.2223
vn -0.8938 0.3131 0.3212
vn -0.2065 0.0407 0.9776
vn -0.2198 0.0238 0.9752
vn -0.1227 0.3024 0.9453
vn -0.1126 0.3035 0.9462
vn -0.2120 -0.0497 0.9760
vn -0.9752 -0.2062 0.0803
vn -0.9703 -0.2242 0.0910
vn -0.0287 0.3328 0.9426
vn -0.9722 -0.0613 0.2261
vn -0.9728 -0.0315 0.2293
vn -0.9822 -0.0179 0.1868
vn -0.7756 0.5790 0.2513
vn -0.9474 -0.2959 0.1220
vn -0.1382 0.0896 0.9864
vn 0.2397 0.1490 0.9593
vn -0.8785 -0.0198 0.4772
vn -0.4336 -0.2761 0.8577
vn -0.9736 0.0176 0.2276
vn -0.9821 0.0122 0.1880
vn -0.1435 0.0381 0.9889
vn -0.0066 0.0818 0.9966
vn -0.8398 0.0450 0.5410
vn -0.9387 0.0719 0.3373
vn -0.1766 0.3703 0.9120
vn -0.0900 0.3608 0.9283
vn -0.0908 0.3737 0.9231
vn -0.1347 -0.1851 0.9734
vn -0.9345 0.0506 0.3525
vn -0.9714 0.0783 0.2243
vn -0.9722 0.0983 0.2124
vn -0.9719 0.0514 0.2295
vn 0.4895 0.2904 0.8222
vn -0.7556 0.6541 0.0362
vn 0.0816 0.2040 0.9756
vn 0.1996 0.2457 0.9486
vn -0.4228 0.3136 0.8503
vn -0.1171 -0.1278 0.9849
vn -0.1442 -0.3848 0.9117
vn -0.0559 -0.4600 0.8861
vn -0.1997 -0.3972 0.8958
vn -0.5788 0.5580 0.5947
vn 0.0318 -0.0508 0.9982
vn 0.0059 0.2618 0.9651
vn 0.0409 0.2923 0.9555
vn -0.0737 -0.2654 0.9613
vn -0.6619 0.7449 0.0836
vn -0.9780 -0.1052 0.1803
vn -0.9824 -0.0776 0.1697
vn -0.0668 0.3230 0.9440
vn -0.6852 0.7277 0.0298
vn -0.6926 0.7117 0.1176
vn -0.6997 0.7131 0.0446
vn -0.1609 0.3996 0.9024
vn -0.3045 0.0332 0.9519
vn -0.2200 0.3234 0.9203
vn -0.0909 0.4017 0.9112
vn -0.2449 -0.0434 0.9686
vn -0.2226 -0.0652 0.9727
vn -0.9774 -0.0109 0.2113
vn -0.0794 0.3925 0.9163
vn -0.0535 0.3749 0.9255
vn -0.4971 -0.2491 0.8312
vn -0.9790 -0.0916 0.1820
vn -0.8572 0.3903 0.3361
vn -0.7952 0.0350 0.6053
vn -0.9752 0.0491 0.2157
vn -0.1486 0.3098 0.9391
vn -0.7371 0.6508 0.1821
vn -0.7840 0.5950 0.1768
vn -0.8021 0.5853 0.1188
vn -0.7793 0.5830 0.2298
vn -0.7714 0.6361 0.0203
vn -0.3625 -0.0643 0.9298
vn -0.1756 -0.5407 0.8227
vn 0.5973 -0.4223 0.6818
vn -0.7597 0.2319 0.6075
vn -0.7467 0.2612 0.6117
vn -0.1015 0.3464 0.9326
vn -0.1298 0.3365 0.9327
vn -0.1182 -0.1253 0.9850
vn -0.2087 -0.8602 0.4652
vn -0.8442 -0.1155 0.5234
vn 0.5627 -0.4296 0.7063
vn -0.3360 0.0202 0.9416
vn -0.1121 0.3144 0.9426
vn -0.9695 -0.1324 0.2064
vn -0.1746 -0.0517 0.9833
vn -0.2315 -0.1456 0.9619
vn -0.9509 -0.2836 0.1241
vn -0.2090 -0.1531 0.9659
vn -0.9856 0.0028 0.1692
vn -0.8235 -0.3568 0.4412
vn -0.7102 -0.4925 0.5030
vn -0.9439 0.1070 0.3124
vn -0.9516 0.0955 0.2921
vn -0.9385 0.1260 0.3214
vn 0.5636 0.4985 0.6587
vn 0.5346 0.3728 0.7584
vn -0.9991 0.0108 0.0410
vn -0.2924 0.3882 0.8739
vn -0.9663 0.1504 0.2088
vn 0.7526 0.4092 0.5159
vn 0.2457 0.5858 0.7723
vn -0.9153 0.0362 0.4012
vn -0.9500 0.1218 0.2874
vn -0.9510 0.1102 0.2888
vn 0.0014 0.4085 0.9127
vn -0.9583 0.0607 0.2793
vn -0.5158 0.3078 0.7995
vn -0.6827 -0.5042 0.5289
vn -0.6338 0.0371 0.7726
vn -0.7046 -0.1896 0.6838
vn -0.7136 -0.2289 0.6621
vn -0.8766 -0.1236 0.4650
vn -0.3398 -0.4606 0.8200
vn 0.0394 -0.4088 0.9118
vn -0.3312 0.5032 0.7982
vn -0.6792 -0.2741 0.6809
vn -0.7559 -0.1094 0.6455
vn -0.6669 -0.1923 0.7199
vn -0.4848 -0.4313 0.7609
vn -0.5076 -0.2818 0.8142
vn -0.5966 -0.4206 0.6835
vn 0.0394 0.4220 0.9057
vn -0.1308 0.4172 0.8994
vn -0.1274 0.5248 0.8417
vn 0.0427 0.4355 0.8992
vn -0.0025 0.4241 0.9056
vn -0.0666 0.3914 0.9178
vn 0.0544 0.4125 0.9093
vn 0.0609 0.4137 0.9084
vn -0.1304 -0.1533 0.9795
vn -0.2329 -0.1755 0.9565
vn 0.0535 0.4195 0.9062
vn 0.0103 0.3881 0.9216
vn 0.0197 0.3755 0.9266
vn 0.0259 0.3653 0.9305
vn -0.3884 0.1010 0.9159
vn 0.0972 0.3256 0.9405
vn -0.2019 -0.7888 0.5806
vn -0.4834 -0.6970 0.5296
vn -0.2395 -0.5949 0.7673
vn -0.9695 0.0488 0.2402
vn -0.9577 0.1192 0.2617
vn -0.9612 0.1375 0.2391
vn 0.3232 0.5506 0.7697
vn -0.9259 0.2158 0.3102
vn -0.9104 0.2135 0.3543
vn -0.9072 0.2644 0.3272
vn 0.4091 0.5312 0.7419
vn -0.4870 -0.1876 0.8530
vn -0.8899 -0.3921 0.2330
vn -0.8084 -0.3171 0.4959
vn -0.8094 -0.4993 0.3091
vn -0.9911 -0.0464 0.1245
vn -0.9929 -0.1130 0.0364
vn -0.9639 -0.2473 0.0991
vn -0.5733 -0.1288 0.8091
vn -0.3034 -0.1989 0.9319
vn -0.7286 -0.4351 0.5290
vn -0.9248 0.2140 0.3145
vn -0.9290 0.2566 0.2667
vn -0.0393 -0.7116 0.7015
vn -0.2348 -0.4593 0.8567
vn -0.1253 -0.8580 0.4981
vn -0.7710 -0.1623 0.6158
vn -0.6233 0.1095 0.7743
vn -0.7993 -0.1486 0.5823
vn -0.2750 0.2126 0.9376
vn 0.2933 0.3044 0.9063
vn 0.2322 0.3295 0.9152
vn -0.3303 -0.4302 0.8401
vn -0.7412 -0.0713 0.6675
vn -0.4037 -0.1359 0.9047
vn 0.2968 0.4655 0.8338
vn -0.7644 -0.0819 0.6395
vn -0.1600 -0.1895 0.9688
vn 0.3442 -0.7746 0.5306
vn -0.0781 -0.7465 0.6608
vn -0.7309 -0.1673 0.6616
vn -0.4100 0.2221 0.8846
vn -0.5118 -0.2310 0.8275
vn -0.3006 0.2478 0.9210
vn -0.2475 0.2969 0.9223
vn -0.6350 -0.1824 0.7507
vn -0.9324 0.1735 0.3169
vn -0.2646 -0.3360 0.9039
vn -0.2123 -0.3542 0.9108
vn 0.1434 -0.8053 0.5752
vn 0.1597 -0.8231 0.5450
vn -0.4216 -0.7858 0.4526
vn -0.5483 -0.5892 0.5935
vn -0.6769 -0.6529 0.3400
vn -0.8343 0.2326 0.4998
vn -0.9763 0.0946 0.1945
vn 0.2077 0.4344 0.8765
vn -0.8681 0.1166 0.4825
vn -0.7440 0.2253 0.6291
vn -0.8652 0.0750 0.4957
vn -0.4454 0.2174 0.8686
vn -0.4114 0.0920 0.9068
vn -0.7795 -0.1034 0.6178
vn -0.6247 -0.1460 0.7671
vn -0.5463 0.2457 0.8007
vn -0.3383 0.3502 0.8735
vn -0.5315 0.1459 0.8344
vn -0.6645 0.1833 0.7244
vn -0.4927 -0.3865 0.7797
vn -0.9576 -0.0710 0.2792
vn -0.7699 -0.0982 0.6306
vn -0.5705 0.0155 0.8211
vn -0.9242 -0.3647 0.1132
vn -0.4571 0.0110 0.8894
vn -0.1583 -0.8930 0.4213
vn -0.0802 -0.9599 0.2687
vn -0.9703 -0.1264 0.2063
vn -0.7897 -0.1501 0.5948
vn -0.7873 -0.4456 0.4261
vn -0.9200 -0.2426 0.3079
vn -0.5283 -0.3869 0.7557
vn -0.9621 0.1596 0.2211
vn -0.2800 0.2220 0.9340
vn -0.2657 -0.2047 0.9421
vn -0.1740 -0.2340 0.9565
vn -0.2478 -0.2733 0.9295
vn -0.7204 -0.0801 0.6889
vn -0.0216 0.4302 0.9025
vn -0.0166 0.4262 0.9045
vn 0.0013 0.4167 0.9091
vn 0.0070 0.4330 0.9013
vn -0.0116 0.4323 0.9017
vn -0.6945 -0.3777 0.6124
vn -0.2498 -0.3199 0.9139
vn -0.2953 -0.7044 0.6454
vn -0.5147 -0.0146 0.8573
vn -0.5813 -0.4732 0.6620
vn 0.1484 0.3411 0.9282
vn 0.0720 0.2532 0.9647
vn 0.2505 0.3433 0.9052
vn -0.8876 0.1000 0.4496
vn -0.9629 0.0843 0.2564
vn 0.1559 0.3481 0.9244
vn -0.5090 0.1105 0.8537
vn -0.9354 -0.2199 0.2769
vn -0.4440 0.1078 0.8895
vn 0.1492 -0.8035 0.5764
vn 0.1485 -0.8838 0.4437
vn 0.2300 -0.8633 0.4493
vn -0.6551 -0.0767 0.7516
vn -0.8410 -0.1386 0.5230
vn -0.5015 0.0896 0.8605
vn -0.5977 0.3127 0.7382
vn -0.6590 -0.6487 0.3807
vn -0.2155 -0.4389 0.8723
vn -0.2137 -0.5123 0.8318
vn -0.9568 0.1681 0.2372
vn -0.9494 0.0447 0.3108
vn 0.0256 -0.9911 0.1310
vn 0.0230 -0.9910 0.1316
vn -0.9516 0.0894 0.2942
vn -0.6314 -0.1526 0.7603
vn 0.1859 -0.5289 0.8280
vn -0.8203 -0.4962 0.2843
vn -0.9132 0.2092 0.3498
vn -0.9395 0.2338 0.2505
vn 0.2461 -0.7708 0.5876
vn -0.0626 0.4197 0.9055
vn -0.0000 0.4363 0.8998
vn 0.0108 0.4321 0.9017
vn -0.0107 0.4437 0.8961
vn -0.9726 0.1439 0.1825
vn -0.9475 -0.2398 0.2115
vn -0.7563 0.6532 0.0359
vn -0.9403 0.1747 0.2920
vn -0.9392 0.1709 0.2980
vn -0.9399 0.1956 0.2799
vn -0.8753 -0.4097 0.2569
vn -0.5728 -0.0996 0.8136
vn -0.9727 0.1354 0.1885
vn -0.8300 0.1943 0.5228
vn -0.8630 0.2740 0.4246
vn 0.1065 -0.9106 0.3994
vn 0.2397 -0.8693 0.4324
vn 0.0951 0.3075 0.9468
vn -0.0180 -0.9312 0.3642
vn -0.1703 -0.1770 0.9694
vn -0.1777 -0.3768 0.9091
vn -0.1812 -0.3860 0.9045
vn -0.9719 0.2350 -0.0088
vn -0.4350 -0.5129 0.7401
vn -0.2014 -0.8816 0.4269
vn 0.1349 -0.1935 0.9718
vn 0.0866 -0.3167 0.9446
vn -0.3693 0.6109 0.7003
vn -0.4269 0.5906 0.6848
vn -0.9689 0.1098 0.2220
vn -0.9416 0.1747 0.2877
vn -0.9143 0.3284 0.2373
vn -0.9499 0.1721 0.2611
vn 0.0824 -0.7356 0.6724
vn -0.4555 0.5621 0.6903
vn -0.6416 0.4797 0.5985
vn -0.0448 -0.0063 0.9990
vn 0.6541 0.0306 0.7558
vn -0.3103 0.5014 0.8077
vn -0.5397 -0.0624 0.8395
vn 0.2985 0.3952 0.8688
vn -0.7440 0.3085 0.5927
vn -0.0275 0.2894 0.9568
vn -0.5160 -0.3027 0.8014
vn -0.7399 0.2436 0.6271
vn -0.8292 0.2694 0.4897
vn -0.1964 0.0644 0.9784
vn -0.0070 0.0283 0.9996
vn -0.7487 0.3123 0.5847
vn -0.8689 0.2644 0.4184
vn -0.6775 0.2716 0.6835
vn -0.9240 0.2130 0.3176
vn -0.4343 0.6311 0.6427
vn -0.0022 0.1210 0.9927
vn -0.7795 0.3370 0.5280
vn 0.1048 0.0208 0.9943
vn -0.7822 0.2725 0.5604
vn 0.1629 0.4410 0.8826
vn -0.1206 -0.2756 0.9537
vn 0.2542 -0.3218 0.9121
vn 0.1391 -0.4313 0.8914
vn 0.7291 0.4937 0.4740
vn 0.7769 0.3829 0.4999
vn 0.7896 0.3817 0.4804
vn 0.3320 -0.0606 0.9413
vn -0.2622 -0.5130 0.8174
vn -0.3501 -0.1733 0.9205
vn -0.1734 -0.4796 0.8602
vn -0.0440 0.9728 -0.2273
vn 0.0796 0.9903 0.1143
vn -0.4094 0.9103 0.0605
vn -0.4210 0.8239 0.3794
vn -0.2686 0.9262 0.2647
vn -0.2965 0.9048 0.3057
vn -0.0124 0.9517 0.3066
vn -0.0886 0.9334 0.3478
vn 0.0942 0.9181 0.3850
vn -0.7832 0.5913 -0.1922
vn -0.7752 0.6125 -0.1545
vn -0.9932 0.1162 0.0119
vn 0.0220 0.9640 0.2649
vn 0.1345 0.8384 0.5283
vn -0.0482 0.8067 0.5890
vn 0.3582 0.8735 0.3296
vn -0.2168 0.7289 0.6493
vn 0.0759 0.9407 0.3306
vn -0.1464 0.9577 0.2476
vn 0.0139 0.9694 0.2449
vn 0.5621 0.8075 0.1790
vn 0.4238 0.8970 0.1259
vn 0.4903 0.8702 -0.0472
vn -0.1924 0.3289 0.9246
vn 0.0137 0.8553 0.5180
vn -0.3642 0.6743 0.6423
vn -0.4130 0.6995 0.5832
vn -0.3168 0.8520 0.4168
vn 0.1109 0.8814 0.4591
vn -0.3613 0.7761 0.5169
vn -0.6063 0.7633 0.2233
vn -0.4258 0.3269 0.8437
vn -0.4099 0.7771 0.4776
vn -0.6638 0.5369 0.5207
vn -0.2812 0.9161 0.2858
vn -0.1521 0.7843 0.6014
vn -0.5542 0.5996 0.5774
vn -0.0433 0.8495 0.5259
vn 0.1943 0.4278 0.8828
vn -0.1082 0.9572 0.2683
vn -0.3252 0.9193 -0.2217
vn -0.5103 0.8599 -0.0105
vn 0.0230 0.7326 0.6803
vn -0.2236 0.4174 0.8808
vn 0.0720 0.6462 0.7597
vn -0.0517 0.8800 0.4721
vn -0.0376 0.8611 0.5071
vn -0.0624 0.8881 0.4555
vn 0.0251 0.8906 0.4540
vn -0.7199 0.5838 0.3754
vn -0.3188 0.6321 0.7063
vn -0.4399 0.5577 0.7039
vn -0.4359 0.4406 0.7848
vn -0.6229 0.4625 0.6309
vn -0.6982 0.4768 0.5340
vn -0.4218 -0.1926 0.8860
vn -0.4108 0.8942 0.1779
vn -0.2347 0.9523 0.1950
vn -0.6836 0.6684 0.2932
vn -0.5371 0.7909 0.2933
vn -0.6990 0.7095 0.0890
vn -0.6531 0.3753 0.6577
vn -0.4912 0.8142 0.3094
vn -0.3947 0.8826 0.2556
vn -0.5683 0.8004 0.1908
vn -0.7155 -0.4265 0.5533
vn -0.9606 0.2520 -0.1174
vn 0.1065 0.9699 0.2191
vn 0.0341 0.9803 0.1945
vn 0.1927 0.9284 0.3176
vn 0.1619 0.3926 0.9053
vn -0.3739 0.9015 0.2182
vn 0.0058 -0.1902 0.9817
vn -0.1732 -0.3603 0.9166
vn 0.0725 -0.5960 0.7997
vn 0.3967 0.8829 0.2513
vn -0.5516 0.7487 -0.3677
vn 0.4052 0.8888 0.2141
vn -0.0512 0.9529 0.2990
vn -0.2898 0.8936 0.3428
vn 0.2537 0.9671 -0.0173
vn -0.7344 -0.5036 0.4550
vn -0.5734 -0.5292 0.6254
vn -0.7498 -0.3799 0.5417
vn -0.9565 0.1631 0.2420
vn -0.5187 -0.1098 0.8479
vn -0.5785 0.7379 0.3476
vn -0.1830 0.3108 0.9327
vn -0.0175 -0.4711 0.8819
vn 0.0682 -0.2715 0.9600
vn 0.0772 -0.2733 0.9588
vn -0.0851 -0.3560 0.9306
vn -0.0522 0.4945 0.8676
vn -0.5120 -0.1476 0.8462
vn -0.2407 0.6001 0.7629
vn -0.8513 -0.1827 0.4919
vn 0.0360 0.8541 0.5189
vn -0.0286 -0.2443 0.9693
vn 0.0089 0.9549 0.2967
vn 0.0157 -0.5889 0.8081
vn -0.0074 -0.7418 0.6705
vn 0.0278 -0.4220 0.9062
vn 0.4434 -0.0292 0.8959
vn 0.1942 0.0108 0.9809
vn -0.0234 0.6074 0.7940
vn -0.5138 -0.2547 0.8192
vn -0.0338 0.6306 0.7754
vn -0.0183 0.6527 0.7574
vn 0.0528 0.6366 0.7694
vn -0.4537 -0.3647 0.8131
vn -0.0321 0.6264 0.7788
vn 0.1204 0.6021 0.7893
vn -0.0769 0.6806 0.7286
vn 0.4782 0.8514 -0.2154
vn -0.4684 -0.2667 0.8423
vn -0.0055 0.8214 0.5704
vn 0.2046 0.6219 0.7559
vn -0.3094 0.9164 0.2539
vn -0.2282 0.9528 0.2004
vn 0.6140 0.7893 -0.0086
vn 0.0516 0.6771 0.7341
vn 0.0518 0.5591 0.8274
vn -0.5906 0.8006 -0.1013
vn -0.4570 0.8841 -0.0978
vn -0.5257 0.7451 0.4105
vn -0.6934 -0.3261 0.6425
vn -0.8369 0.5388 0.0965
vn -0.3984 0.1497 0.9049
vn -0.5073 -0.0248 0.8614
vn 0.6401 0.7647 0.0736
vn -0.0524 0.1389 0.9889
vn -0.9435 0.1265 0.3061
vn -0.8074 0.4137 0.4207
vn -0.3129 0.2640 0.9124
vn -0.2623 0.2914 0.9199
vn 0.0247 0.7599 0.6496
vn -0.1212 0.9230 0.3653
vn 0.1031 0.8962 0.4315
vn 0.1215 0.9020 0.4142
vn -0.2210 0.6582 0.7196
vn -0.2506 0.7025 0.6661
vn 0.8890 0.4504 -0.0832
vn -0.1952 0.6473 0.7368
vn -0.3437 0.6490 0.6787
vn 0.0085 0.9327 0.3605
vn -0.0195 0.9207 0.3899
vn -0.1129 0.8399 0.5308
vn -0.6718 -0.0153 0.7406
vn -0.0375 -0.0850 0.9957
vn -0.3161 0.6513 0.6898
vn -0.0120 0.9011 0.4334
vn -0.2814 0.6595 0.6971
vn -0.3480 0.5335 0.7709
vn 0.4651 0.8796 0.1002
vn 0.1538 0.9180 0.3655
vn -0.2501 0.6290 0.7361
vn 0.0821 -0.2691 0.9596
vn 0.0866 -0.3039 0.9487
vn -0.1084 -0.0580 0.9924
vn 0.1926 0.8907 0.4117
vn 0.3859 0.5242 0.7592
vn -0.0288 0.6271 0.7784
vn -0.2717 0.6689 0.6919
vn -0.2386 0.5844 0.7756
vn -0.3087 0.6801 0.6650
vn -0.3744 0.5679 0.7330
vn 0.3114 0.8594 0.4056
vn -0.1397 0.2580 0.9560
vn -0.4038 0.9077 -0.1140
vn 0.0406 -0.1740 0.9839
vn -0.1948 -0.0787 0.9777
vn -0.3481 0.6862 0.6387
vn 0.1544 -0.4294 0.8898
vn -0.4237 0.7398 0.5227
vn -0.4102 0.6103 0.6777
vn -0.4493 0.6327 0.6307
vn -0.6347 0.4122 0.6537
vn -0.7336 0.1841 0.6541
vn -0.4687 0.7956 0.3838
vn -0.7074 0.4859 0.5133
vn -0.5251 0.6131 0.5903
vn -0.5922 0.7183 0.3653
vn -0.6603 0.3774 0.6493
vn -0.5321 0.3971 0.7478
vn -0.3802 0.4854 0.7873
vn -0.7383 0.6215 0.2621
vn -0.9954 0.0519 -0.0799
vn -0.8889 0.3697 -0.2704
vn -0.4789 0.8771 0.0372
vn -0.5685 0.8135 -0.1228
vn -0.3579 0.7181 0.5969
vn -0.3604 0.9115 0.1982
vn -0.9316 -0.2840 0.2267
vn -0.9979 0.0552 0.0351
vn -0.9041 -0.3930 -0.1677
vn -0.8758 -0.4767 -0.0754
vn -0.9231 -0.3745 0.0873
vn -0.7029 0.7083 -0.0650
vn -0.5696 0.8215 0.0253
vn -0.3491 0.8506 0.3932
vn -0.0005 0.9633 0.2683
vn 0.5913 0.7827 0.1945
vn 0.8397 0.5340 -0.0983
vn -0.2589 0.9645 0.0528
vn -0.8992 -0.4311 -0.0749
vn -0.9303 -0.1326 -0.3420
vn -0.8533 -0.4703 -0.2254
vn -0.8987 0.4261 -0.1037
vn -0.9007 0.4343 -0.0087
vn -0.6067 0.7775 -0.1656
vn -0.6024 0.7715 0.2049
vn -0.7780 0.4999 0.3805
vn -0.7247 -0.3066 0.6170
vn -0.5168 0.8522 0.0820
vn -0.6803 0.7229 0.1209
vn 0.0591 0.4019 0.9138
vn -0.3878 0.2389 0.8903
vn 0.0942 0.3418 0.9351
vn -0.0053 0.3104 0.9506
vn -0.4173 0.3909 0.8204
vn -0.7240 0.4297 0.5396
vn 0.0457 0.9525 0.3012
vn 0.0061 0.9636 0.2673
vn -0.8478 0.2901 0.4439
vn -0.8728 0.2889 0.3935
vn -0.7925 -0.0855 0.6038
vn -0.5917 0.4724 0.6532
vn -0.8384 0.4911 0.2363
vn -0.3448 0.6213 0.7037
vn -0.3763 0.3405 0.8617
vn -0.3618 0.2303 0.9034
vn -0.3884 0.2752 0.8794
vn -0.3728 0.3342 0.8656
vn -0.4708 -0.0257 0.8818
vn -0.9992 0.0188 0.0342
vn -0.9998 0.0193 0.0011
vn -0.9995 0.0302 -0.0044
vn -0.9529 0.0280 -0.3021
vn -0.9803 0.1095 -0.1642
vn -0.9588 0.1349 -0.2499
vn -0.1889 0.9314 0.3112
vn -0.3299 0.9099 0.2516
vn -0.0455 0.9976 0.0516
vn -0.7596 0.1818 0.6244
vn -0.7179 0.1826 0.6718
vn -0.6861 0.2748 0.6736
vn -0.0311 0.7868 0.6165
vn -0.5162 0.8499 -0.1064
vn -0.8089 0.5715 0.1379
vn -0.9257 -0.1780 -0.3337
vn -0.9572 0.2052 -0.2042
vn -0.8848 0.4660 -0.0038
vn -0.8689 -0.3101 -0.3858
vn -0.7812 0.4760 -0.4039
vn -0.3998 0.5977 0.6949
vn -0.4264 0.4674 0.7744
vn -0.6518 0.4848 0.5832
vn -0.6217 0.7807 0.0641
vn -0.2818 0.9522 0.1176
vn -0.6775 0.7343 -0.0413
vn -0.7837 0.3730 0.4967
vn -0.7517 0.6036 0.2658
vn -0.9442 -0.1892 0.2695
vn -0.8366 -0.4502 0.3121
vn -0.9966 -0.0116 0.0821
vn -0.9994 -0.0026 0.0339
vn -0.9999 0.0033 0.0132
vn -0.9994 0.0117 -0.0338
vn -0.9998 0.0202 -0.0004
vn -0.9911 0.0825 -0.1048
vn -0.9920 0.0417 -0.1188
vn -0.9980 0.0556 -0.0316
vn -0.9929 0.0637 -0.1008
vn -0.9842 0.1302 -0.1199
vn -0.9767 0.1130 -0.1825
vn -0.9339 0.0525 -0.3536
vn -0.9992 0.0261 0.0301
vn -0.9891 0.0738 0.1275
vn -0.9984 0.0569 0.0030
vn -0.9988 0.0360 0.0329
vn -0.9995 0.0140 0.0280
vn -0.9997 0.0224 0.0042
vn -0.9951 0.0876 -0.0450
vn -0.9911 0.0871 0.1005
vn -0.9997 -0.0069 0.0245
vn -0.9721 0.1803 0.1499
vn -0.5490 0.8258 0.1288
vn -0.8350 0.5463 0.0651
vn -0.8162 0.5741 -0.0656
vn -0.3384 0.9137 0.2251
vn -0.4125 0.9062 0.0928
vn -0.2250 0.9376 0.2652
vn -0.8950 0.4296 0.1201
vn -0.9996 0.0273 0.0075
vn -0.9999 0.0123 -0.0038
vn -0.9998 0.0093 0.0189
vn -0.9991 0.0335 0.0274
vn -0.9999 0.0171 0.0016
vn -0.9995 0.0317 0.0003
vn -0.9994 0.0349 0.0084
vn -0.9979 0.0227 -0.0602
vn -0.9780 -0.1445 -0.1507
vn -0.4365 0.3941 0.8088
vn -0.3260 0.7731 0.5441
vn -0.9992 0.0365 0.0187
vn -0.9992 0.0288 0.0268
vn -0.9989 0.0200 0.0415
vn -0.9988 0.0198 0.0441
vn -0.9995 0.0215 0.0230
vn -0.1057 0.0014 -0.9944
vn -0.4993 0.1582 -0.8519
vn -0.5104 0.0759 -0.8566
vn -0.2508 0.7579 0.6023
vn -0.8772 -0.0270 0.4794
vn -0.8696 -0.1022 0.4831
vn -0.7192 0.6097 0.3332
vn -0.1566 0.1392 0.9778
vn 0.2147 0.0203 0.9765
vn -0.2644 0.2539 0.9304
vn -0.9966 0.0409 -0.0718
vn -0.9972 0.0751 -0.0062
vn -0.9796 0.0180 -0.2001
vn -0.8514 -0.0302 -0.5237
vn -0.3972 0.8932 0.2106
vn -0.6842 0.7280 0.0430
vn -0.6346 0.7480 0.1944
vn -0.5276 0.8432 0.1036
vn -0.9989 -0.0041 0.0459
vn -0.9989 0.0301 0.0347
vn -0.7588 0.2857 0.5853
vn -0.7512 0.3188 0.5779
vn -0.7646 0.2971 0.5720
vn -0.2688 0.9192 0.2878
vn -0.2973 0.8667 0.4005
vn -0.5073 0.8346 0.2147
vn -0.1104 0.9871 0.1164
vn -0.0348 0.9805 0.1933
vn -0.2169 0.9578 0.1885
vn -0.4298 0.6533 0.6233
vn -0.4177 0.6245 0.6599
vn -0.0462 0.9739 0.2224
vn -0.0732 0.9775 0.1976
vn -0.5853 0.8089 0.0558
vn -0.9982 -0.0113 0.0582
vn -0.8950 -0.2439 0.3736
vn -0.9677 0.1566 -0.1975
vn -0.7855 0.3357 0.5199
vn -0.3953 0.9178 0.0369
vn -0.4850 0.8453 0.2242
vn -0.4536 0.8106 0.3703
vn -0.3086 0.9260 0.2177
vn -0.9278 -0.2468 0.2798
vn -0.4250 0.8927 0.1496
vn -0.4299 0.8938 0.1276
vn -0.3594 0.9161 0.1779
vn -0.9572 0.0245 -0.2883
vn -0.9013 0.2002 -0.3842
vn -0.2420 -0.0635 -0.9682
vn -0.7284 0.0505 -0.6833
vn -0.0790 -0.0117 -0.9968
vn -0.9795 0.0416 -0.1970
vn -0.9453 -0.0060 -0.3263
vn -0.9902 -0.0215 -0.1379
vn -0.3194 0.9366 0.1444
vn -0.2719 0.9488 0.1607
vn -0.8283 -0.1462 0.5409
vn -0.7369 0.6506 0.1834
vn -0.5219 0.1039 -0.8467
vn -0.8392 0.0670 -0.5397
vn -0.9150 0.1689 -0.3664
vn -0.9996 0.0249 -0.0117
vn -0.7052 -0.4108 -0.5779
vn -0.9954 -0.0548 -0.0780
vn -0.9947 0.0174 -0.1010
vn -0.7358 0.3255 0.5939
vn -0.7368 0.3113 0.6002
vn -0.3093 0.9380 0.1564
vn -0.3080 0.9269 0.2147
vn -0.6589 0.7312 0.1767
vn -0.7287 0.6822 0.0607
vn -0.9991 0.0152 0.0391
vn -1.0000 -0.0045 0.0063
vn -0.9995 0.0314 0.0079
vn -0.9988 0.0484 0.0057
vn -0.9951 0.0810 -0.0561
vn -0.9971 0.0569 -0.0504
vn -0.9497 -0.0048 -0.3131
vn -0.8509 -0.0053 -0.5254
vn -0.2871 0.3383 0.8962
vn -0.6660 0.2697 0.6955
vn -0.9960 0.0065 -0.0886
vn -0.4041 0.3131 -0.8594
vn -0.2762 0.0956 -0.9563
vn -0.7510 0.2019 -0.6286
vn -0.9992 -0.0396 -0.0086
vn -0.8359 0.5306 0.1402
vn -0.8781 -0.4695 0.0926
vn -0.2270 0.4885 0.8425
vn -0.7433 -0.1656 0.6481
vn -0.4544 -0.1902 -0.8702
vn -0.5799 0.6310 -0.5154
vn -0.7958 0.3398 0.5013
vn -0.7993 0.2408 0.5506
vn -0.6654 -0.0026 -0.7465
vn -0.7167 0.2845 0.6367
vn -0.7580 0.3348 0.5597
vn -0.9991 0.0213 0.0369
vn -0.4539 0.8452 -0.2823
vn -0.7337 0.2924 0.6133
vn -0.7305 0.3091 0.6090
vn -0.7817 -0.1122 0.6135
vn -0.7018 0.0633 -0.7095
vn -0.3166 0.6361 -0.7037
vn -0.9414 0.1809 0.2848
vn -0.8408 0.3296 0.4295
vn -0.7811 0.3765 0.4981
vn -0.8314 0.2754 0.4826
vn -0.8023 0.4014 0.4418
vn -0.8551 0.4198 0.3042
vn -0.9998 0.0183 -0.0011
vn -0.9999 -0.0130 -0.0039
vn -0.9993 0.0369 0.0045
vn -0.5560 0.3205 0.7669
vn -0.3198 0.4819 0.8158
vn -0.9991 0.0104 0.0418
vn -0.9631 -0.1588 -0.2173
vn -0.9714 -0.0147 0.2369
vn -0.5001 0.8654 -0.0323
vn -0.8338 0.2035 0.5132
vn -0.9976 -0.0107 0.0688
vn -0.8015 0.5323 0.2724
vn -0.9292 -0.3667 0.0448
vn -0.9985 0.0294 0.0461
vn -0.8754 0.1815 0.4479
vn -0.8488 0.2614 0.4596
vn -0.9842 0.0998 0.1463
vn -0.9979 0.0468 0.0442
vn -0.9974 0.0694 -0.0173
vn -0.9995 0.0270 0.0136
vn -0.8854 0.1133 -0.4509
vn -0.9061 0.2419 0.3470
vn -0.9679 0.2233 0.1153
vn -0.9027 0.2198 0.3700
vn -0.6566 0.3785 0.6524
vn -0.5378 0.0373 0.8422
vn -0.9974 0.0716 -0.0127
vn -0.5571 0.4452 0.7010
vn -0.8958 0.1058 0.4317
vn -0.9080 0.1891 0.3739
vn -0.5542 0.5729 0.6038
vn -0.5525 0.2380 0.7988
vn -0.4087 0.8300 0.3795
vn -0.7920 0.6098 0.0291
vn 0.1372 0.9642 0.2267
vn -0.0226 0.9761 0.2159
vn -0.8901 0.4124 -0.1941
vn -0.5842 0.7977 -0.1500
vn -0.7639 0.4290 -0.4822
vn -0.9944 0.0906 -0.0548
vn -0.3989 0.2837 0.8720
vn -0.9976 0.0691 0.0104
vn -0.9974 0.0713 0.0114
vn -0.8706 0.3156 -0.3775
vn -0.8233 0.2930 -0.4861
vn -0.6471 0.4191 -0.6370
vn -0.5143 0.5108 -0.6889
vn -0.5983 0.3984 -0.6953
vn -0.9417 0.1770 -0.2860
vn -0.9883 0.1152 -0.0998
vn -0.9722 0.1385 -0.1887
vn -0.9968 0.0777 0.0197
vn -0.9947 0.0939 0.0418
vn -0.9954 0.0954 0.0124
vn -0.9930 0.1145 0.0292
vn -0.9906 0.1290 -0.0455
vn -0.4685 0.4920 -0.7338
vn -0.4370 0.7074 -0.5555
vn -0.6983 0.4843 -0.5272
vn -0.1640 0.6272 -0.7614
vn -0.2297 0.5931 -0.7716
vn -0.9835 0.1785 -0.0297
vn -0.9396 0.2808 -0.1956
vn -0.9890 0.1477 -0.0133
vn -0.6502 0.3992 -0.6464
vn -0.8331 0.3526 -0.4261
vn -0.1777 0.4391 -0.8807
vn -0.4461 0.3697 -0.8151
vn -0.4823 0.3859 -0.7864
vn -0.2819 0.3302 -0.9008
vn -0.2895 0.3863 -0.8757
vn -0.2884 0.3603 -0.8871
vn -0.4411 0.6425 -0.6266
vn -0.7927 0.4833 -0.3715
vn 0.1578 0.9070 -0.3904
vn 0.4912 0.8228 -0.2860
vn -0.4007 0.3920 -0.8281
vn -0.3146 0.3030 -0.8996
vn -0.7249 0.4937 -0.4804
vn -0.7633 0.4771 -0.4356
vn -0.7935 0.4229 -0.4376
vn -0.7401 0.4416 -0.5072
vn -0.6489 0.5458 -0.5300
vn -0.6707 0.5079 -0.5406
vn -0.6333 0.5777 -0.5151
vn -0.6045 0.5423 -0.5835
vn -0.6208 0.5480 -0.5607
vn -0.5869 0.6023 -0.5410
vn -0.5889 0.5036 -0.6322
vn -0.2246 0.6263 -0.7465
vn -0.3116 0.6602 -0.6834
vn -0.4480 0.2787 0.8495
vn -0.9887 0.1420 0.0484
vn -0.5333 0.3933 -0.7489
vn -0.3268 0.4375 -0.8377
vn -0.2351 0.4595 -0.8565
vn -0.2483 0.4349 -0.8656
vn -0.4871 0.8480 0.2091
vn -0.9991 0.0385 -0.0203
vn -0.9989 0.0122 -0.0458
vn -0.4250 0.8625 -0.2746
vn -0.5968 0.8015 -0.0379
vn -0.2058 0.9336 -0.2934
vn 0.1019 0.8635 -0.4940
vn -0.9983 0.0468 -0.0360
vn -0.9945 0.0877 -0.0564
vn -0.1134 0.9645 0.2386
vn -0.4672 0.7225 0.5096
vn -0.0874 0.9704 0.2251
vn -0.9664 0.2158 -0.1396
vn -0.9877 0.1497 -0.0447
vn -0.4770 0.4345 -0.7640
vn -0.3128 0.3589 -0.8794
vn -0.4082 0.4534 -0.7923
vn -0.2959 0.9485 0.1127
vn -0.3441 0.9305 0.1253
vn -0.9623 0.2286 -0.1473
vn -0.8653 0.3878 -0.3176
vn -0.3637 0.4553 -0.8127
vn -0.2765 0.5129 -0.8127
vn -0.4202 0.3771 -0.8253
vn -0.2409 0.9330 0.2673
vn 0.0064 0.5833 -0.8122
vn -0.2355 0.5048 -0.8305
vn -0.1687 0.5005 -0.8492
vn -0.3496 0.3648 -0.8630
vn -0.4754 0.6256 0.6186
vn -0.9456 0.2643 -0.1895
vn -0.3458 0.6418 -0.6844
vn -0.8057 0.4877 -0.3362
vn -0.8286 0.4014 -0.3901
vn -0.8417 0.3964 -0.3667
vn -0.6852 0.5908 -0.4260
vn -0.6640 0.5459 -0.5110
vn -0.6716 0.5457 -0.5012
vn -0.6699 0.5360 -0.5138
vn -0.4950 0.6347 -0.5934
vn -0.4855 0.6083 -0.6279
vn -0.5286 0.6069 -0.5935
vn -0.9905 0.1312 0.0421
vn -0.9933 0.1098 0.0348
vn -0.1979 0.4047 -0.8928
vn -0.8978 -0.1635 -0.4089
vn -0.9622 -0.2723 0.0017
vn -0.6473 0.7420 -0.1745
vn -0.4595 0.3762 -0.8046
vn -0.6583 0.7518 0.0375
vn -0.2988 0.6626 0.6868
vn -0.3279 0.6654 0.6706
vn -0.3290 0.6658 0.6697
vn -0.3702 0.4031 -0.8369
vn -0.3737 0.3858 -0.8435
vn -0.4181 0.8408 0.3439
vn -0.6370 0.5056 0.5819
vn -0.9978 0.0369 -0.0556
vn -0.3670 0.9227 0.1177
vn -0.5577 0.3495 0.7529
vn -0.7433 0.4839 0.4620
vn -0.9023 0.2990 0.3105
vn -0.8976 0.3922 0.2011
vn -0.1620 0.5410 0.8253
vn -0.7096 0.3361 -0.6193
vn -0.9166 0.1341 0.3765
vn -0.9023 0.2196 0.3709
vn -0.1337 0.6444 0.7529
vn 0.2718 0.5974 0.7545
vn -0.8171 0.3090 -0.4866
vn -0.3487 0.8134 -0.4656
vn -0.4773 0.3954 -0.7847
vn -0.5247 0.4516 -0.7217
vn -0.3324 0.7882 0.5179
vn -0.1611 0.7020 -0.6937
vn 0.0110 0.5202 0.8540
vn 0.1684 0.5381 0.8259
vn -0.2571 0.5180 0.8158
vn -0.0336 0.4045 0.9139
vn -0.8882 0.2392 -0.3922
vn -0.9627 0.2309 -0.1414
vn -0.9642 0.2067 -0.1664
vn -0.9663 0.2274 -0.1208
vn -0.9317 0.3232 -0.1658
vn -0.9247 0.2848 -0.2525
vn -0.9363 0.2623 -0.2333
vn -0.9242 0.3023 -0.2332
vn -0.8760 0.3601 -0.3208
vn -0.8744 0.3887 -0.2904
vn -0.2199 0.8739 0.4334
vn -0.2363 0.8698 0.4331
vn -0.1574 0.9105 0.3824
vn -0.8007 0.2318 0.5525
vn -0.5363 0.6124 -0.5808
vn -0.5065 0.6937 -0.5121
vn -0.4866 0.6508 -0.5829
vn -0.4277 0.6820 -0.5933
vn -0.4023 0.7136 -0.5735
vn -0.7607 0.2143 0.6128
vn -0.9910 0.1262 0.0443
vn -0.8884 0.3134 -0.3356
vn -0.4244 0.6618 -0.6179
vn -0.4398 0.6218 -0.6481
vn -0.4918 0.6877 -0.5340
vn -0.3884 0.9161 -0.0998
vn -0.3799 0.8931 -0.2410
vn -0.6249 0.7309 -0.2745
vn -0.8344 0.5365 0.1262
vn -0.9970 0.0764 -0.0140
vn -0.7207 0.2487 0.6471
vn -0.7466 0.3664 -0.5553
vn -0.4021 0.5104 -0.7602
vn -0.9667 0.2309 -0.1107
vn -0.9493 0.2369 -0.2068
vn -0.8605 0.3743 -0.3456
vn -0.8418 0.4705 -0.2645
vn -0.8164 0.4039 -0.4127
vn -0.4774 0.7380 -0.4768
vn -0.9635 0.2642 -0.0426
vn -0.2397 0.4668 -0.8513
vn -0.3392 0.5590 -0.7566
vn -0.3851 0.5589 -0.7344
vn -0.3396 0.3747 -0.8627
vn -0.8365 0.3904 -0.3846
vn -0.8222 0.3812 -0.4227
vn -0.8322 0.3691 -0.4137
vn -0.8436 0.3645 -0.3943
vn -0.8183 0.3509 -0.4552
vn -0.7722 0.4021 -0.4920
vn -0.6640 0.3920 -0.6368
vn -0.8178 0.3396 0.4646
vn -0.8366 0.2938 0.4624
vn -0.8521 0.2821 0.4408
vn -0.8176 0.2316 0.5272
vn -0.9454 0.3047 0.1158
vn -0.9714 0.2163 0.0982
vn -0.9599 0.1825 0.2126
vn -0.9715 0.1489 0.1845
vn -0.7535 0.6004 -0.2678
vn -0.9794 0.2005 -0.0248
vn -0.9816 0.1760 0.0747
vn -0.9665 0.2548 -0.0309
vn -0.9768 0.1964 0.0853
vn -0.9720 0.2249 -0.0675
vn -0.9794 0.1947 0.0532
vn -0.9305 0.0195 0.3658
vn -0.9731 0.1783 0.1462
vn -0.6792 -0.1853 0.7102
vn -0.4876 0.3953 -0.7785
vn -0.4557 0.3722 -0.8085
vn -0.9875 0.1478 0.0548
vn -0.4671 0.7963 -0.3842
vn -0.4829 0.8432 -0.2364
vn -0.4919 0.7974 -0.3495
vn -0.9912 0.1301 0.0234
vn -0.9599 0.2760 -0.0493
vn -0.9852 -0.0328 -0.1681
vn -0.5399 0.3562 -0.7627
vn -0.4760 0.3960 -0.7853
vn -0.9812 0.1890 0.0384
vn -0.9914 0.1296 -0.0174
vn -0.4477 0.6035 -0.6599
vn -0.4532 0.4486 -0.7703
vn -0.7051 0.4190 -0.5721
vn -0.9210 0.1495 -0.3598
vn 0.0746 0.6957 -0.7144
vn -0.0861 0.6978 -0.7111
vn 0.0290 0.9978 0.0601
vn 0.0359 0.9724 0.2303
vn -0.9739 0.1581 0.1628
vn -0.9122 0.4089 -0.0250
vn -0.9242 0.3012 -0.2348
vn -0.8349 0.3404 -0.4325
vn -0.9785 0.1087 0.1756
vn -0.9684 0.1164 0.2206
vn -0.6337 0.7055 -0.3174
vn -0.9348 0.2609 0.2411
vn -0.2516 0.5301 -0.8097
vn -0.2386 0.5316 -0.8127
vn -0.9333 0.1985 0.2993
vn -0.9336 0.2091 0.2912
vn -0.9174 0.1866 0.3515
vn -0.9162 0.2944 0.2718
vn -0.7247 0.6890 0.0065
vn -0.5310 0.8454 -0.0583
vn -0.6461 0.7519 -0.1310
vn -0.5860 0.2712 0.7636
vn -0.9830 0.1123 0.1456
vn -0.8607 0.5038 -0.0731
vn -0.8274 0.5417 -0.1480
vn -0.5215 0.8275 -0.2081
vn -0.9315 0.2381 -0.2750
vn -0.9686 0.1222 -0.2166
vn -0.7908 -0.0951 -0.6046
vn -0.8751 -0.3792 -0.3007
vn -0.9861 -0.1256 -0.1083
vn -0.9753 0.0812 0.2055
vn -0.9781 0.0800 0.1919
vn -0.9849 0.1143 0.1301
vn -0.9879 0.1251 0.0917
vn -0.9827 0.1837 0.0256
vn -0.8285 0.5315 -0.1763
vn 0.0217 0.9678 0.2509
vn 0.0802 0.9685 0.2359
vn 0.0753 0.9656 0.2490
vn 0.1582 0.9663 0.2030
vn -0.3300 0.4056 -0.8524
vn -0.4721 0.4089 -0.7810
vn -0.3665 0.4412 -0.8191
vn -0.8393 0.5347 0.0984
vn -0.7954 0.5856 -0.1563
vn -0.0048 0.9680 -0.2509
vn -0.6918 0.5948 -0.4094
vn 0.0168 0.9323 -0.3614
vn -0.4515 0.8370 -0.3091
vn 0.4311 0.8974 -0.0934
vn -0.9719 0.2222 -0.0776
vn -0.9500 0.2450 -0.1934
vn -0.9886 0.1456 0.0394
vn -0.3188 0.3721 -0.8717
vn -0.9744 0.2230 0.0278
vn -0.9906 0.1357 0.0145
vn -0.9950 -0.0814 -0.0582
vn -0.4570 0.4119 -0.7884
vn -0.4800 0.4278 -0.7659
vn -0.9823 0.1737 0.0705
vn -0.2060 0.5117 -0.8341
vn -0.9269 0.2060 0.3137
vn -0.8565 0.4646 -0.2249
vn -0.7184 0.4055 -0.5652
vn -0.9730 0.0923 0.2116
vn -0.9644 0.1318 0.2293
vn -0.9228 0.3061 0.2340
vn -0.9552 0.2290 0.1876
vn -0.9785 0.1857 0.0899
vn -0.9217 -0.0178 -0.3874
vn -0.9684 0.1028 0.2270
vn -0.9972 -0.0608 -0.0441
vn -0.9661 0.0990 0.2384
vn -0.2928 0.3997 -0.8686
vn -0.2270 0.4113 -0.8828
vn -0.0700 0.4836 -0.8725
vn -0.9834 0.1813 0.0113
vn -0.5084 0.4159 -0.7541
vn -0.9392 0.1972 0.2812
vn -0.2250 0.4532 -0.8625
vn -0.2693 0.4251 -0.8642
vn -0.0232 0.5155 -0.8566
vn -0.2919 0.3902 -0.8733
vn -0.1013 0.4000 -0.9109
vn -0.1289 0.3857 -0.9136
vn -0.1970 0.3723 -0.9070
vn -0.5426 0.4169 0.7293
vn -0.8706 0.1942 0.4520
vn -0.8636 0.1117 0.4917
vn -0.9640 0.1316 0.2312
vn -0.9818 0.1060 0.1578
vn -0.9786 0.0906 0.1845
vn -0.9856 0.1122 0.1269
vn -0.0453 0.8599 0.5085
vn -0.9616 0.1175 0.2479
vn 0.0669 0.9799 0.1878
vn -0.8889 0.3105 0.3368
vn -0.8001 0.2344 -0.5522
vn -0.9674 0.1720 -0.1857
vn -0.8855 0.2225 0.4078
vn -0.9671 0.0661 0.2457
vn -0.1395 0.9485 0.2845
vn 0.0038 0.9419 0.3359
vn -0.4910 0.5999 0.6317
vn -0.2701 0.9229 0.2743
vn -0.9849 0.1688 -0.0387
vn -0.9765 0.2114 -0.0427
vn -0.7669 -0.1345 0.6275
vn -0.9252 0.0761 0.3719
vn -0.9440 0.1502 0.2937
vn -0.2011 0.4176 -0.8861
vn -0.9495 0.1053 0.2956
vn 0.1199 0.3811 0.9167
vn 0.2037 0.4429 0.8731
vn -0.2849 0.3513 -0.8919
vn -0.3098 0.6748 0.6698
vn -0.9882 0.0998 0.1166
vn -0.9073 0.1952 0.3723
vn -0.2373 0.5043 -0.8303
vn -0.2734 0.9194 0.2826
vn -0.0633 0.9765 0.2060
vn -0.8997 0.1152 0.4210
vn -0.2550 0.4249 -0.8686
vn -0.9879 0.0860 0.1292
vn -0.9855 0.1321 0.1061
vn -0.9789 0.2042 -0.0082
vn -0.9773 0.1841 0.1045
vn -0.9328 0.1229 0.3388
vn 0.0549 0.9598 -0.2752
vn -0.2375 0.4277 -0.8722
vn -0.4639 0.5604 0.6861
vn -0.4110 0.6483 0.6409
vn -0.1822 0.7021 0.6884
vn -0.3853 0.3227 0.8645
vn -0.4333 0.7453 0.5067
vn 0.1177 0.9736 0.1956
vn 0.5226 0.7681 0.3700
vn -0.4939 0.7809 0.3824
vn -0.0008 0.9702 0.2422
vn 0.4138 0.5047 0.7576
vn -0.6621 0.3790 0.6465
vn -0.7663 0.2348 0.5981
vn -0.9078 0.1783 0.3796
vn -0.8727 0.1938 0.4481
vn 0.3817 0.8910 0.2456
vn -0.6024 0.3328 0.7255
vn -0.6798 0.3543 0.6421
vn 0.0005 0.9909 -0.1348
vn -0.4235 0.6061 0.6733
vn 0.3274 0.9316 -0.1576
vn 0.4406 0.4209 0.7929
vn 0.0338 0.8445 -0.5344
vn -0.1467 0.8422 0.5188
vn -0.1369 0.3039 0.9428
vn -0.2639 0.7430 0.6151
vn -0.2675 0.4269 0.8638
vn -0.8079 0.2457 0.5357
vn -0.2227 0.4598 0.8596
vn 0.0511 0.0284 -0.9983
vn 0.0580 0.0300 -0.9979
vn 0.0463 0.0307 -0.9985
vn 0.1355 -0.0710 -0.9882
vn -0.0017 0.0230 -0.9997
vn -0.1679 0.0188 -0.9856
vn 0.0358 0.0230 -0.9991
vn -0.0958 -0.0764 -0.9925
vn -0.0487 0.0121 -0.9987
vn -0.3836 -0.0715 -0.9207
vn 0.0040 0.0221 -0.9997
vn 0.0148 0.0248 -0.9996
vn 0.0444 0.1207 -0.9917
vn -0.0150 0.0197 -0.9997
vn -0.1303 -0.0418 -0.9906
vn -0.1939 -0.1782 -0.9647
vn -0.0679 -0.0754 -0.9948
vn -0.0026 -0.0773 -0.9970
vn 0.0035 -0.8299 -0.5579
vn -0.2183 -0.0050 -0.9759
vn -0.1386 0.0943 -0.9859
vn -0.3319 0.0358 -0.9426
vn -0.1559 -0.0565 -0.9862
vn -0.0423 0.0442 -0.9981
vn -0.0314 -0.0132 -0.9994
vn -0.1279 -0.1062 -0.9861
vn -0.2601 -0.1258 -0.9573
vn -0.0243 -0.0493 -0.9985
vn 0.0806 -0.3720 -0.9247
vn 0.0268 0.0271 -0.9993
vn 0.4670 0.0167 -0.8841
vn -0.0847 -0.0546 -0.9949
vn 0.0934 -0.0006 -0.9956
vn 0.6392 0.0141 -0.7689
vn 0.0452 -0.2653 -0.9631
vn 0.1402 -0.1001 -0.9851
vn 0.0245 -0.1090 -0.9937
vn 0.0364 -0.0177 -0.9992
vn 0.1032 -0.3124 -0.9443
vn -0.0191 0.0180 -0.9997
vn -0.0183 0.0940 -0.9954
vn 0.0366 -0.4740 -0.8798
vn -0.1132 -0.0107 -0.9935
vn -0.0544 0.0236 -0.9982
vn -0.4242 0.1162 -0.8981
vn -0.0955 0.0101 -0.9954
vn 0.1926 -0.0903 -0.9771
vn -0.0111 0.0935 -0.9956
vn -0.0046 0.0075 -1.0000
vn 0.0491 0.0235 -0.9985
vn 0.1281 0.0120 -0.9917
vn 0.6169 0.0775 -0.7832
vn 0.0330 0.0062 -0.9994
vn 0.0180 0.0243 -0.9995
vn -0.2636 -0.0791 -0.9614
vn 0.0561 -0.0283 -0.9980
vn -0.0662 -0.5372 -0.8409
vn -0.0815 0.0870 -0.9929
vn 0.1599 -0.6655 -0.7291
vn 0.0354 0.0457 -0.9983
vn 0.1157 -0.0388 -0.9925
vn 0.4140 -0.0324 0.9097
vn 0.0726 -0.0105 -0.9973
vn -0.2015 -0.0800 -0.9762
vn 0.0283 -0.1861 -0.9821
vn 0.4260 -0.2340 -0.8739
vn -0.0297 -0.0119 -0.9995
vn 0.0025 0.0322 -0.9995
vn -0.3650 0.0644 -0.9288
vn 0.7385 0.0764 -0.6699
vn -0.7334 -0.2436 -0.6347
vn -0.3812 -0.0550 -0.9228
vn -0.0002 0.0240 -0.9997
vn -0.0050 0.0083 -1.0000
vn -0.0921 -0.3086 -0.9467
vn -0.0151 0.0078 -0.9999
vn -0.0218 0.0172 -0.9996
vn 0.2032 -0.1164 -0.9722
vn -0.0403 0.0146 -0.9991
vn -0.0795 -0.3130 -0.9464
vn 0.0589 -0.3664 -0.9286
vn 0.1701 0.0146 -0.9853
vn -0.0561 0.0110 -0.9984
vn 0.0041 0.0227 -0.9997
vn -0.0010 0.0199 -0.9998
vn -0.0186 0.0192 -0.9996
vn 0.0149 0.0208 -0.9997
vn -0.0034 0.0238 -0.9997
vn 0.0244 0.0224 -0.9995
vn 0.0268 0.0241 -0.9994
vn 0.0417 0.0288 -0.9987
vn -0.3310 -0.0633 -0.9415
vn -0.0374 0.0174 -0.9991
vn -0.0669 0.0334 -0.9972
vn -0.4775 0.0295 -0.8781
vn -0.5540 0.0504 -0.8310
vn -0.0195 0.0141 -0.9997
vn -0.0874 -0.0107 -0.9961
vn 0.7913 0.0765 -0.6066
vn 0.2690 -0.0756 -0.9602
vn 0.0718 -0.0006 -0.9974
vn 0.0804 0.0032 -0.9968
vn 0.3581 0.0305 -0.9332
vn 0.0369 0.0221 -0.9991
vn 0.0935 0.0114 -0.9956
vn 0.0790 -0.0010 -0.9969
vn 0.0306 0.0257 -0.9992
vn 0.2994 -0.0548 -0.9526
vn 0.3843 -0.2459 -0.8899
vn 0.1118 0.0119 -0.9937
vn 0.2778 0.0056 -0.9606
vn 0.8895 -0.0779 -0.4502
vn 0.9428 -0.1240 -0.3093
vn 0.0243 0.0218 -0.9995
vn -0.4690 -0.0117 -0.8831
vn -0.0584 0.0296 -0.9979
vn 0.3761 -0.2263 -0.8985
vn 0.4128 0.0768 -0.9076
vn -0.0275 0.0403 -0.9988
vn 0.2076 -0.0611 -0.9763
vn 0.1227 0.0214 -0.9922
vn 0.5133 -0.0916 -0.8533
vn -0.0137 0.0199 -0.9997
vn -0.6680 0.3158 -0.6738
vn -0.0932 -0.0649 -0.9935
vn -0.1322 -0.0276 -0.9908
vn -0.0828 0.0995 -0.9916
vn -0.0114 0.0920 -0.9957
vn 0.0059 0.0717 -0.9974
vn -0.0185 0.0297 -0.9994
vn -0.4129 0.0443 -0.9097
vn -0.6219 0.0401 -0.7821
vn -0.9571 0.0925 -0.2745
vn 0.8077 0.0478 -0.5876
vn 0.4767 -0.0024 -0.8790
vn -0.1145 0.0263 -0.9931
vn -0.2604 0.0742 -0.9626
vn -0.2283 0.0568 -0.9719
vn -0.9105 -0.0979 -0.4017
vn -0.9696 -0.0555 -0.2385
vn -0.7225 -0.3455 -0.5989
vn -0.7665 -0.2586 -0.5879
vn -0.8045 0.1054 -0.5845
vn -0.5346 -0.2794 -0.7976
vn -0.3416 -0.2218 -0.9133
vn -0.2636 0.0319 -0.9641
vn -0.6555 -0.3278 -0.6804
vn -0.4849 -0.1594 -0.8599
vn -0.1029 0.0761 -0.9918
vn 0.0883 0.0219 -0.9959
vn 0.1507 0.0239 -0.9883
vn 0.1059 0.0339 -0.9938
vn 0.3775 0.1140 -0.9190
vn 0.0113 0.0237 -0.9997
vn 0.4216 -0.0772 -0.9035
vn -0.1368 0.0248 -0.9903
vn 0.3266 0.0770 -0.9420
vn 0.1480 0.0485 -0.9878
vn 0.4308 -0.0118 -0.9023
vn 0.7979 0.1316 -0.5883
vn 0.7398 0.0414 -0.6716
vn 0.7047 0.1462 -0.6943
vn 0.0825 0.0042 -0.9966
vn 0.6084 0.0726 -0.7903
vn 0.3490 0.1971 -0.9162
vn 0.4495 0.1606 -0.8787
vn -0.5825 0.1634 -0.7962
vn -0.7776 0.4652 -0.4229
vn -0.6797 -0.3966 -0.6170
vn -0.0818 0.0373 -0.9960
vn -0.8010 -0.0696 -0.5946
vn -0.1542 0.0020 -0.9880
vn -0.4308 -0.0056 -0.9024
vn 0.6421 0.0001 -0.7666
vn -0.9502 0.0887 -0.2986
vn -0.3501 -0.1331 -0.9272
vn -0.2005 -0.0892 -0.9756
vn 0.9040 0.1177 -0.4110
vn -0.7688 -0.0424 -0.6381
vn 0.0200 0.0216 -0.9996
vn 0.0408 0.0220 -0.9989
vn -0.3432 0.0334 -0.9387
vn 0.4768 -0.1856 -0.8592
vn 0.4991 0.0061 -0.8665
vn 0.8952 -0.1523 -0.4189
vn -0.8138 -0.1211 -0.5685
vn 0.4969 -0.0774 -0.8643
vn 0.6571 -0.0098 -0.7537
vn -0.5677 -0.1303 -0.8129
vn -0.2407 0.0280 -0.9702
vn -0.3876 -0.1871 -0.9027
vn 0.4177 0.2456 -0.8747
vn -0.2394 0.0614 -0.9690
vn -0.9985 0.0185 -0.0509
vn 0.1072 0.0618 -0.9923
vn 0.2574 0.0337 -0.9657
vn 0.2741 0.0379 -0.9609
vn -0.7987 0.1939 -0.5696
vn 0.9253 0.0391 -0.3771
vn 0.8187 0.0766 -0.5691
vn 0.3538 -0.5726 -0.7396
vn 0.7511 0.0596 -0.6575
vn -0.2090 0.0150 -0.9778
vn 0.7256 0.0556 -0.6859
vn -0.1747 0.1709 -0.9697
vn -0.1830 0.0509 -0.9818
vn -0.5510 0.1110 -0.8271
vn -0.0071 0.0226 -0.9997
vn 0.0143 0.0227 -0.9996
vn 0.8769 0.0207 -0.4802
vn 0.9952 0.0066 -0.0980
vn 0.8261 0.0756 -0.5585
vn 0.6128 0.0571 -0.7882
vn 0.2455 0.0440 -0.9684
vn 0.1688 -0.0748 -0.9828
vn 0.2260 0.0484 -0.9729
vn 0.8119 -0.0008 -0.5838
vn 0.3971 -0.0924 -0.9131
vn 0.2194 -0.0091 -0.9756
vn 0.4546 -0.0383 -0.8899
vn 0.3057 -0.2157 -0.9274
vn 0.6248 -0.1282 -0.7702
vn 0.0940 -0.0081 -0.9955
vn -0.3931 0.0554 -0.9178
vn -0.1573 0.0578 -0.9859
vn -0.2948 0.1817 -0.9381
vn -0.3856 -0.0120 -0.9226
vn -0.1490 0.0136 -0.9887
vn -0.9792 0.0541 -0.1955
vn -0.9150 0.1107 -0.3879
vn -0.9834 -0.1228 -0.1338
vn -0.6849 -0.0775 -0.7245
vn -0.9501 0.1211 -0.2874
vn -0.3158 0.0636 -0.9467
vn -0.6138 -0.0709 -0.7863
vn 0.9100 -0.0419 -0.4124
vn 0.8991 -0.0668 -0.4326
vn -0.9550 0.0919 -0.2821
vn -0.5019 0.0326 -0.8643
vn -0.5653 0.0176 -0.8247
vn 0.3008 0.0063 -0.9537
vn 0.5855 0.1476 -0.7971
vn 0.3986 0.1827 -0.8988
vn 0.7683 -0.0333 -0.6392
vn 0.2384 -0.4794 -0.8446
vn -0.9571 0.0745 -0.2801
vn -0.9794 -0.0735 0.1879
vn -0.5751 0.0995 -0.8120
vn -0.7953 0.0976 -0.5983
vn 0.4983 -0.1374 -0.8560
vn 0.6915 -0.3254 -0.6449
vn 0.6180 -0.0570 -0.7841
vn 0.0284 0.0218 -0.9994
vn 0.0123 0.0269 -0.9996
vn 0.0379 0.0283 -0.9989
vn -0.1611 0.0382 -0.9862
vn -0.0145 0.0234 -0.9996
vn -0.2207 0.1492 -0.9639
vn -0.9067 0.0332 -0.4204
vn -0.8265 0.0602 -0.5597
vn 0.8834 -0.1031 -0.4571
vn 0.0487 0.0202 -0.9986
vn 0.0465 0.0230 -0.9987
vn -0.8766 -0.1719 -0.4495
vn -0.2738 0.1299 -0.9530
vn 0.4723 -0.2353 -0.8494
vn 0.8358 0.1536 -0.5272
vn -0.2836 0.0715 -0.9563
vn 0.5477 -0.1488 -0.8233
vn 0.1684 0.0350 -0.9851
vn 0.3897 0.0384 -0.9201
vn 0.6383 -0.0199 -0.7695
vn 0.0399 0.0216 -0.9990
vn 0.8240 -0.1941 -0.5323
vn 0.8402 -0.4149 -0.3492
vn 0.8494 -0.2795 -0.4476
vn -0.0223 0.0179 -0.9996
vn 0.0048 0.0149 -0.9999
vn 0.0398 0.0121 -0.9991
vn 0.1179 0.0241 -0.9927
vn 0.4426 0.0434 -0.8956
vn 0.2299 -0.0245 -0.9729
vn 0.0212 0.0184 -0.9996
vn 0.0308 0.0214 -0.9993
vn 0.1051 0.0226 -0.9942
vn 0.6180 0.0023 -0.7862
vn 0.9170 -0.1966 -0.3470
vn 0.9756 -0.1872 -0.1149
vn 0.9303 -0.1753 -0.3222
vn 0.8234 0.0552 -0.5648
vn -0.9938 -0.0533 -0.0977
vn -0.9353 -0.0286 -0.3527
vn -0.9872 0.0342 -0.1557
vn -0.7247 0.4098 -0.5540
vn 0.8735 -0.0022 -0.4868
vn -0.8622 0.1580 -0.4812
vn -0.8128 0.0686 -0.5786
vn 0.0096 0.0189 -0.9998
vn -0.0043 0.0225 -0.9997
vn 0.1736 0.0193 -0.9846
vn 0.3427 -0.0154 -0.9393
vn 0.5297 0.0546 -0.8464
vn 0.8186 -0.0409 -0.5729
vn -0.7478 0.0606 -0.6612
vn -0.7815 -0.1517 -0.6051
vn 0.7746 0.0473 -0.6307
vn 0.0370 0.0178 -0.9992
vn -0.9815 0.0023 -0.1914
vn 0.9746 0.1036 -0.1984
vn 0.8103 -0.0518 -0.5837
vn 0.0839 -0.0196 -0.9963
vn 0.5063 0.1437 -0.8503
vn 0.5546 0.0111 -0.8320
vn -0.6294 0.0763 -0.7733
vn 0.4112 0.0162 -0.9114
vn 0.2113 0.0521 -0.9760
vn 0.6942 0.0238 -0.7194
vn 0.9636 0.0516 -0.2624
vn 0.9155 0.0230 -0.4017
vn 0.9102 0.0885 -0.4045
vn 0.0331 0.0201 -0.9992
vn -0.9770 0.0953 -0.1906
vn -0.9738 0.1077 -0.2001
vn -0.9956 0.0738 -0.0582
vn -0.5657 -0.0091 -0.8246
vn -0.0756 0.1154 -0.9904
vn -0.8333 0.0484 -0.5508
vn 0.4140 0.3650 -0.8339
vn 0.8265 0.4003 -0.3958
vn 0.8003 0.2620 -0.5394
vn 0.1799 -0.0320 -0.9832
vn 0.8987 -0.0667 -0.4335
vn -0.9728 0.1053 -0.2064
vn -0.9604 0.0860 -0.2651
vn 0.5639 0.0838 -0.8216
vn 0.9247 0.0187 -0.3803
vn 0.5705 0.0121 -0.8212
vn -0.4022 0.0529 -0.9140
vn -0.1291 0.0872 -0.9878
vn -0.4967 0.1845 -0.8481
vn -0.0076 0.0259 -0.9996
vn -0.4454 0.0028 -0.8953
vn -0.8466 0.0785 -0.5264
vn -0.0788 0.0647 -0.9948
vn -0.8963 0.0237 -0.4429
vn -0.8697 0.1583 -0.4675
vn 0.0028 0.0318 -0.9995
vn 0.0243 0.0894 -0.9957
vn 0.0261 0.0264 -0.9993
vn 0.9672 -0.0051 -0.2540
vn 0.9287 0.0397 -0.3686
vn 0.8525 -0.0040 -0.5227
vn 0.8902 0.0104 -0.4554
vn 0.9484 0.0503 -0.3129
vn 0.8703 -0.1489 -0.4696
vn -0.9836 0.1562 -0.0902
vn -0.7672 -0.0929 0.6347
vn 0.8993 0.0059 -0.4372
vn 0.4537 -0.0165 -0.8910
vn 0.9069 -0.0114 -0.4211
vn 0.0564 0.0804 -0.9952
vn -0.0645 0.0613 -0.9960
vn -0.2769 0.1139 -0.9541
vn -0.0043 0.0597 -0.9982
vn 0.0770 0.5050 -0.8597
vn 0.0693 0.4148 -0.9073
vn 0.0790 0.7608 -0.6442
vn 0.0818 0.7579 -0.6472
vn 0.0941 0.7022 -0.7058
vn 0.0886 0.3741 -0.9231
vn -0.9581 0.0187 -0.2860
vn -0.8096 0.0906 -0.5799
vn -0.9430 0.0864 -0.3215
vn 0.5082 0.0748 -0.8580
vn -0.8835 0.1275 -0.4507
vn -0.4070 0.0645 -0.9112
vn 0.9666 0.1461 -0.2107
vn 0.9295 0.0753 -0.3612
vn 0.9652 -0.0557 -0.2554
vn -0.9770 0.1960 -0.0843
vn -0.9519 0.0210 -0.3056
vn -0.9465 0.0180 -0.3223
vn 0.0146 0.0204 -0.9997
vn -0.9739 0.1414 -0.1775
vn -0.9803 0.1431 -0.1364
vn 0.1887 0.0213 -0.9818
vn -0.9012 0.1369 -0.4112
vn -0.5267 0.1055 -0.8435
vn 0.0084 0.0782 -0.9969
vn 0.0484 0.0304 -0.9984
vn 0.8742 0.0452 -0.4834
vn -0.9083 -0.0198 -0.4178
vn -0.8114 -0.0633 -0.5811
vn -0.8127 0.0095 -0.5826
vn -0.9225 0.0894 -0.3755
vn 0.8222 -0.0730 -0.5645
vn 0.3232 -0.0047 -0.9463
vn -0.8561 -0.3337 -0.3948
vn 0.4896 -0.0229 -0.8716
vn -0.0693 0.3509 -0.9339
vn -0.0033 0.4926 -0.8703
vn 0.0338 0.4929 -0.8694
vn 0.0247 0.4994 -0.8660
vn -0.8440 -0.0729 -0.5314
vn 0.8424 0.0222 -0.5384
vn 0.3187 0.6000 -0.7338
vn -0.7482 0.0174 -0.6632
vn 0.9118 0.0208 -0.4101
vn -0.5021 0.2084 -0.8393
vn 0.9658 -0.0227 -0.2583
vn 0.9694 -0.0158 -0.2449
vn 0.6973 -0.0741 -0.7130
vn 0.2342 -0.4072 -0.8828
vn 0.8170 0.1155 -0.5649
vn 0.5510 0.0156 -0.8344
vn -0.9958 0.0839 -0.0363
vn 0.8837 0.0121 -0.4680
vn 0.9761 0.0101 -0.2170
vn -0.1734 0.6970 -0.6958
vn 0.9487 0.0021 -0.3161
vn 0.7791 -0.0576 -0.6242
vn -0.2004 0.8681 -0.4541
vn -0.0147 0.8563 -0.5163
vn -0.4605 0.8458 -0.2693
vn -0.1235 0.8499 -0.5122
vn -0.0686 0.7263 -0.6839
vn 0.0814 0.7388 -0.6690
vn 0.0508 0.7094 -0.7030
vn -0.1068 0.3501 -0.9306
vn 0.0985 0.3320 -0.9381
vn 0.0007 0.4550 -0.8905
vn 0.1350 0.3268 -0.9354
vn 0.1920 0.5402 -0.8194
vn 0.2438 0.5594 -0.7922
vn -0.5106 0.5200 -0.6848
vn -0.2744 0.3048 -0.9120
vn -0.4628 0.4142 -0.7837
vn -0.2363 0.5406 -0.8074
vn -0.2101 0.6219 -0.7544
vn -0.4145 0.4261 -0.8042
vn -0.3848 0.5063 -0.7718
vn -0.3110 0.4763 -0.8224
vn 0.1061 0.5207 -0.8471
vn 0.1201 0.6154 -0.7790
vn -0.3479 0.6537 -0.6720
vn 0.1754 0.5453 -0.8197
vn 0.2880 0.4908 -0.8223
vn 0.2398 0.5529 -0.7980
vn 0.1406 0.3646 -0.9205
vn 0.1627 0.3683 -0.9154
vn -0.3244 0.3353 -0.8845
vn -0.9053 0.1966 -0.3766
vn -0.4967 0.2524 -0.8304
vn 0.0644 0.3397 -0.9383
vn 0.0782 0.3453 -0.9352
vn -0.0434 0.3707 -0.9277
vn -0.3387 0.6203 -0.7075
vn 0.0631 0.7685 -0.6367
vn -0.4716 0.4033 -0.7842
vn -0.3779 0.4075 -0.8313
vn -0.4050 0.4451 -0.7987
vn -0.3831 0.4083 -0.8286
vn -0.7610 0.3349 -0.5556
vn -0.3917 0.3900 -0.8333
vn 0.3070 0.8633 -0.4006
vn 0.1777 0.8150 -0.5515
vn 0.1178 0.7991 -0.5896
vn 0.0949 0.7317 -0.6750
vn -0.4337 0.3714 -0.8209
vn -0.3336 0.3932 -0.8568
vn -0.5933 0.3605 -0.7198
vn 0.2210 0.8476 -0.4824
vn 0.0708 0.6819 -0.7280
vn -0.4465 0.4501 -0.7734
vn -0.2059 0.3768 -0.9031
vn 0.1989 0.3465 -0.9167
vn 0.2279 0.4278 -0.8747
vn -0.4979 0.6909 -0.5242
vn 0.2613 0.3241 -0.9092
vn 0.4546 0.2939 -0.8408
vn 0.1273 0.3418 -0.9311
vn 0.1561 0.3461 -0.9251
vn 0.2031 0.3956 -0.8957
vn -0.3085 0.3577 -0.8814
vn -0.6731 0.5517 -0.4925
vn -0.4474 0.6548 -0.6092
vn 0.1184 0.7681 -0.6293
vn 0.1044 0.7452 -0.6586
vn 0.1982 0.4048 -0.8927
vn 0.0152 0.3623 -0.9319
vn -0.3462 0.0839 -0.9344
vn 0.1278 0.3659 -0.9218
vn 0.1455 0.3501 -0.9254
vn 0.1362 0.3491 -0.9271
vn -0.5432 0.8194 -0.1832
vn -0.3113 0.8753 -0.3701
vn -0.4681 0.8361 -0.2862
vn 0.1090 0.8181 -0.5647
vn -0.1773 0.6714 -0.7195
vn -0.7259 0.3829 -0.5714
vn 0.0573 0.3960 -0.9164
vn -0.4912 0.4701 -0.7333
vn 0.2387 0.3687 -0.8984
vn 0.2379 0.3789 -0.8944
vn 0.3032 0.4358 -0.8474
vn 0.4444 0.4067 -0.7982
vn 0.4290 0.3971 -0.8113
vn 0.2240 0.3930 -0.8918
vn -0.3350 0.5398 -0.7723
vn -0.3710 0.3867 -0.8443
vn -0.5392 0.6364 -0.5517
vn 0.5782 0.4156 -0.7021
vn 0.1850 0.3834 -0.9049
vn 0.1280 0.5003 -0.8563
vn 0.1054 0.5717 -0.8136
vn 0.2130 0.3929 -0.8946
vn 0.2788 0.7157 -0.6404
vn 0.2622 0.4166 -0.8705
vn 0.2674 0.3679 -0.8906
vn 0.1360 0.3179 -0.9383
vn 0.1223 0.3468 -0.9299
vn -0.4693 0.4128 -0.7806
vn -0.4736 0.3920 -0.7887
vn -0.3807 0.4061 -0.8307
vn -0.2348 0.4218 -0.8757
vn 0.7690 0.3317 -0.5464
vn 0.1740 0.4011 -0.8994
vn -0.4644 0.4084 -0.7858
vn -0.0457 0.3979 -0.9163
vn 0.0076 0.4090 -0.9125
vn -0.1000 0.4144 -0.9046
vn -0.0798 0.3945 -0.9154
vn 0.0250 0.3935 -0.9190
vn 0.0067 0.3972 -0.9177
vn 0.0287 0.3757 -0.9263
vn 0.0687 0.3973 -0.9151
vn 0.0563 0.3740 -0.9257
vn -0.0294 0.3981 -0.9169
vn -0.4553 0.3736 -0.8081
vn -0.3727 0.4210 -0.8270
vn -0.3687 0.3957 -0.8411
vn -0.3700 0.4228 -0.8273
vn -0.2135 0.4551 -0.8645
vn 0.0553 0.4116 -0.9097
vn -0.4843 0.4237 -0.7654
vn -0.5411 0.3574 -0.7612
vn -0.4606 0.4104 -0.7871
vn -0.2913 0.4704 -0.8330
vn -0.1814 0.3480 -0.9198
vn 0.7897 0.4982 0.3581
vn 0.5247 0.5975 0.6064
vn 0.6548 0.6173 0.4360
vn 0.5901 0.7455 0.3099
vn 0.9246 0.3417 0.1685
vn 0.9771 0.1335 -0.1654
vn 0.9830 0.1380 -0.1208
vn 0.9577 0.1909 -0.2153
vn 0.6871 0.2565 0.6798
vn 0.6844 0.3633 0.6321
vn 0.9064 0.3077 0.2894
vn 0.5675 0.7304 -0.3801
vn 0.5445 0.8348 0.0815
vn 0.5540 0.7301 -0.4001
vn 0.7123 0.7019 0.0021
vn 0.5597 0.8282 0.0295
vn 0.6318 0.7720 0.0693
vn 0.9147 0.3347 -0.2266
vn 0.8811 0.4263 -0.2048
vn 0.8799 0.4705 0.0661
vn 0.4085 0.8878 0.2122
vn 0.3482 0.9022 0.2546
vn 0.3835 0.9207 0.0724
vn 0.8392 0.3422 0.4226
vn 0.8669 0.3741 0.3294
vn 0.6243 0.7528 0.2087
vn 0.3591 0.9331 0.0199
vn 0.4547 0.8906 0.0003
vn -0.4858 0.8719 0.0619
vn 0.1396 0.4965 0.8568
vn 0.3703 0.7528 0.5443
vn 0.7441 -0.4868 0.4575
vn 0.7249 -0.5597 0.4015
vn 0.8654 -0.0990 0.4913
vn 0.7844 -0.4659 0.4094
vn -0.0487 0.2587 0.9647
vn 0.5235 0.8491 0.0711
vn 0.7080 0.7061 -0.0144
vn 0.5312 0.8436 0.0782
vn 0.5610 0.8224 0.0950
vn 0.4935 0.8670 0.0693
vn 0.6350 0.7307 -0.2508
vn 0.5417 0.8340 0.1053
vn 0.5977 0.7352 -0.3198
vn 0.5705 0.8135 -0.1127
vn 0.5491 0.8302 -0.0962
vn 0.4414 0.8378 0.3212
vn 0.5282 0.8490 0.0175
vn 0.9955 -0.0135 0.0939
vn 0.9941 -0.0019 0.1082
vn 0.9948 -0.0016 0.1016
vn 0.9970 0.0091 -0.0764
vn 0.9926 0.0530 -0.1096
vn 0.9978 0.0196 0.0631
vn 0.9916 -0.0782 0.1034
vn 0.9540 -0.2987 -0.0244
vn 0.8605 -0.4336 0.2673
vn 0.9658 0.2561 0.0397
vn 0.5008 0.8590 0.1069
vn 0.6034 0.7967 -0.0337
vn 0.4807 0.8535 0.2012
vn 0.5768 0.8037 0.1461
vn 0.6942 0.7026 0.1563
vn 0.9368 0.1823 -0.2986
vn 0.9785 -0.0780 -0.1908
vn 0.9278 0.3709 0.0400
vn 0.9185 0.3735 0.1296
vn 0.8890 0.4503 0.0837
vn 0.9814 -0.0514 -0.1849
vn 0.9601 -0.1947 -0.2009
vn 0.8208 -0.5648 0.0858
vn 0.9345 -0.3524 0.0498
vn 0.8915 0.1510 -0.4271
vn 0.9941 -0.0550 0.0936
vn 0.9412 -0.1211 0.3155
vn 0.9745 -0.2028 0.0957
vn 0.7721 -0.5729 0.2750
vn 0.7997 -0.5381 0.2664
vn 0.9982 -0.0013 0.0599
vn 0.9976 0.0022 0.0698
vn 0.9941 -0.0217 0.1066
vn 0.2319 0.9398 0.2511
vn 0.3396 0.9104 0.2362
vn 0.4146 0.9000 0.1347
vn 0.2761 0.9322 0.2340
vn 0.4549 0.8906 -0.0023
vn 0.6595 0.6367 -0.3996
vn 0.6161 0.7825 0.0906
vn 0.4929 0.8615 0.1223
vn 0.6996 0.7130 0.0470
vn 0.5767 0.8154 -0.0511
vn 0.5877 0.4796 0.6516
vn 0.9068 0.3165 0.2785
vn 0.4309 0.7011 0.5681
vn 0.9833 0.1821 0.0022
vn 0.9954 0.0201 -0.0936
vn 0.9965 -0.0168 0.0818
vn 0.9937 -0.0149 0.1111
vn 0.9947 0.0131 0.1017
vn 0.9969 -0.0318 0.0724
vn 0.9992 -0.0329 0.0246
vn 0.9961 -0.0070 0.0881
vn 0.9955 -0.0077 0.0944
vn 0.9972 -0.0195 0.0721
vn 1.0000 -0.0046 0.0049
vn 0.9998 -0.0220 -0.0020
vn 0.9985 0.0067 -0.0543
vn 0.9555 -0.0187 -0.2945
vn 0.9716 -0.0071 -0.2366
vn 0.9209 -0.0693 -0.3837
vn 0.4054 0.3154 0.8580
vn 0.7385 -0.1169 0.6640
vn 0.7323 0.3575 0.5796
vn 0.3146 0.1639 0.9350
vn 0.4841 0.8574 0.1748
vn 0.4294 0.8925 -0.1380
vn 0.9978 -0.0051 0.0662
vn 0.5796 0.8052 -0.1256
vn 0.6294 0.7526 -0.1934
vn 0.5509 0.8231 -0.1377
vn 0.9980 -0.0085 -0.0629
vn 0.9978 0.0083 -0.0660
vn 0.9646 0.1086 -0.2402
vn 0.9490 0.0854 -0.3035
vn 0.9514 0.1258 -0.2811
vn 0.9953 0.0188 0.0947
vn 0.9925 -0.0385 0.1162
vn 0.9438 0.2065 -0.2581
vn 0.6135 0.2738 -0.7407
vn 0.8218 0.4668 -0.3267
vn 0.9207 0.2285 -0.3164
vn 0.8651 0.3308 0.3770
vn 0.9420 0.3129 -0.1211
vn 0.0474 0.9676 0.2478
vn 0.1131 0.9675 0.2261
vn 0.8024 0.3625 0.4740
vn 0.0341 0.9725 0.2303
vn 0.9859 0.0201 -0.1661
vn 0.9962 -0.0219 0.0841
vn 0.9975 -0.0339 0.0627
vn 0.9969 -0.0273 0.0743
vn 0.9945 -0.0395 -0.0967
vn 0.9963 -0.0476 -0.0709
vn 0.3912 0.9030 0.1776
vn 0.5936 0.8028 0.0556
vn 0.9942 -0.0117 0.1070
vn 0.9877 0.0250 0.1544
vn 0.9966 0.0200 0.0794
vn 0.9929 -0.0477 0.1086
vn 0.9969 -0.0074 0.0777
vn 0.9956 0.0095 0.0928
vn 0.9994 -0.0096 0.0321
vn 0.9992 -0.0087 0.0397
vn 0.9978 0.0079 0.0653
vn 0.7109 0.4151 0.5677
vn 0.8406 0.4092 0.3548
vn 0.7296 0.2226 0.6466
vn 0.7178 0.1190 0.6860
vn 0.9441 -0.0159 -0.3293
vn 0.8770 0.0767 0.4744
vn 0.8039 0.3569 0.4758
vn 0.5177 0.7396 -0.4302
vn 0.4592 0.6428 -0.6132
vn 0.2731 0.7416 -0.6127
vn 0.8134 0.5818 0.0001
vn 0.9971 -0.0541 0.0530
vn 0.9968 0.0096 0.0796
vn 0.9968 0.0034 0.0804
vn 0.4632 0.4733 -0.7493
vn 0.6877 0.6745 0.2686
vn 0.7047 0.5752 0.4154
vn 0.1409 0.9694 0.2010
vn 0.3183 0.9276 -0.1954
vn 0.8427 0.5229 0.1281
vn 0.7462 0.5783 0.3297
vn 0.6278 0.7497 0.2094
vn 0.9950 0.0101 0.0989
vn 0.9813 0.0239 -0.1912
vn 0.9504 -0.0269 -0.3100
vn 0.9791 -0.1021 0.1757
vn 0.9385 -0.2902 0.1869
vn 0.9959 -0.0263 0.0866
vn 0.9979 -0.0249 0.0603
vn 0.9981 -0.0081 -0.0616
vn 0.3178 0.8944 0.3146
vn 0.7733 0.5976 -0.2120
vn 0.6950 0.6067 0.3859
vn 0.9982 -0.0270 0.0533
vn 0.9978 -0.0043 0.0668
vn 0.9977 -0.0041 -0.0670
vn 0.9124 -0.0409 0.4073
vn 0.6962 0.5321 0.4819
vn 0.9723 0.0113 -0.2333
vn -0.8742 -0.4754 0.0992
vn -0.4111 0.0575 0.9098
vn 0.9646 -0.0047 -0.2638
vn 0.9046 0.0156 -0.4261
vn 0.9319 0.0207 -0.3621
vn 0.8662 0.3347 0.3711
vn 0.9096 -0.0094 -0.4154
vn 0.7491 0.6206 -0.2316
vn 0.9813 0.0899 -0.1704
vn 0.9325 -0.0252 -0.3602
vn 0.9795 -0.1817 -0.0867
vn 0.8542 -0.5183 0.0420
vn 0.4241 0.8993 0.1066
vn 0.5637 0.7904 0.2398
vn 0.6766 0.7210 0.1493
vn 0.6696 0.7409 -0.0516
vn 0.5386 0.8388 -0.0793
vn 0.6138 0.7834 -0.0980
vn 0.4490 0.8887 0.0924
vn 0.3870 0.9190 0.0750
vn 0.5042 0.8551 0.1209
vn 0.9939 -0.0024 0.1099
vn 0.9942 -0.0158 0.1060
vn 0.9997 -0.0213 -0.0129
vn 0.9599 0.0188 -0.2798
vn 0.8570 -0.4866 0.1697
vn 0.9725 -0.1865 0.1398
vn 0.9245 -0.3308 0.1893
vn 0.9975 -0.0148 0.0697
vn 0.9883 -0.0137 -0.1520
vn 0.9836 0.1778 -0.0308
vn 0.2156 0.7786 -0.5893
vn 0.6123 0.7886 0.0577
vn 0.6635 0.7481 0.0126
vn 0.9954 0.0274 0.0918
vn 0.9976 0.0194 0.0670
vn 0.8575 0.5131 -0.0385
vn 0.7508 0.6586 -0.0512
vn 0.4272 0.8937 -0.1368
vn 0.9838 0.0096 0.1792
vn 0.9313 -0.0031 0.3643
vn 0.9356 0.0217 0.3524
vn 0.9789 0.0645 0.1937
vn 0.9918 0.1198 0.0445
vn 0.9482 0.1279 0.2908
vn 0.8875 0.4205 -0.1882
vn 0.6378 0.5590 -0.5297
vn 0.9063 0.3021 -0.2956
vn 0.9363 -0.1632 0.3110
vn 0.6062 0.7930 0.0610
vn 0.5961 0.7911 -0.1373
vn 0.9727 0.1632 -0.1648
vn 0.9671 0.1553 -0.2014
vn 0.9962 0.0184 -0.0852
vn 0.1568 0.8533 -0.4973
vn 0.1444 0.7932 -0.5916
vn 0.2848 0.8189 -0.4982
vn 0.2182 0.8360 -0.5035
vn 0.1811 0.8335 -0.5220
vn 0.9944 0.0121 0.1046
vn 0.9986 0.0351 0.0389
vn 0.9938 0.0100 0.1111
vn 0.4155 0.7890 -0.4526
vn 0.3100 0.4020 -0.8616
vn 0.1814 0.7201 -0.6698
vn 0.2877 0.4343 -0.8536
vn 0.6004 0.4356 -0.6706
vn -0.1330 0.7201 -0.6810
vn 0.6686 0.4951 -0.5548
vn 0.2006 0.9722 -0.1211
vn 0.2290 0.9691 -0.0913
vn 0.2862 0.9575 -0.0363
vn 0.6717 0.5303 -0.5173
vn 0.5458 0.7079 -0.4482
vn 0.5360 0.8431 -0.0431
vn 0.6495 0.4430 -0.6180
vn 0.9331 0.2354 -0.2720
vn 0.1770 0.0731 -0.9815
vn 0.4775 0.4650 -0.7455
vn 0.4876 0.5085 -0.7097
vn 0.5646 0.3452 -0.7497
vn 0.3410 0.1660 -0.9253
vn 0.2949 0.5322 -0.7936
vn 0.2928 0.5019 -0.8139
vn 0.9944 0.0555 0.0898
vn 0.2874 0.4951 -0.8199
vn 0.3230 0.4270 -0.8446
vn 0.4679 0.7867 -0.4026
vn 0.2880 0.6044 -0.7428
vn 0.4176 0.9039 0.0927
vn 0.3889 0.6667 -0.6358
vn 0.4188 0.5996 -0.6820
vn 0.3506 0.5736 -0.7403
vn 0.9188 0.2678 -0.2899
vn 0.8884 0.1892 -0.4182
vn 0.8315 0.3216 -0.4530
vn 0.6245 0.4008 -0.6703
vn 0.6728 0.3601 -0.6463
vn 0.7733 0.3056 -0.5556
vn 0.7500 0.6596 0.0492
vn 0.0536 0.5862 -0.8084
vn 0.1702 0.6636 -0.7284
vn 0.1605 0.6328 -0.7575
vn 0.1836 0.3760 -0.9082
vn 0.2125 0.3994 -0.8918
vn 0.1076 0.4604 -0.8812
vn 0.8075 0.3232 -0.4934
vn 0.9402 -0.0227 0.3398
vn 0.9550 -0.0751 0.2869
vn 0.9728 -0.0253 0.2304
vn 0.9857 0.0286 0.1658
vn 0.9914 -0.0072 0.1308
vn 0.9748 0.1531 0.1621
vn 0.9731 0.0088 0.2301
vn 0.9926 0.0370 0.1156
vn 0.9929 0.0350 0.1136
vn 0.8621 0.4717 -0.1854
vn 0.9700 0.2414 -0.0289
vn 0.4248 0.7901 -0.4418
vn 0.5105 0.7807 -0.3605
vn 0.9910 0.0151 0.1333
vn 0.6257 0.4379 -0.6456
vn 0.6768 0.4287 -0.5985
vn 0.6475 0.4465 -0.6176
vn 0.3970 0.6809 -0.6154
vn 0.6899 0.7129 -0.1259
vn 0.5673 0.8202 -0.0734
vn 0.9151 -0.4028 0.0190
vn 0.9946 0.1023 -0.0176
vn 0.9888 0.1350 0.0642
vn 0.9950 0.0975 -0.0226
vn 0.9838 0.1507 -0.0974
vn 0.9748 0.1673 -0.1477
vn 0.9760 0.1832 -0.1180
vn 0.2269 0.9723 -0.0555
vn 0.0989 0.9929 -0.0666
vn 0.7258 0.6497 -0.2261
vn 0.3775 0.9203 -0.1030
vn 0.8706 0.3588 -0.3367
vn 0.8440 0.5358 -0.0252
vn 0.8718 0.2975 -0.3892
vn 0.8836 0.2907 -0.3670
vn 0.0924 0.3757 -0.9221
vn 0.1552 0.3488 -0.9243
vn 0.0669 0.3680 -0.9274
vn 0.8114 0.3178 -0.4905
vn 0.7987 0.4201 -0.4308
vn 0.8044 0.2937 -0.5164
vn 0.7641 0.3244 -0.5576
vn 0.2114 0.3072 -0.9278
vn 0.6685 0.5759 -0.4706
vn 0.7151 0.5155 -0.4721
vn 0.7164 0.4703 -0.5154
vn 0.6349 0.5771 -0.5137
vn 0.0742 0.9924 -0.0985
vn 0.9088 -0.3941 0.1371
vn 0.9020 -0.3806 0.2037
vn 0.9337 0.3317 -0.1348
vn 0.9668 0.2188 -0.1321
vn 0.9504 0.2456 -0.1909
vn 0.3486 0.4725 0.8095
vn 0.9906 0.0458 0.1292
vn 0.9916 0.1204 0.0463
vn -0.0336 0.6536 0.7561
vn 0.6202 0.7844 0.0072
vn 0.3465 0.9293 -0.1278
vn 0.4603 0.8788 -0.1261
vn 0.4099 0.9049 -0.1146
vn 0.9314 0.3625 -0.0324
vn 0.9093 0.4072 -0.0853
vn 0.9154 0.3904 -0.0980
vn 0.5619 0.5265 -0.6380
vn 0.9934 0.1087 0.0371
vn 0.9433 0.0035 0.3319
vn 0.4579 0.6939 0.5557
vn 0.6928 0.6238 -0.3618
vn 0.9455 0.0312 0.3240
vn 0.9019 -0.0638 0.4272
vn 0.6066 0.6917 -0.3919
vn 0.9928 0.1160 0.0289
vn 0.8646 0.4427 -0.2376
vn 0.9139 0.3114 -0.2603
vn 0.0942 0.9574 0.2731
vn 0.0083 0.9434 0.3315
vn 0.2743 0.8652 -0.4198
vn 0.1829 0.8237 -0.5368
vn 0.5392 0.8197 -0.1935
vn 0.4595 0.8499 -0.2581
vn 0.9979 0.0595 -0.0257
vn 0.0623 0.8281 -0.5571
vn 0.0507 0.9613 0.2708
vn -0.0762 0.9410 0.3298
vn 0.1955 0.2886 -0.9373
vn 0.3000 0.4190 -0.8570
vn 0.1672 0.7019 -0.6924
vn 0.1609 0.6838 -0.7117
vn 0.7054 0.6258 -0.3328
vn 0.2273 0.3133 -0.9221
vn 0.2538 0.4244 -0.8692
vn 0.3465 0.6284 -0.6965
vn 0.4271 0.9016 -0.0684
vn 0.3301 0.5451 -0.7706
vn 0.3370 0.5267 -0.7804
vn 0.5149 0.4983 -0.6976
vn 0.4793 0.5987 -0.6417
vn 0.6827 0.7224 -0.1098
vn 0.9932 0.0369 0.1103
vn 0.9359 -0.0485 0.3489
vn 0.9689 0.0160 0.2468
vn 0.9884 0.0125 0.1514
vn 0.9846 0.0317 0.1719
vn -0.0131 0.9875 0.1571
vn 0.0884 0.9799 0.1787
vn 0.9990 0.0275 0.0365
vn 0.9942 0.0429 0.0991
vn 0.9773 0.2018 -0.0651
vn 0.9910 0.0942 -0.0954
vn 0.9891 0.1427 -0.0372
vn 0.9671 0.1658 -0.1929
vn 0.9727 0.1934 -0.1283
vn 0.1054 0.2963 -0.9493
vn 0.1262 0.3223 -0.9382
vn 0.4931 0.6169 -0.6134
vn 0.9034 -0.0262 0.4280
vn 0.9342 -0.0268 0.3558
vn 0.9967 0.0808 0.0066
vn 0.5346 0.6716 -0.5131
vn 0.5571 0.5638 -0.6097
vn 0.5697 0.7936 -0.2136
vn 0.2918 0.9544 -0.0636
vn 0.8867 0.3199 -0.3338
vn 0.9121 0.2708 -0.3080
vn 0.7335 0.4917 -0.4692
vn 0.7706 0.4361 -0.4648
vn 0.7533 0.4825 -0.4470
vn 0.9464 0.1949 -0.2576
vn 0.7560 0.5390 -0.3715
vn 0.5339 0.8263 -0.1795
vn 0.9821 0.1881 -0.0054
vn 0.9712 0.2208 -0.0897
vn 0.9995 0.0084 0.0297
vn 0.9315 0.0214 0.3631
vn 0.9347 0.2725 -0.2284
vn 0.9297 0.2482 -0.2721
vn 0.6698 0.6539 -0.3517
vn 0.9419 -0.2356 -0.2395
vn 0.2887 0.5764 -0.7645
vn 0.0970 0.9451 0.3120
vn 0.2361 0.9681 0.0844
vn 0.3458 0.9165 0.2012
vn 0.3851 0.7798 -0.4935
vn 0.0530 0.0546 0.9971
vn 0.1503 0.4198 0.8951
vn 0.4525 0.5005 0.7380
vn -0.1506 0.5562 0.8173
vn 0.3403 0.3915 0.8549
vn 0.9968 0.0441 -0.0661
vn 0.8475 0.2100 0.4875
vn 0.0864 0.0214 -0.9960
vn 0.4127 0.4250 -0.8056
vn 0.0492 0.4476 0.8929
vn 0.0204 0.4220 0.9064
vn 0.3913 0.4957 -0.7753
vn 0.4037 0.5106 -0.7591
vn 0.2779 0.5244 -0.8048
vn 0.4204 0.5358 -0.7322
vn 0.4446 0.5315 -0.7210
vn 0.4123 0.5214 -0.7471
vn -0.3195 0.8706 0.3741
vn -0.3021 0.8816 0.3626
vn 0.5328 0.5552 -0.6386
vn 0.1679 0.4329 -0.8856
vn 0.1622 0.3582 -0.9195
vn 0.7427 0.1824 0.6443
vn 0.8974 0.4121 -0.1579
vn 0.0702 0.3177 -0.9456
vn 0.8975 -0.0234 0.4404
vn 0.9968 0.0764 -0.0234
vn 0.9366 0.1959 -0.2906
vn 0.9993 0.0355 0.0145
vn 0.9992 0.0238 0.0329
vn 0.9989 0.0419 0.0221
vn 0.6183 0.7751 -0.1298
vn 0.8655 0.4997 -0.0354
vn 0.4365 0.7212 -0.5378
vn 0.4086 0.9104 0.0656
vn 0.3268 0.8927 0.3102
vn 0.5317 0.8468 0.0152
vn 0.1702 0.7578 -0.6299
vn 0.9980 0.0637 0.0012
vn 0.9505 0.2311 -0.2079
vn 0.5361 0.5238 -0.6620
vn 0.9997 0.0239 0.0093
vn 0.5487 0.5518 -0.6280
vn 0.5556 0.5132 -0.6541
vn 0.1370 0.7546 -0.6418
vn 0.9392 0.1998 -0.2793
vn 0.6320 0.5960 -0.4953
vn 0.6091 0.5876 -0.5327
vn 0.6657 0.7123 -0.2222
vn 0.3820 0.8891 -0.2520
vn 0.8659 0.4118 -0.2840
vn 0.0236 0.9950 -0.0967
vn 0.6888 0.6823 -0.2449
vn 0.7113 0.6799 -0.1779
vn 0.5585 0.8001 -0.2190
vn 0.9231 0.0060 0.3845
vn 0.9543 -0.0099 0.2987
vn 0.9643 0.0563 0.2588
vn 0.8979 0.1810 -0.4013
vn 0.9548 -0.0853 -0.2849
vn 0.9994 0.0322 0.0117
vn 0.9799 0.1571 -0.1229
vn 0.9110 0.2343 -0.3393
vn 0.9684 0.1821 -0.1701
vn 0.9831 0.1706 0.0660
vn 0.9906 0.0771 0.1134
vn 0.9267 0.3679 -0.0773
vn 0.3592 0.9289 0.0903
vn 0.0653 0.9934 0.0943
vn 0.8494 0.5154 -0.1136
vn 0.9145 0.4046 0.0006
vn 0.2712 0.9473 -0.1707
vn 0.4999 0.8361 -0.2259
vn 0.6986 0.7076 -0.1058
vn 0.7933 0.5928 -0.1388
vn 0.5789 0.8065 -0.1200
vn 0.9338 0.3087 -0.1810
vn 0.9403 0.2690 -0.2086
vn 0.8524 0.4619 -0.2450
vn 0.6373 0.4228 -0.6442
vn 0.1451 0.4343 -0.8890
vn 0.1582 0.3937 -0.9055
vn 0.9026 -0.1188 -0.4139
vn 0.9764 -0.2047 -0.0684
vn 0.7910 -0.3026 -0.5317
vn 0.9332 -0.0054 0.3592
vn 0.9380 0.2576 -0.2319
vn 0.8935 0.4318 -0.1234
vn 0.5633 0.4505 -0.6926
vn 0.9524 0.2825 -0.1147
vn 0.9925 0.1068 -0.0587
vn 0.9033 0.3264 -0.2784
vn 0.9136 0.3263 -0.2426
vn 0.2814 0.9439 -0.1731
vn 0.0880 0.9857 -0.1437
vn 0.4688 0.8131 -0.3452
vn 0.3822 0.8161 -0.4335
vn 0.4339 0.8492 -0.3009
vn 0.4408 0.6282 0.6411
vn 0.9752 0.1632 -0.1492
vn 0.9574 0.2224 -0.1843
vn 0.9779 0.1954 -0.0746
vn 0.9473 0.0268 0.3193
vn 0.9401 0.0833 0.3305
vn 0.2093 0.9438 -0.2559
vn 0.1848 0.9576 -0.2208
vn 0.6046 0.7689 -0.2082
vn 0.7150 0.6517 -0.2531
vn 0.7705 0.5825 -0.2588
vn 0.9787 0.0251 -0.2037
vn -0.1997 0.5139 -0.8343
vn -0.2935 0.4994 -0.8151
vn -0.4383 0.4115 -0.7991
vn 0.9009 0.3648 -0.2351
vn 0.9337 0.2031 -0.2949
vn 0.4131 0.9037 -0.1129
vn 0.3982 0.9148 -0.0672
vn 0.8248 0.4763 -0.3046
vn 0.4369 0.8771 -0.1997
vn 0.8585 0.5128 0.0084
vn 0.8569 -0.1173 0.5020
vn 0.8602 -0.1559 0.4856
vn 0.3989 0.9048 -0.1490
vn 0.3788 0.9067 -0.1854
vn 0.3822 0.9035 -0.1938
vn 0.6556 0.7125 -0.2501
vn 0.4204 0.8872 -0.1900
vn 0.3583 0.9290 0.0926
vn 0.3379 0.9358 -0.1001
vn 0.8866 0.4513 0.1016
vn 0.7039 0.6451 -0.2973
vn 0.9195 0.2824 -0.2735
vn 0.8849 0.4316 -0.1750
vn 0.6132 0.4283 -0.6637
vn 0.5460 0.8045 -0.2337
vn 0.9932 0.0289 0.1128
vn 0.7246 0.6882 0.0366
vn 0.5601 0.7506 -0.3507
vn 0.2723 0.9584 -0.0859
vn 0.2610 0.9496 -0.1739
vn 0.6268 0.7788 0.0255
vn 0.5286 0.8403 -0.1205
vn 0.9393 0.1945 -0.2828
vn 0.8959 0.1983 -0.3976
vn 0.9501 0.1747 -0.2583
vn 0.9848 0.0911 -0.1479
vn 0.5229 0.8515 -0.0404
vn 0.8747 0.4581 -0.1586
vn 0.6727 0.7334 -0.0981
vn 0.9357 0.3297 0.1255
vn 0.4698 0.0890 0.8783
vn 0.9242 0.3534 0.1448
vn 0.7420 0.6420 -0.1932
vn 0.5860 0.8101 0.0179
vn 0.9772 0.1115 -0.1805
vn 0.6322 0.7507 -0.1920
vn 0.6725 0.7312 -0.1142
vn 0.7412 0.6634 -0.1031
vn 0.7313 0.6531 -0.1965
vn 0.6683 0.7363 -0.1061
vn 0.3671 0.8751 -0.3154
vn 0.5304 0.8274 -0.1848
vn -0.0081 0.2971 -0.9548
vn -0.0872 0.4196 -0.9035
vn -0.0010 0.4225 -0.9064
vn 0.3080 0.9440 -0.1185
vn 0.9193 -0.3594 -0.1601
vn 0.8314 0.0182 -0.5554
vn 0.9635 0.0637 -0.2601
vn 0.9639 0.2013 -0.1743
vn 0.8882 0.4449 -0.1148
vn 0.9827 0.1821 0.0350
vn 0.8522 -0.1950 -0.4856
vn 0.9679 0.2498 -0.0293
vn 0.9944 0.0357 0.0990
vn 0.6378 0.6961 0.3296
vn 0.8598 0.4754 0.1861
vn 0.3915 0.8943 -0.2166
vn 0.3280 0.9245 -0.1941
vn 0.9640 0.1640 0.2093
vn 0.9652 0.1637 0.2038
vn 0.9728 0.1932 0.1275
vn 0.5305 0.8475 0.0203
vn 0.2495 0.9417 -0.2256
vn 0.6335 0.7545 -0.1715
vn 0.8755 0.4483 -0.1801
vn 0.9750 -0.1613 -0.1526
vn 0.7676 -0.5823 0.2678
vn 0.9819 0.0475 0.1834
vn 0.3239 0.6990 -0.6376
vn 0.8867 -0.4348 0.1570
vn 0.9937 0.0332 0.1071
vn 0.5136 0.8223 -0.2450
vn 0.8638 0.4937 -0.1007
vn 0.3811 0.9143 -0.1374
vn 0.9965 0.0837 0.0011
vn 0.5249 0.7036 0.4791
vn 0.9812 0.1347 0.1382
vn 0.8455 -0.1454 0.5138
vn 0.8781 0.4076 -0.2504
vn -0.2272 0.3983 -0.8887
vn -0.2675 0.4678 -0.8424
vn -0.3458 0.4389 -0.8293
vn -0.1561 0.4449 -0.8819
vn 0.9057 0.2487 -0.3433
vn 0.7883 -0.5900 0.1748
vn 0.3978 0.8904 -0.2211
vn 0.6324 0.7648 -0.1232
vn 0.5955 0.7898 -0.1468
vn 0.5690 0.7893 -0.2309
vn 0.6190 0.7661 -0.1729
vn 0.6181 0.7576 -0.2099
vn 0.7966 0.5764 -0.1822
vn 0.9898 0.0521 -0.1327
vn 0.9079 0.3439 -0.2398
vn 0.9783 0.1373 0.1555
vn 0.9288 0.3454 0.1342
vn 0.8545 0.3801 0.3540
vn 0.0982 0.3889 -0.9160
vn 0.5270 0.8320 -0.1731
vn 0.4926 0.8495 -0.1890
vn 0.7964 0.2537 -0.5490
vn 0.7223 0.6915 -0.0063
vn 0.8705 0.4629 -0.1669
vn -0.0144 0.9975 -0.0687
vn 0.0037 0.3966 -0.9180
vn 0.2556 0.4951 -0.8304
vn -0.4414 0.4535 -0.7743
vn 0.9377 -0.1116 0.3290
vn 0.9519 0.0148 0.3060
vn 0.9701 0.1065 0.2183
vn 0.9603 0.1601 0.2285
vn 0.9526 0.2302 0.1991
vn -0.1885 0.3739 -0.9081
vn -0.4522 0.5085 -0.7327
vn 0.3882 0.5433 0.7444
vn 0.9697 0.2196 0.1075
vn 0.3942 0.9070 -0.1482
vn 0.3854 0.9097 -0.1545
vn 0.9410 0.3051 0.1461
vn 0.3371 0.9257 -0.1714
vn 0.5588 0.8037 -0.2045
vn 0.4508 0.8682 -0.2076
vn 0.7598 0.6423 0.1010
vn 0.8747 0.4832 -0.0379
vn 0.2331 0.4430 0.8657
vn 0.5148 0.8435 -0.1530
vn 0.5960 0.7857 -0.1657
vn 0.9594 0.2084 0.1899
vn -0.2197 0.8129 -0.5395
vn 0.6713 -0.7125 0.2042
vn 0.8904 -0.0142 0.4550
vn 0.9801 0.1712 0.1007
vn 0.3730 0.9072 -0.1945
vn 0.1404 0.6899 -0.7101
vn 0.5385 0.3840 0.7500
vn 0.4005 0.9066 -0.1333
vn 0.0479 0.9704 0.2366
vn 0.4187 0.8951 -0.1531
vn -0.0920 0.9747 0.2035
vn 0.6012 0.7915 -0.1098
vn 0.2949 0.6695 0.6818
vn 0.3870 0.8832 0.2650
vn 0.3054 0.8518 -0.4256
vn 0.4778 0.8558 -0.1982
vn 0.8396 0.5384 0.0720
vn 0.7810 0.5953 0.1889
vn 0.0727 0.9800 -0.1854
vn 0.9855 0.1697 -0.0055
vn 0.9940 0.0883 -0.0644
vn 0.5855 0.7949 -0.1589
vn 0.9506 0.2717 0.1504
vn -0.0195 0.4017 -0.9156
vn -0.3346 0.9398 -0.0701
vn 0.2990 0.9192 0.2562
vn 0.8062 -0.4581 0.3744
vn 0.1578 0.5771 0.8013
vn 0.0118 0.8394 0.5434
vn 0.1182 0.9615 0.2482
vn 0.0413 0.6820 0.7302
vn 0.5104 0.4457 0.7354
vn 0.8025 -0.5520 0.2264
vn 0.8022 -0.5581 0.2120
vn 0.1293 0.6832 0.7187
vn 0.4471 0.8605 0.2443
vn 0.7391 0.6706 0.0638
vn 0.6703 0.7413 0.0342
vn 0.6228 0.7403 0.2534
vn -0.0128 0.9944 0.1052
vn 0.8174 -0.5638 0.1184
vn 0.4300 -0.9001 0.0700
vn 0.5129 0.8465 0.1427
vn 0.4892 0.8630 0.1260
vn 0.3691 0.9283 -0.0442
vn -0.0743 0.9529 0.2940
vn -0.2010 0.9434 0.2637
vn 0.1108 0.5699 0.8142
vn 0.1676 0.9549 0.2450
vn 0.8261 0.0122 -0.5634
vn 0.7516 -0.5799 0.3143
vn 0.8363 -0.4980 0.2294
vn 0.7946 0.5287 0.2985
vn 0.9726 0.1122 -0.2037
vn 0.9377 0.2591 0.2316
vn 0.9297 0.0351 0.3667
vn -0.1210 0.4299 0.8947
vn -0.4826 0.3652 0.7961
vn -0.2421 0.4739 0.8466
vn 0.9262 -0.2073 0.3150
vn -0.5544 0.7109 0.4328
vn -0.3491 0.3413 0.8727
vn -0.3104 0.2896 0.9054
vn 0.8169 -0.5726 0.0691
vn 0.8419 -0.5347 0.0728
vn 0.8778 -0.4789 -0.0061
vn 0.3912 0.9202 0.0117
vn 0.3003 0.9186 0.2570
vn 0.3723 0.9134 0.1648
vn 0.6718 0.5414 0.5055
vn 0.7026 0.4861 0.5196
vn 0.7515 0.4375 0.4938
vn 0.8069 -0.5577 0.1945
vn 0.8203 -0.5530 0.1462
vn 0.8643 -0.4709 0.1768
vn 0.5288 0.7768 0.3419
vn 0.5696 0.7265 0.3843
vn -0.4232 0.8847 0.1956
vn 0.7860 -0.5913 0.1804
vn 0.7777 -0.6152 0.1293
vn 0.8355 -0.5097 0.2051
vn 0.9553 -0.2661 0.1284
vn 0.9505 -0.3106 -0.0009
vn 0.6363 0.6979 0.3288
vn 0.4713 0.8040 0.3626
vn 0.2546 0.9388 0.2320
vn 0.8471 0.1314 0.5149
vn 0.7979 0.0485 0.6009
vn 0.7312 0.6075 0.3103
vn 0.6480 0.7460 0.1536
vn 0.5944 0.7431 0.3075
vn 0.8105 -0.2091 -0.5472
vn 0.9556 0.2455 -0.1631
vn 0.9364 0.1620 0.3114
vn 0.6678 0.6028 0.4367
vn 0.3765 0.8907 0.2548
vn 0.3918 0.9054 0.1636
vn 0.3628 0.9152 0.1753
vn 0.4181 0.8840 0.2092
vn 0.7257 0.6755 0.1307
vn 0.9480 -0.1754 0.2656
vn 0.9559 0.1431 0.2564
vn 0.3146 0.9187 0.2387
vn 0.3312 0.9111 0.2454
vn 0.5209 0.8459 0.1143
vn 0.5181 0.8292 0.2100
vn 0.6871 0.5323 0.4946
vn 0.7273 0.4360 0.5301
vn 0.7224 0.4331 0.5389
vn 0.8974 -0.0506 -0.4383
vn 0.7644 0.6438 0.0358
vn 0.9358 -0.1280 0.3285
vn 0.9349 0.2008 0.2926
vn 0.8267 0.3521 0.4388
vn 0.8044 0.2269 0.5491
vn 0.4998 -0.5090 0.7008
vn 0.6715 -0.3009 0.6772
vn 0.9503 0.2988 0.0876
vn 0.6940 0.7188 -0.0416
vn 0.9427 0.1982 0.2683
vn 0.8938 -0.4462 -0.0451
vn 0.8942 -0.4463 -0.0348
vn 0.8948 -0.4443 -0.0444
vn 0.9556 -0.2899 0.0530
vn 0.4193 0.9077 -0.0177
vn 0.4201 0.9036 0.0839
vn -0.3425 0.8248 -0.4499
vn 0.2779 0.9382 0.2063
vn 0.9197 -0.1363 0.3683
vn 0.9041 -0.0451 0.4250
vn 0.3028 0.9262 0.2246
vn 0.7349 0.3601 0.5747
vn 0.7582 0.3231 0.5663
vn 0.8576 0.1399 0.4950
vn 0.8253 0.0720 0.5601
vn 0.7738 0.2736 0.5713
vn 0.8022 0.3318 0.4963
vn 0.7768 0.3215 0.5415
vn 0.9561 -0.0320 0.2912
vn 0.9697 0.1256 0.2095
vn 0.9074 0.2024 0.3682
vn 0.3224 0.9298 -0.1776
vn 0.3901 0.9156 -0.0974
vn 0.3513 0.9208 -0.1694
vn 0.9754 0.1682 0.1424
vn 0.9745 0.1658 0.1508
vn 0.9778 0.1317 0.1627
vn 0.9340 0.1338 0.3312
vn 0.9220 0.2749 0.2726
vn 0.9205 0.1248 0.3702
vn 0.3599 0.9128 -0.1932
vn 0.3982 0.8959 -0.1970
vn 0.4221 0.8984 -0.1210
vn 0.3872 0.9104 -0.1456
vn 0.5681 0.8130 -0.1276
vn 0.4824 0.8738 -0.0613
vn 0.6040 0.7936 -0.0739
vn 0.6970 0.7144 0.0616
vn 0.4227 0.8958 -0.1372
vn 0.3905 0.9115 -0.1292
vn 0.4657 0.8734 -0.1421
vn 0.5657 0.6458 0.5127
vn 0.9221 0.3692 0.1162
vn 0.8826 0.4651 0.0688
vn 0.8716 0.4683 0.1449
vn 0.8386 0.5435 0.0367
vn 0.8113 0.2549 -0.5261
vn 0.6761 0.7237 -0.1381
vn 0.6333 0.7646 -0.1197
vn 0.6419 0.7618 -0.0869
vn 0.5037 0.8487 -0.1613
vn 0.5083 0.8457 -0.1628
vn 0.7917 0.6108 0.0119
vn 0.8727 0.4755 -0.1104
vn 0.7137 0.6356 0.2943
vn 0.8449 0.5306 -0.0677
vn 0.4907 0.8557 -0.1640
vn 0.5157 0.8428 -0.1539
vn 0.8620 0.1471 0.4851
vn 0.8612 0.3069 0.4051
vn 0.8680 0.1844 0.4610
vn 0.8730 0.1977 0.4459
vn 0.8350 0.4472 -0.3205
vn 0.5623 0.8223 -0.0875
vn 0.9671 0.1004 -0.2337
vn 0.9534 0.2578 -0.1567
vn 0.9170 0.0375 0.3972
vn 0.9115 0.0340 0.4100
vn 0.9529 0.2430 0.1814
vn 0.9560 0.1930 0.2211
vn 0.9531 0.2599 0.1548
vn 0.8307 0.4912 0.2619
vn 0.9013 0.1936 0.3875
vn 0.9112 0.1953 0.3628
vn 0.9008 0.0857 0.4257
vn 0.9164 0.1101 0.3849
vn 0.8446 -0.4954 0.2032
vn 0.9868 0.1106 0.1181
vn 0.3900 0.9090 -0.1473
vn 0.4114 0.8955 -0.1698
vn 0.8276 0.1368 0.5443
vn 0.3809 0.9020 -0.2034
vn 0.7976 -0.2184 0.5623
vn 0.9070 -0.2802 0.3145
vn 0.6532 0.7535 -0.0745
vn 0.9863 -0.1508 0.0668
vn 0.8214 0.4097 0.3969
vn 0.9272 0.0899 0.3636
vn 0.9290 0.1249 0.3483
vn 0.7330 0.6683 0.1270
vn 0.8586 0.1936 0.4748
vn 0.8519 0.1946 0.4863
vn 0.7636 -0.5353 0.3610
vn 0.8859 -0.3898 0.2515
vn 0.9525 0.2621 0.1552
vn 0.9444 0.3052 0.1220
vn 0.8659 0.1759 0.4682
vn 0.9540 0.2886 0.0811
vn 0.9718 0.2084 -0.1104
vn 0.9975 0.0709 -0.0043
vn 0.8780 0.0787 -0.4721
vn 0.4993 0.8622 -0.0852
vn -0.2921 0.8535 -0.4316
vn 0.4774 0.8606 0.1774
vn 0.9112 0.0503 0.4089
vn 0.9109 0.0624 0.4079
vn 0.9183 0.0413 0.3937
vn 0.8661 -0.0587 0.4963
vn 0.4164 0.8994 -0.1328
vn 0.4166 0.8969 -0.1481
vn 0.8862 -0.0392 0.4616
vn 0.4312 0.8880 -0.1596
vn 0.4192 0.8884 -0.1872
vn 0.9266 0.3708 0.0627
vn 0.9434 0.1461 0.2978
vn 0.9305 0.3583 0.0768
vn 0.7309 0.0733 0.6786
vn 0.6219 0.7534 -0.2135
vn 0.8228 0.2365 0.5168
vn 0.9057 0.0781 0.4166
vn 0.9699 0.2368 0.0576
vn 0.9706 0.2397 0.0203
vn 0.3174 0.9385 -0.1360
vn 0.3755 0.9134 -0.1571
vn 0.9618 0.1576 0.2240
vn 0.1522 0.9774 0.1470
vn 0.8491 0.1868 0.4941
vn 0.7685 0.3167 0.5560
vn 0.7776 0.3109 0.5465
vn 0.9653 0.2247 0.1328
vn 0.4645 0.8635 0.1966
vn 0.1988 0.9601 0.1966
vn 0.8604 0.0307 0.5087
vn 0.8696 0.0786 0.4875
vn 0.8206 -0.2800 0.4982
vn 0.8428 -0.5383 0.0055
vn 0.7285 0.0715 0.6814
vn 0.9163 -0.3119 -0.2513
vn 0.7212 0.3785 0.5802
vn 0.9313 -0.3524 0.0926
vn 0.8744 -0.4465 0.1896
vn 0.9713 -0.1809 0.1545
vn 0.2132 0.9306 0.2974
vn 0.9652 -0.0788 0.2494
vn 0.1242 0.5650 0.8157
vn 0.4232 0.8728 0.2431
vn 0.4550 0.8522 0.2582
vn 0.3521 0.8825 0.3117
vn 0.0023 0.9233 0.3841
vn 0.5238 0.6215 0.5826
vn 0.3862 0.7986 0.4615
vn 0.0135 0.8702 0.4925
vn 0.1156 0.8579 0.5006
vn 0.0756 0.9128 0.4014
vn 0.1133 0.9372 0.3300
vn -0.0230 0.9287 0.3701
vn 0.0154 0.8286 0.5596
vn 0.0489 0.5899 0.8060
vn 0.2022 0.5157 0.8326
vn 0.0758 0.9750 0.2087
vn 0.6187 0.6777 0.3975
vn 0.5485 0.7756 0.3125
vn 0.1259 0.9151 0.3832
vn 0.3218 0.7585 0.5667
vn 0.1282 0.9182 0.3748
vn 0.0761 0.9681 0.2388
vn 0.2441 0.9421 0.2298
vn 0.1920 0.9124 0.3614
vn 0.2353 0.8166 0.5271
vn -0.1106 0.8970 0.4279
vn 0.1706 0.7135 0.6795
vn 0.4877 0.7041 0.5162
vn 0.3149 0.8616 0.3981
vn 0.6285 0.5838 0.5139
vn 0.4387 0.5162 0.7356
vn -0.0150 0.8437 0.5366
vn 0.3131 0.5913 0.7431
vn 0.0357 0.8222 0.5681
vn 0.1264 0.8888 0.4405
vn 0.4596 0.7478 0.4790
vn -0.1059 0.9725 0.2073
vn 0.1156 0.8828 0.4553
vn -0.4385 0.4129 0.7983
vn 0.0942 0.9399 0.3283
vn 0.3321 0.5714 0.7505
vn 0.4060 0.8220 0.3995
vn 0.2902 0.0760 0.9539
vn 0.5686 0.8060 0.1645
vn -0.0078 0.9367 0.3500
vn -0.0898 0.8872 0.4526
vn 0.0755 0.9214 0.3813
vn 0.5849 0.5699 0.5772
vn 0.5364 0.6848 0.4933
vn 0.6720 0.5143 0.5329
vn 0.8041 0.3596 0.4735
vn 0.4672 0.8484 0.2490
vn 0.6487 0.5889 0.4821
vn 0.5824 0.4519 0.6757
vn 0.6278 0.5039 0.5932
vn 0.5957 0.5648 0.5710
vn 0.5434 0.5662 0.6198
vn -0.1457 0.9752 0.1668
vn 0.6445 0.6108 0.4600
vn -0.1838 0.8422 0.5069
vn 0.1201 0.8880 0.4439
vn -0.4139 0.7728 0.4810
vn 0.8167 -0.3123 0.4853
vn 0.1066 0.7304 0.6747
vn 0.0241 0.7733 0.6336
vn 0.4938 0.6501 0.5774
vn 0.0396 0.9077 0.4177
vn -0.2917 0.8919 0.3455
vn -0.5999 0.6432 0.4758
vn 0.1567 0.7428 0.6509
vn -0.0511 0.9593 0.2779
vn 0.7414 0.4955 0.4526
vn 0.7565 0.4348 0.4886
vn 0.8650 0.3548 0.3547
vn 0.2831 0.9554 0.0844
vn 0.4934 0.8583 -0.1413
vn 0.3595 0.9077 0.2166
vn 0.0300 0.9634 0.2665
vn 0.5285 0.8150 0.2376
vn 0.6395 0.2710 0.7195
vn 0.5976 0.7319 0.3274
vn 0.8365 0.3848 0.3901
vn 0.7310 0.4924 0.4725
vn 0.7273 0.6396 0.2489
vn 0.4906 0.8573 0.1557
vn 0.5897 0.7925 -0.1556
vn 0.3525 0.9313 0.0919
vn 0.2426 0.9341 0.2621
vn 0.1293 0.9659 0.2244
vn 0.1352 0.9569 0.2569
vn 0.0334 0.9734 0.2267
vn 0.0680 0.9654 0.2516
vn 0.6084 0.7934 0.0217
vn 0.6947 0.7189 0.0221
vn 0.6522 0.7574 0.0312
vn 0.4811 0.8565 0.1868
vn 0.4589 0.8670 0.1944
vn 0.5095 0.8492 0.1388
vn 0.0408 0.9719 0.2317
vn 0.1541 0.9531 0.2604
vn 0.1318 0.9414 0.3104
vn -0.0586 0.9900 0.1280
vn 0.3482 0.9037 0.2492
vn 0.2861 0.9350 0.2094
vn 0.6182 0.7766 0.1209
vn 0.0868 0.9576 0.2747
vn 0.0336 0.9665 0.2546
vn 0.6729 0.7255 0.1447
vn 0.8219 0.5654 0.0698
vn 0.0579 0.9742 0.2181
vn 0.1143 0.9691 0.2185
vn 0.1768 0.9601 0.2167
vn 0.6495 0.7394 0.1771
vn 0.4326 0.8984 0.0761
vn 0.3626 0.9146 0.1791
vn 0.3394 0.9162 0.2129
vn 0.6129 0.7898 0.0234
vn 0.4134 0.8724 -0.2607
vn 0.3487 0.8620 -0.3680
vn -0.0278 0.9734 0.2273
vn 0.1295 0.9666 0.2210
vn 0.5040 0.8637 0.0032
vn 0.8173 0.4967 -0.2920
vn 0.6287 0.6618 0.4083
vn 0.3804 0.9060 0.1856
vn 0.4105 0.9008 0.1417
vn 0.0164 0.9919 0.1260
vn 0.2667 0.9354 0.2320
vn 0.2706 0.9327 0.2383
vn 0.0071 0.9754 0.2205
vn 0.0238 0.9639 0.2652
vn 0.1857 0.9649 0.1856
vn 0.4532 0.6528 -0.6070
vn 0.7938 0.5719 -0.2070
vn 0.3835 0.9100 0.1576
vn 0.3736 0.8981 0.2320
vn 0.4041 0.8885 0.2175
vn 0.4348 0.8509 0.2948
vn 0.5032 0.7925 0.3444
vn 0.4952 0.8173 0.2946
vn 0.3438 0.7373 0.5816
vn 0.3081 0.6163 0.7247
vn 0.3205 0.6432 0.6954
vn 0.4322 0.7368 0.5200
vn 0.3255 0.8285 0.4557
vn 0.3530 0.7184 0.5994
vn 0.3197 0.8788 0.3542
vn 0.4261 0.8419 0.3311
vn 0.5230 0.7271 0.4448
vn 0.2648 0.8936 0.3624
vn 0.2746 0.8592 0.4317
vn 0.3262 0.8075 0.4915
vn 0.1792 0.9316 0.3163
vn 0.2607 0.8795 0.3981
vn 0.2824 0.8855 0.3691
vn 0.2665 0.8777 0.3983
vn 0.2512 0.9166 0.3109
vn 0.5526 0.6249 0.5515
vn 0.4649 0.6985 0.5440
vn 0.5561 0.5391 0.6326
vn 0.2826 0.8813 0.3787
vn 0.3980 0.7695 0.4995
vn 0.7339 0.3300 0.5937
vn 0.5277 0.5142 0.6761
vn 0.5766 0.4478 0.6834
vn 0.3752 0.9069 0.1917
vn 0.4077 0.8895 0.2063
vn 0.4009 0.8866 0.2305
vn 0.2828 0.9217 0.2654
vn 0.3487 0.9024 0.2533
vn 0.7398 0.3596 0.5687
vn 0.7454 0.3092 0.5906
vn 0.7485 0.3573 0.5587
vn 0.7529 0.3059 0.5828
vn 0.7633 0.2346 0.6020
vn 0.7703 0.2706 0.5774
vn 0.3603 0.8083 0.4656
vn 0.2642 0.7806 0.5664
vn 0.2070 0.9522 0.2247
vn 0.2529 0.9371 0.2408
vn 0.4435 0.6519 0.6152
vn 0.8302 -0.0686 0.5532
vn 0.6615 0.5070 0.5525
vn 0.4097 0.7767 0.4784
vn 0.4535 0.8540 0.2549
vn 0.3915 0.8742 0.2873
vn 0.3810 0.8968 0.2251
vn 0.5880 0.1719 0.7904
vn 0.1910 0.9697 0.1525
vn 0.5562 0.6167 0.5571
vn 0.5626 0.6872 0.4596
vn 0.5715 0.7593 0.3111
vn 0.5685 0.7566 0.3230
vn 0.7216 0.3672 0.5869
vn 0.6949 0.4681 0.5458
vn 0.7469 0.2973 0.5948
vn 0.7600 0.2175 0.6125
vn 0.7064 -0.2077 0.6767
vn 0.5109 -0.6818 0.5236
vn 0.5573 0.7340 0.3881
vn 0.6112 0.6652 0.4288
vn 0.4163 0.8736 0.2522
vn 0.3398 0.8438 0.4154
vn 0.3092 0.8400 0.4459
vn 0.1529 0.0951 0.9837
vn 0.3578 0.6430 0.6771
vn 0.3666 0.6390 0.6762
vn 0.3299 0.9253 0.1869
vn 0.6468 0.6600 0.3821
vn 0.7443 0.3957 0.5380
vn 0.7455 0.4152 0.5214
vn 0.4782 0.6030 0.6385
vn 0.3836 0.6994 0.6031
vn 0.2705 0.8769 0.3973
vn 0.5668 0.5127 0.6449
vn 0.6397 -0.0467 0.7672
vn 0.2859 0.8883 0.3594
vn 0.2994 0.8784 0.3726
vn 0.3622 0.8715 0.3305
vn 0.4451 0.7169 0.5367
vn 0.7145 0.3033 0.6305
vn 0.4157 0.8188 0.3959
vn 0.6416 0.4867 0.5929
vn 0.6579 0.5135 0.5510
vn 0.6032 0.5730 0.5548
vn 0.3797 0.8987 0.2196
vn 0.2874 0.9200 0.2665
vn 0.7538 0.4421 0.4862
vn 0.6537 0.5709 0.4968
vn 0.3080 0.9117 0.2719
vn 0.8146 -0.1249 0.5664
vn 0.8257 -0.2334 0.5136
vn 0.4741 0.5665 0.6740
vn 0.2814 0.7140 0.6411
vn 0.7276 0.4382 0.5279
vn 0.6744 0.5906 0.4431
vn 0.1739 0.8408 0.5126
vn 0.2513 0.7773 0.5768
vn 0.5012 0.8232 0.2667
vn 0.6775 0.4236 0.6012
vn 0.7726 0.2463 0.5852
vn 0.7172 0.3518 0.6015
vn 0.2865 0.7247 0.6267
vn 0.6915 0.0081 0.7223
vn 0.7154 0.2038 0.6683
vn 0.4697 0.6487 0.5988
vn 0.1592 -0.4563 0.8755
vn 0.2910 -0.4113 0.8638
vn 0.2867 -0.2152 0.9336
vn 0.5911 -0.4060 0.6970
vn 0.7716 0.4769 0.4210
vn 0.8375 0.4905 0.2408
vn 0.7430 0.4631 0.4832
vn 0.5027 0.4457 0.7407
vn 0.4933 -0.3875 0.7788
vn 0.3498 -0.4787 0.8053
vn -0.3143 0.3168 0.8949
vn -0.2753 0.6775 0.6820
vn -0.3512 0.3669 0.8614
vn 0.7757 0.0847 0.6254
vn 0.4404 0.1136 0.8906
vn 0.3026 -0.3668 0.8797
vn 0.1351 -0.3984 0.9072
vn 0.1517 -0.4936 0.8564
vn 0.6984 0.4371 0.5668
vn 0.5487 0.7518 0.3657
vn 0.6628 0.5762 0.4782
vn 0.1655 -0.5842 0.7945
vn 0.3183 -0.3755 0.8704
vn 0.4690 0.4580 0.7551
vn 0.5621 0.3543 0.7473
vn 0.8252 0.1104 0.5540
vn 0.3872 0.0772 0.9187
vn 0.4827 -0.1472 0.8633
vn 0.1009 -0.1669 0.9808
vn -0.0612 -0.0401 0.9973
vn 0.4322 -0.2915 0.8534
vn 0.5836 -0.3957 0.7091
vn 0.1177 -0.6634 0.7389
vn 0.5130 -0.4985 0.6988
vn 0.1902 -0.3369 0.9221
vn 0.0194 -0.2791 0.9601
vn -0.2516 -0.1368 0.9581
vn 0.6517 0.6182 0.4394
vn 0.6718 0.5623 0.4822
vn 0.6523 0.5412 0.5306
vn -0.1573 0.0028 0.9875
vn -0.2458 -0.0344 0.9687
vn -0.4914 -0.0472 0.8696
vn 0.4419 -0.0436 0.8960
vn -0.0877 -0.0741 0.9934
vn -0.5401 0.0180 0.8414
vn -0.4915 -0.0472 0.8696
vn -0.1483 -0.0173 0.9888
vn 0.1829 -0.1310 0.9744
vn 0.5435 0.5132 0.6643
vn 0.4002 0.7350 0.5473
vn 0.2344 0.2934 0.9268
vn 0.3867 0.5946 0.7049
vn 0.5397 0.2070 0.8160
vn 0.7598 0.1566 0.6310
vn 0.2934 -0.4244 0.8566
vn 0.3427 0.3005 0.8901
vn -0.0773 0.6427 0.7622
vn 0.6684 0.5366 0.5151
vn -0.2543 -0.0228 0.9669
vn 0.4789 0.7930 0.3766
vn 0.6761 0.5755 0.4602
vn 0.1778 -0.4489 0.8757
vn 0.1263 -0.5130 0.8491
vn -0.0003 -0.2600 0.9656
vn 0.5900 0.7100 0.3844
vn 0.5807 0.1037 0.8075
vn 0.5357 0.7024 0.4687
vn 0.4975 0.6543 0.5695
vn 0.3828 0.8760 0.2935
vn 0.7622 0.3602 0.5378
vn 0.8442 -0.0933 0.5278
vn 0.4003 -0.3753 0.8360
vn 0.4821 -0.6509 0.5864
vn 0.5846 -0.6224 0.5205
vn 0.4232 -0.6959 0.5803
vn 0.7943 0.6075 -0.0006
vn 0.8457 0.4635 0.2645
vn 0.4280 0.7755 0.4642
vn -0.0841 0.8027 0.5905
vn 0.7161 0.1971 0.6696
vn 0.6477 -0.6440 0.4070
vn 0.5062 -0.7212 0.4729
vn 0.6727 -0.5698 0.4720
vn 0.2822 -0.6657 0.6907
vn 0.6820 0.2162 0.6987
vn 0.1634 -0.3655 0.9163
vn -0.0117 -0.4636 0.8859
vn 0.3122 0.8089 0.4982
vn 0.4472 0.5874 0.6745
vn 0.5600 0.5487 0.6207
vn 0.7110 -0.2049 0.6727
vn 0.0056 0.2738 0.9618
vn 0.1577 0.0749 0.9846
vn 0.5887 0.2624 0.7646
vn -0.0045 0.1048 0.9945
vn 0.6744 0.1316 0.7266
vn 0.4471 0.7053 0.5501
vn 0.8061 -0.0520 0.5895
vn 0.6651 0.1952 0.7208
vn 0.6287 0.3680 0.6851
vn 0.5949 -0.1075 0.7966
vn 0.1313 -0.2351 0.9631
vn -0.5155 0.6204 0.5911
vn 0.5506 0.3822 0.7421
vn 0.4063 0.2692 0.8732
vn 0.6463 0.3270 0.6895
vn 0.6763 -0.5675 0.4697
vn 0.3445 -0.6771 0.6503
vn 0.7001 0.3016 0.6472
vn 0.6042 0.0412 0.7958
vn 0.2046 0.7633 0.6128
vn 0.3238 -0.2250 0.9190
vn 0.3278 -0.0354 0.9441
vn 0.2910 0.7706 0.5671
vn 0.3276 0.0240 0.9445
vn 0.4863 0.4804 0.7299
vn 0.3439 -0.4267 0.8364
vn 0.1694 0.7385 0.6526
vn 0.3090 0.4829 0.8194
vn -0.2555 0.6098 0.7503
vn 0.6244 0.4166 0.6607
vn 0.2658 0.5132 0.8161
vn 0.4722 0.0913 0.8768
vn 0.8390 0.0433 0.5423
vn 0.4994 0.5077 0.7020
vn 0.4910 0.1971 0.8486
vn 0.5314 0.2783 0.8001
vn -0.1742 -0.1545 0.9725
vn 0.0277 0.7509 0.6598
vn 0.3391 0.8115 0.4758
vn 0.2725 0.8608 0.4299
vn 0.5234 0.8296 0.1946
vn 0.5182 0.8540 0.0473
vn 0.3746 0.6448 0.6663
vn 0.3924 0.6377 0.6629
vn 0.3109 0.7224 0.6176
vn 0.4673 0.8013 0.3736
vn 0.4086 0.7605 0.5047
vn -0.0936 0.0425 0.9947
vn -0.1674 0.0445 0.9849
vn -0.0195 0.0295 0.9994
vn -0.2166 0.3263 0.9201
vn 0.2433 0.9072 0.3431
vn 0.2492 0.7427 0.6216
vn 0.0952 0.9216 0.3764
vn 0.0809 0.8911 0.4466
vn -0.0461 0.9591 0.2795
vn 0.0306 0.9453 0.3247
vn 0.3401 0.8937 0.2928
vn 0.0569 0.0080 0.9984
vn -0.4567 -0.0098 0.8896
vn 0.3656 0.6983 0.6154
vn 0.2709 0.8348 0.4792
vn 0.3006 0.8507 0.4311
vn 0.3447 0.7847 0.5152
vn 0.0725 -0.1892 0.9793
vn 0.1437 0.4947 0.8571
vn 0.0906 0.5043 0.8588
vn 0.2457 0.8149 0.5249
vn -0.0308 0.0356 0.9989
vn 0.1638 0.5339 0.8295
vn 0.3349 0.7736 0.5379
vn 0.5635 0.5993 0.5686
vn 0.7450 0.2732 0.6086
vn 0.8147 0.0902 0.5729
vn 0.2780 0.8945 0.3501
vn 0.2623 0.8731 0.4110
vn 0.2458 0.8738 0.4195
vn 0.2529 0.8675 0.4284
vn 0.2711 0.8846 0.3795
vn 0.2862 0.8927 0.3480
vn 0.2819 0.7469 0.6022
vn 0.2773 0.7290 0.6258
vn 0.4763 0.7107 0.5176
vn 0.1267 0.5131 0.8489
vn 0.4351 0.8534 0.2870
vn 0.3079 0.8098 0.4994
vn 0.7302 -0.0284 0.6826
vn 0.3025 0.1382 0.9431
vn 0.3044 0.8691 0.3898
vn 0.3060 0.9140 0.2662
vn 0.2265 0.8984 0.3762
vn 0.0588 0.8350 0.5470
vn -0.5311 0.5957 0.6026
vn -0.6725 0.4075 0.6178
vn 0.2690 0.7685 0.5805
vn 0.2923 0.3019 0.9074
vn 0.2665 0.7362 0.6221
vn 0.1880 0.8011 0.5682
vn 0.4430 -0.1487 0.8841
vn 0.3132 0.8583 0.4066
vn 0.3247 0.8275 0.4582
vn 0.2552 0.8678 0.4265
vn 0.1285 0.6832 0.7188
vn 0.7434 -0.3257 0.5842
vn 0.8841 -0.1846 0.4294
vn 0.8870 0.3343 0.3186
vn 0.3908 0.8632 0.3195
vn 0.7171 0.6284 -0.3015
vn 0.6516 -0.5766 0.4929
vn 0.6674 -0.4963 0.5552
vn 0.6971 -0.4909 0.5225
vn 0.5585 -0.6391 0.5288
vn 0.3428 0.8643 0.3681
vn 0.7412 -0.4737 0.4755
vn 0.4706 -0.6664 0.5782
vn 0.5261 0.5733 0.6282
vn 0.4885 0.8394 0.2381
vn 0.4912 0.8696 0.0505
vn 0.3934 0.8451 0.3620
vn 0.5707 0.8198 -0.0474
vn 0.9892 0.0052 0.1463
vn 0.9974 0.0502 0.0511
vn 0.6605 0.6507 0.3746
vn 0.6235 -0.6423 0.4458
vn 0.6347 -0.2213 0.7404
vn 0.4610 -0.1720 0.8705
vn 0.5114 -0.5896 0.6252
vn 0.5847 -0.6055 0.5399
vn 0.5726 -0.7639 0.2975
vn 0.6194 -0.6396 0.4552
vn 0.5811 -0.6814 0.4451
vn 0.5973 -0.6310 0.4950
vn 0.6364 -0.6183 0.4612
vn 0.6711 -0.5673 0.4773
vn 0.6357 -0.6587 0.4024
vn 0.7587 -0.5060 0.4103
vn 0.5732 -0.6688 0.4733
vn 0.9826 0.0989 0.1569
vn 0.7605 -0.5759 0.2999
vn 0.9930 0.0295 0.1144
vn 0.9482 0.0438 0.3146
vn 0.8877 -0.1113 0.4467
vn 0.9166 0.0745 0.3928
vn 0.8182 0.0987 0.5663
vn 0.9160 0.0859 0.3920
vn 0.7527 0.4854 0.4447
vn 0.6315 -0.3290 0.7021
vn 0.6289 -0.2908 0.7211
vn 0.8500 -0.0344 0.5256
vn 0.3126 -0.2774 0.9085
vn 0.5691 -0.0054 0.8223
vn 0.3282 -0.1610 0.9308
vn 0.3670 -0.6097 0.7026
vn 0.7205 -0.3115 0.6195
vn 0.1574 -0.2227 0.9621
vn 0.3518 -0.1953 0.9155
vn 0.5059 0.0363 0.8618
vn 0.9309 0.0763 0.3573
vn 0.7924 0.0054 0.6100
vn 0.6200 0.3111 0.7203
vn 0.4939 0.6123 0.6174
vn 0.6137 -0.4460 0.6515
vn 0.6333 0.5083 0.5836
vn 0.6055 0.2393 0.7590
vn 0.6174 -0.4357 0.6550
vn 0.9287 -0.2272 0.2930
vn 0.9904 -0.0992 0.0957
vn 0.9356 -0.2409 0.2580
vn 0.9540 -0.2166 0.2075
vn 0.9394 -0.1874 0.2870
vn 0.9610 -0.1306 0.2438
vn 0.8873 -0.3114 0.3401
vn 0.8184 -0.3891 0.4230
vn 0.8356 -0.2315 0.4983
vn 0.7913 -0.2322 0.5657
vn 0.7360 -0.5464 0.3998
vn 0.5798 -0.7242 0.3734
vn 0.6124 -0.6627 0.4310
vn 0.8874 -0.3570 0.2916
vn 0.8895 -0.2721 0.3671
vn 0.7442 -0.4114 0.5262
vn 0.7497 -0.0120 0.6617
vn 0.9932 -0.0755 -0.0891
vn 0.9233 -0.1634 0.3476
vn 0.8215 -0.5215 0.2307
vn 0.7923 -0.5481 0.2679
vn 0.7994 -0.5386 0.2662
vn 0.7671 -0.5471 0.3350
vn 0.8282 -0.4394 0.3478
vn 0.7866 -0.5704 0.2364
vn 0.8851 -0.4379 0.1575
vn 0.8596 -0.5109 0.0081
vn 0.6739 -0.6452 0.3600
vn 0.8277 -0.3735 0.4188
vn 0.8124 -0.5369 0.2275
vn 0.7161 -0.6209 0.3188
vn 0.7544 -0.6095 0.2437
vn 0.8591 -0.3732 0.3502
vn 0.8349 -0.5018 0.2263
vn 0.8352 -0.5206 0.1774
vn 0.6830 -0.6507 0.3320
vn 0.7475 -0.5902 0.3047
vn 0.8295 -0.4974 0.2540
vn 0.8109 -0.5296 0.2491
vn 0.7099 -0.3550 0.6083
vn 0.3520 -0.3484 0.8688
vn 0.4433 -0.3028 0.8437
vn 0.4300 -0.5119 0.7437
vn 0.7596 -0.3955 0.5163
vn 0.6551 -0.2429 0.7154
vn 0.8341 -0.3970 0.3831
vn 0.8608 -0.3027 0.4092
vn 0.8357 -0.3529 0.4208
vn 0.9382 -0.3190 0.1340
vn 0.7089 -0.4178 0.5682
vn 0.7655 -0.3981 0.5055
vn 0.7374 -0.3431 0.5819
vn 0.6836 -0.4440 0.5793
vn 0.5732 -0.6166 0.5397
vn 0.6838 -0.6319 0.3648
vn 0.6618 -0.6168 0.4262
vn 0.7407 -0.5885 0.3240
vn 0.7213 -0.6260 0.2965
vn 0.7528 -0.5946 0.2823
vn 0.6994 -0.6252 0.3463
vn 0.6924 -0.6452 0.3229
vn 0.8010 -0.4634 0.3789
vn 0.7262 -0.5314 0.4361
vn 0.6818 -0.6252 0.3798
vn 0.5739 -0.5943 0.5634
vn 0.7006 -0.6359 0.3237
vn 0.6765 -0.6379 0.3681
vn 0.6869 -0.6315 0.3597
vn 0.6678 -0.6346 0.3890
vn 0.5884 -0.6522 0.4779
vn 0.6668 -0.5913 0.4536
vn 0.6661 -0.6027 0.4393
vn 0.6088 -0.6571 0.4445
vn 0.7440 -0.4989 0.4445
vn 0.3225 -0.7450 0.5840
vn 0.6656 -0.4639 0.5846
vn 0.5378 -0.5971 0.5952
vn 0.5235 -0.5603 0.6418
vn 0.6477 -0.2925 0.7035
vn 0.4173 -0.6512 0.6339
vn 0.6991 -0.4751 0.5343
vn 0.6144 -0.7361 0.2841
vn 0.1761 -0.7066 -0.6853
vn 0.2687 -0.8745 0.4037
vn 0.6510 -0.5662 0.5057
vn 0.5832 -0.5635 0.5852
vn 0.6544 -0.6189 0.4344
vn 0.6461 -0.5399 0.5395
vn 0.7591 -0.3868 0.5235
vn 0.6515 -0.5435 0.5292
vn 0.4120 -0.8990 -0.1487
vn 0.5239 -0.5859 0.6183
vn 0.6211 -0.4911 0.6108
vn 0.7408 -0.4856 0.4641
vn 0.7760 -0.4251 0.4660
vn 0.6390 -0.6124 0.4655
vn 0.5446 -0.6621 0.5148
vn 0.6419 -0.5323 0.5520
vn 0.6023 -0.6808 0.4167
vn 0.6190 -0.4552 0.6401
vn 0.6844 -0.5113 0.5197
vn -0.4528 0.5987 0.6607
vn -0.3550 -0.1620 0.9207
vn -0.6188 -0.2208 0.7538
vn 0.5221 0.3528 0.7765
vn 0.3237 -0.4770 0.8171
vn -0.3648 -0.9243 -0.1120
vn 0.3809 -0.9186 0.1055
vn 0.7134 0.3178 0.6246
vn 0.7490 -0.3885 0.5367
vn 0.6308 -0.5423 0.5551
vn 0.6908 -0.4588 0.5589
vn 0.6578 -0.5534 0.5109
vn 0.6857 -0.5744 0.4471
vn 0.7042 -0.5750 0.4165
vn 0.6857 -0.5290 0.5000
vn 0.7099 -0.4255 0.5612
vn 0.7644 -0.3527 0.5396
vn 0.0434 -0.9380 0.3439
vn -0.2611 0.6856 0.6795
vn -0.9487 -0.3039 0.0875
vn -0.1918 0.9680 -0.1620
vn -0.0587 -0.2089 -0.9762
vn -0.1092 0.9275 -0.3575
vn -0.6550 0.7043 -0.2738
vn -0.1060 -0.9943 0.0050
vn -0.0616 -0.0375 0.9974
vn 0.2688 -0.8745 0.4037
vn -0.0978 -0.7010 0.7064
vn -0.1804 0.9586 0.2204
vn -0.0757 -0.6674 0.7408
vn -0.1016 0.7386 0.6665
vn -0.1421 0.9874 -0.0703
vn 0.0607 0.4732 -0.8788
vn -0.2551 0.9629 0.0879
vn -0.3310 -0.5706 -0.7515
vn -0.7075 0.7058 -0.0358
vn 0.3245 0.3486 -0.8793
vn -0.0691 0.9960 0.0572
vn 0.3992 0.4709 0.7867
vn 0.7986 0.3557 -0.4856
vn 0.7251 -0.4979 0.4758
vn 0.6987 -0.4996 0.5121
vn 0.7979 -0.4792 0.3657
vn 0.6974 -0.4254 0.5767
vt 0.228500 0.425222
vt 0.223493 0.410869
vt 0.222762 0.413747
vt 0.232479 0.418709
vt 0.235947 0.413333
vt 0.220717 0.411314
vt 0.225305 0.404272
vt 0.213958 0.399652
vt 0.210262 0.413538
vt 0.222878 0.422148
vt 0.217748 0.413735
vt 0.211076 0.423503
vt 0.234752 0.409503
vt 0.221342 0.427215
vt 0.209880 0.428241
vt 0.207976 0.427875
vt 0.209110 0.428305
vt 0.251736 0.397235
vt 0.249740 0.395191
vt 0.249419 0.401483
vt 0.200190 0.413058
vt 0.202704 0.414330
vt 0.203428 0.404527
vt 0.248249 0.390224
vt 0.248978 0.392807
vt 0.198700 0.413386
vt 0.199724 0.414344
vt 0.205229 0.386051
vt 0.247414 0.383167
vt 0.248660 0.382125
vt 0.247758 0.381061
vt 0.217194 0.428453
vt 0.222998 0.430327
vt 0.205901 0.426517
vt 0.202656 0.422751
vt 0.203547 0.425168
vt 0.204523 0.428485
vt 0.202711 0.426881
vt 0.230348 0.425014
vt 0.230873 0.420594
vt 0.234890 0.418221
vt 0.207032 0.427052
vt 0.231053 0.393456
vt 0.242929 0.423737
vt 0.240614 0.423825
vt 0.242240 0.425627
vt 0.236403 0.419027
vt 0.240366 0.416112
vt 0.237803 0.419559
vt 0.242124 0.420164
vt 0.233099 0.398035
vt 0.247333 0.405667
vt 0.243298 0.412157
vt 0.224642 0.429003
vt 0.225864 0.427128
vt 0.239598 0.422513
vt 0.238216 0.421032
vt 0.225562 0.428568
vt 0.247377 0.408238
vt 0.242641 0.414034
vt 0.249271 0.403624
vt 0.247491 0.386288
vt 0.240580 0.384433
vt 0.204529 0.419283
vt 0.204341 0.416586
vt 0.214518 0.429430
vt 0.216131 0.428972
vt 0.210982 0.429951
vt 0.203446 0.420918
vt 0.237331 0.375406
vt 0.229361 0.384209
vt 0.250051 0.399709
vt 0.219580 0.387186
vt 0.248070 0.374223
vt 0.228026 0.426690
vt 0.247888 0.379359
vt 0.248570 0.384777
vt 0.238935 0.365725
vt 0.244694 0.422913
vt 0.248452 0.406563
vt 0.197104 0.414279
vt 0.195471 0.412006
vt 0.230920 0.364267
vt 0.223896 0.350617
vt 0.257022 0.359300
vt 0.256595 0.357467
vt 0.256354 0.355582
vt 0.212207 0.359113
vt 0.198723 0.354546
vt 0.198433 0.364263
vt 0.212574 0.342088
vt 0.224449 0.368435
vt 0.277560 0.276880
vt 0.267591 0.265473
vt 0.266680 0.278585
vt 0.255768 0.335244
vt 0.251607 0.328397
vt 0.234766 0.336075
vt 0.240103 0.349305
vt 0.247283 0.344748
vt 0.236651 0.341985
vt 0.260291 0.335625
vt 0.261198 0.332936
vt 0.260320 0.331183
vt 0.257493 0.344303
vt 0.259350 0.341992
vt 0.259287 0.344574
vt 0.186271 0.403295
vt 0.184279 0.399691
vt 0.184407 0.402302
vt 0.188115 0.404403
vt 0.160791 0.365113
vt 0.126056 0.363212
vt 0.147171 0.372557
vt 0.181791 0.398142
vt 0.230955 0.303969
vt 0.230495 0.314021
vt 0.239983 0.299524
vt 0.249912 0.317475
vt 0.017512 0.023900
vt 0.035748 0.032467
vt 0.032336 0.014232
vt 0.108298 0.000717
vt 0.107164 0.003715
vt 0.109442 0.002269
vt 0.104910 0.004077
vt 0.105806 0.007832
vt 0.187322 0.319755
vt 0.181267 0.309057
vt 0.173803 0.327278
vt 0.156298 0.386590
vt 0.154926 0.378057
vt 0.153786 0.380441
vt 0.171056 0.372116
vt 0.018904 0.089950
vt 0.017706 0.091880
vt 0.019394 0.094646
vt 0.017455 0.094416
vt 0.071407 0.016134
vt 0.064099 0.031922
vt 0.075952 0.032083
vt 0.072182 0.037976
vt 0.085540 0.038523
vt 0.082742 0.023232
vt 0.027105 0.013530
vt 0.050045 0.031164
vt 0.068165 0.052576
vt 0.066482 0.070031
vt 0.046488 0.054481
vt 0.054009 0.078654
vt 0.016611 0.066215
vt 0.016524 0.069066
vt 0.024598 0.061902
vt 0.037958 0.066879
vt 0.023776 0.037958
vt 0.011610 0.034652
vt 0.033320 0.099481
vt 0.024164 0.083964
vt 0.021590 0.097441
vt 0.013401 0.056054
vt 0.011381 0.059492
vt 0.014102 0.062057
vt 0.042358 0.131578
vt 0.032651 0.147244
vt 0.047227 0.149512
vt 0.033676 0.149123
vt 0.266503 0.287632
vt 0.262657 0.294335
vt 0.273993 0.289355
vt 0.036451 0.167592
vt 0.037798 0.167247
vt 0.035779 0.165920
vt 0.022074 0.102161
vt 0.022382 0.104875
vt 0.020560 0.111049
vt 0.020676 0.115754
vt 0.022146 0.109465
vt 0.022586 0.120348
vt 0.020703 0.118862
vt 0.094557 0.007981
vt 0.089616 0.008978
vt 0.090414 0.017618
vt 0.079079 0.006720
vt 0.186758 0.375867
vt 0.202967 0.374362
vt 0.169108 0.394666
vt 0.164984 0.391946
vt 0.166306 0.394770
vt 0.122249 0.018518
vt 0.111752 0.009800
vt 0.106743 0.014384
vt 0.108425 0.029849
vt 0.101226 0.061778
vt 0.101277 0.030228
vt 0.094915 0.056128
vt 0.087257 0.057012
vt 0.084546 0.074589
vt 0.071713 0.089819
vt 0.051565 0.184845
vt 0.047781 0.183227
vt 0.048744 0.185195
vt 0.122723 0.355340
vt 0.124340 0.362972
vt 0.256937 0.273488
vt 0.255751 0.263906
vt 0.065929 0.123408
vt 0.042114 0.108237
vt 0.004326 0.048435
vt 0.006408 0.050238
vt 0.275515 0.259596
vt 0.263794 0.259733
vt 0.096660 0.020277
vt 0.158404 0.388340
vt 0.161324 0.390114
vt 0.054579 0.010983
vt 0.032464 0.148090
vt 0.174272 0.386169
vt 0.036011 0.012627
vt 0.033333 0.012285
vt 0.019032 0.096608
vt 0.017787 0.083113
vt 0.184155 0.346656
vt 0.115431 0.004295
vt 0.193294 0.292137
vt 0.191227 0.308224
vt 0.197301 0.301631
vt 0.013862 0.075515
vt 0.082165 0.004788
vt 0.084986 0.006039
vt 0.015712 0.081314
vt 0.016920 0.017917
vt 0.094182 0.039161
vt 0.045949 0.008340
vt 0.044783 0.009200
vt 0.044212 0.012052
vt 0.066593 0.007923
vt 0.063543 0.006163
vt 0.059874 0.007302
vt 0.055628 0.006403
vt 0.013311 0.063465
vt 0.207769 0.293243
vt 0.077574 0.059899
vt 0.130507 0.366352
vt 0.144701 0.372296
vt 0.216418 0.313066
vt 0.223655 0.309845
vt 0.015787 0.130624
vt 0.016328 0.135459
vt 0.021969 0.135689
vt 0.146451 0.353630
vt 0.130320 0.002698
vt 0.127062 0.001531
vt 0.123096 0.007889
vt 0.034980 0.161573
vt 0.113072 0.048510
vt 0.244700 0.261007
vt 0.232608 0.255807
vt 0.217916 0.293496
vt 0.198398 0.332070
vt 0.062408 0.159292
vt 0.051347 0.167434
vt 0.091563 0.007333
vt 0.255236 0.257991
vt 0.069965 0.145066
vt 0.091184 0.081235
vt 0.061156 0.101708
vt 0.005151 0.029864
vt 0.057337 0.184950
vt 0.028920 0.137252
vt 0.028761 0.140156
vt 0.029889 0.142193
vt 0.281872 0.249279
vt 0.282125 0.247272
vt 0.281731 0.245400
vt 0.245942 0.319674
vt 0.103285 0.005548
vt 0.097436 0.006653
vt 0.220348 0.339959
vt 0.221478 0.336442
vt 0.206840 0.333213
vt 0.170880 0.358246
vt 0.159461 0.338140
vt 0.284633 0.291384
vt 0.283427 0.288970
vt 0.048303 0.008063
vt 0.017731 0.085675
vt 0.017662 0.088014
vt 0.072629 0.007115
vt 0.070035 0.008292
vt 0.018635 0.015099
vt 0.010226 0.051843
vt 0.118445 0.032384
vt 0.084220 0.091135
vt 0.065182 0.175056
vt 0.256456 0.350295
vt 0.014063 0.019069
vt 0.011638 0.018926
vt 0.007984 0.051180
vt 0.271713 0.299085
vt 0.274220 0.309296
vt 0.280168 0.304583
vt 0.257197 0.353195
vt 0.041138 0.168028
vt 0.267898 0.316407
vt 0.269726 0.313642
vt 0.030273 0.145290
vt 0.126282 0.365366
vt 0.127838 0.367034
vt 0.221037 0.324053
vt 0.228511 0.319724
vt 0.006278 0.019851
vt 0.006153 0.021412
vt 0.005517 0.025110
vt 0.004559 0.035313
vt 0.004464 0.032408
vt 0.003409 0.039135
vt 0.003249 0.042419
vt 0.002008 0.046433
vt 0.004052 0.048159
vt 0.257182 0.285359
vt 0.286025 0.294937
vt 0.280610 0.297208
vt 0.278328 0.279064
vt 0.276069 0.278129
vt 0.279237 0.281563
vt 0.286077 0.292985
vt 0.106945 0.002181
vt 0.192708 0.411478
vt 0.193949 0.413166
vt 0.259881 0.296314
vt 0.255037 0.301701
vt 0.017617 0.085621
vt 0.052554 0.006446
vt 0.013902 0.070925
vt 0.014429 0.073282
vt 0.013416 0.079629
vt 0.020142 0.123562
vt 0.015058 0.129636
vt 0.015608 0.133944
vt 0.033930 0.150782
vt 0.033192 0.157158
vt 0.033124 0.164293
vt 0.033739 0.165679
vt 0.025106 0.136718
vt 0.011527 0.053994
vt 0.086926 0.110566
vt 0.262530 0.330051
vt 0.263878 0.326795
vt 0.183008 0.401157
vt 0.043457 0.172270
vt 0.044888 0.173055
vt 0.045865 0.174634
vt 0.248294 0.091782
vt 0.247252 0.109493
vt 0.259784 0.096598
vt 0.231035 0.099232
vt 0.148378 0.073988
vt 0.150568 0.039327
vt 0.134839 0.048145
vt 0.104886 0.180721
vt 0.127047 0.170552
vt 0.124022 0.147408
vt 0.187371 0.093309
vt 0.179065 0.060597
vt 0.170825 0.076482
vt 0.066456 0.275927
vt 0.073707 0.256968
vt 0.065730 0.258162
vt 0.228343 0.089727
vt 0.218065 0.094955
vt 0.131843 0.099312
vt 0.125340 0.074143
vt 0.120257 0.092866
vt 0.106321 0.212530
vt 0.091781 0.217892
vt 0.118426 0.118598
vt 0.087508 0.237292
vt 0.137727 0.011718
vt 0.140459 0.003406
vt 0.100500 0.155043
vt 0.084010 0.169393
vt 0.084041 0.178159
vt 0.169298 0.057006
vt 0.165788 0.095241
vt 0.254947 0.081128
vt 0.238356 0.084277
vt 0.268175 0.138968
vt 0.267609 0.137468
vt 0.266492 0.143977
vt 0.235932 0.090514
vt 0.090869 0.191820
vt 0.073845 0.196278
vt 0.349204 0.123423
vt 0.350954 0.121952
vt 0.350074 0.121007
vt 0.344242 0.111602
vt 0.337357 0.124992
vt 0.068557 0.220015
vt 0.064885 0.224580
vt 0.064148 0.231045
vt 0.117826 0.071513
vt 0.103817 0.082526
vt 0.075801 0.239557
vt 0.332793 0.143504
vt 0.325004 0.120964
vt 0.197402 0.122850
vt 0.183922 0.118304
vt 0.179745 0.145379
vt 0.061457 0.266227
vt 0.063447 0.260913
vt 0.061258 0.262637
vt 0.172782 0.114056
vt 0.138066 0.072166
vt 0.065515 0.240608
vt 0.068903 0.248029
vt 0.317088 0.131395
vt 0.322366 0.165432
vt 0.314271 0.157343
vt 0.162260 0.150142
vt 0.159467 0.123126
vt 0.146304 0.135807
vt 0.143873 0.167379
vt 0.172858 0.339221
vt 0.346718 0.140763
vt 0.347044 0.139562
vt 0.345978 0.138082
vt 0.346422 0.143147
vt 0.346826 0.141789
vt 0.071870 0.210943
vt 0.064999 0.273217
vt 0.064113 0.272117
vt 0.267281 0.146058
vt 0.266509 0.145520
vt 0.267007 0.147646
vt 0.245832 0.163394
vt 0.261045 0.152404
vt 0.250232 0.132398
vt 0.094882 0.275535
vt 0.075027 0.275272
vt 0.222318 0.156171
vt 0.060059 0.268943
vt 0.062251 0.270394
vt 0.205926 0.179628
vt 0.192805 0.181464
vt 0.185261 0.190528
vt 0.174962 0.189967
vt 0.169102 0.166205
vt 0.066390 0.287977
vt 0.066005 0.284725
vt 0.065590 0.282943
vt 0.149089 0.186734
vt 0.315300 0.022926
vt 0.295630 0.014961
vt 0.308500 0.046283
vt 0.215724 0.190070
vt 0.229831 0.179552
vt 0.347401 0.043418
vt 0.347211 0.040045
vt 0.344033 0.051752
vt 0.346568 0.044750
vt 0.343838 0.063147
vt 0.352441 0.057624
vt 0.349270 0.055798
vt 0.353106 0.061235
vt 0.352662 0.059446
vt 0.059195 0.186913
vt 0.326513 0.062222
vt 0.314893 0.083243
vt 0.322878 0.092246
vt 0.331277 0.099218
vt 0.140313 0.231426
vt 0.118540 0.240161
vt 0.125544 0.259196
vt 0.223651 0.005317
vt 0.219167 0.005021
vt 0.224202 0.007434
vt 0.225092 0.009790
vt 0.225482 0.007969
vt 0.105738 0.243457
vt 0.330911 0.036810
vt 0.314417 0.054304
vt 0.234812 0.028546
vt 0.240772 0.015237
vt 0.238351 0.016122
vt 0.113870 0.270116
vt 0.092961 0.257384
vt 0.233790 0.014525
vt 0.231843 0.014654
vt 0.304884 0.091971
vt 0.306258 0.072041
vt 0.352850 0.076168
vt 0.352646 0.073379
vt 0.349965 0.078518
vt 0.279449 0.013080
vt 0.278166 0.012651
vt 0.277113 0.014128
vt 0.290736 0.089740
vt 0.068819 0.295522
vt 0.066712 0.297330
vt 0.065902 0.300074
vt 0.314314 0.110611
vt 0.271924 0.013008
vt 0.263747 0.018932
vt 0.343430 0.087344
vt 0.158289 0.005290
vt 0.153695 0.004052
vt 0.151066 0.005175
vt 0.267737 0.010885
vt 0.304840 0.133715
vt 0.305536 0.119492
vt 0.301753 0.122142
vt 0.299603 0.127144
vt 0.297202 0.126794
vt 0.153381 0.017713
vt 0.143188 0.003112
vt 0.148153 0.020053
vt 0.345982 0.019634
vt 0.346809 0.017572
vt 0.345445 0.017573
vt 0.282878 0.124301
vt 0.286551 0.126137
vt 0.288387 0.124290
vt 0.337512 0.017842
vt 0.335751 0.016533
vt 0.332458 0.016590
vt 0.256482 0.030583
vt 0.253127 0.006431
vt 0.275988 0.125594
vt 0.287103 0.118790
vt 0.265983 0.108795
vt 0.300872 0.103733
vt 0.213428 0.005110
vt 0.213446 0.012776
vt 0.292939 0.100500
vt 0.351504 0.091320
vt 0.350366 0.092799
vt 0.350874 0.094949
vt 0.308471 0.058596
vt 0.289996 0.047573
vt 0.285983 0.071337
vt 0.147070 0.002794
vt 0.250549 0.063624
vt 0.237871 0.042348
vt 0.234300 0.053303
vt 0.081772 0.161518
vt 0.095602 0.147806
vt 0.266203 0.089587
vt 0.181218 0.035264
vt 0.171261 0.033058
vt 0.177223 0.044881
vt 0.197709 0.068727
vt 0.067513 0.185964
vt 0.072943 0.192919
vt 0.305526 0.137100
vt 0.307587 0.137718
vt 0.183220 0.002537
vt 0.174754 0.008128
vt 0.186726 0.002866
vt 0.191157 0.032673
vt 0.198208 0.042902
vt 0.201761 0.028754
vt 0.092153 0.134292
vt 0.271212 0.045798
vt 0.161770 0.006375
vt 0.172236 0.004402
vt 0.262863 0.125375
vt 0.279523 0.253351
vt 0.281934 0.251232
vt 0.276793 0.253427
vt 0.067341 0.309314
vt 0.068547 0.311121
vt 0.068681 0.307019
vt 0.204841 0.086759
vt 0.210293 0.099429
vt 0.349535 0.110012
vt 0.349314 0.107983
vt 0.185320 0.021594
vt 0.189440 0.024646
vt 0.349946 0.111395
vt 0.349250 0.116730
vt 0.091280 0.296009
vt 0.069468 0.166266
vt 0.231269 0.076724
vt 0.220940 0.127033
vt 0.225768 0.132498
vt 0.221694 0.039662
vt 0.232200 0.064462
vt 0.162691 0.034140
vt 0.154872 0.086226
vt 0.110528 0.114297
vt 0.199482 0.020349
vt 0.202406 0.004774
vt 0.223811 0.114109
vt 0.276827 0.272538
vt 0.275506 0.271361
vt 0.202794 0.099215
vt 0.165880 0.022834
vt 0.177615 0.014119
vt 0.072542 0.206188
vt 0.070760 0.208794
vt 0.069055 0.212380
vt 0.068413 0.214761
vt 0.208959 0.056848
vt 0.222630 0.066548
vt 0.064597 0.223400
vt 0.062832 0.225769
vt 0.063521 0.229421
vt 0.269961 0.135428
vt 0.270527 0.132922
vt 0.136636 0.373703
vt 0.140033 0.375336
vt 0.141654 0.373262
vt 0.075248 0.203624
vt 0.069772 0.253828
vt 0.068278 0.256304
vt 0.346062 0.145575
vt 0.345912 0.148182
vt 0.346358 0.146907
vt 0.344431 0.157438
vt 0.337438 0.162955
vt 0.348804 0.127397
vt 0.350033 0.125891
vt 0.347572 0.132468
vt 0.349523 0.128991
vt 0.064039 0.187075
vt 0.318702 0.176773
vt 0.317826 0.171418
vt 0.143162 0.115418
vt 0.316382 0.164584
vt 0.314678 0.162174
vt 0.199449 0.164598
vt 0.125036 0.205978
vt 0.134639 0.001778
vt 0.131984 0.001664
vt 0.300914 0.006864
vt 0.152221 0.373193
vt 0.065019 0.277868
vt 0.112629 0.222083
vt 0.163396 0.222191
vt 0.157671 0.231139
vt 0.138420 0.245254
vt 0.314407 0.010255
vt 0.065719 0.286758
vt 0.347356 0.048781
vt 0.347693 0.047482
vt 0.167393 0.214332
vt 0.179218 0.201706
vt 0.154272 0.210726
vt 0.345358 0.034640
vt 0.351759 0.064448
vt 0.203575 0.326793
vt 0.347728 0.028752
vt 0.349340 0.027384
vt 0.347677 0.022878
vt 0.326033 0.020458
vt 0.327830 0.014143
vt 0.324222 0.013213
vt 0.067157 0.289644
vt 0.067177 0.292151
vt 0.067727 0.293356
vt 0.225364 0.019193
vt 0.227584 0.012464
vt 0.288022 0.012548
vt 0.283045 0.011982
vt 0.226731 0.010041
vt 0.134569 0.220899
vt 0.280033 0.096865
vt 0.067417 0.301773
vt 0.350030 0.019780
vt 0.301408 0.130729
vt 0.350681 0.096405
vt 0.351500 0.097848
vt 0.282878 0.124301
vt 0.282552 0.125830
vt 0.283427 0.125793
vt 0.349802 0.101738
vt 0.279220 0.124592
vt 0.207908 0.032825
vt 0.074144 0.198503
vt 0.072627 0.197079
vt 0.196205 0.023703
vt 0.211092 0.005221
vt 0.070679 0.189363
vt 0.072482 0.189090
vt 0.070210 0.187700
vt 0.307626 0.143885
vt 0.309239 0.148840
vt 0.312021 0.153715
vt 0.141612 0.032744
vt 0.347085 0.150883
vt 0.345596 0.149944
vt 0.346888 0.152613
vt 0.250954 0.371006
vt 0.250378 0.368524
vt 0.345213 0.154741
vt 0.190559 0.003373
vt 0.347437 0.153516
vt 0.075942 0.308745
vt 0.213082 0.129962
vt 0.075222 0.201286
vt 0.075044 0.202293
vt 0.069002 0.216839
vt 0.214698 0.138755
vt 0.066459 0.220431
vt 0.311643 0.155411
vt 0.255330 0.316440
vt 0.207719 0.152226
vt 0.060805 0.265201
vt 0.064099 0.236404
vt 0.253167 0.365761
vt 0.198125 0.315844
vt 0.267689 0.154185
vt 0.268312 0.157885
vt 0.137606 0.001768
vt 0.313447 0.004789
vt 0.309086 0.006680
vt 0.316179 0.007424
vt 0.316523 0.168431
vt 0.060115 0.267671
vt 0.059630 0.268611
vt 0.064955 0.274963
vt 0.149672 0.242598
vt 0.311330 0.005736
vt 0.060220 0.188022
vt 0.061361 0.188700
vt 0.151880 0.319038
vt 0.320584 0.009871
vt 0.348385 0.038114
vt 0.347612 0.050840
vt 0.348031 0.052380
vt 0.347387 0.030177
vt 0.330851 0.015588
vt 0.328574 0.016015
vt 0.291489 0.010962
vt 0.289433 0.011066
vt 0.229583 0.292702
vt 0.353162 0.066424
vt 0.354175 0.064950
vt 0.352935 0.069251
vt 0.068225 0.312438
vt 0.244902 0.013472
vt 0.293567 0.122045
vt 0.207881 0.273104
vt 0.217832 0.274224
vt 0.238964 0.015416
vt 0.348744 0.084416
vt 0.347679 0.022875
vt 0.345984 0.019637
vt 0.348733 0.105953
vt 0.102734 0.114229
vt 0.276290 0.257197
vt 0.276318 0.255044
vt 0.258827 0.008898
vt 0.264710 0.011378
vt 0.262363 0.009507
vt 0.250845 0.007492
vt 0.248634 0.009187
vt 0.342907 0.159154
vt 0.229866 0.326082
vt 0.144853 0.001968
vt 0.240054 0.316686
vt 0.123266 0.361759
vt 0.272142 0.131954
vt 0.272455 0.129808
vt 0.267380 0.253953
vt 0.068962 0.251231
vt 0.061712 0.231872
vt 0.065973 0.258011
vt 0.322619 0.179764
vt 0.320451 0.180014
vt 0.318766 0.178501
vt 0.268755 0.161815
vt 0.194642 0.206265
vt 0.177808 0.219128
vt 0.135266 0.371823
vt 0.132041 0.369919
vt 0.170480 0.230956
vt 0.347807 0.136920
vt 0.256939 0.347327
vt 0.213647 0.320912
vt 0.264383 0.324612
vt 0.265892 0.317791
vt 0.257066 0.348599
vt 0.299189 0.008018
vt 0.295945 0.007900
vt 0.348569 0.053853
vt 0.260087 0.339540
vt 0.214663 0.003816
vt 0.230897 0.012465
vt 0.296143 0.124189
vt 0.206112 0.003552
vt 0.291690 0.123244
vt 0.292624 0.121478
vt 0.195132 0.003258
vt 0.185099 0.001832
vt 0.179723 0.002462
vt 0.350498 0.086928
vt 0.348696 0.084546
vt 0.352753 0.089996
vt 0.274491 0.127379
vt 0.350033 0.103504
vt 0.188598 0.407299
vt 0.191507 0.409420
vt 0.066661 0.212914
vt 0.265263 0.326262
vt 0.306803 0.139313
vt 0.190250 0.411167
vt 0.309906 0.152371
vt 0.266312 0.321055
vt 0.267403 0.195629
vt 0.264015 0.201834
vt 0.266018 0.198317
vt 0.080645 0.332385
vt 0.080522 0.330194
vt 0.079679 0.331493
vt 0.344294 0.163642
vt 0.344127 0.160984
vt 0.343548 0.166256
vt 0.096863 0.352803
vt 0.095990 0.350729
vt 0.095683 0.352320
vt 0.340180 0.180748
vt 0.261534 0.246590
vt 0.338246 0.182133
vt 0.340508 0.181925
vt 0.332812 0.187276
vt 0.334156 0.184619
vt 0.331638 0.185736
vt 0.215858 0.326258
vt 0.221165 0.248004
vt 0.093826 0.349837
vt 0.091123 0.346186
vt 0.092440 0.349686
vt 0.269617 0.166838
vt 0.270283 0.165286
vt 0.267202 0.174212
vt 0.269249 0.169089
vt 0.248321 0.197229
vt 0.229768 0.205259
vt 0.235974 0.217207
vt 0.073804 0.318346
vt 0.078714 0.324466
vt 0.118733 0.313108
vt 0.122409 0.319383
vt 0.126632 0.312614
vt 0.174107 0.253468
vt 0.162813 0.251372
vt 0.154911 0.261158
vt 0.090317 0.313233
vt 0.105981 0.292341
vt 0.271331 0.224439
vt 0.266897 0.222707
vt 0.275820 0.229652
vt 0.152830 0.274588
vt 0.112903 0.313630
vt 0.152269 0.248077
vt 0.113846 0.337420
vt 0.082978 0.334777
vt 0.106150 0.346402
vt 0.138387 0.251281
vt 0.088302 0.339669
vt 0.135412 0.265273
vt 0.324976 0.184710
vt 0.322941 0.182087
vt 0.124299 0.272661
vt 0.088366 0.340874
vt 0.089453 0.343463
vt 0.194596 0.262651
vt 0.204396 0.246197
vt 0.106830 0.280219
vt 0.216628 0.305062
vt 0.266472 0.220674
vt 0.268925 0.221392
vt 0.254017 0.216771
vt 0.265415 0.230486
vt 0.113397 0.304418
vt 0.129387 0.307388
vt 0.121319 0.302009
vt 0.113873 0.325276
vt 0.103969 0.311168
vt 0.095487 0.325372
vt 0.137445 0.280145
vt 0.142922 0.284107
vt 0.145551 0.273964
vt 0.084534 0.336504
vt 0.086613 0.338672
vt 0.168843 0.295257
vt 0.153444 0.295933
vt 0.144629 0.301326
vt 0.123815 0.293027
vt 0.133633 0.293023
vt 0.132979 0.285865
vt 0.138778 0.322994
vt 0.136945 0.334561
vt 0.265936 0.217800
vt 0.265687 0.216026
vt 0.269315 0.185536
vt 0.270101 0.183302
vt 0.268253 0.187153
vt 0.116473 0.361113
vt 0.119215 0.361117
vt 0.112731 0.359961
vt 0.242230 0.231650
vt 0.219216 0.228356
vt 0.149026 0.372212
vt 0.127706 0.349258
vt 0.182710 0.237261
vt 0.263932 0.214102
vt 0.264959 0.211539
vt 0.139015 0.269095
vt 0.145101 0.261871
vt 0.144872 0.309063
vt 0.135829 0.309936
vt 0.136706 0.317053
vt 0.070931 0.316772
vt 0.117902 0.291948
vt 0.264809 0.207056
vt 0.231555 0.196711
vt 0.102094 0.356113
vt 0.099462 0.357133
vt 0.097398 0.355749
vt 0.197478 0.220283
vt 0.183447 0.272888
vt 0.112685 0.291636
vt 0.133899 0.301342
vt 0.125269 0.328866
vt 0.117266 0.280446
vt 0.081520 0.333718
vt 0.277571 0.239723
vt 0.279014 0.242317
vt 0.280212 0.241422
vt 0.272859 0.243204
vt 0.282027 0.286489
vt 0.280707 0.284188
vt 0.276684 0.234604
vt 0.276929 0.237062
vt 0.277174 0.236524
vt 0.269482 0.193797
vt 0.268646 0.189586
vt 0.079091 0.327585
vt 0.160863 0.329904
vt 0.343911 0.168922
vt 0.345195 0.171605
vt 0.343482 0.171154
vt 0.342564 0.176412
vt 0.105605 0.302888
vt 0.143687 0.289913
vt 0.138721 0.294253
vt 0.077815 0.321396
vt 0.078040 0.322933
vt 0.212466 0.209311
vt 0.266941 0.218599
vt 0.114767 0.360973
vt 0.141783 0.344840
vt 0.106494 0.356007
vt 0.132156 0.277562
vt 0.147498 0.290177
vt 0.252150 0.185325
vt 0.154333 0.375556
vt 0.153460 0.387704
vt 0.177443 0.287805
vt 0.075238 0.319845
vt 0.340844 0.179028
vt 0.336668 0.183990
vt 0.335470 0.184757
vt 0.329626 0.186866
vt 0.324795 0.186118
vt 0.109411 0.358854
vt 0.270779 0.180861
vt 0.268464 0.177954
vt 0.276491 0.267192
vt 0.276417 0.263734
vt 0.276763 0.261711
vt 0.281108 0.243141
vt 0.091439 0.348117
vt 0.255122 0.362842
vt 0.269366 0.171242
vt 0.267233 0.171628
vt 0.103480 0.356558
vt 0.265293 0.204427
vt 0.137417 0.375762
vt 0.121027 0.360701
vt 0.121457 0.362211
vt 0.285399 0.298243
vt 0.286827 0.296945
vt 0.282569 0.301607
vt 0.169271 0.396229
vt 0.169727 0.395572
vt 0.163462 0.391434
vt 0.174531 0.395994
vt 0.175735 0.397220
vt 0.179725 0.398281
vt 0.236197 0.328431
vt 0.224395 0.329674
vt 0.284880 0.289861
vt 0.136562 0.374952
vt 0.257890 0.346115
vt 0.117797 0.361195
vt 0.261271 0.337335
vt 0.277773 0.264650
vt 0.172761 0.395691
vt 0.170870 0.396361
vt 0.284205 0.300949
vt 0.271952 0.313312
vt 0.269319 0.315611
vt 0.267704 0.317873
vt 0.714740 0.038107
vt 0.709515 0.013662
vt 0.691345 0.018052
vt 0.733387 0.029538
vt 0.740524 0.022400
vt 0.733439 0.019668
vt 0.720359 0.015356
vt 0.732252 0.015507
vt 0.746130 0.045108
vt 0.746953 0.038518
vt 0.746586 0.033206
vt 0.743279 0.052407
vt 0.745047 0.050284
vt 0.735643 0.015730
vt 0.738117 0.014799
vt 0.727841 0.053606
vt 0.747300 0.010537
vt 0.751664 0.012924
vt 0.749873 0.009123
vt 0.749499 0.015368
vt 0.747107 0.018635
vt 0.742541 0.012833
vt 0.744877 0.011636
vt 0.742916 0.010516
vt 0.704400 0.013586
vt 0.747127 0.022315
vt 0.747191 0.026934
vt 0.702947 0.012007
vt 0.697913 0.012620
vt 0.743462 0.064980
vt 0.741949 0.058808
vt 0.742020 0.058643
vt 0.686425 0.010403
vt 0.694570 0.010926
vt 0.747382 0.040221
vt 0.745970 0.048061
vt 0.748044 0.030361
vt 0.713641 0.012922
vt 0.711699 0.012109
vt 0.707508 0.013138
vt 0.747071 0.022021
vt 0.740496 0.013914
vt 0.733367 0.137466
vt 0.740885 0.142002
vt 0.740146 0.139142
vt 0.575523 0.046595
vt 0.618066 0.036110
vt 0.572901 0.028127
vt 0.560788 0.008097
vt 0.572067 0.012847
vt 0.566537 0.003158
vt 0.715208 0.125410
vt 0.731258 0.121449
vt 0.720698 0.113712
vt 0.689804 0.119971
vt 0.704659 0.102203
vt 0.732472 0.076203
vt 0.716397 0.056329
vt 0.727876 0.102661
vt 0.713304 0.094251
vt 0.689355 0.085777
vt 0.705281 0.078771
vt 0.684646 0.076770
vt 0.734140 0.109371
vt 0.738192 0.118034
vt 0.668642 0.082082
vt 0.669972 0.067732
vt 0.665904 0.011312
vt 0.657495 0.008523
vt 0.655086 0.009253
vt 0.658501 0.063587
vt 0.663072 0.045532
vt 0.623546 0.060377
vt 0.589270 0.011114
vt 0.583503 0.004679
vt 0.744326 0.096625
vt 0.745522 0.101775
vt 0.744627 0.100140
vt 0.737236 0.080341
vt 0.647426 0.012599
vt 0.650696 0.009362
vt 0.645709 0.008548
vt 0.603011 0.008091
vt 0.598889 0.005638
vt 0.676939 0.043932
vt 0.675545 0.032295
vt 0.652445 0.031922
vt 0.693367 0.032756
vt 0.624950 0.008505
vt 0.612897 0.008624
vt 0.607124 0.009636
vt 0.610626 0.007368
vt 0.671266 0.113783
vt 0.659593 0.125421
vt 0.745633 0.070655
vt 0.745233 0.067692
vt 0.735283 0.179816
vt 0.737856 0.165875
vt 0.722476 0.180769
vt 0.719845 0.162788
vt 0.749074 0.110033
vt 0.747445 0.107541
vt 0.743925 0.104772
vt 0.704586 0.153752
vt 0.692851 0.167986
vt 0.735795 0.180488
vt 0.733929 0.189108
vt 0.678915 0.136870
vt 0.682873 0.009185
vt 0.677362 0.008015
vt 0.716483 0.153379
vt 0.689376 0.155907
vt 0.701537 0.131502
vt 0.681350 0.103331
vt 0.687633 0.098126
vt 0.659498 0.099158
vt 0.718252 0.074261
vt 0.719245 0.139053
vt 0.691092 0.063839
vt 0.705132 0.054925
vt 0.687811 0.040399
vt 0.586593 0.004977
vt 0.585118 0.004161
vt 0.707448 0.047992
vt 0.742542 0.126758
vt 0.742971 0.123675
vt 0.726443 0.152460
vt 0.746745 0.120832
vt 0.749364 0.112683
vt 0.744875 0.121993
vt 0.733485 0.129637
vt 0.741211 0.133989
vt 0.743378 0.128976
vt 0.661782 0.054944
vt 0.650633 0.088075
vt 0.668418 0.006942
vt 0.665182 0.006350
vt 0.619549 0.019316
vt 0.558374 0.002337
vt 0.554159 0.004697
vt 0.560158 0.004084
vt 0.616217 0.008142
vt 0.618914 0.007953
vt 0.635874 0.007716
vt 0.634128 0.009103
vt 0.634619 0.006959
vt 0.569592 0.002922
vt 0.575348 0.003949
vt 0.663674 0.018606
vt 0.740655 0.159659
vt 0.740768 0.153974
vt 0.578789 0.003982
vt 0.578085 0.003097
vt 0.744103 0.079251
vt 0.745195 0.073555
vt 0.733439 0.193778
vt 0.733907 0.191890
vt 0.641515 0.007923
vt 0.662609 0.006403
vt 0.741614 0.148453
vt 0.741575 0.137229
vt 0.673922 0.006969
vt 0.630501 0.008241
vt 0.614718 0.007792
vt 0.749936 0.115443
vt 0.736918 0.173678
vt 0.738317 0.168798
vt 0.601153 0.055581
vt 0.595555 0.004900
vt 0.593353 0.005064
vt 0.743448 0.084994
vt 0.552108 0.006629
vt 0.560722 0.004190
vt 0.563526 0.002965
vt 0.739555 0.165020
vt 0.671554 0.007050
vt 0.748630 0.120510
vt 0.729905 0.196687
vt 0.714320 0.185874
vt 0.744378 0.092573
vt 0.581695 0.003399
vt 0.621956 0.007052
vt 0.658493 0.005728
vt 0.550181 0.006166
vt 0.545228 0.005981
vt 0.721348 0.255400
vt 0.722392 0.253327
vt 0.722373 0.251311
vt 0.691781 0.265888
vt 0.683447 0.272378
vt 0.709728 0.284649
vt 0.628726 0.190484
vt 0.625954 0.214665
vt 0.647632 0.204225
vt 0.686261 0.192878
vt 0.673360 0.182741
vt 0.676913 0.216510
vt 0.470920 0.010094
vt 0.463930 0.005618
vt 0.461276 0.005556
vt 0.530251 0.119445
vt 0.552326 0.114128
vt 0.532825 0.095472
vt 0.539893 0.041073
vt 0.527949 0.022243
vt 0.612204 0.171285
vt 0.628931 0.165068
vt 0.600108 0.165277
vt 0.643188 0.172389
vt 0.657996 0.185677
vt 0.667854 0.166523
vt 0.561906 0.128200
vt 0.568750 0.138555
vt 0.582415 0.123921
vt 0.514573 0.008772
vt 0.507714 0.004593
vt 0.506312 0.004929
vt 0.599272 0.093300
vt 0.593633 0.077557
vt 0.574064 0.081806
vt 0.505085 0.003159
vt 0.500303 0.005918
vt 0.675272 0.244522
vt 0.655122 0.227082
vt 0.660496 0.244579
vt 0.697253 0.200201
vt 0.711737 0.216922
vt 0.707621 0.308538
vt 0.709470 0.302786
vt 0.702614 0.309516
vt 0.707113 0.258363
vt 0.693814 0.242435
vt 0.437890 0.013319
vt 0.454278 0.006024
vt 0.445500 0.009095
vt 0.671624 0.281041
vt 0.691453 0.288825
vt 0.442229 0.008847
vt 0.444019 0.007405
vt 0.733638 0.195458
vt 0.594703 0.180735
vt 0.598877 0.187010
vt 0.732721 0.196591
vt 0.728333 0.220663
vt 0.728002 0.219312
vt 0.726110 0.224180
vt 0.645132 0.095483
vt 0.560710 0.091599
vt 0.582120 0.112618
vt 0.585798 0.095575
vt 0.540691 0.155131
vt 0.579283 0.148539
vt 0.720905 0.266739
vt 0.721158 0.260856
vt 0.645459 0.139192
vt 0.721904 0.247514
vt 0.704921 0.241234
vt 0.457757 0.025534
vt 0.616661 0.092199
vt 0.618945 0.080651
vt 0.725920 0.225887
vt 0.725682 0.227859
vt 0.539317 0.009247
vt 0.537064 0.005920
vt 0.535580 0.005817
vt 0.628323 0.128732
vt 0.610350 0.118660
vt 0.713365 0.287339
vt 0.714620 0.285395
vt 0.613296 0.101813
vt 0.467334 0.003258
vt 0.466765 0.004601
vt 0.621868 0.175924
vt 0.433502 0.004784
vt 0.706745 0.311112
vt 0.705278 0.312496
vt 0.716276 0.277228
vt 0.718801 0.272569
vt 0.708915 0.296082
vt 0.709411 0.300441
vt 0.661827 0.262412
vt 0.615451 0.153594
vt 0.610369 0.140299
vt 0.711093 0.293521
vt 0.509363 0.036606
vt 0.682607 0.245899
vt 0.610430 0.201939
vt 0.473180 0.002460
vt 0.481056 0.003450
vt 0.478376 0.001644
vt 0.486158 0.007241
vt 0.483846 0.002981
vt 0.447818 0.007653
vt 0.450673 0.006020
vt 0.730387 0.206464
vt 0.733006 0.202894
vt 0.729370 0.208594
vt 0.728275 0.210020
vt 0.722605 0.244869
vt 0.721261 0.241918
vt 0.712521 0.225975
vt 0.694986 0.225675
vt 0.503014 0.003807
vt 0.723720 0.236664
vt 0.724346 0.234317
vt 0.668733 0.157763
vt 0.711025 0.290766
vt 0.635788 0.099663
vt 0.714255 0.205744
vt 0.548561 0.065933
vt 0.526124 0.084290
vt 0.540934 0.075763
vt 0.496767 0.075968
vt 0.459695 0.004389
vt 0.547396 0.086062
vt 0.488258 0.036590
vt 0.416599 0.012645
vt 0.422637 0.004953
vt 0.684466 0.296225
vt 0.439686 0.006388
vt 0.436742 0.005011
vt 0.533595 0.006898
vt 0.544918 0.005968
vt 0.542566 0.004956
vt 0.726797 0.229136
vt 0.727061 0.227881
vt 0.710558 0.298094
vt 0.494955 0.002623
vt 0.491673 0.003098
vt 0.511632 0.063832
vt 0.639457 0.113918
vt 0.636319 0.230595
vt 0.728637 0.216301
vt 0.732844 0.198481
vt 0.521072 0.089072
vt 0.465622 0.005033
vt 0.652225 0.149928
vt 0.715356 0.280251
vt 0.425884 0.003139
vt 0.430696 0.004055
vt 0.581980 0.176361
vt 0.476602 0.000641
vt 0.723286 0.245657
vt 0.722949 0.242592
vt 0.720381 0.238804
vt 0.525887 0.137241
vt 0.529833 0.145940
vt 0.643095 0.160853
vt 0.524951 0.007406
vt 0.539223 0.005508
vt 0.520548 0.007083
vt 0.516446 0.009126
vt 0.530150 0.006379
vt 0.531775 0.005967
vt 0.726882 0.231415
vt 0.454956 0.004160
vt 0.485669 0.065951
vt 0.472319 0.054387
vt 0.715768 0.283705
vt 0.715208 0.282609
vt 0.429767 0.026674
vt 0.470168 0.003259
vt 0.420605 0.004104
vt 0.487132 0.003883
vt 0.434810 0.004358
vt 0.501264 0.002896
vt 0.498274 0.002746
vt 0.713358 0.290628
vt 0.723366 0.250022
vt 0.719635 0.240797
vt 0.716969 0.278499
vt 0.474674 0.000440
vt 0.572056 0.163277
vt 0.643844 0.248934
vt 0.511933 0.006731
vt 0.619124 0.229173
vt 0.480781 0.001761
vt 0.710309 0.302019
vt 0.526935 0.006965
vt 0.374312 0.013235
vt 0.403225 0.003893
vt 0.388181 0.005243
vt 0.434127 0.148714
vt 0.465654 0.134215
vt 0.434331 0.135411
vt 0.462732 0.149283
vt 0.386985 0.003639
vt 0.384410 0.004029
vt 0.429813 0.120545
vt 0.449328 0.115339
vt 0.436778 0.096597
vt 0.703730 0.326878
vt 0.705628 0.321114
vt 0.698239 0.322656
vt 0.398582 0.078498
vt 0.398273 0.082046
vt 0.401118 0.073546
vt 0.589948 0.198060
vt 0.581076 0.192524
vt 0.570670 0.187854
vt 0.640407 0.290903
vt 0.637832 0.290135
vt 0.639154 0.291681
vt 0.637012 0.264989
vt 0.626036 0.249000
vt 0.608582 0.232598
vt 0.606078 0.216184
vt 0.646808 0.285917
vt 0.628432 0.283274
vt 0.630416 0.287883
vt 0.624462 0.280298
vt 0.404239 0.023583
vt 0.397507 0.004258
vt 0.643527 0.292199
vt 0.641952 0.291674
vt 0.391524 0.003881
vt 0.553187 0.240660
vt 0.564336 0.249623
vt 0.579047 0.238604
vt 0.660950 0.305271
vt 0.665358 0.305359
vt 0.659789 0.302623
vt 0.656936 0.299393
vt 0.658462 0.300739
vt 0.667035 0.292439
vt 0.594028 0.226359
vt 0.566799 0.219657
vt 0.557427 0.220171
vt 0.555405 0.194600
vt 0.541694 0.226917
vt 0.570426 0.202289
vt 0.595576 0.265174
vt 0.606419 0.269282
vt 0.609027 0.269125
vt 0.619615 0.279474
vt 0.622357 0.278155
vt 0.619652 0.274869
vt 0.602545 0.268954
vt 0.590309 0.247761
vt 0.598216 0.239754
vt 0.501855 0.134184
vt 0.675298 0.308823
vt 0.673166 0.309358
vt 0.675003 0.310452
vt 0.407960 0.003967
vt 0.461817 0.093405
vt 0.475772 0.088568
vt 0.461869 0.085280
vt 0.401445 0.003830
vt 0.558823 0.250956
vt 0.560714 0.248782
vt 0.554390 0.252758
vt 0.550398 0.254209
vt 0.551590 0.253352
vt 0.607296 0.251235
vt 0.558660 0.230921
vt 0.510341 0.158586
vt 0.528007 0.169358
vt 0.508715 0.192913
vt 0.543830 0.192356
vt 0.532995 0.183334
vt 0.408312 0.040228
vt 0.410723 0.038924
vt 0.407276 0.038630
vt 0.403884 0.038173
vt 0.400051 0.037244
vt 0.397301 0.035292
vt 0.472813 0.110508
vt 0.502574 0.093095
vt 0.381468 0.021127
vt 0.377061 0.014436
vt 0.380035 0.019231
vt 0.371017 0.012766
vt 0.367742 0.008008
vt 0.364532 0.008575
vt 0.503404 0.108920
vt 0.565394 0.251285
vt 0.566758 0.254483
vt 0.568457 0.251791
vt 0.423923 0.089095
vt 0.444443 0.079870
vt 0.439803 0.050307
vt 0.415161 0.046487
vt 0.416112 0.050606
vt 0.498494 0.149390
vt 0.411387 0.041093
vt 0.414263 0.044262
vt 0.489177 0.122709
vt 0.479376 0.142557
vt 0.404037 0.060843
vt 0.401910 0.062249
vt 0.405542 0.062661
vt 0.371613 0.005568
vt 0.374271 0.005557
vt 0.415725 0.054681
vt 0.393226 0.034110
vt 0.389108 0.031154
vt 0.376503 0.004130
vt 0.378912 0.004634
vt 0.365302 0.011977
vt 0.361152 0.011753
vt 0.359888 0.009741
vt 0.356953 0.009948
vt 0.358402 0.007666
vt 0.357053 0.008230
vt 0.457522 0.176121
vt 0.486719 0.183646
vt 0.486831 0.171885
vt 0.418892 0.002261
vt 0.415046 0.004067
vt 0.701210 0.325451
vt 0.694099 0.317776
vt 0.694734 0.320535
vt 0.691151 0.316542
vt 0.690949 0.314207
vt 0.458502 0.123086
vt 0.593102 0.265253
vt 0.593262 0.266906
vt 0.400536 0.069573
vt 0.400289 0.071571
vt 0.399955 0.066732
vt 0.399313 0.069330
vt 0.634076 0.289440
vt 0.636123 0.292220
vt 0.628394 0.285164
vt 0.645622 0.294598
vt 0.649203 0.296297
vt 0.644604 0.293576
vt 0.683998 0.308671
vt 0.616277 0.264838
vt 0.618479 0.268175
vt 0.579905 0.254368
vt 0.572539 0.255175
vt 0.603074 0.271685
vt 0.600072 0.269185
vt 0.670599 0.310952
vt 0.669351 0.307347
vt 0.707090 0.316667
vt 0.589092 0.208695
vt 0.470711 0.077034
vt 0.450382 0.070252
vt 0.385792 0.026552
vt 0.570872 0.256277
vt 0.494914 0.164790
vt 0.519557 0.219147
vt 0.530255 0.210236
vt 0.510948 0.179611
vt 0.505483 0.205483
vt 0.369053 0.006722
vt 0.462692 0.161631
vt 0.445814 0.089260
vt 0.414985 0.058275
vt 0.415250 0.052303
vt 0.554694 0.174273
vt 0.391069 0.033561
vt 0.385921 0.030163
vt 0.386953 0.031791
vt 0.355735 0.011865
vt 0.410208 0.101019
vt 0.397557 0.075550
vt 0.381825 0.003865
vt 0.681665 0.308318
vt 0.678538 0.308113
vt 0.588737 0.260748
vt 0.584787 0.256286
vt 0.584793 0.259244
vt 0.706094 0.326326
vt 0.707025 0.323422
vt 0.659705 0.305563
vt 0.493812 0.085596
vt 0.612500 0.264132
vt 0.576577 0.255899
vt 0.579127 0.256579
vt 0.415165 0.048587
vt 0.413893 0.045796
vt 0.401316 0.037725
vt 0.362731 0.007081
vt 0.360769 0.008383
vt 0.405124 0.003611
vt 0.565393 0.251210
vt 0.583236 0.254526
vt 0.412123 0.003660
vt 0.409346 0.063434
vt 0.687088 0.311380
vt 0.411714 0.060907
vt 0.650986 0.296885
vt 0.653396 0.296738
vt 0.581555 0.255741
vt 0.617553 0.267269
vt 0.667301 0.307057
vt 0.553000 0.253867
vt 0.398722 0.037246
vt 0.412196 0.042630
vt 0.382803 0.027172
vt 0.380254 0.023387
vt 0.410408 0.003029
vt 0.594914 0.267790
vt 0.596459 0.267058
vt 0.595576 0.265187
vt 0.483593 0.194024
vt 0.400642 0.063985
vt 0.389155 0.104981
vt 0.408291 0.127014
vt 0.395958 0.101848
vt 0.397123 0.097831
vt 0.396355 0.095146
vt 0.395112 0.096187
vt 0.491237 0.236604
vt 0.493682 0.238803
vt 0.486367 0.233381
vt 0.487282 0.236082
vt 0.477417 0.223195
vt 0.480400 0.226053
vt 0.482522 0.227134
vt 0.458668 0.188987
vt 0.548375 0.260577
vt 0.538743 0.259430
vt 0.527595 0.247508
vt 0.517153 0.230352
vt 0.394017 0.101323
vt 0.449441 0.215789
vt 0.460572 0.218107
vt 0.458726 0.205257
vt 0.438796 0.209765
vt 0.441277 0.195921
vt 0.467167 0.226738
vt 0.460790 0.225989
vt 0.454319 0.222007
vt 0.443851 0.209888
vt 0.445639 0.211540
vt 0.447160 0.212749
vt 0.429475 0.201262
vt 0.428635 0.198939
vt 0.427321 0.196751
vt 0.424331 0.193929
vt 0.478731 0.204959
vt 0.381758 0.105583
vt 0.381365 0.107352
vt 0.384714 0.105390
vt 0.385824 0.105741
vt 0.431339 0.174853
vt 0.447111 0.163886
vt 0.424042 0.161582
vt 0.411248 0.146776
vt 0.387774 0.149125
vt 0.405140 0.165681
vt 0.434137 0.207138
vt 0.438022 0.209181
vt 0.429579 0.207237
vt 0.383363 0.118937
vt 0.397550 0.086610
vt 0.396870 0.089567
vt 0.407742 0.182341
vt 0.405573 0.178656
vt 0.401079 0.172607
vt 0.414651 0.191145
vt 0.421723 0.192994
vt 0.412465 0.188722
vt 0.409011 0.185249
vt 0.410495 0.187044
vt 0.407665 0.183934
vt 0.392812 0.167918
vt 0.395514 0.168140
vt 0.392546 0.165818
vt 0.388844 0.159794
vt 0.389775 0.164851
vt 0.394057 0.169056
vt 0.416294 0.192408
vt 0.413664 0.190620
vt 0.388764 0.162004
vt 0.538842 0.261072
vt 0.542287 0.261509
vt 0.512324 0.236720
vt 0.517995 0.240251
vt 0.544869 0.261396
vt 0.531877 0.259217
vt 0.533478 0.258379
vt 0.532067 0.256171
vt 0.520465 0.247931
vt 0.523201 0.247466
vt 0.520765 0.244533
vt 0.511586 0.239198
vt 0.513442 0.239467
vt 0.507139 0.237096
vt 0.483858 0.230070
vt 0.478663 0.227030
vt 0.396587 0.092954
vt 0.470896 0.227158
vt 0.469164 0.226773
vt 0.470368 0.228809
vt 0.475882 0.224651
vt 0.473305 0.225763
vt 0.478029 0.224974
vt 0.377798 0.113897
vt 0.380627 0.116354
vt 0.379145 0.109030
vt 0.377569 0.109821
vt 0.456999 0.224321
vt 0.381269 0.118669
vt 0.448280 0.214215
vt 0.383328 0.121859
vt 0.385067 0.124102
vt 0.388026 0.131352
vt 0.386397 0.126345
vt 0.387015 0.127765
vt 0.390139 0.134111
vt 0.386540 0.140287
vt 0.396831 0.155080
vt 0.387079 0.146583
vt 0.385916 0.144020
vt 0.439262 0.210650
vt 0.441721 0.210762
vt 0.436380 0.208715
vt 0.403110 0.176308
vt 0.397772 0.170082
vt 0.387873 0.155675
vt 0.387837 0.154931
vt 0.388792 0.157163
vt 0.535665 0.259242
vt 0.519236 0.242337
vt 0.501956 0.237250
vt 0.488932 0.237739
vt 0.397047 0.100406
vt 0.467772 0.228658
vt 0.388510 0.137343
vt 0.548988 0.257735
vt 0.459168 0.226375
vt 0.452368 0.219584
vt 0.453343 0.221153
vt 0.443448 0.211613
vt 0.388397 0.151233
vt 0.398312 0.171915
vt 0.399241 0.171813
vt 0.387854 0.159065
vt 0.544017 0.262920
vt 0.528596 0.252857
vt 0.528125 0.251082
vt 0.395995 0.087737
vt 0.388706 0.134133
vt 0.390641 0.103244
vt 0.387103 0.105190
vt 0.450193 0.219169
vt 0.449799 0.218155
vt 0.427872 0.198078
vt 0.387710 0.153617
vt 0.432002 0.207776
vt 0.428618 0.204432
vt 0.419598 0.193331
vt 0.395635 0.082413
vt 0.403907 0.178380
vt 0.534329 0.259834
vt 0.526615 0.252908
vt 0.524145 0.248732
vt 0.517176 0.242080
vt 0.546411 0.260650
vt 0.602184 0.371822
vt 0.600924 0.384086
vt 0.611635 0.377793
vt 0.565543 0.283618
vt 0.575899 0.282788
vt 0.581131 0.275152
vt 0.575291 0.321692
vt 0.587485 0.313690
vt 0.575279 0.309339
vt 0.636100 0.393464
vt 0.639631 0.392453
vt 0.639758 0.388689
vt 0.572142 0.271791
vt 0.613744 0.402313
vt 0.600476 0.403441
vt 0.613611 0.406204
vt 0.579501 0.269971
vt 0.581292 0.269275
vt 0.606007 0.392406
vt 0.594926 0.280269
vt 0.588313 0.288040
vt 0.599919 0.285483
vt 0.595356 0.269847
vt 0.596570 0.274102
vt 0.587541 0.269381
vt 0.591338 0.269723
vt 0.632546 0.397020
vt 0.626678 0.396192
vt 0.631824 0.401431
vt 0.594826 0.346524
vt 0.583071 0.350080
vt 0.597268 0.356670
vt 0.595609 0.375745
vt 0.568542 0.272069
vt 0.621981 0.325028
vt 0.615091 0.335507
vt 0.627609 0.337325
vt 0.549809 0.283797
vt 0.557093 0.284773
vt 0.556778 0.277115
vt 0.578234 0.336612
vt 0.585122 0.324003
vt 0.628983 0.381304
vt 0.632525 0.370853
vt 0.623608 0.363355
vt 0.627293 0.405565
vt 0.623437 0.406393
vt 0.586399 0.365596
vt 0.593279 0.365143
vt 0.589630 0.358858
vt 0.618435 0.385401
vt 0.609709 0.312633
vt 0.617511 0.309315
vt 0.614433 0.304174
vt 0.626219 0.357779
vt 0.620724 0.346587
vt 0.611476 0.299043
vt 0.604065 0.298310
vt 0.613317 0.360878
vt 0.607169 0.348980
vt 0.617330 0.339135
vt 0.607081 0.280581
vt 0.599380 0.321733
vt 0.595681 0.328722
vt 0.604688 0.332263
vt 0.611341 0.289584
vt 0.569547 0.292390
vt 0.575846 0.301245
vt 0.609858 0.321427
vt 0.590883 0.304790
vt 0.595676 0.293220
vt 0.604825 0.276542
vt 0.608460 0.408801
vt 0.609870 0.408050
vt 0.607304 0.407990
vt 0.609742 0.281557
vt 0.612506 0.286459
vt 0.566145 0.319742
vt 0.631192 0.348924
vt 0.600346 0.277373
vt 0.605968 0.363944
vt 0.565654 0.303042
vt 0.586238 0.375893
vt 0.641160 0.374218
vt 0.638722 0.368935
vt 0.637243 0.365609
vt 0.557098 0.308537
vt 0.632923 0.351579
vt 0.633068 0.356334
vt 0.629149 0.337168
vt 0.629782 0.345304
vt 0.630253 0.342329
vt 0.635286 0.359818
vt 0.562093 0.272946
vt 0.627624 0.333559
vt 0.621955 0.322089
vt 0.620400 0.319483
vt 0.565153 0.329245
vt 0.619965 0.315775
vt 0.585380 0.268253
vt 0.586753 0.334646
vt 0.635719 0.395856
vt 0.612173 0.407294
vt 0.592856 0.392100
vt 0.641047 0.390567
vt 0.611777 0.281252
vt 0.557168 0.293814
vt 0.598773 0.273069
vt 0.597038 0.270381
vt 0.598673 0.274569
vt 0.553809 0.302692
vt 0.614372 0.327456
vt 0.557812 0.275087
vt 0.642405 0.382861
vt 0.641995 0.379921
vt 0.619526 0.406553
vt 0.642153 0.375088
vt 0.567325 0.271337
vt 0.605620 0.408354
vt 0.603592 0.409199
vt 0.574663 0.270363
vt 0.599956 0.410196
vt 0.541097 0.308079
vt 0.537632 0.291151
vt 0.506369 0.310318
vt 0.527376 0.298249
vt 0.507115 0.289704
vt 0.489754 0.270309
vt 0.486072 0.268350
vt 0.492144 0.273915
vt 0.526368 0.288609
vt 0.531181 0.282773
vt 0.507909 0.279794
vt 0.505818 0.280778
vt 0.509804 0.281504
vt 0.551576 0.278452
vt 0.546448 0.279832
vt 0.573742 0.378858
vt 0.564934 0.366777
vt 0.464761 0.328578
vt 0.495383 0.342876
vt 0.485544 0.318380
vt 0.541726 0.459814
vt 0.543172 0.455593
vt 0.544847 0.445378
vt 0.525312 0.447757
vt 0.567682 0.409870
vt 0.578575 0.422861
vt 0.551906 0.388140
vt 0.575163 0.393219
vt 0.558746 0.431201
vt 0.561876 0.430590
vt 0.564893 0.427644
vt 0.550437 0.312536
vt 0.463275 0.260693
vt 0.465290 0.257092
vt 0.458607 0.253473
vt 0.516784 0.288373
vt 0.514665 0.289634
vt 0.527812 0.328690
vt 0.507847 0.331351
vt 0.538612 0.360403
vt 0.463648 0.255239
vt 0.556792 0.359927
vt 0.462504 0.281293
vt 0.473240 0.305991
vt 0.478451 0.275446
vt 0.541375 0.280374
vt 0.534932 0.283261
vt 0.474913 0.262922
vt 0.588674 0.417100
vt 0.585174 0.415381
vt 0.553139 0.447261
vt 0.553823 0.445197
vt 0.552331 0.434258
vt 0.537753 0.416665
vt 0.496815 0.277369
vt 0.502071 0.276116
vt 0.492236 0.294662
vt 0.521735 0.285741
vt 0.523378 0.283838
vt 0.525848 0.284838
vt 0.480298 0.266338
vt 0.534540 0.471809
vt 0.536038 0.469590
vt 0.532301 0.472418
vt 0.572779 0.425267
vt 0.551827 0.438644
vt 0.552398 0.436540
vt 0.533092 0.384939
vt 0.538308 0.320113
vt 0.541587 0.461944
vt 0.553433 0.440839
vt 0.512152 0.358315
vt 0.487283 0.361989
vt 0.518112 0.381232
vt 0.528566 0.284684
vt 0.512209 0.406082
vt 0.440657 0.264634
vt 0.493132 0.387037
vt 0.586394 0.420823
vt 0.507459 0.424546
vt 0.509500 0.283891
vt 0.509288 0.288172
vt 0.509319 0.285530
vt 0.498710 0.273267
vt 0.499918 0.275169
vt 0.547823 0.450983
vt 0.549403 0.449709
vt 0.470041 0.258879
vt 0.467616 0.257249
vt 0.582316 0.422137
vt 0.588799 0.416742
vt 0.591253 0.412834
vt 0.543394 0.458021
vt 0.595455 0.412713
vt 0.499842 0.275116
vt 0.569991 0.426289
vt 0.454415 0.288134
vt 0.455030 0.252477
vt 0.448617 0.254273
vt 0.451939 0.249989
vt 0.556449 0.433669
vt 0.477476 0.264324
vt 0.476384 0.262721
vt 0.525192 0.478390
vt 0.529097 0.474906
vt 0.368850 0.208814
vt 0.377521 0.206026
vt 0.371721 0.204146
vt 0.465177 0.385755
vt 0.401939 0.246018
vt 0.414959 0.238154
vt 0.403512 0.227232
vt 0.406095 0.222645
vt 0.406477 0.225023
vt 0.425737 0.445632
vt 0.459921 0.440869
vt 0.452743 0.425679
vt 0.403687 0.388225
vt 0.432260 0.383871
vt 0.405481 0.371414
vt 0.464302 0.360101
vt 0.419800 0.236509
vt 0.419130 0.235573
vt 0.380199 0.298418
vt 0.399498 0.269313
vt 0.375308 0.269074
vt 0.473927 0.538043
vt 0.474147 0.543663
vt 0.494189 0.540384
vt 0.510810 0.507262
vt 0.512320 0.516469
vt 0.512590 0.509791
vt 0.387889 0.210437
vt 0.387407 0.208600
vt 0.384977 0.209343
vt 0.356258 0.206083
vt 0.361331 0.216931
vt 0.434445 0.364734
vt 0.428665 0.276684
vt 0.449740 0.307719
vt 0.507256 0.561494
vt 0.503724 0.565330
vt 0.506434 0.563669
vt 0.500080 0.569659
vt 0.506716 0.549408
vt 0.396919 0.217402
vt 0.391518 0.218503
vt 0.402835 0.221487
vt 0.436518 0.487577
vt 0.451457 0.482225
vt 0.438506 0.461224
vt 0.457698 0.467166
vt 0.495360 0.485338
vt 0.479082 0.457119
vt 0.511458 0.540581
vt 0.513776 0.539335
vt 0.512528 0.537926
vt 0.435324 0.321584
vt 0.511978 0.534724
vt 0.494454 0.577490
vt 0.496968 0.574686
vt 0.470499 0.574340
vt 0.512952 0.531765
vt 0.510391 0.529268
vt 0.413312 0.287165
vt 0.417889 0.406572
vt 0.427119 0.238939
vt 0.426287 0.238221
vt 0.426066 0.239738
vt 0.512271 0.519350
vt 0.506076 0.519343
vt 0.512800 0.522035
vt 0.517584 0.490466
vt 0.518250 0.487621
vt 0.511589 0.491443
vt 0.382520 0.208279
vt 0.379170 0.347773
vt 0.416001 0.345463
vt 0.526604 0.477132
vt 0.486269 0.426141
vt 0.501661 0.448595
vt 0.481531 0.404623
vt 0.360071 0.204764
vt 0.358553 0.204440
vt 0.480367 0.591586
vt 0.485515 0.587675
vt 0.469311 0.589149
vt 0.483105 0.590490
vt 0.392936 0.236409
vt 0.365102 0.203451
vt 0.368689 0.205096
vt 0.413213 0.306242
vt 0.489957 0.496239
vt 0.457863 0.495926
vt 0.470545 0.511741
vt 0.511408 0.556268
vt 0.510479 0.551275
vt 0.507901 0.559130
vt 0.432457 0.249740
vt 0.442533 0.246442
vt 0.436237 0.242588
vt 0.446250 0.248793
vt 0.418002 0.233839
vt 0.497718 0.507240
vt 0.512620 0.501805
vt 0.375774 0.203365
vt 0.412032 0.230577
vt 0.414261 0.230079
vt 0.417149 0.230700
vt 0.439731 0.349344
vt 0.419789 0.330143
vt 0.496433 0.577151
vt 0.386265 0.249754
vt 0.491404 0.563112
vt 0.378751 0.216178
vt 0.385377 0.208696
vt 0.516258 0.492814
vt 0.417844 0.246448
vt 0.509010 0.475210
vt 0.522151 0.481653
vt 0.461738 0.411609
vt 0.429712 0.422676
vt 0.504298 0.535254
vt 0.370627 0.203986
vt 0.512598 0.546007
vt 0.511850 0.542743
vt 0.512236 0.525527
vt 0.515007 0.497726
vt 0.406961 0.418950
vt 0.431597 0.241744
vt 0.373061 0.230307
vt 0.450078 0.523659
vt 0.485603 0.528454
vt 0.498573 0.572695
vt 0.366609 0.246010
vt 0.390540 0.212646
vt 0.389479 0.211196
vt 0.366708 0.204104
vt 0.422474 0.239525
vt 0.464023 0.553347
vt 0.451345 0.540608
vt 0.416264 0.229872
vt 0.413025 0.229524
vt 0.408891 0.227553
vt 0.510099 0.558424
vt 0.409719 0.227579
vt 0.411531 0.227660
vt 0.418961 0.230257
vt 0.489468 0.584597
vt 0.396331 0.305093
vt 0.441560 0.387635
vt 0.390918 0.321714
vt 0.513275 0.504472
vt 0.511981 0.548852
vt 0.442163 0.244698
vt 0.440951 0.243353
vt 0.432977 0.242258
vt 0.428511 0.238928
vt 0.378097 0.204627
vt 0.519929 0.486737
vt 0.408010 0.225362
vt 0.362156 0.204496
vt 0.352169 0.230541
vt 0.350628 0.209460
vt 0.477963 0.593258
vt 0.420905 0.238116
vt 0.441961 0.505639
vt 0.373263 0.202281
vt 0.381402 0.206848
vt 0.392266 0.213280
vt 0.524134 0.480258
vt 0.493021 0.581302
vt 0.492154 0.584335
vt 0.365840 0.454743
vt 0.374959 0.429163
vt 0.358066 0.425394
vt 0.347799 0.210046
vt 0.435426 0.581202
vt 0.450831 0.584931
vt 0.442021 0.568735
vt 0.364097 0.397805
vt 0.377813 0.393525
vt 0.372881 0.380656
vt 0.319149 0.243924
vt 0.330859 0.258108
vt 0.335760 0.242053
vt 0.337549 0.327499
vt 0.326767 0.302717
vt 0.313155 0.344727
vt 0.306163 0.302586
vt 0.355394 0.369434
vt 0.359323 0.381082
vt 0.351831 0.348966
vt 0.322520 0.219784
vt 0.327194 0.226534
vt 0.324715 0.219458
vt 0.360928 0.328059
vt 0.357282 0.313861
vt 0.417638 0.531095
vt 0.420023 0.504290
vt 0.377170 0.503447
vt 0.374666 0.477816
vt 0.348193 0.499129
vt 0.335752 0.385392
vt 0.336434 0.349763
vt 0.333859 0.274995
vt 0.351998 0.270468
vt 0.411519 0.464312
vt 0.392623 0.473508
vt 0.413574 0.483240
vt 0.320885 0.262377
vt 0.319192 0.266062
vt 0.322868 0.258938
vt 0.319295 0.250431
vt 0.320625 0.257274
vt 0.358873 0.280900
vt 0.350414 0.473169
vt 0.336335 0.460817
vt 0.337080 0.490291
vt 0.356072 0.509324
vt 0.360956 0.508630
vt 0.368961 0.508178
vt 0.320357 0.231057
vt 0.320036 0.235548
vt 0.321522 0.229031
vt 0.456399 0.599304
vt 0.461118 0.600247
vt 0.452400 0.598263
vt 0.339412 0.428396
vt 0.344868 0.404319
vt 0.334480 0.403388
vt 0.339421 0.304160
vt 0.301052 0.320106
vt 0.292563 0.295554
vt 0.295781 0.306365
vt 0.294901 0.291779
vt 0.298835 0.287960
vt 0.296456 0.290233
vt 0.317385 0.271060
vt 0.313857 0.279939
vt 0.319503 0.433936
vt 0.320541 0.415747
vt 0.331197 0.396914
vt 0.442462 0.592470
vt 0.298286 0.283487
vt 0.303432 0.286462
vt 0.305055 0.282501
vt 0.418547 0.587261
vt 0.428253 0.585685
vt 0.417890 0.578014
vt 0.419816 0.591115
vt 0.425216 0.591802
vt 0.428100 0.592868
vt 0.425681 0.592506
vt 0.432793 0.595134
vt 0.435026 0.596808
vt 0.431308 0.593667
vt 0.435729 0.601754
vt 0.437154 0.602622
vt 0.438826 0.600803
vt 0.435801 0.600303
vt 0.412427 0.585170
vt 0.410518 0.580308
vt 0.410817 0.585253
vt 0.438652 0.545607
vt 0.419663 0.552523
vt 0.419789 0.568882
vt 0.390588 0.457195
vt 0.384436 0.406667
vt 0.434380 0.536064
vt 0.379898 0.333813
vt 0.399748 0.552208
vt 0.399546 0.557022
vt 0.403211 0.563144
vt 0.397519 0.549166
vt 0.396951 0.547121
vt 0.399038 0.510537
vt 0.384022 0.515659
vt 0.389249 0.519825
vt 0.394435 0.535987
vt 0.395458 0.545172
vt 0.394030 0.495364
vt 0.394314 0.540283
vt 0.392252 0.538056
vt 0.393429 0.529791
vt 0.392489 0.534621
vt 0.395708 0.444059
vt 0.387172 0.519574
vt 0.311559 0.282174
vt 0.306686 0.281427
vt 0.310394 0.281538
vt 0.365359 0.509461
vt 0.318761 0.249285
vt 0.317966 0.246432
vt 0.319096 0.225447
vt 0.320719 0.226795
vt 0.332852 0.442211
vt 0.349125 0.501168
vt 0.355304 0.505962
vt 0.307852 0.381514
vt 0.324875 0.363537
vt 0.306181 0.355838
vt 0.295745 0.336263
vt 0.391543 0.419927
vt 0.336082 0.212181
vt 0.332637 0.217734
vt 0.340663 0.210729
vt 0.324434 0.396885
vt 0.313981 0.277020
vt 0.317498 0.268352
vt 0.373525 0.509438
vt 0.378912 0.514115
vt 0.401807 0.542312
vt 0.409354 0.568486
vt 0.435383 0.604035
vt 0.465746 0.600836
vt 0.467314 0.598662
vt 0.395477 0.524570
vt 0.441985 0.598264
vt 0.441084 0.599970
vt 0.345387 0.209358
vt 0.312654 0.278130
vt 0.399682 0.561940
vt 0.470214 0.596940
vt 0.392210 0.535691
vt 0.346628 0.505540
vt 0.353294 0.507002
vt 0.329019 0.215497
vt 0.449533 0.597178
vt 0.326286 0.382033
vt 0.319154 0.264102
vt 0.312250 0.395923
vt 0.304891 0.346691
vt 0.352252 0.208223
vt 0.370827 0.508432
vt 0.409973 0.573220
vt 0.410679 0.575654
vt 0.414606 0.587929
vt 0.417111 0.588672
vt 0.391732 0.526373
vt 0.444389 0.599071
vt 0.325180 0.217563
vt 0.318220 0.240642
vt 0.319113 0.237224
vt 0.458264 0.600718
vt 0.338877 0.210144
vt 0.336682 0.209885
vt 0.410211 0.578026
vt 0.408559 0.574385
vt 0.403751 0.564581
vt 0.406701 0.567136
vt 0.303298 0.350091
vt 0.298466 0.350457
vt 0.283526 0.321528
vt 0.287253 0.302631
vt 0.289109 0.300110
vt 0.339973 0.498381
vt 0.318321 0.490737
vt 0.331679 0.492323
vt 0.322703 0.478656
vt 0.318463 0.470118
vt 0.311346 0.471530
vt 0.312533 0.485963
vt 0.314687 0.460348
vt 0.306982 0.447271
vt 0.305124 0.449372
vt 0.293294 0.292749
vt 0.329609 0.478077
vt 0.307909 0.478323
vt 0.308978 0.481476
vt 0.307382 0.476946
vt 0.303872 0.453161
vt 0.301157 0.458918
vt 0.301321 0.463160
vt 0.301548 0.456238
vt 0.295740 0.371761
vt 0.288537 0.372935
vt 0.291087 0.374636
vt 0.290004 0.370081
vt 0.288787 0.372569
vt 0.282202 0.328077
vt 0.284015 0.332728
vt 0.283591 0.307298
vt 0.279199 0.312583
vt 0.340493 0.503750
vt 0.336877 0.502817
vt 0.339538 0.504481
vt 0.292809 0.383379
vt 0.296880 0.385521
vt 0.292558 0.380875
vt 0.286651 0.351675
vt 0.284266 0.342506
vt 0.312492 0.423895
vt 0.308377 0.418194
vt 0.308910 0.405413
vt 0.307474 0.398614
vt 0.306637 0.395429
vt 0.301198 0.387212
vt 0.306361 0.389335
vt 0.288811 0.296613
vt 0.288781 0.298624
vt 0.345175 0.504970
vt 0.344234 0.504003
vt 0.326335 0.499109
vt 0.328005 0.499045
vt 0.324751 0.495558
vt 0.325648 0.497816
vt 0.332025 0.502134
vt 0.315839 0.492064
vt 0.308533 0.442766
vt 0.300224 0.474792
vt 0.305474 0.475629
vt 0.287515 0.357222
vt 0.289011 0.357660
vt 0.287123 0.355131
vt 0.310002 0.428311
vt 0.307162 0.425058
vt 0.307784 0.422723
vt 0.307152 0.421630
vt 0.285272 0.348139
vt 0.283318 0.337901
vt 0.282874 0.331941
vt 0.280567 0.323463
vt 0.300822 0.379423
vt 0.289509 0.379235
vt 0.284149 0.304421
vt 0.306637 0.402448
vt 0.342242 0.504434
vt 0.323620 0.495643
vt 0.329468 0.500472
vt 0.313218 0.489280
vt 0.309266 0.434206
vt 0.308841 0.431959
vt 0.301047 0.466553
vt 0.299628 0.464248
vt 0.299814 0.461011
vt 0.290773 0.367839
vt 0.283122 0.335281
vt 0.290820 0.381421
vt 0.308068 0.413047
vt 0.307011 0.441029
vt 0.336448 0.503914
vt 0.302928 0.475624
vt 0.299989 0.468756
vt 0.291747 0.369566
vt 0.289599 0.361865
vt 0.288490 0.376804
vt 0.307429 0.414295
vt 0.306587 0.411283
vt 0.306377 0.403351
vt 0.374364 0.540663
vt 0.379875 0.539267
vt 0.378937 0.535265
vt 0.376410 0.535324
vt 0.346129 0.531762
vt 0.367119 0.539385
vt 0.359594 0.525302
vt 0.388051 0.548865
vt 0.384718 0.551753
vt 0.386958 0.552382
vt 0.385500 0.555396
vt 0.376067 0.552494
vt 0.383822 0.555973
vt 0.374952 0.533589
vt 0.374413 0.532514
vt 0.372848 0.535063
vt 0.366458 0.590446
vt 0.372791 0.583224
vt 0.374417 0.579060
vt 0.370835 0.533457
vt 0.371438 0.551773
vt 0.364814 0.530504
vt 0.380107 0.564588
vt 0.385050 0.558700
vt 0.386797 0.565318
vt 0.386772 0.563132
vt 0.388510 0.568090
vt 0.389645 0.565801
vt 0.386710 0.569906
vt 0.387616 0.571951
vt 0.388676 0.570698
vt 0.378484 0.575451
vt 0.376259 0.577070
vt 0.381259 0.575605
vt 0.355129 0.520589
vt 0.349016 0.517835
vt 0.349570 0.516682
vt 0.347300 0.515783
vt 0.363934 0.550328
vt 0.360813 0.543300
vt 0.348503 0.544687
vt 0.355897 0.550519
vt 0.360208 0.558436
vt 0.361126 0.528834
vt 0.361866 0.526507
vt 0.352700 0.539792
vt 0.361914 0.569517
vt 0.356476 0.563906
vt 0.388239 0.542797
vt 0.390103 0.547439
vt 0.390726 0.544490
vt 0.356392 0.520534
vt 0.370957 0.559669
vt 0.373872 0.580765
vt 0.375794 0.534058
vt 0.386463 0.560560
vt 0.387719 0.563652
vt 0.370531 0.586942
vt 0.382917 0.572662
vt 0.363112 0.528787
vt 0.382661 0.539424
vt 0.384991 0.538817
vt 0.392396 0.547490
vt 0.352925 0.518735
vt 0.270932 0.506949
vt 0.267673 0.492000
vt 0.257909 0.514085
vt 0.256794 0.553128
vt 0.282355 0.521033
vt 0.254403 0.539569
vt 0.256874 0.477555
vt 0.268819 0.480481
vt 0.264674 0.478546
vt 0.276054 0.585352
vt 0.289161 0.556343
vt 0.270288 0.578309
vt 0.302183 0.525918
vt 0.297424 0.520784
vt 0.315667 0.564702
vt 0.332309 0.549841
vt 0.325793 0.540223
vt 0.356429 0.581492
vt 0.364804 0.596079
vt 0.366241 0.594450
vt 0.314576 0.619466
vt 0.285576 0.634054
vt 0.290825 0.635556
vt 0.338158 0.580703
vt 0.324432 0.577630
vt 0.328331 0.590748
vt 0.278153 0.499035
vt 0.334170 0.637128
vt 0.344907 0.632605
vt 0.344709 0.623722
vt 0.341831 0.637163
vt 0.343680 0.635791
vt 0.330363 0.651913
vt 0.326892 0.642690
vt 0.314528 0.643282
vt 0.331084 0.670606
vt 0.323860 0.672084
vt 0.331169 0.671280
vt 0.272415 0.482429
vt 0.306328 0.639968
vt 0.300775 0.650903
vt 0.340346 0.537618
vt 0.295449 0.492179
vt 0.297881 0.491715
vt 0.296009 0.490169
vt 0.288381 0.495929
vt 0.293140 0.510319
vt 0.350626 0.572555
vt 0.345062 0.562327
vt 0.336931 0.563909
vt 0.304510 0.495185
vt 0.310001 0.505780
vt 0.312252 0.497344
vt 0.355037 0.609028
vt 0.350671 0.600247
vt 0.352828 0.613530
vt 0.321556 0.500829
vt 0.315925 0.498932
vt 0.332731 0.522993
vt 0.292758 0.491603
vt 0.347643 0.623148
vt 0.348888 0.621065
vt 0.318675 0.517977
vt 0.317308 0.535661
vt 0.305945 0.553182
vt 0.317217 0.578020
vt 0.328757 0.567851
vt 0.351731 0.582776
vt 0.351417 0.589949
vt 0.322302 0.594134
vt 0.322966 0.623079
vt 0.328008 0.632388
vt 0.335254 0.657165
vt 0.332603 0.658626
vt 0.334987 0.658748
vt 0.338123 0.643055
vt 0.340806 0.648152
vt 0.342196 0.647015
vt 0.340296 0.649497
vt 0.337563 0.654520
vt 0.318608 0.696927
vt 0.316730 0.694970
vt 0.316776 0.699773
vt 0.301447 0.605414
vt 0.287751 0.571902
vt 0.293153 0.552685
vt 0.328479 0.512032
vt 0.329382 0.663578
vt 0.311930 0.667087
vt 0.343441 0.638510
vt 0.342493 0.639362
vt 0.339250 0.509284
vt 0.324729 0.504448
vt 0.331695 0.506292
vt 0.337451 0.507002
vt 0.342947 0.593245
vt 0.250981 0.487090
vt 0.273142 0.516412
vt 0.337887 0.608995
vt 0.360201 0.602805
vt 0.355866 0.595147
vt 0.357937 0.606033
vt 0.356830 0.607689
vt 0.359323 0.605517
vt 0.279718 0.541240
vt 0.260419 0.569704
vt 0.347399 0.514222
vt 0.344007 0.513140
vt 0.304145 0.673129
vt 0.323891 0.680808
vt 0.346230 0.627345
vt 0.308089 0.495015
vt 0.286360 0.492994
vt 0.285853 0.503162
vt 0.279119 0.486750
vt 0.274313 0.482711
vt 0.337174 0.657256
vt 0.316711 0.654128
vt 0.284406 0.492410
vt 0.327880 0.506523
vt 0.343304 0.640964
vt 0.342178 0.642609
vt 0.330705 0.661060
vt 0.330618 0.662707
vt 0.330349 0.665982
vt 0.332162 0.668264
vt 0.331615 0.666222
vt 0.289322 0.588102
vt 0.352012 0.616129
vt 0.353210 0.614679
vt 0.312672 0.680166
vt 0.319914 0.689472
vt 0.323122 0.685877
vt 0.316988 0.692050
vt 0.335195 0.600173
vt 0.302768 0.493353
vt 0.255296 0.475072
vt 0.252373 0.472337
vt 0.364828 0.598149
vt 0.363011 0.600274
vt 0.324220 0.684760
vt 0.326866 0.677923
vt 0.259633 0.476931
vt 0.288042 0.492344
vt 0.279475 0.590519
vt 0.302687 0.661103
vt 0.350132 0.619007
vt 0.270956 0.480886
vt 0.346961 0.625631
vt 0.361358 0.601268
vt 0.280759 0.488640
vt 0.315877 0.702728
vt 0.317106 0.702038
vt 0.354146 0.610950
vt 0.249335 0.471425
vt 0.175306 0.547799
vt 0.209249 0.545556
vt 0.186088 0.528949
vt 0.265076 0.639039
vt 0.275675 0.619127
vt 0.263367 0.626769
vt 0.292180 0.770783
vt 0.294881 0.762879
vt 0.296448 0.755229
vt 0.290639 0.662830
vt 0.188904 0.565900
vt 0.241345 0.596869
vt 0.145177 0.452037
vt 0.160675 0.471420
vt 0.165185 0.457430
vt 0.273536 0.607967
vt 0.281132 0.656413
vt 0.285741 0.654279
vt 0.208852 0.457398
vt 0.216264 0.456924
vt 0.212397 0.456484
vt 0.211813 0.463092
vt 0.221752 0.464499
vt 0.256645 0.650627
vt 0.260825 0.666834
vt 0.286025 0.676407
vt 0.302340 0.687468
vt 0.191628 0.506517
vt 0.178278 0.499642
vt 0.299206 0.752887
vt 0.299044 0.751223
vt 0.115708 0.444280
vt 0.124063 0.438385
vt 0.117396 0.438237
vt 0.281650 0.776772
vt 0.287134 0.779454
vt 0.285530 0.780861
vt 0.230442 0.492215
vt 0.216299 0.502482
vt 0.216185 0.523661
vt 0.162985 0.446096
vt 0.160567 0.446437
vt 0.164179 0.448123
vt 0.139744 0.476859
vt 0.157814 0.515957
vt 0.161295 0.551892
vt 0.205645 0.572900
vt 0.223942 0.564752
vt 0.250593 0.622425
vt 0.309577 0.703337
vt 0.311246 0.714460
vt 0.312590 0.712577
vt 0.246959 0.749805
vt 0.274120 0.724101
vt 0.243999 0.726215
vt 0.266567 0.753896
vt 0.280966 0.798762
vt 0.282386 0.794620
vt 0.279906 0.801769
vt 0.187020 0.453073
vt 0.184932 0.454489
vt 0.190048 0.454199
vt 0.192721 0.455588
vt 0.134205 0.439712
vt 0.143028 0.438562
vt 0.136753 0.439163
vt 0.297899 0.724292
vt 0.286586 0.709380
vt 0.185653 0.621954
vt 0.202135 0.632611
vt 0.204080 0.595604
vt 0.210282 0.642580
vt 0.226961 0.626163
vt 0.203063 0.456955
vt 0.200614 0.465843
vt 0.200067 0.510727
vt 0.214865 0.473060
vt 0.250388 0.682392
vt 0.238790 0.698237
vt 0.239393 0.718483
vt 0.281954 0.789076
vt 0.283906 0.782139
vt 0.283187 0.784577
vt 0.237136 0.516081
vt 0.238872 0.543379
vt 0.152367 0.439335
vt 0.148647 0.439010
vt 0.157409 0.443342
vt 0.227093 0.465446
vt 0.224040 0.460783
vt 0.181263 0.465134
vt 0.135411 0.489421
vt 0.127098 0.449115
vt 0.303381 0.737270
vt 0.304495 0.735215
vt 0.303236 0.743415
vt 0.303991 0.741011
vt 0.188940 0.481619
vt 0.288441 0.778430
vt 0.289924 0.777745
vt 0.206482 0.470476
vt 0.201122 0.487952
vt 0.261939 0.813590
vt 0.276272 0.803901
vt 0.255330 0.795393
vt 0.295162 0.765233
vt 0.294670 0.768392
vt 0.250346 0.667722
vt 0.231013 0.670799
vt 0.228171 0.589540
vt 0.315491 0.706044
vt 0.299452 0.748378
vt 0.295231 0.744677
vt 0.247006 0.645535
vt 0.300771 0.749225
vt 0.302151 0.745464
vt 0.246080 0.470550
vt 0.247641 0.469916
vt 0.180267 0.452645
vt 0.183158 0.451870
vt 0.196114 0.454653
vt 0.198767 0.457563
vt 0.257137 0.699038
vt 0.220633 0.459286
vt 0.187820 0.591566
vt 0.293490 0.736383
vt 0.285572 0.744321
vt 0.296301 0.758769
vt 0.314924 0.708412
vt 0.308273 0.724470
vt 0.311077 0.716908
vt 0.310508 0.721305
vt 0.174025 0.451478
vt 0.167538 0.449550
vt 0.276074 0.805969
vt 0.304499 0.734938
vt 0.305070 0.731158
vt 0.233222 0.478613
vt 0.238289 0.467547
vt 0.235277 0.466519
vt 0.232647 0.466630
vt 0.299994 0.750882
vt 0.218360 0.699891
vt 0.218927 0.456346
vt 0.157081 0.440678
vt 0.285438 0.781109
vt 0.144237 0.527986
vt 0.313520 0.710043
vt 0.214406 0.669708
vt 0.311350 0.718554
vt 0.278388 0.803603
vt 0.223720 0.580316
vt 0.206136 0.456083
vt 0.296057 0.763643
vt 0.145633 0.437454
vt 0.230805 0.465277
vt 0.120249 0.438019
vt 0.131193 0.439113
vt 0.128133 0.437627
vt 0.141193 0.437901
vt 0.172049 0.449056
vt 0.308435 0.728725
vt 0.177943 0.451240
vt 0.243083 0.468346
vt 0.291739 0.774262
vt 0.155749 0.655228
vt 0.185260 0.647931
vt 0.087006 0.435458
vt 0.083482 0.438595
vt 0.088271 0.436406
vt 0.153399 0.678369
vt 0.169537 0.679848
vt 0.173765 0.694141
vt 0.196670 0.668998
vt 0.096305 0.565062
vt 0.095962 0.560913
vt 0.094817 0.562457
vt 0.133437 0.605430
vt 0.138063 0.589544
vt 0.124451 0.582175
vt 0.271744 0.815198
vt 0.270308 0.815880
vt 0.268924 0.821203
vt 0.269948 0.818467
vt 0.269512 0.819537
vt 0.101418 0.588400
vt 0.103898 0.584572
vt 0.101744 0.586265
vt 0.118698 0.613435
vt 0.106202 0.620515
vt 0.129783 0.623959
vt 0.134188 0.684258
vt 0.237693 0.797836
vt 0.231669 0.781192
vt 0.233389 0.796128
vt 0.241254 0.802318
vt 0.243136 0.799707
vt 0.103655 0.580896
vt 0.112408 0.580553
vt 0.103133 0.575293
vt 0.220069 0.750046
vt 0.227513 0.732304
vt 0.211906 0.729021
vt 0.209998 0.766443
vt 0.203282 0.790286
vt 0.218283 0.766502
vt 0.235556 0.714905
vt 0.225378 0.764151
vt 0.205528 0.798927
vt 0.218045 0.806528
vt 0.220975 0.805643
vt 0.222358 0.805122
vt 0.225547 0.752281
vt 0.106778 0.566972
vt 0.098059 0.533314
vt 0.096566 0.536843
vt 0.251898 0.794696
vt 0.249161 0.796515
vt 0.274281 0.811138
vt 0.096488 0.442156
vt 0.104154 0.439350
vt 0.100980 0.439252
vt 0.125124 0.531153
vt 0.118337 0.493838
vt 0.160679 0.764810
vt 0.185880 0.741006
vt 0.169680 0.732359
vt 0.255531 0.808286
vt 0.257159 0.809114
vt 0.258465 0.809826
vt 0.275887 0.809508
vt 0.095221 0.504246
vt 0.107714 0.508995
vt 0.097773 0.492385
vt 0.224963 0.801278
vt 0.226933 0.799374
vt 0.228563 0.797910
vt 0.217323 0.809364
vt 0.218344 0.807715
vt 0.075173 0.446952
vt 0.080983 0.453948
vt 0.085575 0.456068
vt 0.087603 0.458691
vt 0.086663 0.462034
vt 0.088159 0.464228
vt 0.093109 0.477782
vt 0.104624 0.474119
vt 0.090222 0.475649
vt 0.080093 0.438501
vt 0.077508 0.443015
vt 0.199734 0.785928
vt 0.197563 0.758196
vt 0.183685 0.790284
vt 0.096425 0.543817
vt 0.095424 0.557383
vt 0.145219 0.568187
vt 0.098480 0.525609
vt 0.106921 0.535372
vt 0.096492 0.520828
vt 0.256477 0.804964
vt 0.263010 0.816218
vt 0.264142 0.817319
vt 0.193585 0.705606
vt 0.151716 0.612984
vt 0.165222 0.610098
vt 0.144197 0.645819
vt 0.164463 0.628005
vt 0.154228 0.703732
vt 0.099022 0.529844
vt 0.097508 0.530788
vt 0.094816 0.554829
vt 0.094848 0.551936
vt 0.119476 0.560067
vt 0.099705 0.569235
vt 0.165887 0.575673
vt 0.096035 0.438333
vt 0.093617 0.437930
vt 0.185424 0.613170
vt 0.100610 0.590975
vt 0.122967 0.637230
vt 0.143943 0.633672
vt 0.236569 0.745551
vt 0.231058 0.739027
vt 0.135939 0.544800
vt 0.246754 0.798045
vt 0.100839 0.439235
vt 0.098805 0.436988
vt 0.095141 0.539851
vt 0.251554 0.795820
vt 0.179201 0.773914
vt 0.078183 0.453305
vt 0.075782 0.452277
vt 0.076982 0.454108
vt 0.207293 0.810275
vt 0.208872 0.808848
vt 0.082938 0.456117
vt 0.087868 0.466539
vt 0.089886 0.467441
vt 0.093356 0.479626
vt 0.107012 0.437679
vt 0.113531 0.597376
vt 0.094216 0.481374
vt 0.096747 0.486376
vt 0.215102 0.810263
vt 0.212868 0.811227
vt 0.214122 0.811571
vt 0.092753 0.510296
vt 0.261116 0.815878
vt 0.093946 0.516218
vt 0.091231 0.436368
vt 0.101076 0.593777
vt 0.223745 0.803485
vt 0.141326 0.710402
vt 0.238259 0.800040
vt 0.239499 0.801406
vt 0.103072 0.583213
vt 0.101063 0.572338
vt 0.231778 0.795766
vt 0.128437 0.661639
vt 0.156061 0.724637
vt 0.229636 0.797049
vt 0.183416 0.803917
vt 0.273073 0.813289
vt 0.274199 0.813009
vt 0.096406 0.501444
vt 0.096176 0.494619
vt 0.078220 0.440830
vt 0.097031 0.490060
vt 0.254250 0.795136
vt 0.094242 0.503984
vt 0.258897 0.812253
vt 0.259840 0.813754
vt 0.109959 0.438351
vt 0.095028 0.519010
vt 0.098663 0.527971
vt 0.094404 0.549566
vt 0.093660 0.546848
vt 0.266465 0.822347
vt 0.267281 0.823959
vt 0.101758 0.602630
vt 0.102698 0.604822
vt 0.097453 0.567223
vt 0.099863 0.570808
vt 0.235479 0.797610
vt 0.096445 0.534177
vt 0.243250 0.801408
vt 0.073630 0.445078
vt 0.074561 0.449513
vt 0.096469 0.487937
vt 0.090634 0.472744
vt 0.253182 0.794933
vt 0.255531 0.803042
vt 0.257753 0.811200
vt 0.091653 0.507604
vt 0.081442 0.437067
vt 0.264026 0.818928
vt 0.265018 0.820507
vt 0.085251 0.729011
vt 0.093227 0.738455
vt 0.099080 0.711256
vt 0.155930 0.821506
vt 0.161470 0.823549
vt 0.164741 0.805202
vt 0.144108 0.808077
vt 0.154698 0.790242
vt 0.133746 0.783862
vt 0.122736 0.742817
vt 0.135280 0.750675
vt 0.165646 0.824049
vt 0.168015 0.822893
vt 0.167164 0.824409
vt 0.144391 0.765884
vt 0.174208 0.822037
vt 0.106537 0.608291
vt 0.107779 0.612622
vt 0.108325 0.610252
vt 0.106162 0.765878
vt 0.130331 0.765038
vt 0.102976 0.627385
vt 0.148997 0.745343
vt 0.200580 0.813414
vt 0.201350 0.812976
vt 0.193597 0.807500
vt 0.155606 0.825045
vt 0.158060 0.825265
vt 0.104925 0.678928
vt 0.121003 0.679143
vt 0.103052 0.658042
vt 0.117240 0.698958
vt 0.126392 0.716016
vt 0.104389 0.637971
vt 0.099365 0.630974
vt 0.094435 0.642747
vt 0.094409 0.634532
vt 0.093168 0.636716
vt 0.103313 0.765281
vt 0.100623 0.764399
vt 0.085926 0.669022
vt 0.086345 0.672206
vt 0.086624 0.667032
vt 0.090077 0.679765
vt 0.087036 0.674354
vt 0.109530 0.774981
vt 0.107477 0.774499
vt 0.111053 0.777812
vt 0.142201 0.823328
vt 0.153500 0.825906
vt 0.140863 0.821164
vt 0.140387 0.822530
vt 0.143294 0.826306
vt 0.145709 0.826377
vt 0.142963 0.824696
vt 0.119557 0.788143
vt 0.120784 0.789751
vt 0.121561 0.790526
vt 0.124054 0.793820
vt 0.105612 0.739921
vt 0.127294 0.800797
vt 0.128931 0.804255
vt 0.125656 0.793981
vt 0.089214 0.696309
vt 0.086403 0.658006
vt 0.087344 0.658420
vt 0.087452 0.656031
vt 0.087096 0.662324
vt 0.087164 0.660237
vt 0.090069 0.650678
vt 0.087936 0.652965
vt 0.087190 0.703539
vt 0.088898 0.697838
vt 0.093688 0.646067
vt 0.092247 0.648355
vt 0.085864 0.711193
vt 0.197328 0.815210
vt 0.198988 0.813449
vt 0.168563 0.787108
vt 0.181570 0.819705
vt 0.100890 0.600970
vt 0.102779 0.606836
vt 0.186015 0.819036
vt 0.176451 0.821637
vt 0.179136 0.820978
vt 0.177676 0.822444
vt 0.160021 0.824123
vt 0.151206 0.827961
vt 0.153509 0.827493
vt 0.104942 0.768852
vt 0.106318 0.772777
vt 0.090135 0.683935
vt 0.090248 0.688948
vt 0.116786 0.786462
vt 0.121960 0.792079
vt 0.124075 0.795172
vt 0.126590 0.798995
vt 0.138294 0.817450
vt 0.136108 0.815559
vt 0.149248 0.829184
vt 0.150492 0.829730
vt 0.104636 0.623556
vt 0.091197 0.648517
vt 0.088491 0.697021
vt 0.191754 0.818286
vt 0.193608 0.818012
vt 0.194872 0.816575
vt 0.100257 0.597494
vt 0.100860 0.602571
vt 0.085602 0.706270
vt 0.083590 0.710381
vt 0.107103 0.615631
vt 0.106584 0.613307
vt 0.105667 0.616681
vt 0.189041 0.821269
vt 0.190374 0.819920
vt 0.170392 0.823228
vt 0.183525 0.819579
vt 0.112970 0.784241
vt 0.085295 0.724302
vt 0.086599 0.719384
vt 0.181049 0.821147
vt 0.111400 0.784117
vt 0.112546 0.781618
vt 0.205502 0.811405
vt 0.095937 0.632823
vt 0.131556 0.808753
vt 0.086858 0.665223
vt 0.087500 0.654710
vt 0.085271 0.671086
vt 0.088227 0.677788
vt 0.102337 0.624280
vt 0.118142 0.788076
vt 0.128979 0.806601
vt 0.091243 0.634063
vt 0.134601 0.813301
vt 0.139446 0.820075
vt 0.147090 0.827868
vt 0.087556 0.699729
vt 0.083828 0.733393
vt 0.085523 0.716825
vt 0.084322 0.714549
vt 0.089921 0.758318
vt 0.094601 0.633087
vt 0.113246 0.785477
vt 0.127907 0.803178
vt 0.133108 0.812052
vt 0.138426 0.818607
vt 0.092874 0.641472
vt 0.086518 0.676185
vt 0.088789 0.681981
vt 0.093687 0.646066
vt 0.092058 0.645988
vt 0.092017 0.647360
vt 0.089801 0.694317
vt 0.089420 0.693032
vt 0.105022 0.619450
vt 0.083726 0.736271
vt 0.082076 0.747532
vt 0.084584 0.752853
vt 0.093462 0.762150
vt 0.094784 0.763726
vt 0.091264 0.759318
vt 0.084737 0.755002
vt 0.082506 0.740597
vt 0.083175 0.741801
vt 0.082824 0.739198
vt 0.082812 0.743412
vt 0.084014 0.743914
vt 0.097562 0.764447
vt 0.083794 0.738256
vt 0.091569 0.761062
vt 0.797320 0.421870
vt 0.805319 0.421301
vt 0.796522 0.418851
vt 0.829862 0.428939
vt 0.837725 0.432063
vt 0.839414 0.430059
vt 0.802500 0.425690
vt 0.830202 0.421696
vt 0.817315 0.417896
vt 0.808100 0.410353
vt 0.835355 0.450495
vt 0.836643 0.449136
vt 0.830472 0.446794
vt 0.835639 0.445559
vt 0.834686 0.444160
vt 0.833597 0.440986
vt 0.833548 0.438947
vt 0.824754 0.446810
vt 0.823559 0.444918
vt 0.823791 0.438859
vt 0.814700 0.429339
vt 0.813934 0.436196
vt 0.816166 0.444860
vt 0.812638 0.434951
vt 0.811485 0.433195
vt 0.811751 0.434641
vt 0.799534 0.425745
vt 0.797087 0.423491
vt 0.807536 0.427930
vt 0.809121 0.430142
vt 0.834101 0.435347
vt 0.852073 0.427282
vt 0.854619 0.425195
vt 0.850177 0.427631
vt 0.855565 0.423454
vt 0.856658 0.415834
vt 0.848645 0.429461
vt 0.847364 0.430194
vt 0.843741 0.430665
vt 0.804054 0.428068
vt 0.841449 0.431749
vt 0.840916 0.409444
vt 0.844902 0.431802
vt 0.846254 0.431252
vt 0.859219 0.422865
vt 0.857656 0.424027
vt 0.795964 0.420593
vt 0.830608 0.450190
vt 0.828262 0.448360
vt 0.816739 0.446662
vt 0.820436 0.446053
vt 0.835461 0.447252
vt 0.831300 0.451417
vt 0.831955 0.452909
vt 0.834022 0.452641
vt 0.795214 0.416954
vt 0.815445 0.442414
vt 0.809261 0.431562
vt 0.795058 0.418258
vt 0.880756 0.415976
vt 0.882346 0.414415
vt 0.878121 0.415550
vt 0.866011 0.411674
vt 0.883052 0.410664
vt 0.882418 0.408555
vt 0.839087 0.393170
vt 0.828313 0.398495
vt 0.788361 0.391403
vt 0.788586 0.393979
vt 0.790614 0.394198
vt 0.854824 0.390454
vt 0.849700 0.399556
vt 0.868558 0.400908
vt 0.888133 0.396597
vt 0.884907 0.403740
vt 0.888723 0.401493
vt 0.824330 0.394679
vt 0.837663 0.386793
vt 0.792078 0.396183
vt 0.803404 0.388318
vt 0.755115 0.306425
vt 0.753196 0.297071
vt 0.750576 0.300168
vt 0.872730 0.339858
vt 0.864321 0.357836
vt 0.877531 0.350341
vt 0.777286 0.375524
vt 0.776092 0.373622
vt 0.775399 0.375253
vt 0.777940 0.377196
vt 0.780722 0.377825
vt 0.848384 0.339855
vt 0.855538 0.329399
vt 0.746623 0.326431
vt 0.745311 0.319610
vt 0.746157 0.323947
vt 0.745841 0.313377
vt 0.852384 0.354281
vt 0.753399 0.323916
vt 0.807532 0.350254
vt 0.820753 0.348931
vt 0.807393 0.345570
vt 0.790096 0.381911
vt 0.789745 0.371732
vt 0.783224 0.382078
vt 0.847815 0.381079
vt 0.912172 0.394662
vt 0.914879 0.391922
vt 0.904901 0.385993
vt 0.803112 0.376302
vt 0.805057 0.370145
vt 0.838944 0.345481
vt 0.847191 0.350896
vt 0.895625 0.372477
vt 0.890648 0.353385
vt 0.879748 0.365070
vt 0.865762 0.372215
vt 0.879315 0.355911
vt 0.813551 0.360301
vt 0.813304 0.367326
vt 0.818763 0.361081
vt 0.882435 0.387876
vt 0.928725 0.382255
vt 0.931130 0.382257
vt 0.930666 0.381079
vt 0.929833 0.383041
vt 0.928635 0.380338
vt 0.934274 0.096213
vt 0.950428 0.077782
vt 0.938031 0.053333
vt 0.978715 0.094493
vt 0.981122 0.092019
vt 0.982122 0.082014
vt 0.983620 0.095001
vt 0.983678 0.095162
vt 0.986773 0.103767
vt 0.985139 0.096971
vt 0.805129 0.360285
vt 0.804135 0.367054
vt 0.904273 0.012276
vt 0.898175 0.011516
vt 0.906852 0.015126
vt 0.896251 0.020343
vt 0.895452 0.010693
vt 0.943060 0.110728
vt 0.962641 0.088239
vt 0.878080 0.019823
vt 0.886740 0.041634
vt 0.882063 0.019052
vt 0.826669 0.030863
vt 0.832162 0.028051
vt 0.829800 0.027776
vt 0.803924 0.042207
vt 0.816764 0.036957
vt 0.814295 0.036261
vt 0.858098 0.057738
vt 0.857670 0.032517
vt 0.846675 0.038355
vt 0.847596 0.024101
vt 0.870063 0.024303
vt 0.856741 0.023352
vt 0.852851 0.022185
vt 0.899246 0.065092
vt 0.885257 0.080402
vt 0.907090 0.082362
vt 0.877158 0.055557
vt 0.876099 0.069792
vt 0.882356 0.068820
vt 0.865142 0.048248
vt 0.872345 0.074492
vt 0.964625 0.127280
vt 0.977104 0.136806
vt 0.976992 0.130315
vt 0.976705 0.140316
vt 0.981165 0.160859
vt 0.981193 0.151309
vt 0.979868 0.148916
vt 0.828073 0.038235
vt 0.829302 0.056100
vt 0.962671 0.051565
vt 0.950584 0.013332
vt 0.984904 0.109134
vt 0.982702 0.110291
vt 0.745356 0.329249
vt 0.748219 0.338257
vt 0.874917 0.037216
vt 0.864482 0.031792
vt 0.867972 0.363859
vt 0.854868 0.374790
vt 0.955048 0.002924
vt 0.952284 0.005728
vt 0.961455 0.004032
vt 0.980742 0.033386
vt 0.981669 0.039665
vt 0.983395 0.035542
vt 0.983489 0.044869
vt 0.984439 0.048481
vt 0.987277 0.067923
vt 0.989025 0.064916
vt 0.989348 0.062064
vt 0.841178 0.350287
vt 0.838450 0.358491
vt 0.965168 0.002957
vt 0.965605 0.006279
vt 0.826530 0.351878
vt 0.744794 0.307365
vt 0.746402 0.304575
vt 0.938337 0.007858
vt 0.938957 0.012426
vt 0.941497 0.006961
vt 0.946416 0.006685
vt 0.973029 0.026097
vt 0.970911 0.024832
vt 0.986864 0.073896
vt 0.942425 0.364244
vt 0.934827 0.379031
vt 0.936331 0.378133
vt 0.936139 0.361056
vt 0.937753 0.377309
vt 0.799200 0.346361
vt 0.788951 0.335501
vt 0.779752 0.344529
vt 0.957785 0.155844
vt 0.977609 0.145598
vt 0.931741 0.007378
vt 0.922619 0.006148
vt 0.910915 0.012388
vt 0.773295 0.336349
vt 0.765533 0.346495
vt 0.778690 0.338594
vt 0.919100 0.034958
vt 0.810394 0.047368
vt 0.847750 0.069726
vt 0.860781 0.422843
vt 0.984476 0.106583
vt 0.977583 0.126330
vt 0.977412 0.122848
vt 0.977648 0.128574
vt 0.899334 0.398844
vt 0.902704 0.398551
vt 0.977553 0.142734
vt 0.966922 0.166457
vt 0.979210 0.163345
vt 0.980297 0.146917
vt 0.977081 0.166243
vt 0.809048 0.331874
vt 0.796808 0.328066
vt 0.820987 0.335440
vt 0.981353 0.154857
vt 0.981531 0.112816
vt 0.803811 0.404168
vt 0.793379 0.412845
vt 0.964945 0.014519
vt 0.966001 0.008779
vt 0.967839 0.019256
vt 0.968086 0.015526
vt 0.894607 0.399898
vt 0.895620 0.400316
vt 0.897026 0.399489
vt 0.985019 0.052556
vt 0.990357 0.067257
vt 0.980513 0.027750
vt 0.978143 0.027057
vt 0.981177 0.029702
vt 0.924257 0.004134
vt 0.928507 0.004396
vt 0.943945 0.005442
vt 0.911471 0.007129
vt 0.914214 0.007384
vt 0.910118 0.008600
vt 0.908138 0.009668
vt 0.935977 0.006246
vt 0.934971 0.008494
vt 0.986206 0.076277
vt 0.985550 0.078320
vt 0.986252 0.077669
vt 0.926366 0.083014
vt 0.982457 0.085864
vt 0.893457 0.010656
vt 0.891540 0.013174
vt 0.883843 0.413196
vt 0.875039 0.019864
vt 0.870842 0.020329
vt 0.866748 0.020622
vt 0.858163 0.021138
vt 0.953912 0.133216
vt 0.806286 0.038615
vt 0.820981 0.033868
vt 0.764095 0.339123
vt 0.759975 0.335984
vt 0.753008 0.344164
vt 0.981581 0.158880
vt 0.909341 0.396285
vt 0.906830 0.397530
vt 0.908657 0.398047
vt 0.794018 0.407852
vt 0.793561 0.401317
vt 0.981323 0.116372
vt 0.951448 0.003617
vt 0.968460 0.022893
vt 0.786010 0.387957
vt 0.786998 0.389588
vt 0.975922 0.025879
vt 0.889934 0.400969
vt 0.984429 0.040391
vt 0.919398 0.003358
vt 0.916700 0.003512
vt 0.907172 0.011538
vt 0.792446 0.360824
vt 0.786008 0.361629
vt 0.798128 0.364545
vt 0.902456 0.103417
vt 0.888502 0.014124
vt 0.887296 0.016173
vt 0.744888 0.326032
vt 0.748644 0.340196
vt 0.749718 0.342498
vt 0.802440 0.355846
vt 0.767642 0.325127
vt 0.875134 0.381037
vt 0.843340 0.025783
vt 0.811658 0.354229
vt 0.798770 0.382819
vt 0.818007 0.381226
vt 0.975933 0.168393
vt 0.796914 0.354087
vt 0.784018 0.384215
vt 0.815253 0.035365
vt 0.978884 0.134548
vt 0.746190 0.335428
vt 0.745941 0.331993
vt 0.825503 0.358929
vt 0.980841 0.162767
vt 0.779634 0.371634
vt 0.773563 0.371405
vt 0.772169 0.369250
vt 0.824392 0.372541
vt 0.828503 0.366090
vt 0.838721 0.364623
vt 0.777831 0.323513
vt 0.967092 0.010899
vt 0.958476 0.002303
vt 0.986604 0.050343
vt 0.988014 0.054562
vt 0.989302 0.060539
vt 0.981533 0.119968
vt 0.933209 0.380874
vt 0.933841 0.379729
vt 0.868103 0.020125
vt 0.906852 0.015129
vt 0.957385 0.270356
vt 0.968037 0.283292
vt 0.968594 0.280985
vt 0.907804 0.221405
vt 0.904363 0.198607
vt 0.883769 0.187570
vt 0.827963 0.376251
vt 0.817029 0.163843
vt 0.819665 0.168441
vt 0.836934 0.184120
vt 0.818009 0.166110
vt 0.886613 0.105632
vt 0.860559 0.090629
vt 0.768855 0.203060
vt 0.767464 0.205830
vt 0.780618 0.220088
vt 0.786870 0.358911
vt 0.820698 0.171831
vt 0.826617 0.182840
vt 0.825518 0.182519
vt 0.824850 0.181069
vt 0.975435 0.171377
vt 0.969411 0.289614
vt 0.967821 0.289117
vt 0.968596 0.292171
vt 0.873241 0.195736
vt 0.900435 0.227020
vt 0.822730 0.228780
vt 0.817230 0.218796
vt 0.809480 0.208778
vt 0.825800 0.080531
vt 0.877527 0.123632
vt 0.787597 0.063923
vt 0.781065 0.052092
vt 0.777933 0.051961
vt 0.776541 0.060222
vt 0.775334 0.053434
vt 0.770741 0.058119
vt 0.770906 0.055420
vt 0.897684 0.143638
vt 0.922883 0.135253
vt 0.745586 0.309318
vt 0.744378 0.311520
vt 0.818948 0.068003
vt 0.807086 0.058940
vt 0.784420 0.051692
vt 0.843767 0.155600
vt 0.839372 0.125387
vt 0.813110 0.100506
vt 0.782458 0.102049
vt 0.764177 0.091786
vt 0.765061 0.097013
vt 0.765080 0.094665
vt 0.959459 0.209578
vt 0.969148 0.202049
vt 0.963230 0.184305
vt 0.783147 0.112567
vt 0.797056 0.105389
vt 0.776938 0.107771
vt 0.770969 0.104538
vt 0.772669 0.107724
vt 0.791333 0.078703
vt 0.779248 0.110668
vt 0.814876 0.082697
vt 0.840723 0.100348
vt 0.776586 0.083540
vt 0.779505 0.073763
vt 0.757513 0.073027
vt 0.759620 0.081362
vt 0.758934 0.077634
vt 0.800856 0.070217
vt 0.769398 0.331759
vt 0.787298 0.121036
vt 0.788934 0.124064
vt 0.784165 0.113971
vt 0.941518 0.142805
vt 0.798533 0.136256
vt 0.814582 0.142578
vt 0.849864 0.124271
vt 0.957647 0.243907
vt 0.955860 0.242217
vt 0.959050 0.246124
vt 0.766170 0.061239
vt 0.799574 0.041918
vt 0.800525 0.039516
vt 0.797077 0.044677
vt 0.869708 0.147814
vt 0.890108 0.157816
vt 0.871711 0.136330
vt 0.791120 0.181504
vt 0.787753 0.180359
vt 0.785652 0.181807
vt 0.799100 0.138968
vt 0.797962 0.137499
vt 0.804604 0.148436
vt 0.800556 0.141388
vt 0.963645 0.256157
vt 0.960846 0.255390
vt 0.962975 0.258563
vt 0.958430 0.250171
vt 0.960658 0.253004
vt 0.959000 0.252412
vt 0.916697 0.210558
vt 0.937355 0.223234
vt 0.940371 0.212528
vt 0.957924 0.214593
vt 0.958209 0.217865
vt 0.840282 0.168737
vt 0.955984 0.231040
vt 0.957430 0.230196
vt 0.900165 0.167809
vt 0.922514 0.189291
vt 0.773951 0.186474
vt 0.771333 0.190599
vt 0.775721 0.184541
vt 0.772252 0.188293
vt 0.800569 0.190921
vt 0.798813 0.188888
vt 0.795559 0.197159
vt 0.780754 0.184626
vt 0.930193 0.180428
vt 0.913802 0.163650
vt 0.958343 0.226322
vt 0.957517 0.220852
vt 0.958799 0.223035
vt 0.959114 0.225535
vt 0.807922 0.152935
vt 0.809674 0.154883
vt 0.814339 0.159589
vt 0.808214 0.154408
vt 0.796061 0.210547
vt 0.768070 0.197986
vt 0.769993 0.193647
vt 0.946781 0.268886
vt 0.949951 0.241059
vt 0.968857 0.276948
vt 0.967941 0.274675
vt 0.808778 0.205608
vt 0.807424 0.204846
vt 0.933126 0.240727
vt 0.878653 0.215919
vt 0.832937 0.189460
vt 0.830630 0.189168
vt 0.829322 0.187572
vt 0.827781 0.186670
vt 0.826366 0.185211
vt 0.818232 0.169789
vt 0.753911 0.314815
vt 0.822141 0.226612
vt 0.819218 0.221422
vt 0.974024 0.173801
vt 0.768712 0.210896
vt 0.769746 0.214802
vt 0.975740 0.188363
vt 0.977929 0.189066
vt 0.975328 0.186590
vt 0.816364 0.216508
vt 0.813467 0.213415
vt 0.797344 0.063344
vt 0.787688 0.049891
vt 0.937527 0.279715
vt 0.929462 0.262332
vt 0.785622 0.050344
vt 0.792428 0.310135
vt 0.772652 0.308888
vt 0.790311 0.047389
vt 0.855392 0.115538
vt 0.946830 0.194672
vt 0.874142 0.418446
vt 0.875546 0.416813
vt 0.871813 0.418501
vt 0.961815 0.209245
vt 0.816235 0.321305
vt 0.808977 0.307085
vt 0.763554 0.062952
vt 0.757934 0.066174
vt 0.768456 0.100254
vt 0.765927 0.099783
vt 0.759802 0.085036
vt 0.973969 0.195140
vt 0.781538 0.110948
vt 0.781713 0.112389
vt 0.856233 0.150520
vt 0.796732 0.042889
vt 0.824622 0.314980
vt 0.793807 0.133306
vt 0.789277 0.127301
vt 0.956341 0.235992
vt 0.956115 0.237767
vt 0.956279 0.211666
vt 0.959517 0.210766
vt 0.794188 0.183291
vt 0.783316 0.183748
vt 0.802316 0.143264
vt 0.800321 0.142877
vt 0.781135 0.183011
vt 0.960761 0.222886
vt 0.960632 0.219737
vt 0.802555 0.146517
vt 0.958355 0.247913
vt 0.964561 0.260491
vt 0.965970 0.262571
vt 0.972015 0.178585
vt 0.864994 0.421346
vt 0.801714 0.192800
vt 0.802631 0.191465
vt 0.832750 0.330409
vt 0.769719 0.300912
vt 0.968609 0.271845
vt 0.969758 0.273335
vt 0.803499 0.197430
vt 0.806491 0.201707
vt 0.923516 0.380402
vt 0.934170 0.199339
vt 0.834562 0.191899
vt 0.832331 0.191190
vt 0.829848 0.190853
vt 0.768193 0.196477
vt 0.959421 0.306017
vt 0.971931 0.296498
vt 0.970982 0.294464
vt 0.971997 0.301020
vt 0.975634 0.190819
vt 0.977612 0.191893
vt 0.791752 0.407043
vt 0.792591 0.403753
vt 0.857336 0.199335
vt 0.767062 0.201952
vt 0.753919 0.072401
vt 0.754260 0.067588
vt 0.752919 0.068679
vt 0.884338 0.414612
vt 0.758634 0.089015
vt 0.769588 0.102669
vt 0.769727 0.105190
vt 0.759190 0.083308
vt 0.969108 0.203639
vt 0.956631 0.238613
vt 0.956322 0.240232
vt 0.791298 0.132313
vt 0.970789 0.200258
vt 0.972672 0.198256
vt 0.973013 0.199964
vt 0.839287 0.202179
vt 0.795936 0.186018
vt 0.805794 0.151263
vt 0.835436 0.199269
vt 0.778809 0.184183
vt 0.777784 0.182291
vt 0.968680 0.265945
vt 0.834236 0.195785
vt 0.833416 0.198465
vt 0.792680 0.228433
vt 0.958220 0.228019
vt 0.967057 0.271325
vt 0.946938 0.300005
vt 0.972850 0.305628
vt 0.815741 0.162780
vt 0.972883 0.180606
vt 0.974958 0.182448
vt 0.973660 0.181310
vt 0.974059 0.185238
vt 0.976390 0.193892
vt 0.811839 0.209590
vt 0.753496 0.292202
vt 0.753096 0.294773
vt 0.890759 0.399985
vt 0.890228 0.400897
vt 0.823719 0.178992
vt 0.820766 0.175241
vt 0.766425 0.203313
vt 0.779419 0.050956
vt 0.881288 0.344737
vt 0.745683 0.337365
vt 0.814363 0.377871
vt 0.784221 0.117916
vt 0.955928 0.233246
vt 0.788271 0.178346
vt 0.773429 0.185204
vt 0.957832 0.214392
vt 0.768788 0.191703
vt 0.968938 0.275359
vt 0.821401 0.295459
vt 0.806719 0.282570
vt 0.958742 0.348605
vt 0.960897 0.337902
vt 0.954789 0.354675
vt 0.767747 0.368131
vt 0.770150 0.369227
vt 0.868649 0.323730
vt 0.868282 0.226319
vt 0.961040 0.344200
vt 0.765396 0.366368
vt 0.763543 0.363454
vt 0.955799 0.333997
vt 0.962292 0.332430
vt 0.962724 0.330908
vt 0.835106 0.200293
vt 0.962288 0.333642
vt 0.897622 0.243516
vt 0.895869 0.345201
vt 0.898401 0.348809
vt 0.905764 0.338116
vt 0.886626 0.338487
vt 0.879029 0.336643
vt 0.759128 0.279730
vt 0.751994 0.288772
vt 0.763009 0.357128
vt 0.915650 0.364377
vt 0.926755 0.365367
vt 0.933881 0.344487
vt 0.916727 0.350359
vt 0.918580 0.334787
vt 0.912303 0.347834
vt 0.844094 0.224932
vt 0.846661 0.212075
vt 0.844621 0.220285
vt 0.843280 0.220055
vt 0.844324 0.218079
vt 0.852565 0.239596
vt 0.843143 0.227460
vt 0.842968 0.224760
vt 0.770514 0.217409
vt 0.771719 0.219110
vt 0.841750 0.228117
vt 0.840517 0.231295
vt 0.837935 0.231743
vt 0.838732 0.230680
vt 0.837016 0.239236
vt 0.835803 0.233607
vt 0.765415 0.246002
vt 0.787279 0.250553
vt 0.768759 0.239513
vt 0.967685 0.312121
vt 0.973184 0.309550
vt 0.963850 0.326053
vt 0.761531 0.361715
vt 0.947901 0.375268
vt 0.943195 0.376242
vt 0.945369 0.376551
vt 0.759378 0.358943
vt 0.926084 0.329457
vt 0.846000 0.269852
vt 0.832976 0.255394
vt 0.827971 0.262800
vt 0.858635 0.311997
vt 0.865817 0.298437
vt 0.856737 0.290360
vt 0.900301 0.331516
vt 0.894728 0.328116
vt 0.892187 0.336002
vt 0.948651 0.369979
vt 0.948438 0.372670
vt 0.747207 0.271873
vt 0.751099 0.278644
vt 0.753437 0.264754
vt 0.884154 0.326649
vt 0.887559 0.316724
vt 0.880849 0.323729
vt 0.825242 0.229876
vt 0.828098 0.230817
vt 0.827257 0.228024
vt 0.778250 0.236417
vt 0.907864 0.320843
vt 0.905008 0.327231
vt 0.757020 0.356469
vt 0.940744 0.327710
vt 0.769247 0.218600
vt 0.766866 0.242005
vt 0.765404 0.243075
vt 0.898529 0.293774
vt 0.906632 0.276477
vt 0.884012 0.285214
vt 0.887902 0.269230
vt 0.878224 0.266207
vt 0.873434 0.282498
vt 0.950041 0.365757
vt 0.770388 0.227714
vt 0.769893 0.229440
vt 0.746091 0.269067
vt 0.745095 0.267087
vt 0.776841 0.265128
vt 0.784784 0.275720
vt 0.804828 0.268449
vt 0.967137 0.316194
vt 0.968295 0.315071
vt 0.755690 0.352180
vt 0.877933 0.318920
vt 0.883010 0.315826
vt 0.873567 0.308840
vt 0.863990 0.264917
vt 0.891047 0.320296
vt 0.891125 0.328936
vt 0.917349 0.325938
vt 0.914936 0.263631
vt 0.892768 0.254288
vt 0.922412 0.284057
vt 0.884134 0.308543
vt 0.878225 0.296514
vt 0.841646 0.325124
vt 0.903750 0.308219
vt 0.898364 0.312852
vt 0.845881 0.283321
vt 0.923687 0.307146
vt 0.763003 0.249280
vt 0.753978 0.255081
vt 0.846322 0.309371
vt 0.896193 0.300668
vt 0.886584 0.293326
vt 0.834240 0.301524
vt 0.789526 0.290674
vt 0.961441 0.347081
vt 0.771448 0.223243
vt 0.770355 0.223961
vt 0.750831 0.285285
vt 0.750491 0.283067
vt 0.909248 0.302744
vt 0.842684 0.208997
vt 0.843277 0.211467
vt 0.839684 0.204647
vt 0.840269 0.207050
vt 0.842266 0.210852
vt 0.812728 0.246428
vt 0.769852 0.225811
vt 0.758640 0.270350
vt 0.898913 0.319634
vt 0.795807 0.242116
vt 0.831089 0.231312
vt 0.828178 0.230882
vt 0.829778 0.233799
vt 0.965420 0.320828
vt 0.967952 0.318199
vt 0.832043 0.233858
vt 0.853703 0.258042
vt 0.870724 0.297464
vt 0.892018 0.310935
vt 0.746391 0.265927
vt 0.747072 0.263939
vt 0.745999 0.264444
vt 0.915565 0.313061
vt 0.856266 0.267854
vt 0.843405 0.249362
vt 0.931987 0.300854
vt 0.804808 0.258154
vt 0.768045 0.235567
vt 0.768987 0.237035
vt 0.958803 0.350462
vt 0.957500 0.351715
vt 0.757512 0.251555
vt 0.755035 0.252493
vt 0.962162 0.335118
vt 0.898664 0.353284
vt 0.752780 0.290722
vt 0.822043 0.279388
vt 0.941486 0.377781
vt 0.949676 0.368500
vt 0.745003 0.269843
vt 0.846661 0.212075
vt 0.843480 0.212894
vt 0.843685 0.215443
vt 0.843755 0.215582
vt 0.964604 0.324510
vt 0.867546 0.282811
vt 0.971276 0.310781
vt 0.953390 0.358761
vt 0.952617 0.360788
vt 0.953186 0.360619
vt 0.833542 0.285190
vt 0.776493 0.329565
vt 0.966555 0.319655
vt 0.917549 0.390024
vt 0.922763 0.383163
vt 0.748994 0.259590
vt 0.747684 0.261394
vt 0.834571 0.233038
vt 0.751063 0.255640
vt 0.769386 0.220611
vt 0.766931 0.231130
vt 0.767602 0.232599
vt 0.961877 0.340832
vt 0.899809 0.338305
vt 0.760265 0.249869
vt 0.750847 0.286577
vt 0.749854 0.288497
vt 0.866468 0.420855
vt 0.867638 0.420311
vt 0.963711 0.328918
vt 0.951947 0.363414
vt 0.973608 0.311548
vt 0.956392 0.354347
vt 0.752493 0.298775
vt 0.869153 0.418767
vt 0.884183 0.411462
vt 0.744998 0.316073
vt 0.743681 0.319544
vt 0.754465 0.347563
vt 0.820231 0.353164
vt 0.753561 0.346425
vt 0.886544 0.402676
vt 0.794097 0.399110
vt 0.770408 0.305905
vt 0.892539 0.399931
vt 0.914961 0.393114
vt 0.784386 0.385768
vt 0.783327 0.385345
vt 0.901170 0.399248
vt 0.925613 0.381361
vt 0.883207 0.406747
vt 0.939411 0.377494
vt 0.869559 0.420090
vt 0.784605 0.387666
vt 0.911862 0.396569
vt 0.780880 0.380679
vt 0.904198 0.398680
vt 0.754835 0.349460
vt 0.748217 0.301846
vt 0.745772 0.303227
vt 0.745385 0.302044
vt 0.762066 0.364224
vt 0.766068 0.367681
vt 0.763797 0.365566
vt 0.746941 0.339825
vt 0.690290 0.388284
vt 0.696944 0.380075
vt 0.683916 0.373969
vt 0.709145 0.325543
vt 0.702402 0.338335
vt 0.714638 0.340856
vt 0.647732 0.415237
vt 0.640741 0.407167
vt 0.642296 0.422554
vt 0.627140 0.417826
vt 0.632580 0.412567
vt 0.630561 0.413611
vt 0.735011 0.331172
vt 0.733229 0.331254
vt 0.738995 0.332437
vt 0.648060 0.383642
vt 0.644117 0.383949
vt 0.646380 0.386766
vt 0.639841 0.402269
vt 0.644264 0.396381
vt 0.639234 0.399129
vt 0.627925 0.431503
vt 0.623541 0.420706
vt 0.700434 0.331194
vt 0.700433 0.334017
vt 0.702557 0.332150
vt 0.674028 0.390993
vt 0.671010 0.398294
vt 0.674117 0.397782
vt 0.654276 0.405729
vt 0.653313 0.417044
vt 0.662933 0.413915
vt 0.728980 0.347727
vt 0.727946 0.338277
vt 0.678500 0.403175
vt 0.673557 0.409445
vt 0.680273 0.415806
vt 0.652412 0.425668
vt 0.651418 0.392430
vt 0.651157 0.406881
vt 0.640000 0.404111
vt 0.646065 0.391936
vt 0.669438 0.417297
vt 0.660504 0.424440
vt 0.671712 0.423559
vt 0.664117 0.381694
vt 0.662251 0.371865
vt 0.655652 0.365652
vt 0.651962 0.378868
vt 0.651152 0.381005
vt 0.653971 0.388718
vt 0.652898 0.376454
vt 0.738464 0.337682
vt 0.743206 0.347202
vt 0.744881 0.344039
vt 0.746365 0.341478
vt 0.745229 0.339887
vt 0.684253 0.410567
vt 0.685703 0.404029
vt 0.670167 0.432100
vt 0.660766 0.432289
vt 0.673963 0.436187
vt 0.679662 0.424259
vt 0.684296 0.432198
vt 0.686951 0.423077
vt 0.645624 0.429063
vt 0.648584 0.434592
vt 0.679741 0.440273
vt 0.692579 0.415323
vt 0.686809 0.415990
vt 0.661668 0.398131
vt 0.669127 0.405013
vt 0.666302 0.394425
vt 0.670479 0.386476
vt 0.671252 0.427199
vt 0.664471 0.367429
vt 0.671021 0.372128
vt 0.668445 0.362912
vt 0.634479 0.406976
vt 0.638609 0.406583
vt 0.634712 0.405484
vt 0.632649 0.409551
vt 0.716130 0.320555
vt 0.710698 0.322025
vt 0.703520 0.415846
vt 0.697495 0.406433
vt 0.693071 0.421507
vt 0.689137 0.429652
vt 0.721005 0.317817
vt 0.720374 0.324331
vt 0.722661 0.316259
vt 0.678395 0.364679
vt 0.682762 0.359735
vt 0.681726 0.358270
vt 0.675645 0.378670
vt 0.724423 0.316108
vt 0.688391 0.359978
vt 0.726945 0.322980
vt 0.688598 0.411073
vt 0.655536 0.372562
vt 0.693540 0.368278
vt 0.622086 0.423376
vt 0.672473 0.357281
vt 0.671206 0.360053
vt 0.674940 0.357676
vt 0.657783 0.364853
vt 0.661253 0.366791
vt 0.728565 0.313506
vt 0.680220 0.391840
vt 0.729831 0.312030
vt 0.731916 0.313432
vt 0.731712 0.311511
vt 0.685545 0.397238
vt 0.731815 0.316292
vt 0.731993 0.320797
vt 0.732953 0.314171
vt 0.709980 0.323599
vt 0.701289 0.390178
vt 0.728752 0.323465
vt 0.733377 0.324401
vt 0.730027 0.325067
vt 0.657481 0.435209
vt 0.704737 0.329892
vt 0.733037 0.318346
vt 0.732684 0.321682
vt 0.730688 0.330971
vt 0.728506 0.330435
vt 0.674763 0.418370
vt 0.704021 0.404458
vt 0.726131 0.325770
vt 0.711531 0.374882
vt 0.711062 0.381817
vt 0.701950 0.329963
vt 0.707448 0.362702
vt 0.740193 0.331894
vt 0.743236 0.334869
vt 0.718681 0.318142
vt 0.717129 0.318957
vt 0.704353 0.340391
vt 0.705427 0.344812
vt 0.651572 0.366035
vt 0.652767 0.369719
vt 0.715878 0.367569
vt 0.740724 0.359164
vt 0.706369 0.329375
vt 0.750807 0.358861
vt 0.748665 0.355649
vt 0.703762 0.347680
vt 0.704663 0.345405
vt 0.703206 0.352071
vt 0.693165 0.357810
vt 0.690814 0.358959
vt 0.746883 0.352651
vt 0.650833 0.381574
vt 0.744868 0.349645
vt 0.745621 0.351272
vt 0.698560 0.334306
vt 0.700255 0.337388
vt 0.749738 0.353779
vt 0.680181 0.357883
vt 0.678115 0.357428
vt 0.698238 0.361100
vt 0.651805 0.373242
vt 0.645074 0.394554
vt 0.644941 0.386043
vt 0.753577 0.362513
vt 0.751957 0.360583
vt 0.754615 0.366441
vt 0.755612 0.364227
vt 0.627656 0.415691
vt 0.718911 0.316369
vt 0.727109 0.328630
vt 0.684226 0.358627
vt 0.685156 0.359873
vt 0.745222 0.346101
vt 0.676318 0.357438
vt 0.757498 0.392129
vt 0.768537 0.391712
vt 0.765804 0.389191
vt 0.724491 0.396509
vt 0.722679 0.406416
vt 0.733918 0.411272
vt 0.780096 0.414893
vt 0.770052 0.394771
vt 0.771294 0.424770
vt 0.773591 0.393810
vt 0.597906 0.509324
vt 0.609196 0.510587
vt 0.612656 0.496365
vt 0.684710 0.486692
vt 0.685167 0.475574
vt 0.676070 0.479779
vt 0.624117 0.492071
vt 0.621453 0.505982
vt 0.640665 0.498951
vt 0.692812 0.466612
vt 0.687951 0.471096
vt 0.691457 0.480642
vt 0.704278 0.479617
vt 0.695806 0.459638
vt 0.652358 0.516881
vt 0.668801 0.501487
vt 0.645532 0.509544
vt 0.621537 0.426669
vt 0.539208 0.561474
vt 0.537843 0.567321
vt 0.538013 0.569142
vt 0.688738 0.486894
vt 0.683220 0.495470
vt 0.696667 0.498034
vt 0.547485 0.580633
vt 0.546066 0.572286
vt 0.538443 0.572134
vt 0.773208 0.451746
vt 0.788877 0.438388
vt 0.709136 0.410067
vt 0.761768 0.466478
vt 0.782546 0.468458
vt 0.549698 0.505627
vt 0.550862 0.506352
vt 0.550435 0.504250
vt 0.551487 0.504409
vt 0.548790 0.506846
vt 0.554444 0.510319
vt 0.619057 0.430946
vt 0.618884 0.432582
vt 0.810487 0.447147
vt 0.812874 0.450859
vt 0.811619 0.448396
vt 0.620271 0.529236
vt 0.638946 0.524067
vt 0.631948 0.519573
vt 0.550495 0.538159
vt 0.565252 0.528325
vt 0.544508 0.529091
vt 0.700473 0.355165
vt 0.698599 0.352714
vt 0.793814 0.669206
vt 0.793229 0.667059
vt 0.791018 0.665408
vt 0.701204 0.702752
vt 0.705473 0.703493
vt 0.696646 0.699887
vt 0.655035 0.443450
vt 0.662963 0.439379
vt 0.653017 0.438796
vt 0.569470 0.516112
vt 0.563477 0.506336
vt 0.556716 0.522247
vt 0.704625 0.350064
vt 0.659422 0.484142
vt 0.678480 0.488986
vt 0.679376 0.511055
vt 0.675892 0.503425
vt 0.671082 0.507774
vt 0.685264 0.505438
vt 0.677543 0.495044
vt 0.548398 0.540370
vt 0.542822 0.543430
vt 0.548319 0.549955
vt 0.656649 0.470217
vt 0.644049 0.472705
vt 0.655110 0.475432
vt 0.688187 0.445389
vt 0.684904 0.439761
vt 0.694114 0.435175
vt 0.707512 0.434521
vt 0.797207 0.692509
vt 0.796298 0.687975
vt 0.794015 0.688102
vt 0.781348 0.703772
vt 0.786901 0.701458
vt 0.752500 0.716286
vt 0.763775 0.715926
vt 0.748163 0.690642
vt 0.729874 0.699884
vt 0.750361 0.716836
vt 0.726789 0.712950
vt 0.742436 0.717342
vt 0.795667 0.695254
vt 0.798395 0.693680
vt 0.732812 0.668891
vt 0.797218 0.672644
vt 0.798247 0.676248
vt 0.797893 0.674378
vt 0.703047 0.677886
vt 0.795382 0.680631
vt 0.796826 0.680701
vt 0.797660 0.678544
vt 0.741608 0.455072
vt 0.730488 0.468162
vt 0.729510 0.478939
vt 0.611362 0.469419
vt 0.625286 0.465173
vt 0.609212 0.464192
vt 0.687255 0.460244
vt 0.798951 0.696197
vt 0.800130 0.699343
vt 0.800406 0.697872
vt 0.794644 0.700102
vt 0.790497 0.702030
vt 0.792431 0.700246
vt 0.777349 0.708476
vt 0.779961 0.706596
vt 0.720280 0.386058
vt 0.729009 0.384502
vt 0.770667 0.672948
vt 0.789455 0.683433
vt 0.793274 0.681960
vt 0.783922 0.658551
vt 0.785262 0.660522
vt 0.673908 0.702866
vt 0.675475 0.701891
vt 0.672897 0.701779
vt 0.741484 0.371501
vt 0.722410 0.433086
vt 0.719761 0.439320
vt 0.731690 0.438637
vt 0.564700 0.496470
vt 0.562718 0.496886
vt 0.561173 0.497479
vt 0.771563 0.714248
vt 0.772312 0.712929
vt 0.769407 0.714005
vt 0.769097 0.715644
vt 0.662680 0.449053
vt 0.665278 0.453233
vt 0.669329 0.444912
vt 0.674818 0.451023
vt 0.788650 0.665159
vt 0.786893 0.662414
vt 0.790667 0.415037
vt 0.789547 0.413037
vt 0.791152 0.416437
vt 0.605257 0.470557
vt 0.604532 0.472813
vt 0.612871 0.476356
vt 0.611033 0.450258
vt 0.609478 0.452368
vt 0.622424 0.453354
vt 0.762540 0.382753
vt 0.760542 0.379214
vt 0.615343 0.447529
vt 0.615901 0.445388
vt 0.667766 0.469936
vt 0.792513 0.684516
vt 0.694777 0.443680
vt 0.724430 0.712873
vt 0.792243 0.422585
vt 0.626613 0.474249
vt 0.753928 0.435965
vt 0.755208 0.414061
vt 0.634726 0.442324
vt 0.716607 0.428380
vt 0.640928 0.456983
vt 0.643206 0.450708
vt 0.642349 0.445460
vt 0.745773 0.716529
vt 0.735799 0.717075
vt 0.738658 0.717579
vt 0.730299 0.716216
vt 0.733736 0.717392
vt 0.709443 0.705355
vt 0.712092 0.707489
vt 0.715352 0.708515
vt 0.654364 0.456663
vt 0.653160 0.452840
vt 0.714747 0.402639
vt 0.544253 0.561047
vt 0.680444 0.703751
vt 0.687249 0.703311
vt 0.675928 0.696195
vt 0.785174 0.703894
vt 0.784754 0.702405
vt 0.783523 0.703239
vt 0.775034 0.711034
vt 0.788317 0.405697
vt 0.791122 0.409833
vt 0.649932 0.464537
vt 0.650540 0.460087
vt 0.682650 0.469630
vt 0.661274 0.462672
vt 0.780959 0.655460
vt 0.781984 0.652349
vt 0.780991 0.645295
vt 0.761386 0.645163
vt 0.776830 0.710541
vt 0.778376 0.710203
vt 0.758858 0.716865
vt 0.757151 0.719090
vt 0.598220 0.529264
vt 0.585762 0.540563
vt 0.690629 0.453203
vt 0.658814 0.695955
vt 0.670162 0.701618
vt 0.665881 0.696754
vt 0.720247 0.453531
vt 0.731399 0.451540
vt 0.706214 0.451424
vt 0.618073 0.521656
vt 0.713179 0.415359
vt 0.693390 0.702223
vt 0.695581 0.701699
vt 0.794357 0.425944
vt 0.794308 0.423016
vt 0.744051 0.717624
vt 0.780918 0.393456
vt 0.779045 0.392031
vt 0.786945 0.661043
vt 0.646610 0.491357
vt 0.786303 0.396725
vt 0.788371 0.401882
vt 0.786874 0.399151
vt 0.677733 0.702354
vt 0.656957 0.693695
vt 0.656339 0.691451
vt 0.588341 0.494941
vt 0.577010 0.498657
vt 0.593096 0.504276
vt 0.594314 0.490094
vt 0.601785 0.488946
vt 0.799965 0.701349
vt 0.801034 0.700291
vt 0.798902 0.700322
vt 0.542525 0.538036
vt 0.544039 0.531587
vt 0.782645 0.656259
vt 0.715729 0.478121
vt 0.721418 0.465536
vt 0.749160 0.485192
vt 0.575746 0.508822
vt 0.792721 0.686131
vt 0.793452 0.457401
vt 0.709455 0.459433
vt 0.800023 0.694186
vt 0.811330 0.444187
vt 0.810396 0.438717
vt 0.724065 0.458980
vt 0.797386 0.670790
vt 0.784173 0.650648
vt 0.782431 0.647179
vt 0.706061 0.704568
vt 0.563373 0.548661
vt 0.564196 0.563054
vt 0.580830 0.545942
vt 0.583798 0.485882
vt 0.580865 0.489300
vt 0.780101 0.708526
vt 0.591115 0.482537
vt 0.814934 0.452208
vt 0.816339 0.456814
vt 0.597780 0.477488
vt 0.595339 0.480712
vt 0.601747 0.477956
vt 0.610882 0.483116
vt 0.618073 0.433501
vt 0.617280 0.436294
vt 0.656491 0.675233
vt 0.650420 0.682972
vt 0.652791 0.689297
vt 0.776540 0.635905
vt 0.583424 0.519939
vt 0.738320 0.630885
vt 0.714939 0.655760
vt 0.758235 0.599284
vt 0.770077 0.610735
vt 0.769882 0.603683
vt 0.769437 0.596281
vt 0.769698 0.599185
vt 0.770765 0.615441
vt 0.754089 0.611560
vt 0.772210 0.619682
vt 0.713220 0.622651
vt 0.692622 0.621769
vt 0.687750 0.644832
vt 0.678188 0.633511
vt 0.678539 0.661746
vt 0.627728 0.664948
vt 0.639144 0.676074
vt 0.638202 0.659372
vt 0.771090 0.589111
vt 0.770872 0.593362
vt 0.638621 0.626267
vt 0.644910 0.649213
vt 0.660564 0.641129
vt 0.608609 0.639691
vt 0.633783 0.650080
vt 0.654426 0.690803
vt 0.610939 0.656888
vt 0.614524 0.656877
vt 0.597549 0.651022
vt 0.598671 0.654163
vt 0.601667 0.655488
vt 0.760630 0.571885
vt 0.744289 0.574814
vt 0.538974 0.584098
vt 0.536606 0.579200
vt 0.595862 0.649603
vt 0.596126 0.651549
vt 0.810367 0.558042
vt 0.814363 0.557997
vt 0.820389 0.556361
vt 0.813367 0.559758
vt 0.807985 0.558458
vt 0.809264 0.559746
vt 0.797848 0.560631
vt 0.792671 0.564732
vt 0.795708 0.562858
vt 0.787700 0.564657
vt 0.789789 0.564238
vt 0.769012 0.581728
vt 0.767690 0.578411
vt 0.553659 0.503944
vt 0.650103 0.601813
vt 0.587012 0.637183
vt 0.590783 0.643255
vt 0.592400 0.645074
vt 0.594138 0.648706
vt 0.547533 0.511967
vt 0.774597 0.634001
vt 0.773743 0.631514
vt 0.648410 0.682417
vt 0.646196 0.678236
vt 0.650195 0.684808
vt 0.651178 0.686829
vt 0.771240 0.628010
vt 0.770801 0.625437
vt 0.609394 0.458455
vt 0.608581 0.460853
vt 0.618659 0.439770
vt 0.772229 0.621444
vt 0.731078 0.594811
vt 0.626449 0.663584
vt 0.624489 0.662337
vt 0.625398 0.663511
vt 0.636531 0.475119
vt 0.634491 0.466075
vt 0.779074 0.640323
vt 0.777996 0.638116
vt 0.627425 0.669291
vt 0.629093 0.671257
vt 0.616978 0.657702
vt 0.653728 0.447791
vt 0.633875 0.672641
vt 0.629565 0.672563
vt 0.631661 0.671073
vt 0.606292 0.658064
vt 0.764058 0.383937
vt 0.618359 0.625570
vt 0.769064 0.578221
vt 0.810592 0.539896
vt 0.827759 0.551845
vt 0.829183 0.550240
vt 0.799147 0.549153
vt 0.803947 0.559871
vt 0.806604 0.559677
vt 0.801308 0.560271
vt 0.780643 0.564791
vt 0.782789 0.566633
vt 0.785152 0.566236
vt 0.700225 0.579782
vt 0.693561 0.606522
vt 0.595181 0.650609
vt 0.711251 0.503939
vt 0.711318 0.488116
vt 0.618804 0.485072
vt 0.589459 0.640808
vt 0.685431 0.450936
vt 0.756900 0.371766
vt 0.756669 0.369463
vt 0.756019 0.368718
vt 0.590759 0.645631
vt 0.592562 0.647153
vt 0.547726 0.515259
vt 0.547557 0.519504
vt 0.774282 0.628799
vt 0.680753 0.458492
vt 0.569516 0.498770
vt 0.727972 0.417980
vt 0.817694 0.463810
vt 0.811193 0.477490
vt 0.566674 0.494575
vt 0.771862 0.607916
vt 0.817260 0.460021
vt 0.817214 0.457734
vt 0.570411 0.492735
vt 0.568483 0.492214
vt 0.770817 0.613291
vt 0.641497 0.678767
vt 0.623695 0.660786
vt 0.619336 0.659735
vt 0.744666 0.386513
vt 0.636822 0.674754
vt 0.573341 0.490932
vt 0.571651 0.490611
vt 0.574841 0.492017
vt 0.575338 0.490960
vt 0.772007 0.617942
vt 0.854493 0.536012
vt 0.856047 0.536714
vt 0.856820 0.534950
vt 0.835405 0.529430
vt 0.843213 0.544101
vt 0.845531 0.540758
vt 0.838353 0.543148
vt 0.830904 0.548564
vt 0.833247 0.546491
vt 0.602150 0.474825
vt 0.602557 0.473948
vt 0.791678 0.419587
vt 0.779624 0.567131
vt 0.772902 0.558196
vt 0.775845 0.567448
vt 0.770564 0.571760
vt 0.773617 0.570856
vt 0.788708 0.407158
vt 0.687402 0.594745
vt 0.599920 0.620591
vt 0.654993 0.691972
vt 0.768452 0.574568
vt 0.634581 0.485898
vt 0.631762 0.479509
vt 0.644273 0.479038
vt 0.653707 0.479614
vt 0.783563 0.395594
vt 0.771243 0.628053
vt 0.787502 0.400723
vt 0.771495 0.610849
vt 0.770246 0.600180
vt 0.857784 0.531930
vt 0.846793 0.539011
vt 0.834619 0.545266
vt 0.834685 0.543032
vt 0.823845 0.554159
vt 0.751100 0.561129
vt 0.724497 0.565110
vt 0.627523 0.670460
vt 0.770302 0.585087
vt 0.770929 0.582586
vt 0.652944 0.691416
vt 0.825825 0.553633
vt 0.826761 0.553773
vt 0.827691 0.551871
vt 0.822155 0.556194
vt 0.820204 0.558395
vt 0.582279 0.624329
vt 0.796439 0.428001
vt 0.799401 0.429343
vt 0.802545 0.432678
vt 0.801337 0.430562
vt 0.824048 0.492557
vt 0.844203 0.501305
vt 0.847015 0.485002
vt 0.851585 0.487345
vt 0.734828 0.556772
vt 0.864784 0.518339
vt 0.867862 0.512303
vt 0.842504 0.515885
vt 0.585727 0.572051
vt 0.593812 0.601272
vt 0.600081 0.587309
vt 0.865999 0.491369
vt 0.862289 0.489889
vt 0.867712 0.492717
vt 0.572249 0.630396
vt 0.569619 0.627814
vt 0.665642 0.572941
vt 0.765109 0.537344
vt 0.763566 0.521216
vt 0.744472 0.540586
vt 0.695666 0.552893
vt 0.715614 0.535047
vt 0.696926 0.535545
vt 0.579559 0.633402
vt 0.582466 0.635245
vt 0.642761 0.549488
vt 0.670139 0.547539
vt 0.541460 0.605939
vt 0.548104 0.614275
vt 0.549914 0.602841
vt 0.544751 0.611117
vt 0.541662 0.608591
vt 0.543542 0.611204
vt 0.540869 0.556826
vt 0.540133 0.560488
vt 0.859204 0.489209
vt 0.815639 0.506415
vt 0.565329 0.596427
vt 0.580082 0.611702
vt 0.878799 0.503031
vt 0.871415 0.494674
vt 0.783255 0.529147
vt 0.819637 0.468936
vt 0.546108 0.613037
vt 0.546325 0.615066
vt 0.831464 0.471405
vt 0.827007 0.471741
vt 0.833856 0.473718
vt 0.820241 0.470340
vt 0.790260 0.488965
vt 0.767016 0.493480
vt 0.782763 0.506553
vt 0.569617 0.544011
vt 0.877140 0.508652
vt 0.725144 0.490938
vt 0.721240 0.518301
vt 0.742859 0.514313
vt 0.722670 0.506607
vt 0.715772 0.510028
vt 0.679747 0.521655
vt 0.694679 0.512368
vt 0.708144 0.516348
vt 0.890537 0.501901
vt 0.887715 0.501153
vt 0.882961 0.507927
vt 0.885050 0.507151
vt 0.713405 0.559886
vt 0.725120 0.540368
vt 0.619731 0.428256
vt 0.618985 0.427173
vt 0.620239 0.425899
vt 0.617627 0.434639
vt 0.560824 0.627594
vt 0.565665 0.625943
vt 0.549817 0.619373
vt 0.799645 0.483001
vt 0.799736 0.513160
vt 0.540553 0.599339
vt 0.546625 0.592839
vt 0.539992 0.592733
vt 0.542317 0.585651
vt 0.539446 0.589236
vt 0.858067 0.526814
vt 0.848434 0.536942
vt 0.708803 0.532684
vt 0.563654 0.627018
vt 0.564595 0.580055
vt 0.870822 0.509821
vt 0.719096 0.483692
vt 0.574076 0.631687
vt 0.576082 0.632312
vt 0.627301 0.575685
vt 0.548471 0.618662
vt 0.825497 0.470938
vt 0.812413 0.526025
vt 0.663355 0.519794
vt 0.877545 0.496978
vt 0.875375 0.496069
vt 0.613659 0.538901
vt 0.600543 0.547604
vt 0.608506 0.561664
vt 0.682920 0.532976
vt 0.886487 0.500825
vt 0.884467 0.500592
vt 0.882071 0.499870
vt 0.551276 0.624236
vt 0.551461 0.626757
vt 0.555032 0.630050
vt 0.624050 0.607867
vt 0.585652 0.635524
vt 0.835994 0.476536
vt 0.557585 0.629193
vt 0.558973 0.628453
vt 0.557354 0.629179
vt 0.552069 0.631306
vt 0.553853 0.632141
vt 0.548857 0.523243
vt 0.812463 0.442224
vt 0.812114 0.440296
vt 0.854620 0.488504
vt 0.887873 0.507400
vt 0.890184 0.504810
vt 0.883830 0.508745
vt 0.542662 0.549791
vt 0.869460 0.492650
vt 0.615633 0.442770
vt 0.819770 0.468941
vt 0.671945 0.512741
vt 0.663490 0.534589
vt 0.815814 0.452685
vt 0.880809 0.497381
vt 0.608578 0.462927
vt 0.608080 0.461636
vt 0.764885 0.386613
vt 0.607234 0.467408
vt 0.859082 0.524958
vt 0.860372 0.522622
vt 0.838839 0.477963
vt 0.843154 0.480901
vt 0.842946 0.478428
vt 0.552100 0.629351
vt 0.849428 0.486231
vt 0.555328 0.500665
vt 0.557831 0.499712
vt 0.567154 0.627059
vt 0.757366 0.373453
vt 0.880929 0.509437
vt 0.818227 0.462222
vt 0.549013 0.620126
vt 0.606345 0.470241
vt 0.609982 0.456493
vt 0.836095 0.475277
vt 0.551269 0.621717
vt 0.889797 0.508511
vt 0.888136 0.508924
vt 0.863892 0.520085
vt 0.862285 0.520989
vt 0.845509 0.481997
vt 0.540661 0.602629
vt 0.560389 0.629582
vt 0.761080 0.377834
vt 0.759158 0.377293
vt 0.599602 0.474934
vt 0.772068 0.394014
vt 0.586670 0.485164
vt 0.617353 0.438442
vt 0.547137 0.524407
vt 0.541476 0.552561
vt 0.618958 0.429387
vt 0.543175 0.532066
vt 0.601747 0.535639
vt 0.788194 0.403759
vt 0.816054 0.454790
vt 0.813435 0.443008
vt 0.547231 0.521602
vt 0.775519 0.392605
vt 0.777093 0.390531
vt 0.547691 0.513527
vt 0.758743 0.374844
vt 0.547090 0.522800
vt 0.566929 0.492246
vt 0.536843 0.576248
vt 0.600986 0.474962
vt 0.593131 0.481667
vt 0.586094 0.483866
vt 0.579337 0.490728
vt 0.813448 0.448899
vt 0.577375 0.491923
vt 0.577407 0.491057
vt 0.821845 0.952579
vt 0.820657 0.964708
vt 0.828264 0.968353
vt 0.908109 0.991508
vt 0.902743 0.972251
vt 0.903091 0.988585
vt 0.849679 0.942960
vt 0.939508 0.946903
vt 0.934147 0.949466
vt 0.939949 0.948551
vt 0.904603 0.937682
vt 0.881746 0.943734
vt 0.890980 0.984070
vt 0.896291 0.986097
vt 0.886531 0.982996
vt 0.889746 0.984566
vt 0.875211 0.982637
vt 0.868625 0.980730
vt 0.872251 0.982740
vt 0.930887 0.986754
vt 0.929193 0.994264
vt 0.931294 0.989322
vt 0.928475 0.982184
vt 0.917079 0.993309
vt 0.926805 0.980333
vt 0.931998 0.984809
vt 0.930387 0.983762
vt 0.877547 0.983450
vt 0.882919 0.983103
vt 0.881133 0.974686
vt 0.824580 0.941252
vt 0.824403 0.945486
vt 0.824664 0.937649
vt 0.823168 0.943652
vt 0.855817 0.980123
vt 0.858419 0.979458
vt 0.851656 0.980039
vt 0.856782 0.967467
vt 0.845648 0.977295
vt 0.924689 0.967044
vt 0.827828 0.972859
vt 0.833185 0.973841
vt 0.834767 0.971639
vt 0.931593 0.965350
vt 0.933543 0.961233
vt 0.933320 0.958619
vt 0.827413 0.970959
vt 0.922881 0.978016
vt 0.923057 0.975697
vt 0.839680 0.919302
vt 0.826914 0.930879
vt 0.824837 0.933705
vt 0.837510 0.969978
vt 0.883254 0.912850
vt 0.937931 0.952009
vt 0.864346 0.980255
vt 0.901260 0.989303
vt 0.924240 0.993795
vt 0.897927 0.987598
vt 0.920687 0.994714
vt 0.827562 0.922045
vt 0.826950 0.925746
vt 0.823059 0.967342
vt 0.933118 0.988048
vt 0.843122 0.972386
vt 0.844155 0.974899
vt 0.928094 0.980477
vt 0.926220 0.978384
vt 0.931312 0.992950
vt 0.824123 0.939435
vt 0.935526 0.955869
vt 0.936352 0.953508
vt 0.924227 0.974092
vt 0.923584 0.973870
vt 0.840126 0.971289
vt 0.924263 0.971104
vt 0.927897 0.968871
vt 0.824550 0.968021
vt 0.927447 0.966254
vt 0.912004 0.991824
vt 0.914101 0.992885
vt 0.830407 0.915734
vt 0.940089 0.945386
vt 0.918551 0.890029
vt 0.920911 0.925216
vt 0.937797 0.895481
vt 0.904800 0.863203
vt 0.930000 0.833530
vt 0.891721 0.843944
vt 0.869516 0.891817
vt 0.858313 0.875309
vt 0.941643 0.943517
vt 0.941938 0.941456
vt 0.954983 0.898814
vt 0.955315 0.900632
vt 0.955930 0.899598
vt 0.953534 0.895659
vt 0.947177 0.869041
vt 0.829083 0.893682
vt 0.829391 0.895189
vt 0.830990 0.889393
vt 0.837172 0.848170
vt 0.831946 0.861815
vt 0.861182 0.849189
vt 0.832801 0.903116
vt 0.832406 0.908075
vt 0.871296 0.860074
vt 0.834214 0.848067
vt 0.832664 0.849586
vt 0.832938 0.878015
vt 0.831618 0.869429
vt 0.831603 0.865804
vt 0.831464 0.863559
vt 0.889809 0.824620
vt 0.952359 0.925866
vt 0.951338 0.923863
vt 0.951430 0.927443
vt 0.830863 0.881073
vt 0.946628 0.933061
vt 0.835079 0.844701
vt 0.835973 0.836341
vt 0.834916 0.843336
vt 0.945130 0.934485
vt 0.955836 0.875746
vt 0.952829 0.874875
vt 0.955230 0.861353
vt 0.959143 0.855376
vt 0.952231 0.889554
vt 0.953329 0.888482
vt 0.953149 0.886075
vt 0.964446 0.828130
vt 0.964711 0.834815
vt 0.965320 0.831100
vt 0.829942 0.871475
vt 0.831264 0.875173
vt 0.955209 0.911853
vt 0.955522 0.910420
vt 0.955579 0.904822
vt 0.964681 0.840844
vt 0.967325 0.837727
vt 0.957476 0.868392
vt 0.955526 0.867911
vt 0.956622 0.870099
vt 0.955031 0.866864
vt 0.953147 0.867863
vt 0.961996 0.847118
vt 0.954917 0.865183
vt 0.955218 0.863482
vt 0.959956 0.817339
vt 0.831003 0.898365
vt 0.841799 0.824085
vt 0.837501 0.833223
vt 0.835843 0.834674
vt 0.918635 0.808005
vt 0.830196 0.898509
vt 0.954865 0.897689
vt 0.832222 0.905604
vt 0.839770 0.809851
vt 0.837937 0.815235
vt 0.830098 0.855909
vt 0.831755 0.858643
vt 0.831671 0.853327
vt 0.830996 0.913146
vt 0.835541 0.838083
vt 0.837693 0.828902
vt 0.836646 0.827429
vt 0.953492 0.881336
vt 0.954354 0.877434
vt 0.957429 0.859826
vt 0.954119 0.894137
vt 0.958336 0.869530
vt 0.953931 0.919311
vt 0.952547 0.921949
vt 0.831003 0.877513
vt 0.966230 0.836118
vt 0.948145 0.932092
vt 0.948794 0.931229
vt 0.830821 0.860602
vt 0.955015 0.913764
vt 0.898520 0.794352
vt 0.871151 0.792832
vt 0.955246 0.902766
vt 0.837938 0.811683
vt 0.836678 0.804352
vt 0.834670 0.806330
vt 0.961525 0.851537
vt 0.838244 0.822136
vt 0.836826 0.819126
vt 0.950507 0.928997
vt 0.943248 0.938727
vt 0.944784 0.937534
vt 0.837221 0.831528
vt 0.964032 0.822068
vt 0.964554 0.826007
vt 0.831104 0.885594
vt 0.830994 0.911247
vt 0.839497 0.789074
vt 0.957531 0.873109
vt 0.835538 0.800799
vt 0.833912 0.804354
vt 0.835362 0.806402
vt 0.836870 0.797565
vt 0.946296 0.936875
vt 0.836272 0.813948
vt 0.965347 0.781674
vt 0.959511 0.791238
vt 0.967356 0.786932
vt 0.936160 0.786298
vt 0.910191 0.763108
vt 0.839380 0.723485
vt 0.840284 0.720522
vt 0.838544 0.721483
vt 0.840464 0.713914
vt 0.840451 0.727513
vt 0.842181 0.686110
vt 0.842758 0.679405
vt 0.841301 0.683179
vt 0.839879 0.697893
vt 0.845755 0.697082
vt 0.840877 0.695978
vt 0.841628 0.730803
vt 0.841801 0.732267
vt 0.844013 0.733841
vt 0.969775 0.763849
vt 0.961547 0.771841
vt 0.968486 0.770108
vt 0.968255 0.758187
vt 0.967678 0.753592
vt 0.975041 0.734406
vt 0.972571 0.738073
vt 0.973798 0.738626
vt 0.967558 0.776769
vt 0.965886 0.813524
vt 0.964193 0.809719
vt 0.965095 0.815656
vt 0.838181 0.713623
vt 0.838482 0.711389
vt 0.974643 0.712688
vt 0.970900 0.704289
vt 0.973464 0.714773
vt 0.842762 0.773174
vt 0.837323 0.778559
vt 0.837328 0.783538
vt 0.835985 0.789733
vt 0.836474 0.791743
vt 0.976461 0.727247
vt 0.975467 0.732153
vt 0.970894 0.725154
vt 0.969673 0.760105
vt 0.838968 0.766263
vt 0.837119 0.771174
vt 0.841617 0.691958
vt 0.887284 0.765942
vt 0.915711 0.732537
vt 0.883048 0.725708
vt 0.964782 0.717423
vt 0.942504 0.752769
vt 0.964890 0.797789
vt 0.965320 0.802363
vt 0.965559 0.811179
vt 0.839993 0.716952
vt 0.876294 0.723540
vt 0.868575 0.759045
vt 0.970746 0.766906
vt 0.968622 0.772094
vt 0.840195 0.681287
vt 0.836175 0.781037
vt 0.970925 0.740904
vt 0.836512 0.787909
vt 0.843184 0.745736
vt 0.840337 0.743312
vt 0.839788 0.746812
vt 0.873626 0.697019
vt 0.835753 0.771981
vt 0.834981 0.772819
vt 0.835034 0.773581
vt 0.951827 0.684270
vt 0.932391 0.709003
vt 0.866011 0.713763
vt 0.841380 0.754098
vt 0.841050 0.756485
vt 0.840339 0.763416
vt 0.907732 0.681491
vt 0.889752 0.701018
vt 0.848517 0.671300
vt 0.838452 0.701087
vt 0.838217 0.705887
vt 0.836558 0.706265
vt 0.837900 0.708312
vt 0.836326 0.793003
vt 0.977300 0.707398
vt 0.975655 0.708329
vt 0.977412 0.708907
vt 0.975435 0.703273
vt 0.836036 0.786055
vt 0.976411 0.701012
vt 0.967592 0.793833
vt 0.927668 0.678588
vt 0.936985 0.726336
vt 0.843418 0.736577
vt 0.841879 0.740770
vt 0.840958 0.741191
vt 0.840705 0.694179
vt 0.965589 0.818057
vt 0.969943 0.749978
vt 0.838207 0.705954
vt 0.882244 0.678328
vt 0.973715 0.719897
vt 0.836602 0.702823
vt 0.838278 0.763980
vt 0.841129 0.749863
vt 0.841937 0.738046
vt 0.841650 0.674439
vt 0.972352 0.685858
vt 0.841340 0.647270
vt 0.843951 0.641145
vt 0.840868 0.644150
vt 0.837760 0.581819
vt 0.838655 0.584207
vt 0.839071 0.581068
vt 0.888031 0.649829
vt 0.976533 0.608663
vt 0.974667 0.608191
vt 0.975012 0.611296
vt 0.971832 0.603206
vt 0.966770 0.593055
vt 0.974436 0.616589
vt 0.843704 0.571489
vt 0.841089 0.572112
vt 0.841225 0.573652
vt 0.841630 0.661406
vt 0.840741 0.651464
vt 0.979524 0.689019
vt 0.979098 0.689985
vt 0.842235 0.584759
vt 0.835426 0.596104
vt 0.841806 0.599594
vt 0.969044 0.618000
vt 0.972003 0.645412
vt 0.972782 0.638150
vt 0.945972 0.635473
vt 0.971763 0.655653
vt 0.972049 0.651071
vt 0.971333 0.648693
vt 0.975221 0.621793
vt 0.974034 0.625663
vt 0.933367 0.610958
vt 0.901867 0.581648
vt 0.897532 0.625952
vt 0.837227 0.623600
vt 0.837763 0.625946
vt 0.838756 0.627707
vt 0.838555 0.622347
vt 0.835770 0.591358
vt 0.837242 0.587652
vt 0.976384 0.616459
vt 0.974782 0.613555
vt 0.839065 0.611406
vt 0.842099 0.619986
vt 0.838373 0.614419
vt 0.865905 0.588813
vt 0.964997 0.587439
vt 0.965861 0.585425
vt 0.963877 0.583812
vt 0.860790 0.569008
vt 0.877559 0.568045
vt 0.876673 0.555316
vt 0.848089 0.559891
vt 0.846936 0.563699
vt 0.854520 0.571459
vt 0.977961 0.675162
vt 0.974345 0.673548
vt 0.978013 0.678908
vt 0.841186 0.641751
vt 0.976233 0.667997
vt 0.970486 0.674552
vt 0.836624 0.601819
vt 0.837568 0.604240
vt 0.836921 0.598755
vt 0.973298 0.605838
vt 0.979190 0.686567
vt 0.979071 0.683463
vt 0.924188 0.641262
vt 0.978313 0.695757
vt 0.978753 0.694068
vt 0.841545 0.665212
vt 0.974213 0.628935
vt 0.967008 0.591143
vt 0.937362 0.582774
vt 0.871959 0.612587
vt 0.838184 0.620193
vt 0.974823 0.660707
vt 0.972724 0.660649
vt 0.974919 0.664184
vt 0.973637 0.657912
vt 0.839511 0.631163
vt 0.840779 0.636277
vt 0.838336 0.606733
vt 0.841213 0.673115
vt 0.962759 0.567870
vt 0.941677 0.564195
vt 0.898431 0.563417
vt 0.916644 0.564111
vt 0.980883 0.684680
vt 0.839962 0.648409
vt 0.843937 0.568608
vt 0.972816 0.641048
vt 0.837877 0.618404
vt 0.967425 0.588884
vt 0.839975 0.634105
vt 0.837284 0.612466
vt 0.840340 0.638881
vt 0.842354 0.671512
vt 0.840095 0.575193
vt 0.840635 0.657457
vt 0.979400 0.691447
vt 0.840992 0.663183
vt 0.837032 0.618677
vt 0.961441 0.561396
vt 0.837229 0.607691
vt 0.841356 0.668842
vt 0.956209 0.543804
vt 0.961557 0.554908
vt 0.960693 0.549450
vt 0.954980 0.540657
vt 0.939190 0.541736
vt 0.888508 0.541661
vt 0.914036 0.544381
vt 0.928138 0.511269
vt 0.906135 0.503793
vt 0.924345 0.530158
vt 0.896782 0.514839
vt 0.891614 0.511266
vt 0.887444 0.513361
vt 0.942474 0.507740
vt 0.939071 0.504518
vt 0.944219 0.510057
vt 0.946584 0.532250
vt 0.950814 0.534988
vt 0.948757 0.522026
vt 0.945540 0.529261
vt 0.947935 0.527295
vt 0.899285 0.534789
vt 0.872009 0.535100
vt 0.950033 0.532856
vt 0.869835 0.531266
vt 0.870031 0.524893
vt 0.868567 0.529695
vt 0.899789 0.499225
vt 0.897032 0.501626
vt 0.934624 0.491069
vt 0.934875 0.493533
vt 0.936442 0.491478
vt 0.906063 0.488217
vt 0.906740 0.491364
vt 0.918828 0.482371
vt 0.963547 0.565325
vt 0.851313 0.558759
vt 0.936890 0.479189
vt 0.935322 0.484365
vt 0.936985 0.481794
vt 0.931876 0.471148
vt 0.934717 0.488785
vt 0.935315 0.486519
vt 0.854699 0.544122
vt 0.852485 0.546632
vt 0.857513 0.542807
vt 0.866627 0.538471
vt 0.947918 0.514593
vt 0.945683 0.511402
vt 0.949090 0.518308
vt 0.859400 0.540615
vt 0.863743 0.540451
vt 0.949830 0.525299
vt 0.936366 0.500369
vt 0.885329 0.513744
vt 0.871916 0.525472
vt 0.963222 0.558362
vt 0.894456 0.507065
vt 0.893034 0.504632
vt 0.903838 0.493240
vt 0.901371 0.497793
vt 0.897628 0.499907
vt 0.935156 0.496700
vt 0.963539 0.563116
vt 0.962796 0.562563
vt 0.852768 0.553835
vt 0.850890 0.555015
vt 0.899099 0.477744
vt 0.903355 0.466193
vt 0.902139 0.469329
vt 0.903593 0.481179
vt 0.901481 0.482091
vt 0.903856 0.483190
vt 0.960818 0.545665
vt 0.961493 0.552193
vt 0.963358 0.551260
vt 0.853790 0.550842
vt 0.951791 0.537727
vt 0.948477 0.519621
vt 0.869643 0.537218
vt 0.948877 0.524045
vt 0.879962 0.515199
vt 0.878879 0.517607
vt 0.873413 0.521143
vt 0.871855 0.522798
vt 0.893313 0.502556
vt 0.895275 0.502216
vt 0.948425 0.530372
vt 0.936316 0.493374
vt 0.963142 0.561198
vt 0.901585 0.472719
vt 0.903615 0.481335
vt 0.900558 0.481116
vt 0.899136 0.479986
vt 0.883195 0.514569
vt 0.883967 0.513669
vt 0.875735 0.520031
vt 0.893028 0.509303
vt 0.902315 0.494605
vt 0.905726 0.489974
vt 0.935975 0.469379
vt 0.933335 0.463528
vt 0.932082 0.459813
vt 0.923763 0.449844
vt 0.904202 0.456255
vt 0.905619 0.453979
vt 0.939298 0.471792
vt 0.915031 0.445043
vt 0.913850 0.446758
vt 0.916413 0.445617
vt 0.917251 0.446903
vt 0.913490 0.445534
vt 0.913445 0.449307
vt 0.911873 0.454012
vt 0.911087 0.450858
vt 0.909163 0.454747
vt 0.914090 0.443767
vt 0.938568 0.473921
vt 0.930186 0.451468
vt 0.928502 0.450108
vt 0.926542 0.449026
vt 0.921994 0.447353
vt 0.912389 0.448075
vt 0.931313 0.454482
vt 0.933201 0.457890
vt 0.931966 0.449628
vt 0.923534 0.448304
vt 0.920541 0.446476
vt 0.415180 0.850377
vt 0.414286 0.852970
vt 0.416628 0.852955
vt 0.415164 0.855630
vt 0.416109 0.855951
vt 0.418064 0.862723
vt 0.417674 0.859414
vt 0.417214 0.861504
vt 0.435014 0.708163
vt 0.440332 0.724088
vt 0.453711 0.712395
vt 0.417574 0.838633
vt 0.416914 0.834873
vt 0.415938 0.835885
vt 0.467188 0.797522
vt 0.448493 0.807926
vt 0.451410 0.818344
vt 0.440501 0.681800
vt 0.435992 0.674114
vt 0.428293 0.682239
vt 0.406193 0.812844
vt 0.416282 0.821135
vt 0.411187 0.808068
vt 0.426276 0.721632
vt 0.434990 0.722091
vt 0.408767 0.655075
vt 0.411825 0.642042
vt 0.406178 0.649792
vt 0.411714 0.677212
vt 0.410139 0.682905
vt 0.416849 0.682808
vt 0.428531 0.867364
vt 0.430019 0.865853
vt 0.429348 0.854523
vt 0.432005 0.864470
vt 0.412099 0.685902
vt 0.412132 0.666801
vt 0.418725 0.657170
vt 0.420331 0.784177
vt 0.431373 0.769457
vt 0.417651 0.777058
vt 0.439087 0.756861
vt 0.445206 0.776259
vt 0.451160 0.772184
vt 0.447194 0.754625
vt 0.458486 0.774827
vt 0.459798 0.758918
vt 0.457460 0.790709
vt 0.650772 0.736203
vt 0.620766 0.746032
vt 0.643349 0.758552
vt 0.627729 0.687891
vt 0.618024 0.677260
vt 0.618402 0.705586
vt 0.475889 0.807956
vt 0.481034 0.799644
vt 0.436568 0.854295
vt 0.435602 0.846231
vt 0.425862 0.821796
vt 0.431157 0.819647
vt 0.415493 0.801405
vt 0.424423 0.829995
vt 0.433901 0.833689
vt 0.468398 0.821528
vt 0.474611 0.815770
vt 0.459175 0.815181
vt 0.439875 0.840286
vt 0.447150 0.831870
vt 0.472408 0.823270
vt 0.488539 0.816072
vt 0.475680 0.837188
vt 0.480336 0.834398
vt 0.471889 0.835702
vt 0.484530 0.841616
vt 0.487341 0.841814
vt 0.481600 0.839907
vt 0.437378 0.861663
vt 0.438587 0.857299
vt 0.662042 0.772979
vt 0.664851 0.772736
vt 0.658915 0.769309
vt 0.412722 0.763216
vt 0.414398 0.776309
vt 0.415681 0.776397
vt 0.408007 0.773458
vt 0.418618 0.780443
vt 0.419337 0.781832
vt 0.420757 0.786098
vt 0.421097 0.788109
vt 0.420456 0.791680
vt 0.444126 0.794873
vt 0.421721 0.730827
vt 0.430844 0.730045
vt 0.417517 0.740451
vt 0.457515 0.821320
vt 0.456154 0.828361
vt 0.662355 0.737583
vt 0.656240 0.768581
vt 0.663301 0.739444
vt 0.661973 0.735606
vt 0.669086 0.747446
vt 0.666407 0.745041
vt 0.671339 0.750314
vt 0.668691 0.746086
vt 0.646299 0.712550
vt 0.661003 0.720934
vt 0.662398 0.715920
vt 0.642460 0.687855
vt 0.647432 0.691154
vt 0.647567 0.689071
vt 0.413612 0.698952
vt 0.421303 0.700427
vt 0.419304 0.692951
vt 0.414920 0.700507
vt 0.434443 0.774826
vt 0.425845 0.743272
vt 0.652656 0.769847
vt 0.435044 0.667138
vt 0.442583 0.657285
vt 0.434558 0.648865
vt 0.651099 0.699667
vt 0.647792 0.696041
vt 0.622265 0.675156
vt 0.621070 0.671252
vt 0.619846 0.670980
vt 0.647354 0.772694
vt 0.650156 0.773147
vt 0.615926 0.668166
vt 0.614920 0.667286
vt 0.612212 0.666224
vt 0.450568 0.676033
vt 0.434659 0.690406
vt 0.442121 0.690377
vt 0.400385 0.766533
vt 0.402963 0.771361
vt 0.446253 0.701070
vt 0.399336 0.768545
vt 0.639389 0.687260
vt 0.673917 0.754486
vt 0.675243 0.756318
vt 0.675989 0.755085
vt 0.662205 0.711500
vt 0.661200 0.708782
vt 0.436193 0.783296
vt 0.445311 0.785077
vt 0.673217 0.765881
vt 0.674104 0.764280
vt 0.674626 0.761840
vt 0.669288 0.773512
vt 0.671885 0.770843
vt 0.671182 0.769020
vt 0.662534 0.728389
vt 0.660566 0.726198
vt 0.660083 0.731032
vt 0.443171 0.733922
vt 0.458149 0.718429
vt 0.419746 0.688855
vt 0.431415 0.695841
vt 0.627060 0.676758
vt 0.424231 0.703363
vt 0.424800 0.710208
vt 0.596212 0.666878
vt 0.610661 0.663153
vt 0.605248 0.661183
vt 0.474920 0.791075
vt 0.652043 0.770744
vt 0.646514 0.775729
vt 0.648538 0.775380
vt 0.613325 0.664365
vt 0.443623 0.745390
vt 0.415585 0.843625
vt 0.412843 0.842600
vt 0.413303 0.843947
vt 0.433283 0.740967
vt 0.415332 0.847032
vt 0.423947 0.841084
vt 0.658705 0.772204
vt 0.636424 0.682619
vt 0.632347 0.683177
vt 0.418121 0.864287
vt 0.420590 0.865594
vt 0.675147 0.757873
vt 0.674359 0.751491
vt 0.658927 0.706357
vt 0.407569 0.819420
vt 0.404021 0.815470
vt 0.415458 0.840061
vt 0.666631 0.741874
vt 0.661296 0.731356
vt 0.655248 0.702184
vt 0.423063 0.864149
vt 0.426632 0.851608
vt 0.649766 0.693223
vt 0.650611 0.690587
vt 0.410428 0.659355
vt 0.409889 0.656764
vt 0.643737 0.686308
vt 0.641586 0.685110
vt 0.420635 0.683471
vt 0.624397 0.673227
vt 0.478088 0.774554
vt 0.467992 0.804400
vt 0.617480 0.669770
vt 0.486861 0.826545
vt 0.466253 0.835408
vt 0.433553 0.800951
vt 0.435770 0.810453
vt 0.442077 0.801126
vt 0.422782 0.619310
vt 0.426577 0.632251
vt 0.432515 0.620797
vt 0.427073 0.792006
vt 0.435448 0.793910
vt 0.430430 0.783625
vt 0.675618 0.763061
vt 0.676044 0.760017
vt 0.661368 0.717729
vt 0.628114 0.679578
vt 0.452684 0.843255
vt 0.444960 0.845928
vt 0.448467 0.846249
vt 0.661389 0.732793
vt 0.647757 0.694450
vt 0.599928 0.682626
vt 0.601095 0.662383
vt 0.421488 0.794087
vt 0.430847 0.755814
vt 0.646139 0.779030
vt 0.644447 0.777514
vt 0.546670 0.702287
vt 0.555621 0.691942
vt 0.548382 0.691328
vt 0.609234 0.958085
vt 0.597470 0.947780
vt 0.599990 0.950718
vt 0.593360 0.944063
vt 0.603595 0.932749
vt 0.613662 0.942554
vt 0.560798 0.797298
vt 0.581959 0.799344
vt 0.585488 0.794258
vt 0.448533 0.838249
vt 0.443393 0.639587
vt 0.429093 0.638713
vt 0.628852 0.795842
vt 0.631469 0.795767
vt 0.631389 0.793490
vt 0.581756 0.658588
vt 0.579358 0.657755
vt 0.580220 0.666178
vt 0.596163 0.660780
vt 0.594562 0.660710
vt 0.600483 0.760630
vt 0.618138 0.775420
vt 0.600203 0.717255
vt 0.550368 0.652624
vt 0.548626 0.644412
vt 0.546304 0.644234
vt 0.550292 0.645867
vt 0.626017 0.800690
vt 0.627655 0.801183
vt 0.630705 0.799485
vt 0.425835 0.670030
vt 0.425043 0.666175
vt 0.539691 0.653602
vt 0.538930 0.639871
vt 0.556645 0.659652
vt 0.549817 0.671078
vt 0.605366 0.800184
vt 0.604904 0.791527
vt 0.602635 0.806197
vt 0.602006 0.804180
vt 0.599607 0.800649
vt 0.535042 0.634712
vt 0.539874 0.635367
vt 0.606061 0.811904
vt 0.603796 0.809009
vt 0.574937 0.711740
vt 0.562326 0.654395
vt 0.557545 0.650465
vt 0.561976 0.668946
vt 0.566480 0.654062
vt 0.425758 0.805831
vt 0.587645 0.826257
vt 0.604767 0.833738
vt 0.605905 0.815790
vt 0.449213 0.687295
vt 0.456866 0.681271
vt 0.617257 0.796989
vt 0.620044 0.800183
vt 0.621859 0.800313
vt 0.611584 0.798549
vt 0.533901 0.646545
vt 0.568322 0.652934
vt 0.575471 0.654170
vt 0.568589 0.651318
vt 0.534231 0.630930
vt 0.532141 0.630260
vt 0.533151 0.632405
vt 0.525042 0.634136
vt 0.617477 0.967504
vt 0.621346 0.970595
vt 0.619609 0.965615
vt 0.618243 0.957915
vt 0.619929 0.956439
vt 0.619187 0.954841
vt 0.612013 0.960752
vt 0.619374 0.952395
vt 0.618823 0.950626
vt 0.590839 0.675100
vt 0.577088 0.689172
vt 0.426595 0.618259
vt 0.430927 0.613479
vt 0.562383 0.751672
vt 0.616397 0.800217
vt 0.617979 0.799900
vt 0.615127 0.799509
vt 0.581322 0.812456
vt 0.543190 0.670930
vt 0.545919 0.677549
vt 0.460738 0.835578
vt 0.612620 0.937462
vt 0.612465 0.940312
vt 0.609720 0.936161
vt 0.612572 0.922919
vt 0.612172 0.920717
vt 0.607737 0.913014
vt 0.535055 0.666356
vt 0.530582 0.661136
vt 0.564340 0.682188
vt 0.559300 0.679592
vt 0.600531 0.879338
vt 0.602058 0.886669
vt 0.603850 0.884272
vt 0.603302 0.879501
vt 0.518845 0.622491
vt 0.524925 0.621972
vt 0.523483 0.621465
vt 0.601029 0.875233
vt 0.598265 0.872125
vt 0.600761 0.876763
vt 0.599476 0.872739
vt 0.517182 0.624483
vt 0.516149 0.630626
vt 0.596379 0.860140
vt 0.597753 0.859864
vt 0.596834 0.857683
vt 0.413051 0.676600
vt 0.443175 0.849099
vt 0.439629 0.849426
vt 0.580954 0.898940
vt 0.605466 0.909734
vt 0.603948 0.905266
vt 0.413301 0.690620
vt 0.549625 0.729083
vt 0.556935 0.699715
vt 0.410745 0.689269
vt 0.438969 0.820246
vt 0.530442 0.672440
vt 0.524449 0.660293
vt 0.518371 0.668831
vt 0.526715 0.648630
vt 0.518886 0.655665
vt 0.513284 0.636509
vt 0.513023 0.625964
vt 0.524005 0.640180
vt 0.597592 0.950132
vt 0.464854 0.731494
vt 0.466040 0.722771
vt 0.601921 0.953536
vt 0.606095 0.957033
vt 0.557155 0.805199
vt 0.570313 0.781505
vt 0.579399 0.885629
vt 0.602745 0.894352
vt 0.404494 0.756923
vt 0.404235 0.750324
vt 0.588638 0.662226
vt 0.584943 0.661188
vt 0.538699 0.702749
vt 0.540995 0.691316
vt 0.634288 0.788441
vt 0.590987 0.659793
vt 0.402070 0.760137
vt 0.401882 0.757280
vt 0.555397 0.648717
vt 0.553014 0.646674
vt 0.572963 0.649829
vt 0.571437 0.648011
vt 0.576456 0.676345
vt 0.559640 0.651080
vt 0.561498 0.651032
vt 0.607681 0.823849
vt 0.422658 0.676881
vt 0.607841 0.822152
vt 0.608245 0.819066
vt 0.610509 0.800464
vt 0.600642 0.840053
vt 0.420934 0.646401
vt 0.572506 0.765959
vt 0.619483 0.969802
vt 0.619068 0.964062
vt 0.619497 0.962300
vt 0.618951 0.960261
vt 0.395835 0.770597
vt 0.399921 0.771828
vt 0.618276 0.948731
vt 0.617152 0.946630
vt 0.613125 0.926842
vt 0.612823 0.924249
vt 0.610058 0.929255
vt 0.610198 0.914836
vt 0.612406 0.916275
vt 0.528792 0.625442
vt 0.526969 0.623227
vt 0.592292 0.839566
vt 0.612934 0.965902
vt 0.614790 0.965639
vt 0.608744 0.935246
vt 0.581709 0.844688
vt 0.600235 0.847725
vt 0.536270 0.681870
vt 0.552506 0.679874
vt 0.602559 0.888856
vt 0.603922 0.893813
vt 0.597101 0.869449
vt 0.598270 0.866922
vt 0.596193 0.865361
vt 0.604536 0.907460
vt 0.581878 0.868503
vt 0.525978 0.682933
vt 0.587058 0.919527
vt 0.510816 0.642360
vt 0.516677 0.646399
vt 0.595002 0.946593
vt 0.602831 0.899913
vt 0.604023 0.897041
vt 0.571317 0.862499
vt 0.477523 0.840345
vt 0.515219 0.626543
vt 0.406031 0.637737
vt 0.406344 0.642586
vt 0.407559 0.634345
vt 0.570512 0.830747
vt 0.414855 0.701788
vt 0.414710 0.703073
vt 0.416530 0.707305
vt 0.415883 0.708551
vt 0.415746 0.710250
vt 0.633335 0.790669
vt 0.477100 0.794816
vt 0.546280 0.641984
vt 0.541990 0.636317
vt 0.413773 0.712702
vt 0.413263 0.714929
vt 0.603964 0.801414
vt 0.607630 0.800130
vt 0.607547 0.814715
vt 0.607925 0.830287
vt 0.609642 0.829517
vt 0.608069 0.828202
vt 0.408331 0.742808
vt 0.404968 0.747142
vt 0.600734 0.843966
vt 0.532211 0.627880
vt 0.530783 0.626869
vt 0.615388 0.942051
vt 0.511963 0.663455
vt 0.526402 0.621167
vt 0.610835 0.964299
vt 0.608483 0.931835
vt 0.604960 0.902699
vt 0.639581 0.782661
vt 0.642296 0.781508
vt 0.637345 0.783369
vt 0.426797 0.654641
vt 0.531763 0.710520
vt 0.568436 0.811918
vt 0.407967 0.821213
vt 0.413014 0.825764
vt 0.412083 0.628939
vt 0.575129 0.650995
vt 0.635990 0.788195
vt 0.450777 0.666223
vt 0.603775 0.836721
vt 0.618682 0.946233
vt 0.600706 0.844159
vt 0.601112 0.845902
vt 0.597789 0.659462
vt 0.456738 0.697301
vt 0.598531 0.853566
vt 0.598830 0.855643
vt 0.481892 0.702349
vt 0.492950 0.691145
vt 0.487224 0.689854
vt 0.490120 0.702069
vt 0.490524 0.722642
vt 0.499758 0.717640
vt 0.492613 0.714556
vt 0.568035 0.938967
vt 0.569623 0.939999
vt 0.571005 0.935426
vt 0.487150 0.772660
vt 0.503001 0.780919
vt 0.508312 0.768639
vt 0.478715 0.663945
vt 0.467268 0.679345
vt 0.483572 0.672528
vt 0.487860 0.748203
vt 0.514738 0.742554
vt 0.489976 0.731673
vt 0.408537 0.630720
vt 0.410663 0.628786
vt 0.554313 0.890137
vt 0.554374 0.903813
vt 0.514118 0.689229
vt 0.509946 0.697015
vt 0.460087 0.623890
vt 0.466053 0.618681
vt 0.454342 0.620667
vt 0.466921 0.646428
vt 0.475569 0.640333
vt 0.465023 0.638150
vt 0.489616 0.617287
vt 0.488074 0.612750
vt 0.486039 0.612631
vt 0.509892 0.801707
vt 0.509339 0.788983
vt 0.500450 0.788817
vt 0.573518 0.943457
vt 0.491377 0.628628
vt 0.506701 0.624763
vt 0.502445 0.622157
vt 0.497908 0.662102
vt 0.504948 0.654974
vt 0.482290 0.683291
vt 0.477906 0.678486
vt 0.512436 0.686209
vt 0.520425 0.677223
vt 0.559888 0.845008
vt 0.560622 0.824284
vt 0.546720 0.826907
vt 0.462462 0.749689
vt 0.482784 0.647961
vt 0.490602 0.677654
vt 0.485707 0.660023
vt 0.583715 0.945841
vt 0.585894 0.947476
vt 0.503095 0.692834
vt 0.496943 0.704071
vt 0.507695 0.707429
vt 0.499971 0.709221
vt 0.519928 0.815459
vt 0.516645 0.798712
vt 0.457799 0.606661
vt 0.462019 0.604965
vt 0.459890 0.604917
vt 0.496221 0.640657
vt 0.487766 0.636386
vt 0.517856 0.829168
vt 0.521719 0.829559
vt 0.477242 0.632024
vt 0.520233 0.708431
vt 0.517749 0.718756
vt 0.578853 0.947233
vt 0.579805 0.948246
vt 0.527362 0.840572
vt 0.527346 0.843918
vt 0.536622 0.848861
vt 0.498751 0.682059
vt 0.527865 0.833508
vt 0.525486 0.829784
vt 0.526251 0.835956
vt 0.505554 0.726516
vt 0.471112 0.631927
vt 0.483538 0.625277
vt 0.468424 0.625725
vt 0.480005 0.616316
vt 0.555245 0.857965
vt 0.529992 0.759846
vt 0.507925 0.722042
vt 0.477131 0.710392
vt 0.473107 0.726698
vt 0.483707 0.719645
vt 0.439529 0.626086
vt 0.445274 0.617868
vt 0.471489 0.694483
vt 0.467599 0.685861
vt 0.457495 0.668070
vt 0.464616 0.663548
vt 0.446848 0.648540
vt 0.451364 0.654905
vt 0.452330 0.642783
vt 0.554659 0.907871
vt 0.556477 0.908883
vt 0.553591 0.906293
vt 0.455346 0.634429
vt 0.444554 0.634022
vt 0.511938 0.656565
vt 0.505843 0.677445
vt 0.545493 0.884043
vt 0.550376 0.886100
vt 0.558838 0.878192
vt 0.544758 0.878658
vt 0.525365 0.699351
vt 0.523511 0.693761
vt 0.477979 0.608470
vt 0.475992 0.606337
vt 0.476710 0.610597
vt 0.511692 0.712622
vt 0.489923 0.807177
vt 0.502322 0.828509
vt 0.503965 0.823141
vt 0.462554 0.652037
vt 0.543511 0.801171
vt 0.550812 0.788208
vt 0.486626 0.790336
vt 0.495299 0.648270
vt 0.536493 0.773366
vt 0.474658 0.733626
vt 0.478624 0.758863
vt 0.454774 0.606795
vt 0.447905 0.607812
vt 0.564813 0.924485
vt 0.567659 0.924747
vt 0.565879 0.922278
vt 0.416975 0.799589
vt 0.512638 0.831886
vt 0.509091 0.831757
vt 0.512399 0.822203
vt 0.500640 0.813282
vt 0.440179 0.860876
vt 0.517297 0.789424
vt 0.467557 0.613046
vt 0.446462 0.848256
vt 0.491848 0.837084
vt 0.539759 0.808301
vt 0.504597 0.635358
vt 0.519872 0.830101
vt 0.495259 0.654723
vt 0.410804 0.664906
vt 0.574260 0.929599
vt 0.576903 0.946309
vt 0.523013 0.808993
vt 0.468049 0.603867
vt 0.470218 0.603777
vt 0.468750 0.603572
vt 0.472109 0.603506
vt 0.469980 0.706120
vt 0.451920 0.846515
vt 0.542399 0.851369
vt 0.546046 0.876146
vt 0.545961 0.873372
vt 0.545492 0.870608
vt 0.545747 0.868403
vt 0.546820 0.866773
vt 0.505206 0.829897
vt 0.496083 0.834131
vt 0.498509 0.833235
vt 0.523169 0.797651
vt 0.559856 0.911548
vt 0.558225 0.910894
vt 0.480125 0.610956
vt 0.547768 0.860495
vt 0.546650 0.858091
vt 0.482286 0.786489
vt 0.481510 0.730558
vt 0.476983 0.688961
vt 0.487828 0.707737
vt 0.484635 0.611190
vt 0.483617 0.612468
vt 0.458045 0.604731
vt 0.590202 0.946443
vt 0.591188 0.946688
vt 0.572236 0.931578
vt 0.571154 0.932729
vt 0.563104 0.919995
vt 0.466447 0.604555
vt 0.463090 0.603932
vt 0.413589 0.722468
vt 0.573521 0.928726
vt 0.533467 0.848368
vt 0.535176 0.848906
vt 0.552458 0.906109
vt 0.440248 0.610592
vt 0.435083 0.612591
vt 0.543958 0.854799
vt 0.554435 0.893687
vt 0.554385 0.896860
vt 0.414288 0.692724
vt 0.545835 0.860024
vt 0.506442 0.832733
vt 0.563573 0.921589
vt 0.451002 0.606369
vt 0.464723 0.835499
vt 0.570256 0.942671
vt 0.572351 0.925257
vt 0.525412 0.842969
vt 0.489437 0.613557
vt 0.560130 0.912969
vt 0.531007 0.848322
vt 0.401627 0.765348
vt 0.539768 0.851053
vt 0.400670 0.762067
vt 0.544374 0.874795
vt 0.410771 0.775678
vt 0.409916 0.774589
vt 0.437800 0.610107
vt 0.544802 0.857029
vt 0.554758 0.901966
vt 0.554739 0.899550
vt 0.444744 0.608697
vt 0.493778 0.837059
vt 0.493855 0.835462
vt 0.546721 0.864474
vt 0.559147 0.915434
vt 0.482370 0.611091
vt 0.419456 0.619828
vt 0.417480 0.622590
vt 0.468415 0.836047
vt 0.411322 0.738323
vt 0.409803 0.741110
vt 0.404549 0.773559
vt 0.413148 0.725791
vt 0.417554 0.705274
vt 0.441330 0.859810
vt 0.441604 0.857481
vt 0.407792 0.653978
vt 0.412252 0.805583
vt 0.418280 0.797350
vt 0.419194 0.795034
vt 0.408329 0.809024
vt 0.416775 0.624059
vt 0.456322 0.841982
vt 0.459146 0.837683
vt 0.419678 0.785049
vt 0.418372 0.784237
vt 0.411430 0.669438
vt 0.403526 0.755037
vt 0.403479 0.753162
vt 0.415689 0.704756
vt 0.401604 0.772072
vt 0.480623 0.840760
vt 0.438458 0.862569
vt 0.439444 0.851689
vt 0.413508 0.803299
vt 0.487645 0.843021
vt 0.489135 0.843144
vt 0.487255 0.841936
vt 0.411070 0.732363
vt 0.410079 0.733591
vt 0.410332 0.729771
vt 0.424349 0.866373
vt 0.412534 0.724107
vt 0.411159 0.716630
vt 0.413007 0.718934
vt 0.139715 0.908179
vt 0.139558 0.905127
vt 0.138921 0.906777
vt 0.188115 0.907105
vt 0.187788 0.905947
vt 0.186834 0.909423
vt 0.224989 0.901736
vt 0.230057 0.903390
vt 0.233950 0.897046
vt 0.148266 0.925195
vt 0.149474 0.923531
vt 0.146460 0.924420
vt 0.214012 0.898709
vt 0.217894 0.901022
vt 0.213475 0.897464
vt 0.145922 0.918356
vt 0.144319 0.913454
vt 0.144652 0.916241
vt 0.156569 0.909496
vt 0.157930 0.914326
vt 0.180700 0.914322
vt 0.189632 0.929278
vt 0.189036 0.922065
vt 0.176706 0.928548
vt 0.169985 0.921531
vt 0.217109 0.869639
vt 0.204387 0.857940
vt 0.211637 0.895256
vt 0.149419 0.890502
vt 0.153147 0.886587
vt 0.151770 0.886299
vt 0.221993 0.899782
vt 0.193822 0.897507
vt 0.194105 0.895517
vt 0.190903 0.899621
vt 0.192698 0.898702
vt 0.173114 0.905057
vt 0.164239 0.920264
vt 0.164842 0.904726
vt 0.187089 0.912487
vt 0.187657 0.910594
vt 0.196497 0.868672
vt 0.205486 0.892014
vt 0.227171 0.903786
vt 0.231944 0.904495
vt 0.233121 0.903326
vt 0.149390 0.891606
vt 0.162013 0.885620
vt 0.153994 0.900928
vt 0.164787 0.894653
vt 0.233449 0.868775
vt 0.244931 0.883675
vt 0.245653 0.881212
vt 0.246054 0.878801
vt 0.153830 0.883145
vt 0.154879 0.874408
vt 0.151416 0.883384
vt 0.142692 0.897193
vt 0.141844 0.899414
vt 0.141979 0.901778
vt 0.146884 0.894651
vt 0.177591 0.857162
vt 0.188035 0.878717
vt 0.189305 0.924381
vt 0.190308 0.923113
vt 0.165544 0.921873
vt 0.167509 0.919792
vt 0.189734 0.902378
vt 0.236738 0.900517
vt 0.238303 0.899459
vt 0.246580 0.874512
vt 0.248036 0.875864
vt 0.242381 0.895593
vt 0.241088 0.893710
vt 0.240458 0.895880
vt 0.251441 0.810986
vt 0.249655 0.810766
vt 0.255058 0.816644
vt 0.145992 0.851351
vt 0.162890 0.853355
vt 0.150922 0.846153
vt 0.245016 0.807723
vt 0.242877 0.810498
vt 0.247911 0.807971
vt 0.244978 0.834956
vt 0.233643 0.834723
vt 0.243634 0.838631
vt 0.145595 0.846286
vt 0.145055 0.849029
vt 0.161987 0.842010
vt 0.158981 0.844920
vt 0.180843 0.827128
vt 0.179967 0.844335
vt 0.186231 0.827895
vt 0.201939 0.839651
vt 0.163655 0.837372
vt 0.162985 0.840148
vt 0.170416 0.827329
vt 0.222250 0.902188
vt 0.219676 0.822632
vt 0.216686 0.821163
vt 0.219301 0.832888
vt 0.214451 0.820094
vt 0.184501 0.827523
vt 0.182813 0.825812
vt 0.188719 0.827100
vt 0.190662 0.827620
vt 0.174572 0.826095
vt 0.171117 0.826429
vt 0.198504 0.821398
vt 0.209104 0.819324
vt 0.205414 0.818679
vt 0.202711 0.817851
vt 0.174112 0.824009
vt 0.176818 0.824833
vt 0.243839 0.855259
vt 0.237096 0.859709
vt 0.243841 0.861555
vt 0.242305 0.854229
vt 0.145500 0.866360
vt 0.148145 0.864842
vt 0.146375 0.870422
vt 0.147754 0.871177
vt 0.253690 0.821060
vt 0.254045 0.818702
vt 0.238250 0.815611
vt 0.241932 0.814483
vt 0.236388 0.816124
vt 0.221283 0.850646
vt 0.240935 0.849045
vt 0.241512 0.845870
vt 0.243090 0.844082
vt 0.243791 0.841656
vt 0.145245 0.921761
vt 0.248561 0.809514
vt 0.156915 0.846926
vt 0.153631 0.845379
vt 0.247150 0.879977
vt 0.147243 0.845766
vt 0.171067 0.924879
vt 0.173857 0.928730
vt 0.197488 0.826983
vt 0.180334 0.929838
vt 0.183156 0.929284
vt 0.251011 0.827927
vt 0.251608 0.825152
vt 0.212745 0.819296
vt 0.244496 0.871509
vt 0.244466 0.869490
vt 0.154407 0.919649
vt 0.157402 0.921070
vt 0.230524 0.818148
vt 0.226018 0.817392
vt 0.245081 0.864536
vt 0.149752 0.876702
vt 0.149270 0.874044
vt 0.148732 0.876399
vt 0.143790 0.867159
vt 0.146900 0.858306
vt 0.145472 0.853171
vt 0.197352 0.892343
vt 0.244906 0.840819
vt 0.245353 0.839429
vt 0.246574 0.832112
vt 0.250801 0.830426
vt 0.165966 0.831958
vt 0.164077 0.835538
vt 0.252916 0.827311
vt 0.168140 0.829751
vt 0.165678 0.830476
vt 0.224149 0.820361
vt 0.221679 0.821460
vt 0.220205 0.820511
vt 0.243593 0.889099
vt 0.178822 0.825484
vt 0.243665 0.867537
vt 0.243765 0.851373
vt 0.228607 0.817036
vt 0.227202 0.816620
vt 0.147136 0.861418
vt 0.162800 0.837620
vt 0.176054 0.912804
vt 0.189415 0.918157
vt 0.245160 0.862854
vt 0.239486 0.897426
vt 0.238475 0.899240
vt 0.238965 0.814910
vt 0.195717 0.892516
vt 0.190000 0.926328
vt 0.247135 0.873160
vt 0.245938 0.872487
vt 0.162094 0.922283
vt 0.140678 0.903027
vt 0.245595 0.886463
vt 0.144040 0.894891
vt 0.235092 0.902414
vt 0.145802 0.926059
vt 0.145263 0.925136
vt 0.190669 0.920000
vt 0.148850 0.878880
vt 0.186172 0.929790
vt 0.203309 0.893593
vt 0.195058 0.894196
vt 0.209411 0.894712
vt 0.454029 0.893652
vt 0.458973 0.901630
vt 0.466456 0.899519
vt 0.472318 0.846990
vt 0.470965 0.849421
vt 0.471351 0.855417
vt 0.480826 0.847503
vt 0.475930 0.847483
vt 0.459769 0.862120
vt 0.448935 0.861465
vt 0.454991 0.866583
vt 0.477789 0.897450
vt 0.478803 0.904040
vt 0.482224 0.903202
vt 0.436701 0.871758
vt 0.450885 0.872205
vt 0.444991 0.862940
vt 0.486777 0.846629
vt 0.503025 0.852255
vt 0.490990 0.846606
vt 0.443298 0.894467
vt 0.440966 0.889781
vt 0.440985 0.893472
vt 0.481164 0.877892
vt 0.474721 0.866346
vt 0.472038 0.874823
vt 0.449938 0.855010
vt 0.458126 0.857115
vt 0.451491 0.853926
vt 0.452907 0.852554
vt 0.459335 0.852701
vt 0.467716 0.879490
vt 0.459231 0.888316
vt 0.439397 0.885736
vt 0.439064 0.887863
vt 0.438376 0.878137
vt 0.435049 0.879539
vt 0.484825 0.868638
vt 0.433623 0.881579
vt 0.466614 0.848970
vt 0.461376 0.848529
vt 0.462364 0.846738
vt 0.435955 0.874929
vt 0.461092 0.903236
vt 0.462258 0.904446
vt 0.464526 0.903456
vt 0.470425 0.905125
vt 0.472093 0.903573
vt 0.467934 0.906729
vt 0.451313 0.900117
vt 0.448228 0.898494
vt 0.445882 0.897013
vt 0.454875 0.899995
vt 0.482117 0.846354
vt 0.464349 0.905072
vt 0.439502 0.866745
vt 0.437672 0.869203
vt 0.441672 0.863946
vt 0.476710 0.904022
vt 0.479400 0.884965
vt 0.448363 0.864649
vt 0.435170 0.877332
vt 0.434633 0.872803
vt 0.464761 0.846243
vt 0.461860 0.844799
vt 0.448344 0.859896
vt 0.474394 0.846366
vt 0.482291 0.906753
vt 0.484189 0.905067
vt 0.480802 0.905333
vt 0.469156 0.849566
vt 0.491958 0.900607
vt 0.486652 0.903753
vt 0.482990 0.890787
vt 0.495260 0.876963
vt 0.443935 0.896108
vt 0.485569 0.904496
vt 0.485072 0.907245
vt 0.483745 0.908826
vt 0.498853 0.875664
vt 0.503132 0.873370
vt 0.495332 0.879330
vt 0.494251 0.885341
vt 0.495090 0.882616
vt 0.501898 0.841552
vt 0.496017 0.844841
vt 0.500791 0.841247
vt 0.499249 0.841909
vt 0.521431 0.866789
vt 0.519765 0.869084
vt 0.521179 0.868372
vt 0.510136 0.871871
vt 0.525522 0.859330
vt 0.517593 0.870107
vt 0.513160 0.835478
vt 0.519350 0.838648
vt 0.518617 0.837368
vt 0.515554 0.833803
vt 0.525465 0.848163
vt 0.523533 0.846264
vt 0.524233 0.864009
vt 0.493820 0.844835
vt 0.493086 0.844159
vt 0.505515 0.873479
vt 0.508178 0.873193
vt 0.507276 0.837873
vt 0.503423 0.841059
vt 0.520576 0.841703
vt 0.525031 0.862482
vt 0.526907 0.851589
vt 0.525931 0.849935
vt 0.489583 0.904365
vt 0.496584 0.892749
vt 0.495668 0.888045
vt 0.508288 0.835868
vt 0.520655 0.839972
vt 0.528275 0.859138
vt 0.528040 0.856009
vt 0.526101 0.860896
vt 0.527539 0.852006
vt 0.527974 0.853912
vt 0.513618 0.833612
vt 0.524074 0.844966
vt 0.523005 0.843708
vt 0.505178 0.839358
vt 0.497616 0.843305
vt 0.514205 0.871530
vt 0.493331 0.899876
vt 0.491342 0.902590
vt 0.734752 0.739457
vt 0.736152 0.740627
vt 0.736417 0.736419
vt 0.749388 0.734133
vt 0.754922 0.721619
vt 0.747502 0.719369
vt 0.786512 0.771289
vt 0.787066 0.778314
vt 0.786339 0.775245
vt 0.786287 0.761537
vt 0.772400 0.762156
vt 0.788219 0.765817
vt 0.753049 0.761566
vt 0.745458 0.760788
vt 0.744502 0.764920
vt 0.769437 0.771021
vt 0.773461 0.772155
vt 0.776809 0.774212
vt 0.759547 0.782062
vt 0.762654 0.781421
vt 0.762046 0.780294
vt 0.761674 0.783098
vt 0.760618 0.784748
vt 0.783877 0.749935
vt 0.783211 0.753214
vt 0.784280 0.752632
vt 0.767855 0.772899
vt 0.748410 0.770885
vt 0.754895 0.783616
vt 0.749605 0.776979
vt 0.751055 0.779992
vt 0.735276 0.726941
vt 0.736913 0.728939
vt 0.737075 0.724850
vt 0.744464 0.752207
vt 0.737535 0.742896
vt 0.781322 0.719182
vt 0.783331 0.713172
vt 0.780785 0.711388
vt 0.788280 0.714665
vt 0.790429 0.716521
vt 0.791557 0.718825
vt 0.777743 0.776878
vt 0.777983 0.779642
vt 0.744455 0.754633
vt 0.743129 0.753365
vt 0.786151 0.759531
vt 0.741946 0.764698
vt 0.741863 0.762457
vt 0.757207 0.784534
vt 0.742865 0.721520
vt 0.745563 0.757678
vt 0.736093 0.733391
vt 0.750158 0.777982
vt 0.741807 0.749813
vt 0.784361 0.745062
vt 0.771379 0.735716
vt 0.750216 0.720417
vt 0.752841 0.719804
vt 0.788652 0.727148
vt 0.774763 0.719449
vt 0.791899 0.722926
vt 0.794216 0.720632
vt 0.746908 0.769641
vt 0.745853 0.767119
vt 0.759400 0.722029
vt 0.763842 0.720682
vt 0.736277 0.722760
vt 0.775800 0.776067
vt 0.776126 0.777578
vt 0.787360 0.768827
vt 0.788338 0.769443
vt 0.789794 0.768192
vt 0.735381 0.742145
vt 0.761752 0.719585
vt 0.778086 0.715404
vt 0.776310 0.717830
vt 0.787082 0.756584
vt 0.785381 0.757147
vt 0.762177 0.778254
vt 0.784822 0.746848
vt 0.755432 0.784693
vt 0.763963 0.776031
vt 0.765115 0.774443
vt 0.767191 0.774075
vt 0.749140 0.774337
vt 0.791906 0.726696
vt 0.765326 0.746809
vt 0.784405 0.739010
vt 0.781570 0.732674
vt 0.782140 0.741167
vt 0.736700 0.730843
vt 0.738271 0.744912
vt 0.772810 0.720655
vt 0.769854 0.720361
vt 0.744657 0.756120
vt 0.751980 0.781290
vt 0.753002 0.783093
vt 0.785059 0.755305
vt 0.784679 0.779237
vt 0.774962 0.719297
vt 0.766848 0.720815
vt 0.777775 0.781355
vt 0.779708 0.782785
vt 0.744591 0.719094
vt 0.783373 0.735547
vt 0.786391 0.712237
vt 0.778568 0.713554
vt 0.783746 0.782128
vt 0.442059 0.923851
vt 0.435726 0.916230
vt 0.436297 0.920100
vt 0.445740 0.943013
vt 0.460034 0.939464
vt 0.441068 0.931183
vt 0.447298 0.920676
vt 0.425897 0.895363
vt 0.428473 0.889854
vt 0.425847 0.893340
vt 0.434966 0.907980
vt 0.449309 0.912950
vt 0.460067 0.930896
vt 0.435429 0.934809
vt 0.434610 0.935405
vt 0.436692 0.937612
vt 0.438773 0.946337
vt 0.437057 0.942353
vt 0.436688 0.948600
vt 0.440619 0.954703
vt 0.445858 0.952389
vt 0.433113 0.905696
vt 0.434652 0.905331
vt 0.433175 0.903808
vt 0.452319 0.949417
vt 0.459794 0.949009
vt 0.440906 0.902831
vt 0.444447 0.901587
vt 0.443050 0.899668
vt 0.480986 0.952615
vt 0.465763 0.943598
vt 0.463065 0.956910
vt 0.475432 0.955661
vt 0.448176 0.907317
vt 0.447036 0.904273
vt 0.450535 0.951058
vt 0.462989 0.916301
vt 0.460214 0.954524
vt 0.463306 0.959101
vt 0.465616 0.959774
vt 0.430190 0.891830
vt 0.425878 0.896932
vt 0.427885 0.897734
vt 0.474921 0.961003
vt 0.472403 0.961223
vt 0.474681 0.962973
vt 0.475985 0.940830
vt 0.472134 0.958895
vt 0.470325 0.962135
vt 0.472179 0.962595
vt 0.472585 0.935120
vt 0.435795 0.925880
vt 0.434532 0.927146
vt 0.435528 0.929498
vt 0.434619 0.948181
vt 0.436691 0.948600
vt 0.435442 0.945531
vt 0.438006 0.952989
vt 0.478388 0.954460
vt 0.434093 0.937617
vt 0.435754 0.923036
vt 0.468845 0.961388
vt 0.434769 0.899660
vt 0.432189 0.900403
vt 0.456961 0.950963
vt 0.456639 0.950269
vt 0.461432 0.955699
vt 0.434164 0.896057
vt 0.434366 0.944147
vt 0.433156 0.944470
vt 0.438871 0.895703
vt 0.435692 0.896479
vt 0.429437 0.898850
vt 0.438477 0.946332
vt 0.448296 0.907479
vt 0.451255 0.907106
vt 0.449203 0.906319
vt 0.451257 0.907106
vt 0.426323 0.889729
vt 0.425007 0.891452
vt 0.429246 0.890778
vt 0.433230 0.932236
vt 0.437377 0.944018
vt 0.452875 0.903715
vt 0.453619 0.905065
vt 0.457593 0.904533
vt 0.461135 0.907886
vt 0.440925 0.895535
vt 0.459979 0.952391
vt 0.454904 0.950524
vt 0.431217 0.892276
vt 0.434320 0.914827
vt 0.433188 0.910236
vt 0.470348 0.919828
vt 0.481861 0.938331
vt 0.484477 0.935805
vt 0.480952 0.942202
vt 0.480132 0.955831
vt 0.484241 0.929198
vt 0.484727 0.923656
vt 0.484794 0.921271
vt 0.486043 0.926406
vt 0.486114 0.928584
vt 0.478949 0.916368
vt 0.481155 0.910560
vt 0.477473 0.910905
vt 0.485451 0.916493
vt 0.485892 0.912825
vt 0.485179 0.918003
vt 0.458799 0.905849
vt 0.460394 0.907096
vt 0.481608 0.931756
vt 0.483448 0.934442
vt 0.483542 0.940171
vt 0.472825 0.910223
vt 0.475586 0.910180
vt 0.481310 0.949282
vt 0.483178 0.911434
vt 0.486153 0.914949
vt 0.465231 0.908972
vt 0.486023 0.933277
vt 0.484178 0.932317
vt 0.485400 0.934525
vt 0.486009 0.924543
vt 0.483209 0.952865
vt 0.484684 0.911112
vt 0.485045 0.920180
vt 0.481311 0.946869
vt 0.482496 0.942424
vt 0.486638 0.910457
vt 0.468180 0.909167
vt 0.716591 0.722653
vt 0.718208 0.717492
vt 0.716686 0.727519
vt 0.717069 0.725665
vt 0.717889 0.719704
vt 0.710032 0.712390
vt 0.713555 0.714050
vt 0.713521 0.712388
vt 0.719541 0.715506
vt 0.716393 0.713423
vt 0.705362 0.752888
vt 0.708184 0.752460
vt 0.704720 0.750227
vt 0.706336 0.753341
vt 0.710693 0.752015
vt 0.716478 0.733427
vt 0.703554 0.738591
vt 0.717989 0.736120
vt 0.716415 0.742942
vt 0.718781 0.741449
vt 0.719174 0.737705
vt 0.717565 0.729989
vt 0.706772 0.747124
vt 0.708716 0.753186
vt 0.715718 0.712066
vt 0.699149 0.708953
vt 0.695025 0.707379
vt 0.696935 0.707509
vt 0.697993 0.736766
vt 0.700945 0.738170
vt 0.698304 0.735165
vt 0.696667 0.729500
vt 0.708165 0.746105
vt 0.708723 0.741531
vt 0.692831 0.728885
vt 0.686462 0.726568
vt 0.687634 0.728617
vt 0.688734 0.729831
vt 0.686953 0.710133
vt 0.692899 0.712269
vt 0.686913 0.706096
vt 0.689303 0.704597
vt 0.686943 0.714898
vt 0.688862 0.717269
vt 0.706987 0.710725
vt 0.710269 0.709968
vt 0.694800 0.731732
vt 0.695711 0.733841
vt 0.690705 0.724092
vt 0.696774 0.706502
vt 0.686311 0.728685
vt 0.707264 0.743068
vt 0.686178 0.712354
vt 0.686810 0.709167
vt 0.686216 0.717236
vt 0.715935 0.746201
vt 0.714516 0.749683
vt 0.713688 0.751915
vt 0.703916 0.709201
vt 0.693929 0.732247
vt 0.706551 0.707997
vt 0.694438 0.729876
vt 0.704905 0.740757
vt 0.693118 0.707007
vt 0.692681 0.704354
vt 0.690994 0.704990
vt 0.693147 0.730430
vt 0.461027 0.959780
vt 0.457739 0.968247
vt 0.462744 0.965805
vt 0.465167 0.965208
vt 0.469351 0.971833
vt 0.452752 0.957412
vt 0.457081 0.955385
vt 0.454822 0.954763
vt 0.451711 0.956153
vt 0.468465 0.966423
vt 0.455095 0.969870
vt 0.452860 0.954407
vt 0.462467 0.961603
vt 0.467279 0.971574
vt 0.469827 0.973205
vt 0.468120 0.973544
vt 0.462223 0.969541
vt 0.462540 0.971095
vt 0.459753 0.969978
vt 0.465607 0.972744
vt 0.447380 0.958935
vt 0.460047 0.958253
vt 0.455935 0.953086
vt 0.447658 0.968270
vt 0.447411 0.970072
vt 0.447414 0.966486
vt 0.449122 0.964721
vt 0.448026 0.963081
vt 0.447211 0.962410
vt 0.444669 0.958591
vt 0.445190 0.959877
vt 0.447573 0.972626
vt 0.452445 0.971596
vt 0.447283 0.964575
vt 0.454292 0.971753
vt 0.447965 0.974422
vt 0.581018 0.955030
vt 0.581849 0.952027
vt 0.580430 0.953216
vt 0.585630 0.952668
vt 0.589938 0.950175
vt 0.586418 0.948998
vt 0.588717 0.948543
vt 0.589023 0.963132
vt 0.590767 0.969311
vt 0.587825 0.960813
vt 0.597934 0.958848
vt 0.596341 0.952336
vt 0.597213 0.962269
vt 0.589190 0.966011
vt 0.589087 0.968226
vt 0.595771 0.966683
vt 0.595669 0.963534
vt 0.598302 0.957067
vt 0.581882 0.958142
vt 0.594830 0.950198
vt 0.598872 0.954399
vt 0.599037 0.952816
vt 0.588529 0.969776
vt 0.592544 0.949876
vt 0.599224 0.955611
vt 0.588006 0.971660
vt 0.181743 0.931269
vt 0.178968 0.931075
vt 0.174879 0.933392
vt 0.184412 0.946086
vt 0.181668 0.946139
vt 0.183220 0.947558
vt 0.183860 0.943564
vt 0.186202 0.938418
vt 0.177735 0.944004
vt 0.176266 0.939886
vt 0.188839 0.935185
vt 0.188030 0.937077
vt 0.188628 0.937001
vt 0.186601 0.931432
vt 0.183096 0.930476
vt 0.185814 0.932719
vt 0.175509 0.943205
vt 0.175823 0.932224
vt 0.179537 0.946698
vt 0.200722 0.895949
vt 0.209451 0.900168
vt 0.203768 0.895152
vt 0.208956 0.904723
vt 0.209494 0.902814
vt 0.201760 0.901967
vt 0.196667 0.897110
vt 0.199659 0.894150
vt 0.205381 0.911571
vt 0.207797 0.907644
vt 0.199239 0.900110
vt 0.202822 0.907991
vt 0.202490 0.904438
vt 0.210954 0.901393
vt 0.196567 0.898434
vt 0.208169 0.896899
vt 0.203743 0.912674
vt 0.201650 0.907378
vt 0.195441 0.900346
vt 0.197807 0.902198
vt 0.456611 0.972388
vt 0.455288 0.973906
vt 0.457682 0.973378
vt 0.457682 0.974983
vt 0.451257 0.975500
vt 0.453172 0.974545
vt 0.453855 0.981648
vt 0.450567 0.983926
vt 0.450872 0.977248
vt 0.452308 0.983143
vt 0.458717 0.971928
vt 0.458046 0.977482
vt 0.453827 0.981653
vt 0.458059 0.978822
vt 0.862656 0.982446
vt 0.858607 0.982519
vt 0.863050 0.984688
vt 0.862272 0.990337
vt 0.858391 0.993024
vt 0.859168 0.993954
vt 0.855435 0.983177
vt 0.858745 0.988050
vt 0.856498 0.982207
vt 0.863777 0.986497
vt 0.862308 0.987937
vt 0.860838 0.981779
vt 0.857073 0.990780
vt 0.856631 0.987538
vt 0.856663 0.989253
vt 0.864316 0.982766
vt 0.844559 0.986649
vt 0.843245 0.986196
vt 0.843626 0.987264
vt 0.843541 0.983866
vt 0.845813 0.983130
vt 0.841949 0.982150
vt 0.845385 0.979593
vt 0.844133 0.978906
vt 0.842779 0.977438
vt 0.846250 0.981913
vt 0.845742 0.985653
vt 0.824397 0.971270
vt 0.824064 0.971803
vt 0.824590 0.972334
vt 0.823932 0.970571
vt 0.823213 0.970896
vt 0.822055 0.976720
vt 0.822040 0.978989
vt 0.823288 0.977907
vt 0.823629 0.973029
vt 0.827544 0.973804
vt 0.820931 0.972294
vt 0.822158 0.974327
vt 0.821168 0.970505
vt 0.821630 0.971097
vt 0.821957 0.970455
vt 0.822101 0.969437
vt 0.823090 0.969440
vt 0.826212 0.975916
vt 0.821785 0.975369
vt 0.868557 0.984496
vt 0.865985 0.983169
vt 0.867690 0.986052
vt 0.866905 0.982411
vt 0.863751 0.988000
vt 0.867933 0.991710
vt 0.867833 0.987614
vt 0.865494 0.986559
vt 0.604086 0.958102
vt 0.604452 0.959959
vt 0.605603 0.959921
vt 0.605187 0.963121
vt 0.606047 0.964708
vt 0.608381 0.962332
vt 0.606171 0.961617
vt 0.608100 0.961057
vt 0.606785 0.959891
vt 0.297956 0.766159
vt 0.298621 0.764618
vt 0.297357 0.765649
vt 0.298644 0.760964
vt 0.297354 0.758981
vt 0.298918 0.758147
vt 0.298588 0.756859
vt 0.042448 0.181765
vt 0.041878 0.181423
vt 0.041747 0.182464
vt 0.042325 0.180836
vt 0.042098 0.179476
vt 0.043543 0.179547
vt 0.044658 0.176767
vt 0.042283 0.176048
vt 0.042687 0.174924
vt 0.151846 0.924651
vt 0.151070 0.925768
vt 0.153073 0.923386
vt 0.154735 0.924312
vt 0.154004 0.922219
vt 0.018314 0.141081
vt 0.017654 0.137613
vt 0.016801 0.139605
vt 0.019080 0.138012
s 1
usemtl material_0.001
f 4/1/1 2/2/2 1/3/3
f 5/4/4 6/5/5 2/2/2
f 5/4/4 2/2/2 4/1/1
f 3/6/6 2/2/2 23/7/7
f 3/6/6 12/8/8 14/9/9
f 10/10/10 9/11/11 30/12/12
f 2/2/2 8/13/13 23/7/7
f 30/12/12 11/14/14 10/10/10
f 18/15/15 19/16/16 20/17/17
f 21/18/18 16/19/19 15/20/20
f 30/12/12 9/11/11 14/9/9
f 17/21/21 24/22/22 13/23/23
f 10/10/10 4/1/1 1/3/3
f 27/24/24 16/19/19 31/25/25
f 17/21/21 32/26/26 33/27/27
f 13/23/23 12/8/8 81/28/28
f 38/29/29 39/30/30 37/31/31
f 11/14/14 40/32/32 41/33/33
f 42/34/34 43/35/35 44/36/36
f 45/37/37 42/34/34 46/38/38
f 42/34/34 44/36/36 46/38/38
f 47/39/39 48/40/40 4/1/1
f 48/40/40 5/4/4 4/1/1
f 5/4/4 49/41/41 6/5/5
f 30/12/12 50/42/42 19/16/16
f 23/7/7 12/8/8 3/6/6
f 7/43/43 12/8/8 23/7/7
f 53/44/44 54/45/45 55/46/46
f 6/5/5 49/41/41 56/47/47
f 56/47/47 57/48/48 6/5/5
f 58/49/49 57/48/48 56/47/47
f 58/49/49 60/50/50 57/48/48
f 26/51/51 7/43/43 23/7/7
f 61/52/52 6/5/5 63/53/53
f 41/33/33 64/54/54 11/14/14
f 11/14/14 65/55/55 10/10/10
f 11/14/14 64/54/54 65/55/55
f 66/56/56 58/49/49 59/57/57
f 66/56/56 53/44/44 58/49/49
f 53/44/44 66/56/56 54/45/45
f 65/55/55 64/54/54 67/58/58
f 8/13/13 6/5/5 27/24/24
f 63/53/53 68/59/59 61/52/52
f 6/5/5 61/52/52 16/19/19
f 16/19/19 61/52/52 15/20/20
f 62/60/60 63/53/53 57/48/48
f 61/52/52 69/61/61 15/20/20
f 28/62/62 25/63/63 27/24/24
f 70/64/64 14/9/9 36/65/65
f 52/66/66 51/67/67 72/68/68
f 73/69/69 43/35/35 42/34/34
f 24/22/22 14/9/9 13/23/23
f 24/22/22 36/65/65 14/9/9
f 7/43/43 35/70/70 34/71/71
f 15/20/20 71/72/72 21/18/18
f 13/23/23 14/9/9 12/8/8
f 38/29/29 37/31/31 25/63/63
f 1/3/3 9/11/11 10/10/10
f 1/3/3 3/6/6 9/11/11
f 1/3/3 2/2/2 3/6/6
f 40/32/32 11/14/14 30/12/12
f 30/12/12 51/67/67 40/32/32
f 6/5/5 8/13/13 2/2/2
f 22/73/73 12/8/8 34/71/71
f 30/12/12 19/16/16 18/15/15
f 74/74/74 35/70/70 37/31/31
f 51/67/67 18/15/15 72/68/68
f 73/69/69 42/34/34 14/9/9
f 73/69/69 14/9/9 70/64/64
f 14/9/9 9/11/11 3/6/6
f 7/43/43 26/51/51 25/63/63
f 26/51/51 27/24/24 25/63/63
f 25/63/63 35/70/70 7/43/43
f 25/63/63 37/31/31 35/70/70
f 4/1/1 10/10/10 65/55/55
f 65/55/55 76/75/75 4/1/1
f 28/62/62 38/29/29 25/63/63
f 74/74/74 37/31/31 75/76/76
f 28/62/62 29/77/77 38/29/29
f 35/70/70 74/74/74 86/78/78
f 58/49/49 53/44/44 60/50/50
f 53/44/44 77/79/79 60/50/50
f 23/7/7 8/13/13 26/51/51
f 8/13/13 27/24/24 26/51/51
f 6/5/5 16/19/19 27/24/24
f 63/53/53 6/5/5 57/48/48
f 61/52/52 68/59/59 78/80/80
f 34/71/71 12/8/8 7/43/43
f 51/67/67 30/12/12 18/15/15
f 79/81/81 32/26/26 80/82/82
f 13/23/23 80/82/82 17/21/21
f 17/21/21 80/82/82 32/26/26
f 30/12/12 14/9/9 42/34/34
f 85/83/83 86/78/78 112/84/84
f 90/85/85 89/86/86 87/87/87
f 99/88/88 98/89/89 95/90/90
f 98/89/89 99/88/88 296/91/91
f 95/90/90 82/92/92 99/88/88
f 110/93/93 109/94/94 108/95/95
f 12/8/8 22/73/73 81/28/28
f 126/96/96 120/97/97 116/98/98
f 117/99/99 121/100/100 119/101/101
f 125/102/102 127/103/103 126/96/96
f 128/104/104 126/96/96 127/103/103
f 129/105/105 130/106/106 126/96/96
f 131/107/107 130/106/106 129/105/105
f 132/108/108 133/109/109 134/110/110
f 133/109/109 132/108/108 137/111/111
f 138/112/112 88/113/113 136/114/114
f 13/23/23 81/28/28 139/115/115
f 111/116/116 143/117/117 149/118/118
f 149/118/118 143/117/117 150/119/119
f 187/120/120 158/121/121 151/122/122
f 152/123/123 153/124/124 154/125/125
f 153/124/124 155/126/126 156/127/127
f 276/128/128 458/129/129 273/130/130
f 146/131/131 426/132/132 148/133/133
f 146/131/131 180/134/134 426/132/132
f 163/135/135 162/136/136 164/137/137
f 164/137/137 162/136/136 165/138/138
f 230/139/139 268/140/140 168/141/141
f 171/142/142 266/143/143 234/144/144
f 172/145/145 187/120/120 151/122/122
f 243/146/146 242/147/147 268/140/140
f 243/146/146 249/148/148 242/147/147
f 249/148/148 269/149/149 183/150/150
f 177/151/151 179/152/152 166/153/153
f 269/149/149 158/121/121 186/154/154
f 157/155/155 187/120/120 188/156/156
f 192/157/157 189/158/158 163/135/135
f 192/157/157 163/135/135 191/159/159
f 173/160/160 193/161/161 194/162/162
f 197/163/163 198/164/164 199/165/165
f 198/164/164 200/166/166 199/165/165
f 123/167/167 201/168/168 202/169/169
f 207/170/170 208/171/171 209/172/172
f 192/157/157 206/173/173 210/174/174
f 211/175/175 212/176/176 213/177/177
f 205/178/178 212/176/176 217/179/179
f 298/180/180 226/181/181 227/182/182
f 234/144/144 227/182/182 229/183/183
f 234/144/144 229/183/183 230/139/139
f 97/184/184 81/28/28 84/185/185
f 246/186/186 247/187/187 248/188/188
f 224/189/189 222/190/190 159/191/191
f 224/189/189 159/191/191 228/192/192
f 235/193/193 228/192/192 160/194/194
f 236/195/195 235/193/193 160/194/194
f 236/195/195 237/196/196 252/197/197
f 240/198/198 249/148/148 183/150/150
f 197/163/163 192/157/157 205/178/178
f 251/199/199 255/200/200 256/201/201
f 88/113/113 380/202/202 258/203/203
f 102/204/204 109/94/94 301/205/205
f 253/206/206 184/207/207 197/163/163
f 261/208/208 262/209/209 188/156/156
f 109/94/94 105/210/210 306/211/211
f 227/182/182 266/143/143 265/212/212
f 247/187/187 147/213/213 267/214/214
f 147/213/213 247/187/187 146/131/131
f 230/139/139 175/215/215 268/140/140
f 183/150/150 269/149/149 186/154/154
f 198/164/164 270/216/216 200/166/166
f 203/217/217 146/131/131 247/187/187
f 271/218/218 272/219/219 151/122/122
f 157/155/155 186/154/154 158/121/121
f 157/155/155 166/153/153 186/154/154
f 164/137/137 191/159/159 163/135/135
f 191/159/159 164/137/137 274/220/220
f 166/153/153 167/221/221 189/158/158
f 273/130/130 141/222/222 276/128/128
f 154/125/125 153/124/124 221/223/223
f 221/223/223 153/124/124 156/127/127
f 157/155/155 173/160/160 166/153/153
f 180/134/134 97/184/184 95/90/90
f 228/192/192 159/191/191 160/194/194
f 287/224/224 275/225/225 185/226/226
f 166/153/153 179/152/152 182/227/227
f 278/228/228 229/183/183 277/229/229
f 280/230/230 167/221/221 166/153/153
f 187/120/120 172/145/145 232/231/231
f 266/143/143 237/196/196 161/232/232
f 175/215/215 281/233/233 282/234/234
f 175/215/215 282/234/234 178/235/235
f 283/236/236 284/237/237 285/238/238
f 175/215/215 285/238/238 174/239/239
f 157/155/155 188/156/156 173/160/160
f 151/122/122 158/121/121 243/146/146
f 286/240/240 177/151/151 194/162/162
f 175/215/215 178/235/235 243/146/146
f 171/142/142 168/141/141 268/140/140
f 234/144/144 168/141/141 171/142/142
f 185/226/226 288/241/241 287/224/224
f 242/147/147 266/143/143 171/142/142
f 237/196/196 266/143/143 241/242/242
f 263/243/243 135/244/244 136/114/114
f 101/245/245 103/246/246 275/225/225
f 192/157/157 210/174/174 213/177/177
f 205/178/178 213/177/177 212/176/176
f 218/247/247 291/248/248 215/249/249
f 138/112/112 91/250/250 88/113/113
f 293/251/251 220/252/252 219/253/253
f 204/254/254 209/172/172 208/171/171
f 81/28/28 82/92/92 84/185/185
f 233/255/255 228/192/192 235/193/193
f 300/256/256 851/257/257 292/258/258
f 296/91/91 337/259/259 98/89/89
f 297/260/260 199/165/165 245/261/261
f 226/181/181 298/180/180 299/262/262
f 161/232/232 236/195/195 160/194/194
f 237/196/196 236/195/195 161/232/232
f 230/139/139 283/236/236 175/215/215
f 243/146/146 268/140/140 175/215/215
f 158/121/121 269/149/149 243/146/146
f 301/205/205 305/263/263 300/256/256
f 374/264/264 197/163/163 199/165/165
f 252/197/197 239/265/265 236/195/195
f 244/266/266 240/198/198 183/150/150
f 260/267/267 188/156/156 187/120/120
f 245/261/261 255/200/200 250/268/268
f 250/268/268 255/200/200 251/199/199
f 254/269/269 308/270/270 309/271/271
f 315/272/272 316/273/273 314/274/274
f 361/275/275 120/97/97 150/119/119
f 156/127/127 321/276/276 264/277/277
f 160/194/194 265/212/212 161/232/232
f 266/143/143 161/232/232 265/212/212
f 186/154/154 192/157/157 184/207/207
f 118/278/278 113/279/279 346/280/280
f 140/281/281 141/222/222 94/282/282
f 158/121/121 187/120/120 157/155/155
f 326/283/283 327/284/284 202/169/169
f 281/233/233 175/215/215 176/285/285
f 330/286/286 331/287/287 189/158/158
f 177/151/151 166/153/153 173/160/160
f 194/162/162 177/151/151 173/160/160
f 335/288/288 230/139/139 229/183/183
f 336/289/289 230/139/139 335/288/288
f 82/92/92 85/83/83 99/88/88
f 230/139/139 336/289/289 283/236/236
f 283/236/236 285/238/238 175/215/215
f 222/190/190 156/127/127 159/191/191
f 189/158/158 192/157/157 186/154/154
f 241/242/242 266/143/143 242/147/147
f 172/145/145 329/290/290 232/231/231
f 173/160/160 188/156/156 190/291/291
f 224/189/189 228/192/192 225/292/292
f 268/140/140 242/147/147 171/142/142
f 225/292/292 228/192/192 233/255/255
f 295/293/293 252/197/197 240/198/198
f 297/260/260 245/261/261 338/294/294
f 245/261/261 250/268/268 338/294/294
f 197/163/163 374/264/264 253/206/206
f 219/253/253 222/190/190 224/189/189
f 265/212/212 264/277/277 227/182/182
f 298/180/180 227/182/182 264/277/277
f 86/78/78 87/87/87 342/295/295
f 231/296/296 259/297/297 187/120/120
f 232/231/231 231/296/296 187/120/120
f 262/209/209 238/298/298 188/156/156
f 230/139/139 168/141/141 234/144/144
f 252/197/197 249/148/148 240/198/198
f 252/197/197 237/196/196 241/242/242
f 323/299/299 343/300/300 344/301/301
f 87/87/87 345/302/302 342/295/295
f 257/303/303 245/261/261 199/165/165
f 323/299/299 341/304/304 347/305/305
f 253/206/206 244/266/266 184/207/207
f 184/207/207 192/157/157 197/163/163
f 197/163/163 205/178/178 254/269/269
f 309/271/271 349/306/306 198/164/164
f 88/113/113 350/307/307 351/308/308
f 303/309/309 311/310/310 101/245/245
f 319/311/311 318/312/312 259/297/297
f 320/313/313 260/267/267 187/120/120
f 353/314/314 260/267/267 354/315/315
f 188/156/156 353/314/314 355/316/316
f 188/156/156 355/316/316 356/317/317
f 188/156/156 356/317/317 357/318/318
f 188/156/156 357/318/318 358/319/319
f 201/168/168 123/167/167 124/320/320
f 360/321/321 326/283/283 352/322/322
f 362/323/323 363/324/324 223/325/325
f 326/283/283 360/321/321 364/326/326
f 153/124/124 152/123/123 365/327/327
f 156/127/127 155/126/126 321/276/276
f 156/127/127 264/277/277 159/191/191
f 160/194/194 159/191/191 265/212/212
f 243/146/146 178/235/235 271/218/218
f 243/146/146 271/218/218 151/122/122
f 249/148/148 243/146/146 269/149/149
f 80/82/82 13/23/23 137/111/111
f 80/82/82 366/328/328 367/329/329
f 122/330/330 181/331/331 323/299/299
f 186/154/154 184/207/207 183/150/150
f 368/332/332 189/158/158 167/221/221
f 331/287/287 163/135/135 189/158/158
f 175/215/215 174/239/239 328/333/333
f 176/285/285 175/215/215 328/333/333
f 323/299/299 201/168/168 122/330/330
f 191/159/159 206/173/173 192/157/157
f 182/227/227 179/152/152 369/334/334
f 182/227/227 369/334/334 370/335/335
f 166/153/153 182/227/227 334/336/336
f 166/153/153 334/336/336 280/230/230
f 205/178/178 216/337/337 279/338/338
f 205/178/178 279/338/338 218/247/247
f 218/247/247 332/339/339 291/248/248
f 166/153/153 189/158/158 186/154/154
f 200/166/166 371/340/340 325/341/341
f 199/165/165 200/166/166 257/303/303
f 257/303/303 200/166/166 325/341/341
f 257/303/303 325/341/341 204/254/254
f 373/342/342 209/172/172 204/254/254
f 209/172/172 373/342/342 372/343/343
f 213/177/177 205/178/178 192/157/157
f 229/183/183 226/181/181 277/229/229
f 226/181/181 229/183/183 227/182/182
f 214/344/344 205/178/178 218/247/247
f 218/247/247 215/249/249 214/344/344
f 173/160/160 190/291/291 294/345/345
f 222/190/190 221/223/223 156/127/127
f 244/266/266 639/346/346 240/198/198
f 199/165/165 297/260/260 374/264/264
f 205/178/178 214/344/344 254/269/269
f 128/104/104 376/347/347 377/348/348
f 183/150/150 184/207/207 244/266/266
f 133/109/109 378/349/349 134/110/110
f 190/291/291 188/156/156 238/298/298
f 235/193/193 236/195/195 239/265/265
f 219/253/253 221/223/223 222/190/190
f 208/171/171 257/303/303 204/254/254
f 252/197/197 241/242/242 249/148/148
f 249/148/148 241/242/242 242/147/147
f 265/212/212 159/191/191 264/277/277
f 266/143/143 227/182/182 234/144/144
f 245/261/261 257/303/303 302/350/350
f 245/261/261 348/351/351 379/352/352
f 245/261/261 302/350/350 348/351/351
f 187/120/120 259/297/297 318/312/312
f 187/120/120 318/312/312 320/313/313
f 353/314/314 188/156/156 260/267/267
f 197/163/163 254/269/269 309/271/271
f 197/163/163 309/271/271 198/164/164
f 384/353/353 385/354/354 386/355/355
f 384/353/353 395/356/356 385/354/354
f 396/357/357 383/358/358 390/359/359
f 404/360/360 455/361/361 414/362/362
f 446/363/363 619/364/364 405/365/365
f 407/366/366 401/367/367 408/368/368
f 395/356/356 400/369/369 660/370/370
f 403/371/371 607/372/372 409/373/373
f 412/374/374 404/360/360 413/375/375
f 414/362/362 403/371/371 415/376/376
f 412/374/374 413/375/375 394/377/377
f 293/251/251 420/378/378 418/379/379
f 421/380/380 623/381/381 422/382/382
f 405/365/365 624/383/383 423/384/384
f 224/189/189 225/292/292 420/378/378
f 641/385/385 668/386/386 384/353/353
f 427/387/387 392/388/388 428/389/389
f 384/353/353 668/386/386 430/390/390
f 429/391/391 422/382/382 431/392/392
f 434/393/393 435/394/394 436/395/395
f 434/393/393 663/396/396 751/397/397
f 430/390/390 395/356/356 384/353/353
f 440/398/398 441/399/399 442/400/400
f 235/193/193 605/401/401 233/255/255
f 235/193/193 608/402/402 605/401/401
f 394/377/377 413/375/375 399/403/403
f 430/390/390 668/386/386 400/369/369
f 449/404/404 751/397/397 638/405/405
f 683/406/406 411/407/407 451/408/408
f 452/409/409 450/410/410 453/411/411
f 411/407/407 446/363/363 447/412/412
f 607/372/372 403/371/371 416/413/413
f 708/414/414 456/415/415 399/403/403
f 449/404/404 454/416/416 471/417/417
f 457/418/418 471/417/417 454/416/416
f 447/412/412 461/419/419 451/408/408
f 447/412/412 423/384/384 460/420/420
f 460/420/420 444/421/421 474/422/422
f 141/222/222 273/130/130 93/423/423
f 463/424/424 464/425/425 465/426/426
f 465/426/426 466/427/427 463/424/424
f 465/426/426 449/404/404 466/427/427
f 463/424/424 466/427/427 467/428/428
f 440/398/398 399/403/403 439/429/429
f 472/430/430 452/409/409 473/431/431
f 474/422/422 461/419/419 460/420/420
f 479/432/432 480/433/433 481/434/434
f 102/204/204 108/95/95 109/94/94
f 482/435/435 432/436/436 397/437/437
f 646/438/438 401/367/367 424/439/439
f 397/437/437 406/440/440 482/435/435
f 483/441/441 484/442/442 452/409/409
f 488/443/443 470/444/444 489/445/445
f 491/446/446 470/444/444 490/447/447
f 219/253/253 420/378/378 293/251/251
f 224/189/189 420/378/378 219/253/253
f 239/265/265 252/197/197 295/293/293
f 497/448/448 407/366/366 498/449/449
f 498/449/449 407/366/366 499/450/450
f 500/451/451 490/447/447 461/419/419
f 528/452/452 487/453/453 532/454/454
f 639/346/346 244/266/266 253/206/206
f 501/455/455 502/456/456 406/440/440
f 491/446/446 490/447/447 500/451/451
f 503/457/457 504/458/458 505/459/459
f 506/460/460 503/457/457 505/459/459
f 508/461/461 509/462/462 510/463/463
f 511/464/464 512/465/465 508/461/461
f 375/466/466 338/294/294 250/268/268
f 515/467/467 546/468/468 517/469/469
f 515/467/467 517/469/469 592/470/470
f 520/471/471 529/472/472 530/473/473
f 533/474/474 590/475/475 534/476/476
f 534/476/476 537/477/477 538/478/478
f 530/473/473 529/472/472 476/479/479
f 515/467/467 531/480/480 548/481/481
f 600/482/482 540/483/483 542/484/484
f 541/485/485 478/486/486 646/438/438
f 542/484/484 545/487/487 547/488/488
f 552/489/489 546/468/468 550/490/490
f 555/491/491 556/492/492 557/493/493
f 558/494/494 560/495/495 516/496/496
f 552/489/489 550/490/490 561/497/497
f 563/498/498 564/499/499 565/500/500
f 546/468/468 567/501/501 517/469/469
f 516/496/496 566/502/502 569/503/503
f 602/504/504 557/493/493 508/461/461
f 571/505/505 572/506/506 573/507/507
f 569/503/503 566/502/502 568/508/508
f 574/509/509 570/510/510 544/511/511
f 575/512/512 574/509/509 544/511/511
f 544/511/511 576/513/513 575/512/512
f 648/514/514 615/515/515 577/516/516
f 102/204/204 301/205/205 300/256/256
f 578/517/517 579/518/518 580/519/519
f 581/520/520 582/521/521 583/522/522
f 539/523/523 585/524/524 586/525/525
f 522/526/526 569/503/503 584/527/527
f 588/528/528 554/529/529 562/530/530
f 587/531/531 570/510/510 552/489/489
f 591/532/532 589/533/533 590/475/475
f 544/511/511 587/531/531 597/534/534
f 598/535/535 602/504/504 601/536/536
f 601/536/536 602/504/504 604/537/537
f 607/372/372 390/359/359 605/401/401
f 608/402/402 409/373/373 605/401/401
f 551/538/538 543/539/539 553/540/540
f 550/490/490 551/538/538 553/540/540
f 573/507/507 614/541/541 615/515/515
f 550/490/490 553/540/540 561/497/497
f 124/320/320 149/118/118 181/331/331
f 616/542/542 603/543/543 676/544/544
f 374/264/264 618/545/545 417/546/546
f 233/255/255 390/359/359 225/292/292
f 553/540/540 620/547/547 561/497/497
f 643/548/548 644/549/549 621/550/550
f 446/363/363 617/551/551 619/364/364
f 422/382/382 623/381/381 673/552/552
f 627/553/553 431/392/392 422/382/382
f 629/554/554 628/555/555 574/509/509
f 608/402/402 295/293/293 409/373/373
f 634/556/556 635/557/557 633/558/558
f 637/559/559 609/560/560 636/561/561
f 613/562/562 639/346/346 253/206/206
f 553/540/540 640/563/563 641/385/385
f 642/564/564 635/557/557 808/565/565
f 648/514/514 642/564/564 571/505/505
f 405/365/365 619/364/364 624/383/383
f 567/501/501 454/416/416 638/405/405
f 391/566/566 385/354/354 397/437/437
f 649/567/567 652/568/568 107/569/569
f 618/545/545 374/264/264 297/260/260
f 657/570/570 659/571/571 656/572/572
f 612/573/573 653/574/574 660/370/370
f 661/575/575 662/576/576 663/396/396
f 665/577/577 637/559/559 664/578/578
f 663/396/396 666/579/579 661/575/575
f 663/396/396 667/580/580 666/579/579
f 616/542/542 668/386/386 641/385/385
f 647/581/581 646/438/438 424/439/439
f 669/582/582 338/294/294 618/545/545
f 668/386/386 616/542/542 398/583/583
f 385/354/354 389/584/584 671/585/585
f 645/586/586 676/544/544 600/482/482
f 592/470/470 751/397/397 663/396/396
f 676/544/544 678/587/587 616/542/542
f 624/383/383 654/588/588 679/589/589
f 654/588/588 383/358/358 396/357/357
f 398/583/583 616/542/542 678/587/587
f 417/546/546 410/590/590 613/562/562
f 682/591/591 589/533/533 630/592/592
f 387/593/593 389/584/584 385/354/354
f 110/93/93 685/594/594 317/595/595
f 446/363/363 683/406/406 677/596/596
f 180/134/134 140/281/281 138/112/112
f 674/597/597 684/598/598 642/564/564
f 398/583/583 660/370/370 400/369/369
f 624/383/383 679/589/589 423/384/384
f 439/429/429 437/599/599 687/600/600
f 439/429/429 688/601/601 689/602/602
f 610/603/603 680/604/604 676/544/544
f 440/398/398 690/605/605 441/399/399
f 671/585/585 406/440/440 397/437/437
f 441/399/399 691/606/606 692/607/607
f 693/608/608 694/609/609 392/388/388
f 472/430/430 407/366/366 452/409/409
f 415/376/376 410/590/590 417/546/546
f 421/380/380 404/360/360 415/376/376
f 289/610/610 695/611/611 696/612/612
f 439/429/429 429/391/391 438/613/613
f 413/375/375 429/391/391 439/429/429
f 439/429/429 438/613/613 437/599/599
f 401/367/367 402/614/614 697/615/615
f 620/547/547 384/353/353 386/355/355
f 698/616/616 466/427/427 449/404/404
f 700/617/617 699/618/618 698/616/616
f 408/368/368 450/410/410 452/409/409
f 413/375/375 439/429/429 399/403/403
f 384/353/353 620/547/547 641/385/385
f 782/619/619 698/616/616 449/404/404
f 701/620/620 449/404/404 471/417/417
f 423/384/384 679/589/589 444/421/421
f 398/583/583 400/369/369 668/386/386
f 702/621/621 443/622/622 434/393/393
f 434/393/393 703/623/623 702/621/621
f 704/624/624 702/621/621 703/623/623
f 673/552/552 338/294/294 705/625/625
f 430/390/390 400/369/369 395/356/356
f 434/393/393 751/397/397 703/623/623
f 706/626/626 471/417/417 475/627/627
f 444/421/421 681/628/628 455/361/361
f 490/447/447 451/408/408 461/419/419
f 707/629/629 457/418/418 459/630/630
f 488/443/443 468/631/631 470/444/444
f 455/361/361 474/422/422 444/421/421
f 478/486/486 476/479/479 394/377/377
f 469/632/632 474/422/422 455/361/361
f 709/633/633 492/634/634 293/251/251
f 478/486/486 401/367/367 646/438/438
f 500/451/451 474/422/422 469/632/632
f 487/453/453 528/452/452 486/635/635
f 138/112/112 169/636/636 180/134/134
f 407/366/366 477/637/637 499/450/450
f 406/440/440 502/456/456 482/435/435
f 481/434/434 480/433/433 432/436/436
f 529/472/472 469/632/632 462/638/638
f 518/639/639 520/471/471 519/640/640
f 530/473/473 710/641/641 520/471/471
f 203/217/217 180/134/134 146/131/131
f 528/452/452 495/642/642 486/635/635
f 497/448/448 498/449/449 712/643/643
f 713/644/644 714/645/645 505/459/459
f 487/453/453 543/539/539 532/454/454
f 514/646/646 493/647/647 715/648/648
f 491/446/446 715/648/648 493/647/647
f 505/459/459 515/467/467 508/461/461
f 531/480/480 505/459/459 526/649/649
f 516/496/496 640/563/563 543/539/539
f 715/648/648 491/446/446 500/451/451
f 716/650/650 511/464/464 508/461/461
f 346/280/280 96/651/651 337/259/259
f 717/652/652 535/653/653 536/654/654
f 523/655/655 718/656/656 524/657/657
f 536/654/654 526/649/649 717/652/652
f 526/649/649 536/654/654 539/523/523
f 497/448/448 521/658/658 719/659/659
f 720/660/660 497/448/448 719/659/659
f 589/533/533 537/477/477 534/476/476
f 596/661/661 547/488/488 721/662/662
f 547/488/488 596/661/661 542/484/484
f 558/494/494 722/663/663 559/664/664
f 531/480/480 528/452/452 548/481/481
f 723/665/665 537/477/477 721/662/662
f 537/477/477 589/533/533 721/662/662
f 596/661/661 721/662/662 589/533/533
f 500/451/451 525/666/666 715/648/648
f 515/467/467 592/470/470 508/461/461
f 551/538/538 532/454/454 543/539/539
f 552/489/489 567/501/501 546/468/468
f 567/501/501 552/489/489 570/510/510
f 529/472/472 520/471/471 525/666/666
f 615/515/515 648/514/514 573/507/507
f 554/529/529 597/534/534 606/667/667
f 606/667/667 562/530/530 554/529/529
f 476/479/479 478/486/486 541/485/485
f 675/668/668 563/498/498 565/500/500
f 579/518/518 578/517/517 724/669/669
f 454/416/416 567/501/501 570/510/510
f 726/670/670 574/509/509 575/512/512
f 605/401/401 409/373/373 607/372/372
f 727/671/671 602/504/504 728/672/672
f 531/480/480 523/655/655 528/452/452
f 581/673/673 729/674/674 730/675/675
f 731/676/676 728/672/672 602/504/504
f 732/677/677 581/520/520 554/529/529
f 554/529/529 588/528/528 732/677/677
f 727/671/671 604/537/537 602/504/504
f 101/245/245 143/117/117 103/246/246
f 548/481/481 528/452/452 532/454/454
f 225/292/292 390/359/359 420/378/378
f 532/454/454 551/538/538 548/481/481
f 610/603/603 622/678/678 609/560/560
f 553/540/540 543/539/539 640/563/563
f 610/603/603 617/551/551 612/573/573
f 417/546/546 618/545/545 623/381/381
f 454/416/416 570/510/510 628/555/555
f 686/679/679 431/392/392 734/680/680
f 637/559/559 636/561/561 658/681/681
f 589/533/533 595/682/682 630/592/592
f 637/559/559 665/577/577 643/548/548
f 673/552/552 618/545/545 338/294/294
f 643/548/548 684/598/598 644/549/549
f 644/549/549 684/598/598 674/597/597
f 654/588/588 644/549/549 674/597/597
f 735/683/683 736/684/684 672/685/685
f 624/383/383 619/364/364 621/550/550
f 660/370/370 680/604/604 612/573/573
f 655/686/686 737/687/687 650/688/688
f 588/528/528 562/530/530 391/566/566
f 383/358/358 651/689/689 390/359/359
f 562/530/530 606/667/667 386/355/355
f 653/574/574 387/593/593 660/370/370
f 617/551/551 446/363/363 612/573/573
f 680/604/604 678/587/587 676/544/544
f 738/690/690 739/691/691 740/692/692
f 739/691/691 700/617/617 698/616/616
f 86/78/78 83/693/693 313/694/694
f 741/695/695 740/692/692 739/691/691
f 739/691/691 698/616/616 782/619/619
f 387/593/593 385/354/354 395/356/356
f 665/577/577 632/696/696 684/598/598
f 647/581/581 424/439/439 497/448/448
f 741/695/695 742/697/697 740/692/692
f 739/691/691 782/619/619 741/695/695
f 387/593/593 395/356/356 660/370/370
f 675/668/668 393/698/698 563/498/498
f 671/585/585 397/437/437 385/354/354
f 421/380/380 417/546/546 623/381/381
f 396/357/357 416/413/413 403/371/371
f 622/678/678 682/591/591 636/561/561
f 648/514/514 577/516/516 654/588/588
f 683/406/406 382/699/699 653/574/574
f 414/362/362 415/376/376 404/360/360
f 433/700/700 743/701/701 438/613/613
f 457/418/418 454/416/416 650/688/688
f 439/429/429 689/602/602 744/702/702
f 671/585/585 388/703/703 406/440/440
f 440/398/398 745/704/704 690/605/605
f 746/705/705 457/418/418 650/688/688
f 442/400/400 441/399/399 692/607/607
f 295/293/293 608/402/402 239/265/265
f 416/413/413 390/359/359 607/372/372
f 391/566/566 428/389/389 392/388/388
f 322/706/706 181/331/331 150/119/119
f 415/376/376 409/373/373 410/590/590
f 401/367/367 399/403/403 402/614/614
f 417/546/546 421/380/380 415/376/376
f 425/707/707 388/703/703 382/699/699
f 681/628/628 444/421/421 679/589/589
f 429/391/391 421/380/380 422/382/382
f 297/260/260 669/582/582 618/545/545
f 396/357/357 390/359/359 416/413/413
f 22/73/73 34/71/71 35/70/70
f 424/439/439 401/367/367 407/366/366
f 452/409/409 453/411/411 747/708/708
f 681/628/628 414/362/362 455/361/361
f 620/547/547 386/355/355 606/667/667
f 399/403/403 442/400/400 445/709/709
f 445/709/709 708/414/414 399/403/403
f 455/361/361 404/360/360 412/374/374
f 313/694/694 748/710/710 86/78/78
f 276/128/128 100/711/711 458/129/129
f 496/712/712 432/436/436 750/713/713
f 418/379/379 419/714/714 709/633/633
f 469/632/632 455/361/361 412/374/374
f 468/631/631 451/408/408 490/447/447
f 753/715/715 485/716/716 494/717/717
f 470/444/444 468/631/631 490/447/447
f 457/418/418 707/629/629 471/417/417
f 608/402/402 235/193/193 239/265/265
f 471/417/417 707/629/629 754/718/718
f 639/346/346 295/293/293 240/198/198
f 491/446/446 489/445/445 470/444/444
f 483/441/441 755/719/719 756/720/720
f 407/366/366 472/430/430 757/721/721
f 893/722/722 519/640/640 520/471/471
f 462/638/638 476/479/479 529/472/472
f 485/716/716 753/715/715 758/723/723
f 495/642/642 485/716/716 486/635/635
f 338/294/294 375/466/466 711/724/724
f 705/625/625 711/724/724 759/725/725
f 487/453/453 516/496/496 543/539/539
f 864/726/726 273/130/130 458/129/129
f 481/434/434 432/436/436 496/712/712
f 529/472/472 525/666/666 469/632/632
f 501/455/455 406/440/440 488/443/443
f 489/445/445 493/647/647 488/443/443
f 762/727/727 494/717/717 495/642/642
f 528/452/452 762/727/727 495/642/642
f 526/649/649 504/458/458 763/728/728
f 505/459/459 504/458/458 526/649/649
f 424/439/439 407/366/366 497/448/448
f 764/729/729 713/644/644 505/459/459
f 765/730/730 764/729/729 505/459/459
f 527/731/731 717/652/652 526/649/649
f 531/480/480 526/649/649 539/523/523
f 586/525/525 766/732/732 767/733/733
f 718/656/656 523/655/655 767/733/733
f 534/476/476 590/475/475 589/533/533
f 515/467/467 548/481/481 551/538/538
f 546/468/468 551/538/538 550/490/490
f 596/661/661 600/482/482 542/484/484
f 761/734/734 769/735/735 722/663/663
f 487/453/453 761/734/734 722/663/663
f 487/453/453 722/663/663 558/494/494
f 516/496/496 487/453/453 558/494/494
f 102/204/204 300/256/256 92/736/736
f 563/498/498 497/448/448 720/660/660
f 770/737/737 771/738/738 716/650/650
f 525/666/666 520/471/471 715/648/648
f 772/739/739 770/737/737 716/650/650
f 716/650/650 557/493/493 772/739/739
f 393/698/698 656/572/572 659/571/571
f 393/698/698 659/571/571 733/740/740
f 557/493/493 716/650/650 508/461/461
f 600/482/482 584/527/527 593/741/741
f 603/543/543 522/526/526 600/482/482
f 552/489/489 597/534/534 587/531/531
f 549/742/742 544/511/511 597/534/534
f 597/534/534 552/489/489 561/497/497
f 616/542/542 522/526/526 603/543/543
f 773/743/743 288/241/241 858/744/744
f 542/484/484 540/483/483 774/745/745
f 593/741/741 540/483/483 600/482/482
f 776/746/746 557/493/493 602/504/504
f 536/747/747 724/669/669 578/517/517
f 725/748/748 539/523/523 536/654/654
f 523/655/655 531/480/480 539/523/523
f 592/470/470 602/504/504 508/461/461
f 651/689/689 420/378/378 390/359/359
f 517/469/469 638/405/405 592/470/470
f 731/676/676 602/504/504 670/749/749
f 851/257/257 858/744/744 292/258/258
f 409/373/373 611/750/750 410/590/590
f 589/533/533 622/678/678 596/661/661
f 777/751/751 104/752/752 105/210/210
f 780/753/753 778/754/754 779/755/755
f 611/750/750 295/293/293 639/346/346
f 346/280/280 296/91/91 118/278/278
f 609/560/560 617/551/551 610/603/603
f 611/750/750 613/562/562 410/590/590
f 584/527/527 781/756/756 594/757/757
f 637/559/559 643/548/548 609/560/560
f 619/364/364 609/560/560 643/548/548
f 643/548/548 621/550/550 619/364/364
f 645/586/586 596/661/661 622/678/678
f 701/620/620 783/758/758 782/619/619
f 621/550/550 644/549/549 654/588/588
f 641/385/385 640/563/563 616/542/542
f 621/550/550 654/588/588 624/383/383
f 782/619/619 449/404/404 701/620/620
f 567/501/501 638/405/405 517/469/469
f 618/545/545 673/552/552 623/381/381
f 673/552/552 672/685/685 422/382/382
f 654/588/588 396/357/357 679/589/589
f 312/759/759 311/310/310 303/309/309
f 386/355/355 385/354/354 562/530/530
f 610/603/603 676/544/544 645/586/586
f 615/515/515 614/541/541 786/760/760
f 420/378/378 615/515/515 418/379/379
f 680/604/604 398/583/583 678/587/587
f 680/604/604 660/370/370 398/583/583
f 632/696/696 682/591/591 630/592/592
f 632/696/696 633/558/558 684/598/598
f 684/598/598 633/558/558 635/557/557
f 682/591/591 632/696/696 665/577/577
f 605/401/401 390/359/359 233/255/255
f 684/598/598 635/557/557 642/564/564
f 677/596/596 653/574/574 612/573/573
f 674/597/597 642/564/564 648/514/514
f 312/759/759 145/761/761 311/310/310
f 654/588/588 577/516/516 383/358/358
f 577/516/516 651/689/689 383/358/358
f 653/574/574 382/699/699 387/593/593
f 647/581/581 497/448/448 393/698/698
f 389/584/584 387/593/593 382/699/699
f 393/698/698 675/668/668 656/572/572
f 389/584/584 382/699/699 388/703/703
f 258/203/203 380/202/202 787/762/762
f 681/628/628 403/371/371 414/362/362
f 301/205/205 306/211/211 305/263/263
f 679/589/589 396/357/357 681/628/628
f 436/395/395 667/580/580 663/396/396
f 434/393/393 436/395/395 663/396/396
f 446/363/363 411/407/407 683/406/406
f 694/609/609 788/763/763 625/764/764
f 694/609/609 625/764/764 391/566/566
f 391/566/566 392/388/388 694/609/609
f 305/263/263 306/211/211 307/765/765
f 683/406/406 653/574/574 677/596/596
f 404/360/360 429/391/391 413/375/375
f 592/470/470 638/405/405 751/397/397
f 658/681/681 682/591/591 665/577/577
f 682/591/591 658/681/681 636/561/561
f 433/700/700 429/391/391 431/392/392
f 403/371/371 409/373/373 415/376/376
f 664/578/578 658/681/681 665/577/577
f 429/391/391 433/700/700 438/613/613
f 454/416/416 449/404/404 638/405/405
f 439/429/429 744/702/702 440/398/398
f 402/614/614 399/403/403 456/415/415
f 402/614/614 456/415/415 448/766/766
f 442/400/400 789/767/767 445/709/709
f 790/768/768 401/367/367 697/615/615
f 471/417/417 706/626/626 791/769/769
f 791/769/769 706/626/626 792/770/770
f 407/366/366 408/368/368 452/409/409
f 749/771/771 792/770/770 706/626/626
f 150/119/119 120/97/97 322/706/706
f 432/436/436 428/389/389 391/566/566
f 391/566/566 397/437/437 432/436/436
f 425/707/707 406/440/440 388/703/703
f 793/772/772 750/713/713 432/436/436
f 394/377/377 399/403/403 401/367/367
f 683/406/406 425/707/707 382/699/699
f 399/403/403 440/398/398 442/400/400
f 116/98/98 120/97/97 361/275/275
f 683/406/406 451/408/408 425/707/707
f 405/365/365 447/412/412 446/363/363
f 468/631/631 425/707/707 451/408/408
f 121/100/100 117/99/99 86/78/78
f 405/365/365 423/384/384 447/412/412
f 418/379/379 709/633/633 293/251/251
f 488/443/443 493/647/647 507/773/773
f 513/774/774 507/773/773 493/647/647
f 513/774/774 514/646/646 518/639/639
f 451/408/408 411/407/407 447/412/412
f 794/775/775 289/610/610 290/776/776
f 795/777/777 518/639/639 519/640/640
f 703/623/623 751/397/397 796/778/778
f 460/420/420 423/384/384 444/421/421
f 263/243/243 290/776/776 135/244/244
f 465/426/426 751/397/397 449/404/404
f 893/722/722 520/471/471 710/641/641
f 461/419/419 447/412/412 460/420/420
f 394/377/377 401/367/367 478/486/486
f 86/78/78 797/779/779 121/100/100
f 342/295/295 797/779/779 86/78/78
f 468/631/631 406/440/440 425/707/707
f 101/245/245 275/225/225 142/780/780
f 488/443/443 406/440/440 468/631/631
f 428/389/389 432/436/436 480/433/433
f 404/360/360 421/380/380 429/391/391
f 475/627/627 471/417/417 754/718/718
f 340/781/781 339/782/782 322/706/706
f 473/431/431 452/409/409 484/442/442
f 412/374/374 462/638/638 469/632/632
f 798/783/783 797/779/779 342/295/295
f 452/409/409 755/719/719 483/441/441
f 669/582/582 297/260/260 338/294/294
f 338/294/294 711/724/724 705/625/625
f 462/638/638 412/374/374 476/479/479
f 394/377/377 476/479/479 412/374/374
f 485/716/716 495/642/642 494/717/717
f 91/250/250 140/281/281 94/282/282
f 489/445/445 491/446/446 493/647/647
f 487/453/453 486/635/635 799/784/784
f 761/734/734 799/784/784 760/785/785
f 799/784/784 761/734/734 487/453/453
f 323/299/299 344/301/301 352/322/322
f 500/451/451 461/419/419 474/422/422
f 119/101/101 121/100/100 116/98/98
f 525/666/666 500/451/451 469/632/632
f 514/646/646 513/774/774 493/647/647
f 518/639/639 514/646/646 715/648/648
f 518/639/639 715/648/648 520/471/471
f 505/459/459 531/480/480 515/467/467
f 546/468/468 515/467/467 551/538/538
f 762/727/727 523/655/655 524/657/657
f 528/452/452 523/655/655 762/727/727
f 510/463/463 800/786/786 765/730/730
f 508/461/461 510/463/463 765/730/730
f 130/106/106 801/787/787 126/96/96
f 505/459/459 508/461/461 765/730/730
f 539/523/523 586/525/525 523/655/655
f 640/563/563 516/496/496 569/503/503
f 767/733/733 523/655/655 586/525/525
f 640/563/563 569/503/503 522/526/526
f 590/475/475 768/788/788 591/532/532
f 589/533/533 591/532/532 595/682/682
f 541/485/485 530/473/473 476/479/479
f 556/492/492 772/739/739 557/493/493
f 522/526/526 584/527/527 600/482/482
f 570/510/510 587/531/531 544/511/511
f 597/534/534 554/529/529 549/742/742
f 721/662/662 547/488/488 803/789/789
f 640/563/563 522/526/526 616/542/542
f 577/516/516 615/515/515 420/378/378
f 549/742/742 804/790/790 544/511/511
f 595/682/682 802/791/791 630/592/592
f 420/378/378 651/689/689 577/516/516
f 554/529/529 805/792/792 806/793/793
f 630/592/592 631/794/794 632/696/696
f 583/522/522 805/792/792 554/529/529
f 554/529/529 581/520/520 583/522/522
f 807/795/795 634/556/556 633/558/558
f 775/796/796 635/557/557 634/556/556
f 635/557/557 775/796/796 808/565/565
f 636/561/561 609/560/560 622/678/678
f 648/514/514 571/505/505 573/507/507
f 645/586/586 622/678/678 610/603/603
f 598/535/535 809/797/797 810/798/798
f 599/799/799 809/797/797 598/535/535
f 568/508/508 778/754/754 569/503/503
f 569/503/503 778/754/754 780/753/753
f 598/535/535 810/798/798 602/504/504
f 612/573/573 680/604/604 610/603/603
f 317/595/595 109/94/94 110/93/93
f 594/757/757 593/741/741 584/527/527
f 584/527/527 569/503/503 780/753/753
f 295/293/293 611/750/750 409/373/373
f 625/764/764 626/800/800 588/528/528
f 628/555/555 570/510/510 574/509/509
f 639/346/346 613/562/562 611/750/750
f 670/749/749 811/801/801 731/676/676
f 417/546/546 613/562/562 374/264/264
f 126/96/96 128/104/104 120/97/97
f 645/586/586 600/482/482 596/661/661
f 393/698/698 497/448/448 563/498/498
f 736/684/684 422/382/382 672/685/685
f 682/591/591 622/678/678 589/533/533
f 422/382/382 736/684/684 627/553/553
f 812/802/802 813/803/803 137/111/111
f 620/547/547 553/540/540 641/385/385
f 128/104/104 377/348/348 340/781/781
f 617/551/551 609/560/560 619/364/364
f 433/700/700 431/392/392 686/679/679
f 561/497/497 620/547/547 606/667/667
f 689/602/602 688/601/601 814/804/804
f 454/416/416 628/555/555 650/688/688
f 597/534/534 561/497/497 606/667/667
f 377/348/348 815/805/805 340/781/781
f 391/566/566 625/764/764 588/528/528
f 670/749/749 663/396/396 662/576/576
f 650/688/688 628/555/555 655/686/686
f 655/686/686 628/555/555 785/806/806
f 562/530/530 385/354/354 391/566/566
f 663/396/396 670/749/749 602/504/504
f 663/396/396 602/504/504 592/470/470
f 600/482/482 676/544/544 603/543/543
f 681/628/628 396/357/357 403/371/371
f 446/363/363 677/596/596 612/573/573
f 613/562/562 253/206/206 374/264/264
f 813/803/803 816/807/807 366/328/328
f 737/687/687 817/808/808 650/688/688
f 80/82/82 813/803/803 366/328/328
f 388/703/703 671/585/585 389/584/584
f 80/82/82 137/111/111 813/803/803
f 637/559/559 658/681/681 664/578/578
f 643/548/548 665/577/577 684/598/598
f 654/588/588 674/597/597 648/514/514
f 340/781/781 818/809/809 339/782/782
f 961/810/810 827/811/811 828/812/812
f 832/813/813 830/814/814 833/815/815
f 834/816/816 835/817/817 701/620/620
f 783/758/758 701/620/620 835/817/817
f 838/818/818 834/816/816 701/620/620
f 843/819/819 841/820/820 844/821/821
f 701/620/620 471/417/417 784/822/822
f 305/263/263 861/823/823 300/256/256
f 849/824/824 850/825/825 784/822/822
f 855/826/826 856/827/827 857/828/828
f 304/829/829 142/780/780 100/711/711
f 851/257/257 871/830/830 773/743/743
f 873/831/831 842/832/832 874/833/833
f 793/772/772 875/834/834 876/835/835
f 793/772/772 949/836/836 877/837/837
f 872/838/838 878/839/839 839/840/840
f 393/698/698 879/841/841 880/842/842
f 887/843/843 863/844/844 886/845/845
f 846/846/846 943/847/847 888/848/848
f 862/849/849 867/850/850 647/581/581
f 889/851/851 890/852/852 859/853/853
f 846/846/846 888/848/848 820/854/854
f 887/843/843 895/855/855 863/844/844
f 710/641/641 896/856/856 893/722/722
f 837/857/857 897/858/858 939/859/859
f 896/856/856 710/641/641 899/860/860
f 842/832/832 939/859/859 901/861/861
f 471/417/417 791/769/769 784/822/822
f 819/862/862 899/860/860 530/473/473
f 784/822/822 791/769/769 902/863/863
f 904/864/864 902/863/863 791/769/769
f 821/865/865 530/473/473 541/485/485
f 901/861/861 909/866/866 910/867/867
f 881/868/868 773/743/743 840/869/869
f 867/850/850 908/870/870 646/438/438
f 432/436/436 949/836/836 793/772/772
f 949/836/836 432/436/436 482/435/435
f 106/871/871 103/246/246 111/116/116
f 488/443/443 507/773/773 501/455/455
f 913/872/872 890/852/852 914/873/873
f 916/874/874 891/875/875 890/852/852
f 917/876/876 826/877/877 907/878/878
f 866/879/879 895/855/855 823/880/880
f 897/858/858 837/857/857 892/881/881
f 921/882/882 898/883/883 894/884/884
f 901/861/861 897/858/858 922/885/885
f 901/861/861 922/885/885 923/886/886
f 885/887/887 924/888/888 952/889/889
f 906/890/890 905/891/891 903/892/892
f 94/282/282 937/893/893 938/894/894
f 145/761/761 361/275/275 150/119/119
f 927/895/895 928/896/896 916/874/874
f 916/874/874 913/872/872 927/895/895
f 929/897/897 930/898/898 911/899/899
f 932/900/900 931/901/901 933/902/902
f 918/903/903 934/904/904 871/830/830
f 138/112/112 136/114/114 936/905/905
f 939/859/859 381/906/906 837/857/857
f 846/846/846 845/907/907 943/847/847
f 944/908/908 945/909/909 916/874/874
f 920/910/910 919/911/911 819/862/862
f 925/912/912 860/913/913 829/914/914
f 879/841/841 393/698/698 733/740/740
f 879/841/841 733/740/740 946/915/915
f 906/890/890 821/865/865 926/916/916
f 945/909/909 951/917/917 827/811/811
f 935/918/918 502/456/456 501/455/455
f 939/859/859 841/820/820 953/919/919
f 954/920/920 953/919/919 955/921/921
f 201/168/168 124/320/320 122/330/330
f 915/922/922 513/774/774 795/777/777
f 881/868/868 846/846/846 883/923/923
f 917/876/876 926/916/916 948/924/924
f 201/168/168 323/299/299 202/169/169
f 821/865/865 819/862/862 530/473/473
f 860/913/913 824/925/925 826/877/877
f 937/893/893 829/914/914 836/926/926
f 867/850/850 646/438/438 647/581/581
f 880/842/842 892/881/881 862/849/849
f 908/870/870 948/924/924 825/927/927
f 897/858/858 880/842/842 830/814/814
f 831/928/928 830/814/814 832/813/813
f 223/325/325 108/95/95 202/169/169
f 841/820/820 939/859/859 842/832/832
f 108/95/95 223/325/325 363/324/324
f 846/846/846 820/854/854 883/923/923
f 956/929/929 957/930/930 958/931/931
f 310/932/932 957/930/930 956/929/929
f 959/933/933 752/934/934 202/169/169
f 223/325/325 202/169/169 752/934/934
f 907/878/878 826/877/877 824/925/925
f 853/935/935 859/853/853 891/875/875
f 854/936/936 891/875/875 861/823/823
f 960/937/937 853/935/935 854/936/936
f 961/810/810 869/938/938 870/939/939
f 916/874/874 872/838/838 839/840/840
f 830/814/814 880/842/842 865/940/940
f 273/130/130 864/726/726 144/941/941
f 864/726/726 94/282/282 144/941/941
f 840/869/869 934/904/904 915/922/922
f 962/942/942 838/818/818 701/620/620
f 963/943/943 962/942/942 964/944/944
f 964/944/944 962/942/942 701/620/620
f 965/945/945 964/944/944 701/620/620
f 784/822/822 965/945/945 701/620/620
f 894/884/884 898/883/883 820/854/854
f 822/946/946 867/850/850 823/880/880
f 886/845/845 917/876/876 887/843/843
f 823/880/880 867/850/850 862/849/849
f 848/947/947 903/892/892 852/948/948
f 891/875/875 918/903/903 851/257/257
f 906/890/890 824/925/925 905/891/891
f 871/830/830 851/257/257 918/903/903
f 880/842/842 900/949/949 966/950/950
f 877/837/837 875/834/834 793/772/772
f 939/859/859 897/858/858 901/861/861
f 864/726/726 952/889/889 925/912/912
f 839/840/840 878/839/839 912/951/951
f 839/840/840 912/951/951 934/904/904
f 896/856/856 519/640/640 893/722/722
f 892/881/881 866/879/879 823/880/880
f 871/830/830 840/869/869 773/743/743
f 820/854/854 888/848/848 919/911/911
f 894/884/884 820/854/854 919/911/911
f 825/927/927 541/485/485 908/870/870
f 852/948/948 903/892/892 905/891/891
f 937/893/893 925/912/912 829/914/914
f 907/878/878 926/916/916 917/876/876
f 927/895/895 913/872/872 967/952/952
f 891/875/875 916/874/874 918/903/903
f 933/902/902 969/953/953 932/900/900
f 359/954/954 938/894/894 837/857/857
f 887/843/843 917/876/876 895/855/855
f 513/774/774 518/639/639 795/777/777
f 931/901/901 380/202/202 940/955/955
f 892/881/881 823/880/880 862/849/849
f 918/903/903 839/840/840 934/904/904
f 947/956/956 903/892/892 921/882/882
f 908/870/870 541/485/485 646/438/438
f 947/956/956 821/865/865 906/890/890
f 836/926/926 938/894/894 937/893/893
f 938/894/894 836/926/926 837/857/857
f 924/888/888 885/887/887 847/957/957
f 884/958/958 935/918/918 872/838/838
f 884/958/958 911/899/899 949/836/836
f 935/918/918 884/958/958 502/456/456
f 359/954/954 94/282/282 938/894/894
f 823/880/880 895/855/855 822/946/946
f 507/773/773 912/951/951 501/455/455
f 912/951/951 507/773/773 915/922/922
f 952/889/889 852/948/948 860/913/913
f 945/909/909 827/811/811 872/838/838
f 945/909/909 872/838/838 916/874/874
f 897/858/858 892/881/881 880/842/842
f 897/858/858 830/814/814 831/928/928
f 170/959/959 426/132/132 180/134/134
f 146/131/131 148/133/133 972/960/960
f 953/919/919 841/820/820 843/819/819
f 825/927/927 926/916/916 821/865/865
f 866/879/879 837/857/857 836/926/926
f 310/932/932 854/936/936 861/823/823
f 873/831/831 841/820/820 842/832/832
f 300/256/256 861/823/823 851/257/257
f 288/241/241 773/743/743 287/224/224
f 458/129/129 868/961/961 885/887/887
f 287/224/224 773/743/743 881/868/868
f 898/883/883 847/957/957 820/854/854
f 848/947/947 847/957/957 898/883/883
f 867/850/850 822/946/946 948/924/924
f 824/925/925 906/890/890 907/878/878
f 881/868/868 883/923/923 287/224/224
f 961/810/810 884/958/958 872/838/838
f 880/842/842 879/841/841 882/962/962
f 974/963/963 965/945/945 784/822/822
f 840/869/869 915/922/922 845/907/907
f 106/871/871 288/241/241 185/226/226
f 292/258/258 288/241/241 106/871/871
f 949/836/836 482/435/435 884/958/958
f 907/878/878 906/890/890 926/916/916
f 795/777/777 519/640/640 896/856/856
f 919/911/911 896/856/856 899/860/860
f 919/911/911 899/860/860 819/862/862
f 975/964/964 849/824/824 784/822/822
f 975/964/964 784/822/822 856/827/827
f 976/965/965 975/964/964 856/827/827
f 934/904/904 912/951/951 915/922/922
f 857/828/828 856/827/827 784/822/822
f 359/954/954 837/857/857 381/906/906
f 857/828/828 784/822/822 902/863/863
f 977/966/966 857/828/828 902/863/863
f 978/967/967 977/966/966 902/863/863
f 933/902/902 940/955/955 942/968/968
f 860/913/913 925/912/912 952/889/889
f 921/882/882 920/910/910 947/956/956
f 916/874/874 839/840/840 918/903/903
f 979/969/969 971/970/970 911/899/899
f 903/892/892 947/956/956 906/890/890
f 884/958/958 482/435/435 502/456/456
f 940/955/955 939/859/859 953/919/919
f 91/250/250 94/282/282 359/954/954
f 822/946/946 895/855/855 917/876/876
f 943/847/847 896/856/856 888/848/848
f 843/819/819 955/921/921 953/919/919
f 920/910/910 819/862/862 821/865/865
f 337/259/259 96/651/651 276/128/128
f 899/860/860 710/641/641 530/473/473
f 845/907/907 795/777/777 943/847/847
f 847/957/957 848/947/947 952/889/889
f 948/924/924 926/916/916 825/927/927
f 943/847/847 795/777/777 896/856/856
f 852/948/948 952/889/889 848/947/947
f 860/913/913 852/948/948 824/925/925
f 393/698/698 862/849/849 647/581/581
f 829/914/914 863/844/844 836/926/926
f 114/971/971 115/972/972 109/94/94
f 115/972/972 105/210/210 109/94/94
f 105/210/210 115/972/972 981/973/973
f 982/974/974 957/930/930 314/274/274
f 314/274/274 957/930/930 310/932/932
f 310/932/932 107/569/569 314/274/274
f 827/811/811 961/810/810 872/838/838
f 853/935/935 891/875/875 854/936/936
f 886/845/845 829/914/914 860/913/913
f 854/936/936 310/932/932 956/929/929
f 863/844/844 829/914/914 886/845/845
f 917/876/876 948/924/924 822/946/946
f 836/926/926 863/844/844 866/879/879
f 35/70/70 85/83/83 82/92/92
f 858/744/744 851/257/257 773/743/743
f 973/975/975 874/833/833 842/832/832
f 886/845/845 860/913/913 826/877/877
f 86/78/78 85/83/83 35/70/70
f 891/875/875 859/853/853 890/852/852
f 852/948/948 905/891/891 824/925/925
f 458/129/129 885/887/887 864/726/726
f 458/129/129 287/224/224 868/961/961
f 837/857/857 866/879/879 892/881/881
f 106/871/871 111/116/116 292/258/258
f 851/257/257 861/823/823 891/875/875
f 842/832/832 901/861/861 910/867/867
f 870/939/939 884/958/958 961/810/810
f 826/877/877 917/876/876 886/845/845
f 895/855/855 866/879/879 863/844/844
f 92/736/736 111/116/116 149/118/118
f 287/224/224 883/923/923 868/961/961
f 393/698/698 880/842/842 862/849/849
f 900/949/949 880/842/842 882/962/962
f 864/726/726 885/887/887 952/889/889
f 898/883/883 921/882/882 848/947/947
f 848/947/947 921/882/882 903/892/892
f 864/726/726 925/912/912 937/893/893
f 890/852/852 913/872/872 916/874/874
f 748/710/710 983/976/976 86/78/78
f 984/977/977 877/837/837 950/978/978
f 949/836/836 950/978/978 877/837/837
f 916/874/874 928/896/896 944/908/908
f 870/939/939 911/899/899 884/958/958
f 935/918/918 878/839/839 872/838/838
f 915/922/922 507/773/773 513/774/774
f 871/830/830 934/904/904 840/869/869
f 94/282/282 864/726/726 937/893/893
f 381/906/906 939/859/859 380/202/202
f 380/202/202 939/859/859 940/955/955
f 541/485/485 825/927/927 821/865/865
f 894/884/884 919/911/911 920/910/910
f 948/924/924 908/870/870 867/850/850
f 933/902/902 931/901/901 940/955/955
f 894/884/884 920/910/910 921/882/882
f 930/898/898 979/969/969 911/899/899
f 952/889/889 924/888/888 847/957/957
f 868/961/961 883/923/923 820/854/854
f 885/887/887 868/961/961 820/854/854
f 885/887/887 820/854/854 847/957/957
f 940/955/955 953/919/919 941/979/979
f 951/917/917 980/980/980 827/811/811
f 289/610/610 985/981/981 695/611/611
f 696/612/612 135/244/244 289/610/610
f 307/765/765 104/752/752 107/569/569
f 949/836/836 911/899/899 971/970/970
f 845/907/907 881/868/868 840/869/869
f 881/868/868 845/907/907 846/846/846
f 896/856/856 919/911/911 888/848/848
f 136/114/114 88/113/113 263/243/243
f 947/956/956 920/910/910 821/865/865
f 878/839/839 935/918/918 501/455/455
f 652/568/568 315/272/272 107/569/569
f 501/455/455 912/951/951 878/839/839
f 845/907/907 915/922/922 795/777/777
f 74/74/74 83/693/693 86/78/78
f 104/752/752 307/765/765 105/210/210
f 105/210/210 307/765/765 306/211/211
f 306/211/211 301/205/205 109/94/94
f 292/258/258 92/736/736 300/256/256
f 91/250/250 381/906/906 380/202/202
f 787/762/762 968/982/982 986/983/983
f 275/225/225 458/129/129 100/711/711
f 93/423/423 273/130/130 144/941/941
f 91/250/250 359/954/954 381/906/906
f 360/321/321 987/984/984 988/985/985
f 352/322/322 987/984/984 360/321/321
f 95/90/90 97/184/184 84/185/185
f 352/322/322 989/986/986 987/984/984
f 150/119/119 181/331/331 149/118/118
f 307/765/765 310/932/932 861/823/823
f 247/187/187 246/186/186 203/217/217
f 307/765/765 861/823/823 305/263/263
f 323/299/299 347/305/305 343/300/300
f 96/651/651 304/829/829 100/711/711
f 993/987/987 991/988/988 246/186/186
f 992/989/989 247/187/187 267/214/214
f 337/259/259 276/128/128 141/222/222
f 311/310/310 145/761/761 143/117/117
f 97/184/184 203/217/217 139/115/115
f 128/104/104 340/781/781 322/706/706
f 139/115/115 203/217/217 195/990/990
f 196/991/991 994/992/992 195/990/990
f 116/98/98 333/993/993 324/994/994
f 324/994/994 333/993/993 312/759/759
f 326/283/283 995/995/995 327/284/284
f 202/169/169 352/322/322 326/283/283
f 133/109/109 13/23/23 139/115/115
f 169/636/636 138/112/112 936/905/905
f 140/281/281 95/90/90 98/89/89
f 138/112/112 140/281/281 91/250/250
f 341/304/304 323/299/299 181/331/331
f 108/95/95 124/320/320 123/167/167
f 339/782/782 181/331/331 322/706/706
f 290/776/776 289/610/610 135/244/244
f 985/981/981 289/610/610 996/996/996
f 107/569/569 315/272/272 314/274/274
f 107/569/569 310/932/932 307/765/765
f 333/993/993 361/275/275 312/759/759
f 292/258/258 111/116/116 92/736/736
f 324/994/994 303/309/309 304/829/829
f 275/225/225 103/246/246 106/871/871
f 96/651/651 100/711/711 276/128/128
f 86/78/78 117/99/99 112/84/84
f 288/241/241 292/258/258 858/744/744
f 797/779/779 997/997/997 129/105/105
f 797/779/779 129/105/105 126/96/96
f 92/736/736 124/320/320 102/204/204
f 126/96/96 121/100/100 797/779/779
f 94/282/282 141/222/222 93/423/423
f 121/100/100 126/96/96 116/98/98
f 118/278/278 117/99/99 119/101/101
f 106/871/871 185/226/226 275/225/225
f 85/83/83 112/84/84 99/88/88
f 112/84/84 117/99/99 296/91/91
f 118/278/278 296/91/91 117/99/99
f 99/88/88 112/84/84 296/91/91
f 144/941/941 94/282/282 93/423/423
f 983/976/976 90/85/85 87/87/87
f 983/976/976 87/87/87 86/78/78
f 113/279/279 119/101/101 116/98/98
f 180/134/134 95/90/90 140/281/281
f 113/279/279 118/278/278 119/101/101
f 380/202/202 88/113/113 91/250/250
f 82/92/92 22/73/73 35/70/70
f 22/73/73 82/92/92 81/28/28
f 82/92/92 95/90/90 84/185/185
f 346/280/280 113/279/279 96/651/651
f 380/202/202 931/901/901 968/982/982
f 998/998/998 931/901/901 932/900/900
f 113/279/279 304/829/829 96/651/651
f 113/279/279 324/994/994 304/829/829
f 180/134/134 169/636/636 170/959/959
f 363/324/324 110/93/93 108/95/95
f 150/119/119 143/117/117 145/761/761
f 202/169/169 108/95/95 123/167/167
f 181/331/331 122/330/330 124/320/320
f 101/245/245 311/310/310 143/117/117
f 312/759/759 303/309/309 324/994/994
f 303/309/309 101/245/245 142/780/780
f 275/225/225 287/224/224 458/129/129
f 801/787/787 125/102/102 126/96/96
f 97/184/184 180/134/134 203/217/217
f 801/787/787 999/999/999 125/102/102
f 1000/1000/1000 115/972/972 114/971/971
f 317/595/595 114/971/971 109/94/94
f 970/1001/1001 195/990/990 246/186/186
f 108/95/95 102/204/204 124/320/320
f 203/217/217 246/186/186 195/990/990
f 92/736/736 149/118/118 124/320/320
f 116/98/98 361/275/275 333/993/993
f 246/186/186 991/988/988 970/1001/1001
f 1001/1002/1002 970/1001/1001 991/988/988
f 1002/1003/1003 987/984/984 989/986/986
f 352/322/322 344/301/301 989/986/986
f 142/780/780 275/225/225 100/711/711
f 968/982/982 787/762/762 380/202/202
f 98/89/89 141/222/222 140/281/281
f 343/300/300 347/305/305 990/1004/1004
f 1003/1005/1005 347/305/305 341/304/304
f 139/115/115 81/28/28 97/184/184
f 1004/1006/1006 341/304/304 339/782/782
f 133/109/109 137/111/111 13/23/23
f 994/992/992 139/115/115 195/990/990
f 327/284/284 959/933/933 202/169/169
f 128/104/104 322/706/706 120/97/97
f 141/222/222 98/89/89 337/259/259
f 111/116/116 103/246/246 143/117/117
f 113/279/279 116/98/98 324/994/994
f 351/308/308 263/243/243 88/113/113
f 312/759/759 361/275/275 145/761/761
f 352/322/322 202/169/169 323/299/299
f 339/782/782 341/304/304 181/331/331
f 142/780/780 304/829/829 303/309/309
f 296/91/91 346/280/280 337/259/259
f 1025/1007/1007 1024/1008/1008 1028/1009/1009
f 1012/1010/1010 1006/1011/1011 1008/1012/1012
f 1013/1013/1013 1008/1012/1012 1011/1014/1014
f 1010/1015/1015 1015/1016/1016 1005/1017/1017
f 1025/1007/1007 1012/1010/1010 1024/1008/1008
f 1024/1008/1008 1008/1012/1012 1013/1013/1013
f 1018/1018/1018 1019/1019/1019 1010/1015/1015
f 1009/1020/1020 1008/1012/1012 1027/1021/1021
f 1022/1022/1022 1018/1018/1018 1010/1015/1015
f 1016/1023/1023 1031/1024/1024 1017/1025/1025
f 1031/1024/1024 1016/1023/1023 1032/1026/1026
f 1032/1026/1026 1016/1023/1023 1033/1027/1027
f 1036/1028/1028 1016/1023/1023 1034/1029/1029
f 1036/1028/1028 1033/1027/1027 1016/1023/1023
f 1034/1029/1029 1037/1030/1030 1036/1028/1028
f 1028/1009/1009 1024/1008/1008 1007/1031/1031
f 1039/1032/1032 1006/1011/1011 1026/1033/1033
f 1028/1009/1009 1035/1034/1034 1040/1035/1035
f 1066/1036/1036 1023/1037/1037 1022/1022/1022
f 1018/1018/1018 1022/1022/1022 1041/1038/1038
f 1005/1017/1017 1006/1011/1011 1012/1010/1010
f 1029/1039/1039 1028/1009/1009 1044/1040/1040
f 1043/1041/1041 1015/1016/1016 1010/1015/1015
f 1012/1010/1010 1010/1015/1015 1005/1017/1017
f 1019/1019/1019 1014/1042/1042 1010/1015/1015
f 1008/1012/1012 1009/1020/1020 1011/1014/1014
f 1024/1008/1008 1012/1010/1010 1008/1012/1012
f 1005/1017/1017 1042/1043/1043 1026/1033/1033
f 1013/1013/1013 1020/1044/1044 1024/1008/1008
f 1021/1045/1045 1024/1008/1008 1020/1044/1044
f 1022/1022/1022 1010/1015/1015 1012/1010/1010
f 1007/1031/1031 1024/1008/1008 1045/1046/1046
f 1006/1011/1011 1046/1047/1047 1033/1027/1027
f 1038/1048/1048 1033/1027/1027 1036/1028/1028
f 1027/1021/1021 1033/1027/1027 1038/1048/1048
f 1022/1022/1022 1012/1010/1010 1025/1007/1007
f 1005/1017/1017 1026/1033/1033 1006/1011/1011
f 1008/1012/1012 1033/1027/1027 1027/1021/1021
f 1006/1011/1011 1033/1027/1027 1008/1012/1012
f 1028/1009/1009 1007/1031/1031 1035/1034/1034
f 1028/1009/1009 1040/1035/1035 1044/1040/1040
f 1053/1049/1049 1052/1050/1050 1051/1051/1051
f 1150/1052/1052 1094/1053/1053 1054/1054/1054
f 1152/1055/1055 1059/1056/1056 1057/1057/1057
f 1065/1058/1058 1056/1059/1059 1060/1060/1060
f 1050/1061/1061 1060/1060/1060 1067/1062/1062
f 1064/1063/1063 1066/1036/1036 1068/1064/1064
f 1067/1062/1062 1093/1065/1065 1096/1066/1066
f 1075/1067/1067 1077/1068/1068 1078/1069/1069
f 1089/1070/1070 1056/1059/1059 1086/1071/1071
f 1062/1072/1072 1075/1067/1067 1078/1069/1069
f 1062/1072/1072 1078/1069/1069 1084/1073/1073
f 1117/1074/1074 1097/1075/1075 1098/1076/1076
f 1075/1067/1067 1096/1066/1066 1077/1068/1068
f 1087/1077/1077 1107/1078/1078 1144/1079/1079
f 1059/1056/1056 1130/1080/1080 1103/1081/1081
f 1104/1082/1082 1105/1083/1083 1106/1084/1084
f 1063/1085/1085 1064/1063/1063 1096/1066/1066
f 1096/1066/1066 1064/1063/1063 1077/1068/1068
f 1109/1086/1086 1110/1087/1087 1113/1088/1088
f 1130/1080/1080 1118/1089/1089 1119/1090/1090
f 1115/1091/1091 1079/1092/1092 1049/1093/1093
f 1079/1092/1092 1111/1094/1094 1028/1009/1009
f 1112/1095/1095 1122/1096/1096 1114/1097/1097
f 1124/1098/1098 1114/1097/1097 1122/1096/1096
f 1133/1099/1099 1274/1100/1100 1050/1061/1061
f 1050/1061/1061 1065/1058/1058 1060/1060/1060
f 1134/1101/1101 1047/1102/1102 1066/1036/1036
f 1135/1103/1103 1155/1104/1104 1121/1105/1105
f 1121/1105/1105 1155/1104/1104 1123/1106/1106
f 1136/1107/1107 1137/1108/1108 1138/1109/1109
f 1089/1070/1070 1138/1109/1109 1093/1065/1065
f 1068/1064/1064 1022/1022/1022 1025/1007/1007
f 1093/1065/1065 1063/1085/1085 1096/1066/1066
f 1139/1110/1110 1254/1111/1111 1123/1106/1106
f 1140/1112/1112 1121/1105/1105 1126/1113/1113
f 1121/1105/1105 1140/1112/1112 1135/1103/1103
f 1050/1061/1061 1274/1100/1100 1141/1114/1114
f 1117/1074/1074 1030/1115/1115 1048/1116/1116
f 1029/1039/1039 1030/1115/1115 1117/1074/1074
f 1111/1094/1094 1025/1007/1007 1028/1009/1009
f 1139/1110/1110 1123/1106/1106 1142/1117/1117
f 1262/1118/1118 1139/1110/1110 1143/1119/1119
f 1145/1120/1120 1061/1121/1121 1129/1122/1122
f 1085/1123/1123 1064/1063/1063 1068/1064/1064
f 1142/1117/1117 1074/1124/1124 1139/1110/1110
f 1100/1125/1125 1071/1126/1126 1080/1127/1127
f 1103/1081/1081 1130/1080/1080 1148/1128/1128
f 1148/1128/1128 1149/1129/1129 1103/1081/1081
f 1072/1130/1130 1071/1126/1126 1068/1064/1064
f 1082/1131/1131 1151/1132/1132 1086/1071/1071
f 1142/1117/1117 1147/1133/1133 1074/1124/1124
f 1061/1121/1121 1096/1066/1066 1075/1067/1067
f 1091/1134/1134 1092/1135/1135 1076/1136/1136
f 1076/1136/1136 1092/1135/1135 1086/1071/1071
f 1055/1137/1137 1083/1138/1138 1081/1139/1139
f 1139/1110/1110 1074/1124/1124 1143/1119/1119
f 1138/1109/1109 1105/1083/1083 1104/1082/1082
f 1089/1070/1070 1060/1060/1060 1056/1059/1059
f 1088/1140/1140 1087/1077/1077 1084/1073/1073
f 1131/1141/1141 1062/1072/1072 1087/1077/1077
f 1060/1060/1060 1093/1065/1065 1067/1062/1062
f 1078/1069/1069 1077/1068/1068 1100/1125/1125
f 1117/1074/1074 1120/1142/1142 1157/1143/1143
f 1077/1068/1068 1085/1123/1123 1071/1126/1126
f 1088/1140/1140 1084/1073/1073 1115/1091/1091
f 1107/1078/1078 1049/1093/1093 1144/1079/1079
f 1077/1068/1068 1071/1126/1126 1100/1125/1125
f 1145/1120/1120 1067/1062/1062 1061/1121/1121
f 1061/1121/1121 1075/1067/1067 1062/1072/1072
f 1094/1053/1053 1049/1093/1093 1095/1144/1144
f 1158/1145/1145 1154/1146/1146 1159/1147/1147
f 1159/1147/1147 1154/1146/1146 1152/1055/1055
f 1055/1137/1137 1074/1124/1124 1053/1049/1049
f 1074/1124/1124 1055/1137/1137 1065/1058/1058
f 1065/1058/1058 1143/1119/1119 1074/1124/1124
f 1160/1148/1148 1112/1095/1095 1116/1149/1149
f 1160/1148/1148 1122/1096/1096 1112/1095/1095
f 1109/1086/1086 1161/1150/1150 1162/1151/1151
f 1162/1151/1151 1161/1150/1150 1163/1152/1152
f 1144/1079/1079 1049/1093/1093 1094/1053/1053
f 1068/1064/1064 1025/1007/1007 1072/1130/1130
f 1025/1007/1007 1111/1094/1094 1072/1130/1130
f 1130/1080/1080 1114/1097/1097 1118/1089/1089
f 1054/1054/1054 1094/1053/1053 1095/1144/1144
f 1073/1153/1153 1059/1056/1056 1108/1154/1154
f 1095/1144/1144 1099/1155/1155 1112/1095/1095
f 1125/1156/1156 1069/1157/1157 1123/1106/1106
f 1147/1133/1133 1123/1106/1106 1069/1157/1157
f 1108/1154/1154 1132/1158/1158 1166/1159/1159
f 1059/1056/1056 1103/1081/1081 1132/1158/1158
f 1147/1133/1133 1053/1049/1049 1074/1124/1124
f 1063/1085/1085 1101/1160/1160 1102/1161/1161
f 1063/1085/1085 1066/1036/1036 1064/1063/1063
f 1068/1064/1064 1071/1126/1126 1085/1123/1123
f 1099/1155/1155 1117/1074/1074 1109/1086/1086
f 1109/1086/1086 1117/1074/1074 1098/1076/1076
f 1100/1125/1125 1080/1127/1127 1115/1091/1091
f 1126/1113/1113 1167/1162/1162 1127/1163/1163
f 1109/1086/1086 1098/1076/1076 1110/1087/1087
f 1109/1086/1086 1113/1088/1088 1168/1164/1164
f 1157/1143/1143 1169/1165/1165 1117/1074/1074
f 1070/1166/1166 1052/1050/1050 1069/1157/1157
f 1138/1109/1109 1104/1082/1082 1093/1065/1065
f 1069/1157/1157 1052/1050/1050 1053/1049/1049
f 1093/1065/1065 1104/1082/1082 1063/1085/1085
f 1134/1101/1101 1066/1036/1036 1102/1161/1161
f 1131/1141/1141 1087/1077/1077 1144/1079/1079
f 1086/1071/1071 1055/1137/1137 1082/1131/1131
f 1083/1138/1138 1055/1137/1137 1053/1049/1049
f 1066/1036/1036 1022/1022/1022 1068/1064/1064
f 1170/1167/1167 1083/1138/1138 1053/1049/1049
f 1067/1062/1062 1096/1066/1066 1061/1121/1121
f 1051/1051/1051 1170/1167/1167 1053/1049/1049
f 1095/1144/1144 1130/1080/1080 1059/1056/1056
f 1099/1155/1155 1109/1086/1086 1112/1095/1095
f 1162/1151/1151 1112/1095/1095 1109/1086/1086
f 1048/1116/1116 1172/1168/1168 1117/1074/1074
f 1112/1095/1095 1162/1151/1151 1173/1169/1169
f 1099/1155/1155 1029/1039/1039 1117/1074/1074
f 1147/1133/1133 1069/1157/1157 1053/1049/1049
f 1175/1170/1170 1122/1096/1096 1160/1148/1148
f 1091/1134/1134 1165/1171/1171 1092/1135/1135
f 1092/1135/1135 1136/1107/1107 1138/1109/1109
f 1086/1071/1071 1138/1109/1109 1089/1070/1070
f 1131/1141/1141 1061/1121/1121 1062/1072/1072
f 1174/1172/1172 1156/1173/1173 1155/1104/1104
f 1125/1156/1156 1123/1106/1106 1155/1104/1104
f 1286/1174/1174 1094/1053/1053 1150/1052/1052
f 1049/1093/1093 1099/1155/1155 1095/1144/1144
f 1114/1097/1097 1095/1144/1144 1112/1095/1095
f 1119/1090/1090 1176/1175/1175 1128/1176/1176
f 1095/1144/1144 1114/1097/1097 1130/1080/1080
f 1067/1062/1062 1145/1120/1120 1050/1061/1061
f 1128/1176/1176 1130/1080/1080 1119/1090/1090
f 1058/1177/1177 1101/1160/1160 1063/1085/1085
f 1153/1178/1178 1059/1056/1056 1152/1055/1055
f 1071/1126/1126 1072/1130/1130 1111/1094/1094
f 1071/1126/1126 1111/1094/1094 1080/1127/1127
f 1080/1127/1127 1111/1094/1094 1079/1092/1092
f 1179/1179/1179 1057/1057/1057 1164/1180/1180
f 1169/1165/1165 1097/1075/1075 1117/1074/1074
f 1180/1181/1181 1125/1156/1156 1155/1104/1104
f 1065/1058/1058 1050/1061/1061 1143/1119/1119
f 1059/1056/1056 1073/1153/1153 1057/1057/1057
f 1066/1036/1036 1063/1085/1085 1102/1161/1161
f 1086/1071/1071 1151/1132/1132 1076/1136/1136
f 1054/1054/1054 1095/1144/1144 1059/1056/1056
f 1028/1009/1009 1029/1039/1039 1099/1155/1155
f 1060/1060/1060 1089/1070/1070 1093/1065/1065
f 1059/1056/1056 1132/1158/1158 1108/1154/1154
f 1181/1182/1182 1117/1074/1074 1172/1168/1168
f 1078/1069/1069 1100/1125/1125 1084/1073/1073
f 1055/1137/1137 1081/1139/1139 1082/1131/1131
f 1056/1059/1059 1065/1058/1058 1055/1137/1137
f 1056/1059/1059 1055/1137/1137 1086/1071/1071
f 1091/1134/1134 1090/1183/1183 1165/1171/1171
f 1086/1071/1071 1092/1135/1135 1138/1109/1109
f 1258/1184/1184 1167/1162/1162 1126/1113/1113
f 1242/1185/1185 1121/1105/1105 1123/1106/1106
f 1087/1077/1077 1088/1140/1140 1107/1078/1078
f 1088/1140/1140 1115/1091/1091 1107/1078/1078
f 1104/1082/1082 1146/1186/1186 1058/1177/1177
f 1058/1177/1177 1063/1085/1085 1104/1082/1082
f 1171/1187/1187 1132/1158/1158 1103/1081/1081
f 1178/1188/1188 1116/1149/1149 1112/1095/1095
f 1115/1091/1091 1080/1127/1127 1079/1092/1092
f 1079/1092/1092 1028/1009/1009 1099/1155/1155
f 1145/1120/1120 1129/1122/1122 1133/1099/1099
f 1077/1068/1068 1064/1063/1063 1085/1123/1123
f 1087/1077/1077 1062/1072/1072 1084/1073/1073
f 1183/1189/1189 1097/1075/1075 1169/1165/1165
f 1049/1093/1093 1079/1092/1092 1099/1155/1155
f 1174/1172/1172 1155/1104/1104 1135/1103/1103
f 1050/1061/1061 1145/1120/1120 1133/1099/1099
f 1161/1150/1150 1109/1086/1086 1168/1164/1164
f 1129/1122/1122 1061/1121/1121 1131/1141/1141
f 1094/1053/1053 1286/1174/1174 1144/1079/1079
f 1123/1106/1106 1147/1133/1133 1142/1117/1117
f 1181/1182/1182 1120/1142/1142 1117/1074/1074
f 1143/1119/1119 1050/1061/1061 1141/1114/1114
f 1084/1073/1073 1100/1125/1125 1115/1091/1091
f 1107/1078/1078 1115/1091/1091 1049/1093/1093
f 1130/1080/1080 1128/1176/1176 1148/1128/1128
f 1153/1178/1178 1177/1190/1190 1184/1191/1191
f 1152/1055/1055 1154/1146/1146 1153/1178/1178
f 1179/1179/1179 1152/1055/1055 1057/1057/1057
f 1190/1192/1192 1191/1193/1193 1192/1194/1194
f 1195/1195/1195 1194/1196/1196 1186/1197/1197
f 1337/1198/1198 1200/1199/1199 1268/1200/1200
f 1204/1201/1201 1313/1202/1202 1189/1203/1203
f 1202/1204/1204 1207/1205/1205 1208/1206/1206
f 1209/1207/1207 1210/1208/1208 1314/1209/1209
f 1294/1210/1210 1054/1054/1054 1240/1211/1211
f 1198/1212/1212 1263/1213/1213 1302/1214/1214
f 1300/1215/1215 1203/1216/1216 1250/1217/1217
f 1303/1218/1218 1277/1219/1219 1221/1220/1220
f 1223/1221/1221 1225/1222/1222 1226/1223/1223
f 1265/1224/1224 1273/1225/1225 1227/1226/1226
f 1226/1223/1223 1231/1227/1227 1298/1228/1228
f 1193/1229/1229 1232/1230/1230 1293/1231/1231
f 1283/1232/1232 1189/1203/1203 1224/1233/1233
f 1243/1234/1234 1244/1235/1235 1245/1236/1236
f 1288/1237/1237 1246/1238/1238 1195/1195/1195
f 1237/1239/1239 1301/1240/1240 1251/1241/1241
f 1194/1196/1196 1255/1242/1242 1252/1243/1243
f 1232/1230/1230 1189/1203/1203 1268/1200/1200
f 1259/1244/1244 1251/1241/1241 1260/1245/1245
f 1266/1246/1246 1167/1162/1162 1258/1184/1184
f 1331/1247/1247 1267/1248/1248 1198/1212/1212
f 1266/1246/1246 1258/1184/1184 1269/1249/1249
f 1270/1250/1250 1271/1251/1251 1272/1252/1252
f 1121/1105/1105 1258/1184/1184 1126/1113/1113
f 1204/1201/1201 1242/1185/1185 1254/1111/1111
f 1131/1141/1141 1182/1253/1253 1129/1122/1122
f 1205/1254/1254 1276/1255/1255 1304/1256/1256
f 1254/1111/1111 1250/1217/1217 1313/1202/1202
f 1277/1219/1219 1278/1257/1257 1214/1258/1258
f 1190/1192/1192 1279/1259/1259 1280/1260/1260
f 1318/1261/1261 1141/1114/1114 1274/1100/1100
f 1338/1262/1262 1287/1263/1263 1288/1237/1237
f 1262/1118/1118 1143/1119/1119 1141/1114/1114
f 1201/1264/1264 1202/1204/1204 1301/1240/1240
f 1273/1225/1225 1282/1265/1265 1281/1266/1266
f 1293/1231/1231 1195/1195/1195 1193/1229/1229
f 1305/1267/1267 1272/1252/1252 1306/1268/1268
f 1308/1269/1269 1311/1270/1270 1312/1271/1271
f 1236/1272/1272 1216/1273/1273 1221/1220/1220
f 1315/1274/1274 1316/1275/1275 1186/1197/1197
f 1282/1265/1265 1265/1224/1224 1320/1276/1276
f 1202/1204/1204 1321/1277/1277 1322/1278/1278
f 1197/1279/1279 1337/1198/1198 1300/1215/1215
f 1237/1239/1239 1259/1244/1244 1323/1280/1280
f 1245/1236/1236 1325/1281/1281 1243/1234/1234
f 1245/1236/1236 1326/1282/1282 1325/1281/1281
f 1279/1259/1259 1233/1283/1283 1328/1284/1284
f 1285/1285/1285 1244/1235/1235 1329/1286/1286
f 1194/1196/1196 1289/1287/1287 1255/1242/1242
f 1263/1213/1213 1264/1288/1288 1302/1214/1214
f 1264/1288/1288 1235/1289/1289 1214/1258/1258
f 1214/1258/1258 1235/1289/1289 1277/1219/1219
f 1284/1290/1290 1194/1196/1196 1252/1243/1243
f 1199/1291/1291 1294/1210/1210 1240/1211/1211
f 1247/1292/1292 1246/1238/1238 1193/1229/1229
f 1193/1229/1229 1246/1238/1238 1189/1203/1203
f 1267/1248/1248 1330/1293/1293 1197/1279/1279
f 1330/1293/1293 1200/1199/1199 1337/1198/1198
f 1253/1294/1294 1332/1295/1295 1333/1296/1296
f 1197/1279/1279 1198/1212/1212 1267/1248/1248
f 1297/1297/1297 1334/1298/1298 1332/1295/1295
f 1253/1294/1294 1297/1297/1297 1332/1295/1295
f 1335/1299/1299 1301/1240/1240 1336/1300/1300
f 1302/1214/1214 1264/1288/1288 1214/1258/1258
f 1190/1192/1192 1192/1194/1194 1338/1262/1262
f 1339/1301/1301 1256/1302/1302 1257/1303/1303
f 1293/1231/1231 1289/1287/1287 1194/1196/1196
f 1239/1304/1304 1257/1303/1303 1258/1184/1184
f 1338/1262/1262 1355/1305/1305 1196/1306/1306
f 1185/1307/1307 1287/1263/1263 1196/1306/1306
f 1185/1307/1307 1246/1238/1238 1287/1263/1263
f 1246/1238/1238 1185/1307/1307 1188/1308/1308
f 1298/1228/1228 1223/1221/1221 1226/1223/1223
f 1340/1309/1309 1298/1228/1228 1231/1227/1227
f 1185/1307/1307 1219/1310/1310 1218/1311/1311
f 1250/1217/1217 1254/1111/1111 1262/1118/1118
f 1250/1217/1217 1262/1118/1118 1261/1312/1312
f 1268/1200/1200 1313/1202/1202 1203/1216/1216
f 1284/1290/1290 1187/1313/1313 1186/1197/1197
f 1182/1253/1253 1282/1265/1265 1296/1314/1314
f 1250/1217/1217 1203/1216/1216 1313/1202/1202
f 1296/1314/1314 1129/1122/1122 1182/1253/1253
f 1224/1233/1233 1272/1252/1252 1241/1315/1315
f 1281/1266/1266 1182/1253/1253 1131/1141/1141
f 1250/1217/1217 1261/1312/1312 1300/1215/1215
f 1228/1316/1316 1227/1226/1226 1150/1052/1052
f 1264/1288/1288 1318/1261/1261 1235/1289/1289
f 1210/1208/1208 1303/1218/1218 1221/1220/1220
f 1212/1317/1317 1213/1318/1318 1464/1319/1319
f 1205/1254/1254 1210/1208/1208 1276/1255/1255
f 1301/1240/1240 1202/1204/1204 1208/1206/1206
f 1301/1240/1240 1208/1206/1206 1342/1320/1320
f 1205/1254/1254 1314/1209/1209 1210/1208/1208
f 1213/1318/1318 1227/1226/1226 1228/1316/1316
f 1205/1254/1254 1220/1321/1321 1314/1209/1209
f 1282/1265/1265 1320/1276/1276 1296/1314/1314
f 1229/1322/1322 1199/1291/1291 1223/1221/1221
f 1253/1294/1294 1202/1204/1204 1297/1297/1297
f 1425/1323/1323 1237/1239/1239 1323/1280/1280
f 1294/1210/1210 1150/1052/1052 1054/1054/1054
f 1425/1323/1323 1323/1280/1280 1248/1324/1324
f 1195/1195/1195 1246/1238/1238 1247/1292/1292
f 1240/1211/1211 1059/1056/1056 1308/1269/1269
f 1201/1264/1264 1301/1240/1240 1237/1239/1239
f 1327/1325/1325 1285/1285/1285 1252/1243/1243
f 1323/1280/1280 1344/1326/1326 1345/1327/1327
f 1259/1244/1244 1344/1326/1326 1323/1280/1280
f 1153/1178/1178 1184/1191/1191 1308/1269/1269
f 1346/1328/1328 1308/1269/1269 1312/1271/1271
f 1294/1210/1210 1228/1316/1316 1150/1052/1052
f 1308/1269/1269 1347/1329/1329 1348/1330/1330
f 1349/1331/1331 1350/1332/1332 1306/1268/1333
f 1220/1321/1321 1227/1226/1226 1213/1318/1318
f 1351/1333/1334 1285/1285/1285 1329/1286/1286
f 1279/1259/1259 1190/1192/1192 1288/1237/1237
f 1298/1228/1228 1307/1334/1335 1352/1335/1336
f 1189/1203/1203 1232/1230/1230 1193/1229/1229
f 1199/1291/1291 1229/1322/1322 1217/1336/1337
f 1295/1337/1338 1320/1276/1276 1216/1273/1273
f 1276/1255/1255 1320/1276/1276 1304/1256/1256
f 1293/1231/1231 1232/1230/1230 1292/1338/1339
f 1239/1304/1304 1272/1252/1252 1238/1339/1340
f 1257/1303/1303 1341/1340/1341 1258/1184/1184
f 1186/1197/1197 1187/1313/1313 1315/1274/1274
f 1258/1184/1184 1121/1105/1105 1242/1185/1185
f 1211/1341/1342 1220/1321/1321 1212/1317/1317
f 1211/1341/1342 1314/1209/1209 1220/1321/1321
f 1283/1232/1232 1242/1185/1185 1204/1201/1201
f 1193/1229/1229 1195/1195/1195 1247/1292/1292
f 1207/1205/1205 1202/1204/1204 1353/1342/1343
f 1291/1343/1344 1262/1118/1118 1141/1114/1114
f 1197/1279/1279 1263/1213/1213 1198/1212/1212
f 1296/1314/1314 1295/1337/1338 1129/1122/1122
f 1234/1344/1345 1233/1283/1283 1279/1259/1259
f 1288/1237/1237 1234/1344/1345 1279/1259/1259
f 1281/1266/1266 1131/1141/1141 1144/1079/1079
f 1249/1345/1346 1323/1280/1280 1324/1346/1347
f 1284/1290/1290 1252/1243/1243 1285/1285/1285
f 1273/1225/1225 1281/1266/1266 1286/1174/1174
f 1281/1266/1266 1144/1079/1079 1286/1174/1174
f 1327/1325/1325 1252/1243/1243 1255/1242/1242
f 1224/1233/1233 1188/1308/1308 1185/1307/1307
f 1241/1315/1315 1283/1232/1232 1224/1233/1233
f 1398/1347/1348 1331/1247/1247 1302/1214/1214
f 1253/1294/1294 1333/1296/1296 1354/1348/1349
f 1190/1192/1192 1338/1262/1262 1288/1237/1237
f 1355/1305/1305 1338/1262/1262 1356/1349/1350
f 1355/1305/1305 1357/1350/1351 1196/1306/1306
f 1331/1247/1247 1198/1212/1212 1302/1214/1214
f 1358/1351/1352 1219/1310/1310 1185/1307/1307
f 1268/1200/1200 1203/1216/1216 1337/1198/1198
f 1519/1352/1353 1410/1353/1354 1277/1219/1219
f 1251/1241/1241 1301/1240/1240 1335/1299/1299
f 1276/1255/1255 1221/1220/1220 1216/1273/1273
f 1189/1203/1203 1313/1202/1202 1268/1200/1200
f 1295/1337/1338 1296/1314/1314 1320/1276/1276
f 1227/1226/1226 1205/1254/1254 1265/1224/1224
f 1206/1354/1355 1300/1215/1215 1261/1312/1312
f 1206/1354/1355 1318/1261/1261 1264/1288/1288
f 1320/1276/1276 1276/1255/1255 1216/1273/1273
f 1059/1056/1056 1153/1178/1178 1308/1269/1269
f 1240/1211/1211 1308/1269/1269 1309/1355/1356
f 1308/1269/1269 1348/1330/1330 1359/1356/1357
f 1319/1357/1358 1215/1358/1359 1309/1355/1356
f 1194/1196/1196 1284/1290/1290 1186/1197/1197
f 1360/1359/1360 1346/1328/1328 1361/1360/1361
f 1236/1272/1272 1235/1289/1289 1318/1261/1261
f 1362/1361/1362 1306/1268/1268 1218/1311/1311
f 1218/1311/1311 1306/1268/1268 1272/1252/1252
f 1185/1307/1307 1218/1311/1311 1272/1252/1252
f 1272/1252/1252 1224/1233/1233 1185/1307/1307
f 1301/1240/1240 1342/1320/1320 1363/1362/1363
f 1402/1363/1364 1217/1336/1337 1230/1364/1365
f 1199/1291/1291 1228/1316/1316 1294/1210/1210
f 1316/1275/1275 1364/1365/1366 1317/1366/1367
f 1291/1343/1344 1206/1354/1355 1261/1312/1312
f 1201/1264/1264 1223/1221/1221 1202/1204/1204
f 1215/1358/1359 1223/1221/1221 1240/1211/1211
f 1420/1367/1368 1201/1264/1264 1237/1239/1239
f 1343/1368/1369 1321/1277/1277 1253/1294/1294
f 1297/1297/1297 1298/1228/1228 1352/1335/1336
f 1365/1369/1370 1425/1323/1323 1248/1324/1324
f 1297/1297/1297 1352/1335/1336 1299/1370/1371
f 1323/1280/1280 1345/1327/1327 1366/1371/1372
f 1297/1297/1297 1299/1370/1371 1334/1298/1298
f 1197/1279/1279 1300/1215/1215 1263/1213/1213
f 1237/1239/1239 1251/1241/1241 1259/1244/1244
f 1265/1224/1224 1282/1265/1265 1273/1225/1225
f 1341/1340/1341 1257/1303/1303 1256/1302/1302
f 1242/1185/1185 1241/1315/1315 1258/1184/1184
f 1239/1304/1304 1258/1184/1184 1241/1315/1315
f 1205/1254/1254 1227/1226/1226 1220/1321/1321
f 1133/1099/1099 1295/1337/1338 1274/1100/1100
f 1242/1185/1185 1283/1232/1232 1241/1315/1315
f 1188/1308/1308 1189/1203/1203 1246/1238/1238
f 1291/1343/1344 1141/1114/1114 1318/1261/1261
f 1261/1312/1312 1262/1118/1118 1291/1343/1344
f 1263/1213/1213 1206/1354/1355 1264/1288/1288
f 1236/1272/1272 1318/1261/1261 1274/1100/1100
f 1274/1100/1100 1295/1337/1338 1236/1272/1272
f 1337/1198/1198 1203/1216/1216 1300/1215/1215
f 1286/1174/1174 1150/1052/1052 1273/1225/1225
f 1368/1372/1373 1369/1373/1374 1298/1228/1228
f 1221/1220/1220 1235/1289/1289 1236/1272/1272
f 1292/1338/1339 1232/1230/1230 1200/1199/1199
f 1213/1318/1318 1217/1336/1337 1464/1319/1319
f 1187/1313/1313 1370/1374/1375 1315/1274/1274
f 1240/1211/1211 1054/1054/1054 1059/1056/1056
f 1236/1272/1272 1295/1337/1338 1216/1273/1273
f 1308/1269/1269 1346/1328/1328 1360/1359/1360
f 1192/1194/1194 1371/1375/1376 1338/1262/1262
f 1358/1351/1352 1196/1306/1306 1372/1376/1377
f 1196/1306/1306 1358/1351/1352 1185/1307/1307
f 1217/1336/1337 1229/1322/1322 1230/1364/1365
f 1188/1308/1308 1224/1233/1233 1189/1203/1203
f 1234/1344/1345 1373/1377/1378 1233/1283/1283
f 1196/1306/1306 1287/1263/1263 1338/1262/1262
f 1288/1237/1237 1195/1195/1195 1234/1344/1345
f 1199/1291/1291 1240/1211/1211 1223/1221/1221
f 1245/1236/1236 1244/1235/1235 1285/1285/1285
f 1210/1208/1208 1221/1220/1220 1276/1255/1255
f 1248/1324/1324 1323/1280/1280 1249/1345/1346
f 1374/1378/1379 1253/1294/1294 1354/1348/1349
f 1202/1204/1204 1223/1221/1221 1297/1297/1297
f 1291/1343/1344 1318/1261/1261 1206/1354/1355
f 1320/1276/1276 1265/1224/1224 1304/1256/1256
f 1214/1258/1258 1275/1379/1380 1302/1214/1214
f 1227/1226/1226 1273/1225/1225 1150/1052/1052
f 1263/1213/1213 1300/1215/1215 1206/1354/1355
f 1205/1254/1254 1304/1256/1256 1265/1224/1224
f 1240/1211/1211 1309/1355/1356 1215/1358/1359
f 1293/1231/1231 1290/1380/1381 1289/1287/1287
f 1290/1380/1381 1293/1231/1231 1292/1338/1339
f 1221/1220/1220 1277/1219/1219 1235/1289/1289
f 1222/1381/1382 1225/1222/1222 1223/1221/1221
f 1412/1382/1383 1290/1380/1381 1292/1338/1339
f 1204/1201/1201 1189/1203/1203 1283/1232/1232
f 1129/1122/1122 1295/1337/1338 1133/1099/1099
f 1242/1185/1185 1123/1106/1106 1254/1111/1111
f 1254/1111/1111 1139/1110/1110 1262/1118/1118
f 1271/1251/1251 1238/1339/1340 1272/1252/1252
f 1241/1315/1315 1272/1252/1252 1239/1304/1304
f 1217/1336/1337 1228/1316/1316 1199/1291/1291
f 1223/1221/1221 1298/1228/1228 1297/1297/1297
f 1204/1201/1201 1254/1111/1111 1313/1202/1202
f 1182/1253/1253 1281/1266/1266 1282/1265/1265
f 1317/1366/1367 1186/1197/1197 1316/1275/1275
f 1212/1317/1317 1220/1321/1321 1213/1318/1318
f 1234/1344/1345 1186/1197/1197 1317/1366/1367
f 1229/1322/1322 1223/1221/1221 1201/1264/1264
f 1186/1197/1197 1234/1344/1345 1195/1195/1195
f 1200/1199/1199 1232/1230/1230 1268/1200/1200
f 1375/1383/1384 1333/1296/1296 1332/1295/1295
f 1230/1364/1365 1229/1322/1322 1201/1264/1264
f 1202/1204/1204 1253/1294/1294 1321/1277/1277
f 1519/1352/1353 1303/1218/1218 1209/1207/1207
f 1210/1208/1208 1209/1207/1207 1303/1218/1218
f 1245/1236/1236 1285/1285/1285 1327/1325/1325
f 1308/1269/1269 1359/1356/1357 1311/1270/1270
f 1369/1373/1374 1307/1334/1335 1298/1228/1228
f 1287/1263/1263 1246/1238/1238 1288/1237/1237
f 1398/1347/1348 1302/1214/1214 1275/1379/1380
f 1244/1235/1235 1376/1384/1385 1329/1286/1286
f 1309/1355/1356 1308/1269/1269 1360/1359/1360
f 1310/1385/1386 1309/1355/1356 1360/1359/1360
f 1213/1318/1318 1228/1316/1316 1217/1336/1337
f 1293/1231/1231 1194/1196/1196 1195/1195/1195
f 1303/1218/1218 1519/1352/1353 1277/1219/1219
f 1330/1293/1293 1337/1198/1198 1197/1279/1279
f 1509/1386/1387 1473/1387/1388 1379/1388/1389
f 1380/1389/1390 1544/1390/1391 1377/1391/1392
f 1383/1392/1393 1544/1390/1391 1380/1389/1390
f 1379/1388/1389 1381/1393/1394 1382/1394/1395
f 1543/1395/1396 1443/1396/1397 1440/1397/1398
f 1386/1398/1399 1387/1399/1400 1388/1400/1401
f 1577/1401/1402 1384/1402/1403 1393/1403/1404
f 1396/1404/1405 1267/1248/1248 1397/1405/1406
f 1397/1405/1406 1398/1347/1348 1399/1406/1407
f 1403/1407/1408 1404/1408/1409 1405/1409/1410
f 1456/1410/1411 1290/1380/1381 1407/1411/1412
f 1411/1412/1413 1412/1382/1383 1395/1413/1414
f 1427/1414/1415 1418/1415/1416 1419/1416/1417
f 1427/1414/1415 1421/1417/1418 1418/1415/1416
f 1420/1367/1368 1425/1323/1323 1502/1418/1419
f 1379/1388/1389 1473/1387/1388 1429/1419/1420
f 1431/1420/1421 1427/1414/1415 1432/1421/1422
f 1379/1388/1389 1429/1419/1420 1433/1422/1423
f 1439/1423/1424 1441/1424/1425 1453/1425/1426
f 1447/1426/1427 1448/1427/1428 1449/1428/1429
f 1451/1429/1430 1450/1430/1431 1392/1431/1432
f 1453/1425/1426 1455/1432/1433 1408/1433/1434
f 1437/1434/1435 1413/1435/1436 1445/1436/1437
f 1437/1434/1435 1409/1437/1438 1413/1435/1436
f 1461/1438/1439 1457/1439/1440 1458/1440/1441
f 1459/1441/1442 1460/1442/1443 1422/1443/1444
f 1461/1438/1439 1462/1444/1445 1457/1439/1440
f 1410/1353/1354 1278/1257/1257 1277/1219/1219
f 1453/1425/1426 1463/1445/1446 1430/1446/1447
f 1519/1352/1353 1209/1207/1207 1514/1447/1448
f 1465/1448/1449 1466/1449/1450 1467/1450/1451
f 1326/1282/1282 1245/1236/1236 1387/1399/1400
f 1392/1431/1432 1450/1430/1431 1465/1448/1449
f 1427/1414/1415 1392/1431/1432 1456/1410/1411
f 1473/1387/1388 1425/1323/1323 1470/1451/1452
f 1471/1452/1453 1469/1453/1454 1528/1454/1455
f 1395/1413/1414 1200/1199/1199 1330/1293/1293
f 1473/1387/1388 1474/1455/1456 1429/1419/1420
f 1477/1456/1457 1478/1457/1458 1479/1458/1459
f 1481/1459/1460 1482/1460/1461 1439/1423/1424
f 1275/1379/1380 1214/1258/1258 1278/1257/1257
f 1424/1461/1462 1407/1411/1412 1411/1412/1413
f 1453/1425/1426 1408/1433/1434 1485/1462/1463
f 1424/1461/1462 1456/1410/1411 1407/1411/1412
f 1437/1434/1435 1439/1423/1424 1485/1462/1463
f 1476/1463/1464 1475/1464/1465 1278/1257/1257
f 1454/1465/1466 1414/1466/1467 1415/1467/1468
f 1496/1468/1469 1497/1469/1470 1498/1470/1471
f 1500/1471/1472 1498/1470/1471 1501/1472/1473
f 1501/1472/1473 1498/1470/1471 1502/1418/1419
f 1501/1472/1473 1502/1418/1419 1503/1473/1474
f 1488/1474/1475 1406/1475/1476 1469/1453/1454
f 1508/1476/1477 1507/1477/1478 1506/1478/1479
f 1488/1474/1475 1471/1452/1453 1443/1396/1397
f 1510/1479/1480 1509/1386/1387 1511/1480/1481
f 1510/1479/1480 1511/1480/1481 1513/1481/1482
f 1400/1482/1483 1209/1207/1207 1314/1209/1209
f 1292/1338/1339 1200/1199/1199 1412/1382/1383
f 1471/1452/1453 1488/1474/1475 1469/1453/1454
f 1516/1483/1484 1517/1484/1485 1435/1485/1486
f 1278/1257/1257 1410/1353/1354 1476/1463/1464
f 1518/1486/1487 1522/1487/1488 1384/1402/1403
f 1416/1488/1489 1491/1489/1490 1490/1490/1491
f 1410/1353/1354 1519/1352/1353 1480/1491/1492
f 1494/1492/1493 1493/1493/1494 1497/1469/1470
f 1498/1470/1471 1497/1469/1470 1502/1418/1419
f 1483/1494/1495 1520/1495/1496 1514/1447/1448
f 1524/1496/1497 1525/1497/1498 1521/1498/1499
f 1527/1499/1500 1511/1480/1481 1523/1500/1501
f 1493/1493/1494 1420/1367/1368 1497/1469/1470
f 1530/1501/1502 1416/1488/1489 1490/1490/1491
f 1532/1502/1503 1503/1473/1474 1502/1418/1419
f 1532/1502/1503 1502/1418/1419 1505/1503/1504
f 1533/1504/1505 1523/1500/1501 1534/1505/1506
f 1535/1506/1507 1513/1481/1482 1536/1507/1508
f 1536/1507/1508 1513/1481/1482 1537/1508/1509
f 1538/1509/1510 1537/1508/1509 1539/1510/1511
f 1538/1509/1510 1539/1510/1511 1540/1511/1512
f 1620/1512/1513 1542/1513/1514 1495/1514/1515
f 1382/1394/1395 1534/1505/1506 1379/1388/1389
f 1420/1367/1368 1237/1239/1239 1425/1323/1323
f 1365/1369/1370 1367/1515/1516 1545/1516/1517
f 1546/1517/1518 1386/1398/1399 1388/1400/1401
f 1388/1400/1401 1389/1518/1519 1547/1519/1520
f 1439/1423/1424 1453/1425/1426 1485/1462/1463
f 1548/1520/1521 1389/1518/1519 1442/1521/1522
f 1443/1396/1397 1543/1395/1396 1515/1522/1523
f 1397/1405/1406 1331/1247/1247 1398/1347/1348
f 1552/1523/1524 1553/1524/1525 1461/1438/1439
f 1377/1391/1392 1515/1522/1523 1543/1395/1396
f 1393/1403/1404 1394/1525/1526 1557/1526/1527
f 1551/1527/1528 1558/1528/1529 1394/1525/1526
f 1400/1482/1483 1314/1209/1209 1406/1475/1476
f 1416/1488/1489 1201/1264/1264 1420/1367/1368
f 1419/1416/1417 1559/1529/1530 1404/1408/1409
f 1404/1408/1409 1559/1529/1530 1560/1530/1531
f 1561/1531/1532 1419/1416/1417 1418/1415/1416
f 1563/1532/1533 1428/1533/1534 1427/1414/1415
f 1563/1532/1533 1427/1414/1415 1564/1534/1535
f 1427/1414/1415 1431/1420/1421 1564/1534/1535
f 1391/1535/1536 1442/1521/1522 1327/1325/1325
f 1562/1536/1537 1423/1537/1538 1427/1414/1415
f 1434/1538/1539 1435/1485/1486 1486/1539/1540
f 1427/1414/1415 1456/1410/1411 1562/1536/1537
f 1456/1410/1411 1255/1242/1242 1289/1287/1287
f 1456/1410/1411 1289/1287/1287 1290/1380/1381
f 1424/1461/1462 1562/1536/1537 1456/1410/1411
f 1512/1540/1541 1457/1439/1440 1462/1444/1445
f 1462/1444/1445 1461/1438/1439 1566/1541/1542
f 1440/1397/1398 1443/1396/1397 1471/1452/1453
f 1567/1542/1543 1466/1449/1450 1468/1543/1544
f 1438/1544/1545 1326/1282/1282 1387/1399/1400
f 1442/1521/1522 1245/1236/1236 1327/1325/1325
f 1409/1437/1438 1472/1545/1546 1397/1405/1406
f 1479/1458/1459 1478/1457/1458 1482/1460/1461
f 1528/1454/1455 1469/1453/1454 1499/1546/1547
f 1522/1487/1488 1528/1454/1455 1499/1546/1547
f 1522/1487/1488 1499/1546/1547 1489/1547/1548
f 1211/1341/1342 1406/1475/1476 1314/1209/1209
f 1505/1503/1504 1502/1418/1419 1504/1548/1549
f 1212/1317/1317 1464/1319/1319 1211/1341/1342
f 1570/1549/1550 1486/1539/1540 1435/1485/1486
f 1488/1474/1475 1443/1396/1397 1515/1522/1523
f 1476/1463/1464 1565/1550/1551 1475/1464/1465
f 1491/1489/1490 1420/1367/1368 1493/1493/1494
f 1484/1551/1552 1445/1436/1437 1446/1552/1553
f 1502/1418/1419 1508/1476/1477 1504/1548/1549
f 1417/1553/1554 1542/1513/1514 1454/1465/1466
f 1454/1465/1466 1415/1467/1468 1417/1553/1554
f 1542/1513/1514 1417/1553/1554 1495/1514/1515
f 1509/1386/1387 1523/1500/1501 1511/1480/1481
f 1520/1495/1496 1483/1494/1495 1544/1390/1391
f 1484/1551/1552 1446/1552/1553 1487/1554/1555
f 1511/1480/1481 1527/1499/1500 1571/1555/1556
f 1383/1392/1393 1378/1556/1557 1565/1550/1551
f 1472/1545/1546 1396/1404/1405 1397/1405/1406
f 1523/1500/1501 1509/1386/1387 1534/1505/1506
f 1471/1452/1453 1528/1454/1455 1436/1557/1558
f 1384/1402/1403 1522/1487/1488 1526/1558/1559
f 1530/1501/1502 1490/1490/1491 1572/1559/1560
f 1413/1435/1436 1399/1406/1407 1444/1560/1561
f 1573/1561/1562 1532/1502/1503 1505/1503/1504
f 1575/1562/1563 1574/1563/1564 1504/1548/1549
f 1576/1564/1565 1536/1507/1508 1537/1508/1509
f 1576/1564/1565 1537/1508/1509 1538/1509/1510
f 1416/1488/1489 1230/1364/1365 1201/1264/1264
f 1489/1547/1548 1499/1546/1547 1230/1364/1365
f 1543/1395/1396 1440/1397/1398 1623/1565/1566
f 1393/1403/1404 1578/1566/1567 1577/1401/1402
f 1579/1567/1568 1534/1505/1506 1382/1394/1395
f 1529/1568/1569 1391/1535/1536 1390/1569/1570
f 1390/1569/1570 1327/1325/1325 1465/1448/1449
f 1444/1560/1561 1275/1379/1380 1278/1257/1257
f 1378/1556/1557 1495/1514/1515 1565/1550/1551
f 1383/1392/1393 1480/1491/1492 1520/1495/1496
f 1464/1319/1319 1402/1363/1364 1499/1546/1547
f 1522/1487/1488 1518/1486/1487 1436/1557/1558
f 1392/1431/1432 1255/1242/1242 1456/1410/1411
f 1453/1425/1426 1435/1485/1486 1434/1538/1539
f 1393/1403/1404 1384/1402/1403 1521/1498/1499
f 1521/1498/1499 1394/1525/1526 1393/1403/1404
f 1416/1488/1489 1489/1547/1548 1230/1364/1365
f 1509/1386/1387 1502/1418/1419 1473/1387/1388
f 1437/1434/1435 1408/1433/1434 1409/1437/1438
f 1554/1570/1571 1555/1571/1572 1580/1572/1573
f 1385/1573/1574 1581/1574/1575 1387/1399/1400
f 1403/1407/1408 1432/1421/1422 1427/1414/1415
f 1391/1535/1536 1327/1325/1325 1390/1569/1570
f 1389/1518/1519 1388/1400/1401 1245/1236/1236
f 1389/1518/1519 1245/1236/1236 1442/1521/1522
f 1472/1545/1546 1408/1433/1434 1455/1432/1433
f 1582/1575/1576 1447/1426/1427 1449/1428/1429
f 1463/1445/1446 1424/1461/1462 1430/1446/1447
f 1444/1560/1561 1398/1347/1348 1275/1379/1380
f 1472/1545/1546 1330/1293/1293 1396/1404/1405
f 1430/1446/1447 1455/1432/1433 1453/1425/1426
f 1472/1545/1546 1395/1413/1414 1330/1293/1293
f 1422/1443/1444 1427/1414/1415 1423/1537/1538
f 1414/1466/1467 1413/1435/1436 1444/1560/1561
f 1414/1466/1467 1444/1560/1561 1415/1467/1468
f 1211/1341/1342 1464/1319/1319 1401/1576/1577
f 1483/1494/1495 1514/1447/1448 1209/1207/1207
f 1430/1446/1447 1424/1461/1462 1411/1412/1413
f 1407/1411/1412 1290/1380/1381 1411/1412/1413
f 1412/1382/1383 1411/1412/1413 1290/1380/1381
f 1461/1438/1439 1458/1440/1441 1426/1577/1578
f 1413/1435/1436 1414/1466/1467 1446/1552/1553
f 1449/1428/1429 1465/1448/1449 1450/1430/1431
f 1448/1427/1428 1468/1543/1544 1465/1448/1449
f 1388/1400/1401 1387/1399/1400 1245/1236/1236
f 1255/1242/1242 1392/1431/1432 1327/1325/1325
f 1417/1553/1554 1565/1550/1551 1495/1514/1515
f 1584/1578/1579 1434/1538/1539 1486/1539/1540
f 1441/1424/1425 1435/1485/1486 1453/1425/1426
f 1544/1390/1391 1383/1392/1393 1520/1495/1496
f 1396/1404/1405 1330/1293/1293 1267/1248/1248
f 1584/1578/1579 1568/1579/1580 1434/1538/1539
f 1514/1447/1448 1520/1495/1496 1480/1491/1492
f 1491/1489/1490 1531/1580/1581 1490/1490/1491
f 1585/1581/1582 1491/1489/1490 1493/1493/1494
f 1500/1471/1472 1501/1472/1473 1586/1582/1583
f 1515/1522/1523 1483/1494/1495 1488/1474/1475
f 1574/1563/1564 1505/1503/1504 1504/1548/1549
f 1480/1491/1492 1476/1463/1464 1410/1353/1354
f 1480/1491/1492 1519/1352/1353 1514/1447/1448
f 1535/1506/1507 1510/1479/1480 1513/1481/1482
f 1513/1481/1482 1569/1583/1584 1537/1508/1509
f 1537/1508/1509 1569/1583/1584 1588/1584/1585
f 1470/1451/1452 1589/1585/1586 1473/1387/1388
f 1409/1437/1438 1397/1405/1406 1399/1406/1407
f 1526/1558/1559 1489/1547/1548 1416/1488/1489
f 1565/1550/1551 1476/1463/1464 1480/1491/1492
f 1469/1453/1454 1401/1576/1577 1499/1546/1547
f 1517/1484/1485 1570/1549/1550 1435/1485/1486
f 1590/1586/1587 1435/1485/1486 1441/1424/1425
f 1441/1424/1425 1439/1423/1424 1478/1457/1458
f 1437/1434/1435 1485/1462/1463 1408/1433/1434
f 1522/1487/1488 1489/1547/1548 1526/1558/1559
f 1413/1435/1436 1446/1552/1553 1445/1436/1437
f 1402/1363/1364 1464/1319/1319 1217/1336/1337
f 1556/1587/1588 1463/1445/1446 1434/1538/1539
f 1463/1445/1446 1556/1587/1588 1555/1571/1572
f 1465/1448/1449 1327/1325/1325 1392/1431/1432
f 1470/1451/1452 1365/1369/1370 1545/1516/1517
f 1470/1451/1452 1545/1516/1517 1591/1588/1589
f 1455/1432/1433 1395/1413/1414 1472/1545/1546
f 1384/1402/1403 1452/1589/1590 1521/1498/1499
f 1444/1560/1561 1399/1406/1407 1398/1347/1348
f 1515/1522/1523 1377/1391/1392 1544/1390/1391
f 1499/1546/1547 1401/1576/1577 1464/1319/1319
f 1620/1512/1513 1495/1514/1515 1378/1556/1557
f 1623/1565/1566 1440/1397/1398 1518/1486/1487
f 1499/1546/1547 1402/1363/1364 1230/1364/1365
f 1416/1488/1489 1420/1367/1368 1491/1489/1490
f 1565/1550/1551 1480/1491/1492 1383/1392/1393
f 1518/1486/1487 1440/1397/1398 1436/1557/1558
f 1387/1399/1400 1386/1398/1399 1385/1573/1574
f 1394/1525/1526 1521/1498/1499 1551/1527/1528
f 1440/1397/1398 1471/1452/1453 1436/1557/1558
f 1549/1590/1591 1442/1521/1522 1391/1535/1536
f 1483/1494/1495 1209/1207/1207 1400/1482/1483
f 1408/1433/1434 1472/1545/1546 1409/1437/1438
f 1446/1552/1553 1414/1466/1467 1454/1465/1466
f 1452/1589/1590 1526/1558/1559 1550/1591/1592
f 1406/1475/1476 1211/1341/1342 1401/1576/1577
f 1397/1405/1406 1267/1248/1248 1331/1247/1247
f 1460/1442/1443 1421/1417/1418 1422/1443/1444
f 1592/1592/1593 1593/1593/1594 1427/1414/1415
f 1427/1414/1415 1428/1533/1534 1592/1592/1593
f 1426/1577/1578 1424/1461/1462 1461/1438/1439
f 1427/1414/1415 1404/1408/1409 1403/1407/1408
f 1404/1408/1409 1427/1414/1415 1419/1416/1417
f 1422/1443/1444 1421/1417/1418 1427/1414/1415
f 1594/1594/1595 1556/1587/1588 1434/1538/1539
f 1595/1595/1596 1423/1537/1538 1562/1536/1537
f 1409/1437/1438 1399/1406/1407 1413/1435/1436
f 1415/1467/1468 1444/1560/1561 1475/1464/1465
f 1502/1418/1419 1425/1323/1323 1473/1387/1388
f 1426/1577/1578 1562/1536/1537 1424/1461/1462
f 1463/1445/1446 1461/1438/1439 1424/1461/1462
f 1583/1596/1597 1468/1543/1544 1448/1427/1428
f 1449/1428/1429 1448/1427/1428 1465/1448/1449
f 1427/1414/1415 1451/1429/1430 1392/1431/1432
f 1411/1412/1413 1455/1432/1433 1430/1446/1447
f 1596/1597/1598 1479/1458/1459 1482/1460/1461
f 1481/1459/1460 1439/1423/1424 1445/1436/1437
f 1461/1438/1439 1463/1445/1446 1555/1571/1572
f 1412/1382/1383 1200/1199/1199 1395/1413/1414
f 1400/1482/1483 1488/1474/1475 1483/1494/1495
f 1439/1423/1424 1437/1434/1435 1445/1436/1437
f 1487/1554/1555 1446/1552/1553 1454/1465/1466
f 1468/1543/1544 1466/1449/1450 1465/1448/1449
f 1384/1402/1403 1526/1558/1559 1452/1589/1590
f 1597/1598/1599 1501/1472/1473 1503/1473/1474
f 1417/1553/1554 1415/1467/1468 1475/1464/1465
f 1492/1599/1600 1493/1493/1494 1494/1492/1493
f 1598/1600/1601 1504/1548/1549 1508/1476/1477
f 1598/1600/1601 1508/1476/1477 1587/1601/1602
f 1417/1553/1554 1475/1464/1465 1565/1550/1551
f 1515/1522/1523 1544/1390/1391 1483/1494/1495
f 1436/1557/1558 1528/1454/1455 1522/1487/1488
f 1469/1453/1454 1406/1475/1476 1401/1576/1577
f 1406/1475/1476 1488/1474/1475 1400/1482/1483
f 1478/1457/1458 1439/1423/1424 1482/1460/1461
f 1507/1477/1478 1508/1476/1477 1509/1386/1387
f 1526/1558/1559 1416/1488/1489 1530/1501/1502
f 1420/1367/1368 1502/1418/1419 1497/1469/1470
f 1509/1386/1387 1379/1388/1389 1534/1505/1506
f 1502/1418/1419 1509/1386/1387 1508/1476/1477
f 1425/1323/1323 1365/1369/1370 1470/1451/1452
f 1599/1602/1603 1470/1451/1452 1591/1588/1589
f 1434/1538/1539 1463/1445/1446 1453/1425/1426
f 1475/1464/1465 1444/1560/1561 1278/1257/1257
f 1411/1412/1413 1395/1413/1414 1455/1432/1433
f 1600/1603/1604 1601/1604/1605 1461/1605/1606
f 1461/1438/1439 1554/1570/1571 1552/1523/1524
f 1461/1438/1439 1555/1571/1572 1554/1570/1571
f 1541/1606/1607 1454/1465/1466 1542/1513/1514
f 1487/1554/1555 1454/1465/1466 1541/1606/1607
f 1602/1607/1608 1521/1498/1499 1525/1497/1498
f 1551/1527/1528 1521/1498/1499 1602/1607/1608
f 1724/1608/1609 1606/1609/1610 1623/1565/1566
f 1724/1608/1609 1623/1565/1566 1609/1610/1611
f 1610/1611/1612 1611/1612/1613 1612/1613/1614
f 1614/1614/1615 1613/1615/1616 1615/1616/1617
f 1615/1616/1617 1616/1617/1618 1614/1614/1615
f 1617/1618/1619 1618/1619/1620 1607/1620/1621
f 1605/1621/1622 1542/1513/1514 1620/1512/1513
f 1621/1622/1623 1481/1459/1460 1690/1623/1624
f 1694/1624/1625 1445/1436/1437 1698/1625/1626
f 1724/1608/1609 1609/1610/1611 1624/1626/1627
f 1633/1627/1628 1625/1628/1629 1641/1629/1630
f 1627/1630/1631 1641/1629/1630 1628/1631/1632
f 1630/1632/1633 1625/1628/1629 1631/1633/1634
f 1625/1628/1629 1632/1634/1635 1631/1633/1634
f 1635/1635/1636 1641/1629/1630 1627/1630/1631
f 1641/1629/1630 1636/1636/1637 1634/1637/1638
f 1636/1636/1637 1641/1629/1630 1635/1635/1636
f 1639/1638/1639 1628/1631/1632 1640/1639/1640
f 1638/1640/1641 1628/1631/1632 1629/1641/1642
f 1625/1628/1629 1603/1642/1643 1641/1629/1630
f 1652/1643/1644 1653/1644/1645 1654/1645/1646
f 1653/1644/1645 1659/1646/1647 1654/1645/1646
f 1604/1647/1648 1619/1648/1649 1661/1649/1650
f 1660/1650/1651 1606/1609/1610 1648/1651/1652
f 1660/1650/1651 1645/1652/1653 1661/1649/1650
f 1664/1653/1654 1663/1654/1655 1628/1631/1632
f 1664/1653/1654 1628/1631/1632 1665/1655/1656
f 1724/1608/1609 1659/1646/1647 1658/1656/1657
f 1668/1657/1658 1669/1658/1659 1384/1402/1403
f 1694/1624/1625 1481/1459/1460 1445/1436/1437
f 1672/1659/1660 1645/1652/1653 1673/1660/1661
f 1673/1660/1661 1645/1652/1653 1675/1661/1662
f 1677/1662/1663 1666/1663/1664 1670/1664/1665
f 1671/1665/1666 1680/1666/1667 1670/1664/1665
f 1681/1667/1668 1671/1665/1666 1672/1659/1660
f 1682/1668/1669 1683/1669/1670 1684/1670/1671
f 1684/1670/1671 1674/1671/1672 1685/1672/1673
f 1683/1669/1670 1682/1668/1669 1686/1673/1674
f 1687/1674/1675 1666/1663/1664 1677/1662/1663
f 1688/1675/1676 1677/1662/1663 1670/1664/1665
f 1689/1676/1677 1685/1672/1673 1674/1671/1672
f 1690/1623/1624 1691/1677/1678 1692/1678/1679
f 1610/1611/1612 1623/1565/1566 1518/1486/1487
f 1698/1625/1626 1697/1679/1680 1695/1680/1681
f 1518/1486/1487 1384/1402/1403 1669/1658/1659
f 1621/1622/1623 1690/1623/1624 1699/1681/1682
f 1603/1642/1643 1484/1551/1552 1487/1554/1555
f 1698/1625/1626 1484/1551/1552 1607/1620/1621
f 1700/1682/1683 1701/1683/1684 1702/1684/1685
f 1704/1685/1686 1703/1686/1687 1705/1687/1688
f 1707/1688/1689 1706/1689/1690 1697/1679/1680
f 1708/1690/1691 1697/1679/1680 1698/1625/1626
f 1620/1512/1513 1619/1648/1649 1604/1647/1648
f 1660/1650/1651 1377/1391/1392 1606/1609/1610
f 1615/1616/1617 1607/1620/1621 1709/1691/1692
f 1618/1619/1620 1617/1618/1619 1710/1692/1693
f 1542/1513/1514 1605/1621/1622 1541/1606/1607
f 1711/1693/1694 1611/1612/1613 1669/1658/1659
f 1661/1649/1650 1619/1648/1649 1380/1389/1390
f 1712/1694/1695 1626/1695/1696 1713/1696/1697
f 1630/1632/1633 1626/1695/1696 1625/1628/1629
f 1661/1649/1650 1380/1389/1390 1660/1650/1651
f 1643/1697/1698 1625/1628/1629 1642/1698/1699
f 1660/1650/1651 1380/1389/1390 1377/1391/1392
f 1714/1699/1700 1710/1692/1693 1617/1618/1619
f 1666/1663/1664 1628/1631/1632 1604/1647/1648
f 1617/1618/1619 1603/1642/1643 1625/1628/1629
f 1671/1665/1666 1666/1663/1664 1604/1647/1648
f 1604/1647/1648 1645/1652/1653 1671/1665/1666
f 1716/1700/1701 1651/1701/1702 1649/1702/1703
f 1650/1703/1704 1716/1700/1701 1649/1702/1703
f 1717/1704/1705 1631/1633/1634 1632/1634/1635
f 1605/1621/1622 1620/1512/1513 1628/1631/1632
f 1719/1705/1706 1658/1656/1657 1651/1701/1702
f 1720/1706/1707 1633/1627/1628 1634/1637/1638
f 1658/1656/1657 1721/1707/1708 1655/1708/1709
f 1722/1709/1710 1656/1710/1711 1657/1711/1712
f 1723/1712/1713 1656/1710/1711 1722/1709/1710
f 1663/1654/1655 1627/1630/1631 1628/1631/1632
f 1659/1646/1647 1649/1702/1703 1651/1701/1702
f 1649/1702/1703 1659/1646/1647 1653/1644/1645
f 1640/1639/1640 1628/1631/1632 1638/1640/1641
f 1637/1713/1714 1648/1651/1652 1723/1712/1713
f 1658/1656/1657 1659/1646/1647 1651/1701/1702
f 1656/1710/1711 1606/1609/1610 1724/1608/1609
f 1648/1651/1652 1606/1609/1610 1723/1712/1713
f 1645/1652/1653 1660/1650/1651 1644/1714/1715
f 1647/1715/1716 1648/1651/1652 1646/1716/1717
f 1672/1659/1660 1671/1665/1666 1645/1652/1653
f 1698/1625/1626 1445/1436/1437 1484/1551/1552
f 1727/1717/1718 1662/1718/1719 1627/1630/1631
f 1663/1654/1655 1664/1653/1654 1728/1719/1720
f 1658/1656/1657 1656/1710/1711 1724/1608/1609
f 1656/1710/1711 1723/1712/1713 1606/1609/1610
f 1675/1661/1662 1729/1720/1721 1673/1660/1661
f 1645/1652/1653 1683/1669/1670 1676/1721/1722
f 1730/1722/1723 1644/1714/1715 1731/1723/1724
f 1726/1724/1725 1644/1714/1715 1730/1722/1723
f 1674/1671/1672 1645/1652/1653 1726/1724/1725
f 1383/1392/1393 1619/1648/1649 1378/1556/1557
f 1694/1624/1625 1702/1684/1685 1693/1725/1726
f 1701/1683/1684 1693/1725/1726 1702/1684/1685
f 1703/1686/1687 1694/1624/1625 1705/1687/1688
f 1694/1624/1625 1696/1726/1727 1705/1687/1688
f 1692/1678/1679 1699/1681/1682 1690/1623/1624
f 1695/1680/1681 1694/1624/1625 1698/1625/1626
f 1698/1625/1626 1608/1727/1728 1708/1690/1691
f 1733/1728/1729 1614/1614/1615 1616/1617/1618
f 1690/1623/1624 1481/1459/1460 1694/1624/1625
f 1734/1729/1730 1609/1610/1611 1610/1611/1612
f 1641/1629/1630 1603/1642/1643 1605/1621/1622
f 1613/1615/1616 1608/1727/1728 1607/1620/1621
f 1615/1616/1617 1613/1615/1616 1607/1620/1621
f 1735/1730/1731 1626/1695/1696 1630/1632/1633
f 1643/1697/1698 1617/1618/1619 1625/1628/1629
f 1641/1629/1630 1634/1637/1638 1633/1627/1628
f 1603/1642/1643 1487/1554/1555 1541/1606/1607
f 1715/1731/1732 1637/1713/1714 1723/1712/1713
f 1628/1631/1632 1620/1512/1513 1604/1647/1648
f 1655/1708/1709 1656/1710/1711 1658/1656/1657
f 1622/1732/1733 1481/1459/1460 1621/1622/1623
f 1644/1714/1715 1660/1650/1651 1648/1651/1652
f 1645/1652/1653 1604/1647/1648 1661/1649/1650
f 1631/1633/1634 1717/1704/1705 1737/1733/1734
f 1718/1734/1735 1738/1735/1736 1632/1634/1635
f 1739/1736/1737 1636/1636/1637 1635/1635/1636
f 1627/1630/1631 1662/1718/1719 1635/1635/1636
f 1670/1664/1665 1666/1663/1664 1671/1665/1666
f 1675/1661/1662 1645/1652/1653 1676/1721/1722
f 1644/1714/1715 1648/1651/1652 1740/1737/1738
f 1645/1652/1653 1644/1714/1715 1726/1724/1725
f 1645/1652/1653 1674/1671/1672 1684/1670/1671
f 1742/1738/1739 1743/1739/1740 1675/1661/1662
f 1742/1738/1739 1675/1661/1662 1676/1721/1722
f 1380/1389/1390 1619/1648/1649 1383/1392/1393
f 1674/1671/1672 1726/1724/1725 1744/1740/1741
f 1745/1741/1742 1699/1681/1682 1692/1678/1679
f 1746/1742/1743 1694/1624/1625 1732/1743/1744
f 1696/1726/1727 1694/1624/1625 1695/1680/1681
f 1608/1727/1728 1698/1625/1626 1607/1620/1621
f 1603/1642/1643 1617/1618/1619 1607/1620/1621
f 1603/1642/1643 1541/1606/1607 1605/1621/1622
f 1623/1565/1566 1610/1611/1612 1609/1610/1611
f 1712/1694/1695 1642/1698/1699 1625/1628/1629
f 1625/1628/1629 1626/1695/1696 1712/1694/1695
f 1629/1641/1642 1628/1631/1632 1666/1663/1664
f 1606/1609/1610 1543/1395/1396 1623/1565/1566
f 1543/1395/1396 1606/1609/1610 1377/1391/1392
f 1610/1611/1612 1669/1658/1659 1611/1612/1613
f 1669/1658/1659 1668/1657/1658 1748/1744/1745
f 1723/1712/1713 1736/1745/1746 1715/1731/1732
f 1724/1608/1609 1624/1626/1627 1725/1746/1747
f 1625/1628/1629 1718/1734/1735 1632/1634/1635
f 1718/1734/1735 1625/1628/1629 1633/1627/1628
f 1659/1646/1647 1724/1608/1609 1667/1747/1748
f 1637/1713/1714 1646/1716/1717 1648/1651/1652
f 1749/1748/1749 1718/1734/1735 1633/1627/1628
f 1749/1748/1749 1633/1627/1628 1750/1749/1750
f 1665/1655/1656 1628/1631/1632 1639/1638/1639
f 1640/1639/1640 1638/1640/1641 1751/1750/1751
f 1641/1629/1630 1605/1621/1622 1628/1631/1632
f 1752/1751/1752 1644/1714/1715 1740/1737/1738
f 1619/1648/1649 1620/1512/1513 1378/1556/1557
f 1678/1752/1753 1664/1653/1654 1665/1655/1656
f 1679/1753/1754 1665/1655/1656 1639/1638/1639
f 1687/1674/1675 1741/1754/1755 1666/1663/1664
f 1610/1611/1612 1518/1486/1487 1669/1658/1659
f 1668/1657/1658 1384/1402/1403 1753/1755/1756
f 1645/1652/1653 1684/1670/1671 1683/1669/1670
f 1754/1756/1757 1673/1660/1661 1729/1720/1721
f 1693/1725/1726 1690/1623/1624 1694/1624/1625
f 1607/1620/1621 1484/1551/1552 1603/1642/1643
f 1755/1757/1758 1693/1725/1726 1701/1683/1684
f 1702/1684/1685 1694/1624/1625 1746/1742/1743
f 1732/1743/1744 1756/1758/1759 1746/1742/1743
f 1757/1759/1760 1694/1624/1625 1703/1686/1687
f 1758/1760/1761 1696/1726/1727 1695/1680/1681
f 1706/1689/1690 1695/1680/1681 1697/1679/1680
f 1747/1761/1762 1621/1622/1623 1699/1681/1682
f 1759/1762/1763 1789/1763/1764 1826/1764/1765
f 1802/1765/1766 1762/1766/1767 1776/1767/1768
f 1814/1768/1769 1766/1769/1770 1775/1770/1771
f 1767/1771/1772 1768/1772/1773 1769/1773/1774
f 1776/1767/1768 1770/1774/1775 1802/1765/1766
f 1831/1775/1776 1782/1776/1777 1765/1777/1778
f 1778/1778/1779 1776/1767/1768 1783/1779/1780
f 1782/1776/1777 1831/1775/1776 1784/1780/1781
f 1788/1781/1782 1861/1782/1783 1837/1783/1784
f 1793/1784/1785 1788/1781/1782 1792/1785/1786
f 1794/1786/1787 1793/1784/1785 1795/1787/1788
f 1797/1788/1789 1798/1789/1790 1799/1790/1791
f 1797/1788/1789 1767/1771/1772 1798/1789/1790
f 1785/1791/1792 1828/1792/1793 1777/1793/1794
f 1796/1794/1795 1789/1763/1764 1759/1762/1763
f 1770/1774/1775 1804/1795/1796 1802/1765/1766
f 1806/1796/1797 1830/1797/1798 1791/1798/1799
f 1813/1799/1800 1805/1800/1801 1809/1801/1802
f 1807/1802/1803 1851/1803/1804 1814/1768/1769
f 1786/1804/1805 1815/1805/1806 1821/1806/1807
f 1816/1807/1808 1799/1790/1791 1817/1808/1809
f 1811/1809/1810 1812/1810/1811 1818/1811/1812
f 1819/1812/1813 1798/1789/1790 1786/1804/1805
f 1763/1813/1814 1810/1814/1815 1820/1815/1816
f 1821/1806/1807 1822/1816/1817 1824/1817/1818
f 1823/1818/1819 1763/1813/1814 1820/1815/1816
f 1823/1818/1819 1771/1819/1820 1763/1813/1814
f 1821/1806/1807 1824/1817/1818 1825/1820/1821
f 1827/1821/1822 1825/1820/1821 1824/1817/1818
f 1811/1809/1810 1818/1811/1812 1828/1792/1793
f 1830/1797/1798 1827/1821/1822 1829/1822/1823
f 1831/1775/1776 1798/1789/1790 1784/1780/1781
f 1798/1789/1790 1819/1812/1813 1784/1780/1781
f 1771/1819/1820 1823/1818/1819 1779/1823/1824
f 1836/1824/1825 1849/1825/1826 1834/1826/1827
f 1773/1827/1828 1779/1823/1824 1823/1818/1819
f 1837/1783/1784 1771/1819/1820 1779/1823/1824
f 1835/1828/1829 1787/1829/1830 1762/1766/1767
f 1852/1830/1831 1836/1824/1825 1834/1826/1827
f 1777/1793/1794 1828/1792/1793 1818/1811/1812
f 1852/1830/1831 1763/1813/1814 1838/1831/1832
f 1821/1806/1807 1815/1805/1806 1822/1816/1817
f 1837/1783/1784 1859/1832/1833 1771/1819/1820
f 1837/1783/1784 1779/1823/1824 1780/1833/1834
f 1840/1834/1835 1841/1835/1836 1842/1836/1837
f 1830/1797/1798 1834/1826/1827 1827/1821/1822
f 1845/1837/1838 1779/1823/1824 1839/1838/1839
f 1775/1770/1771 1774/1839/1840 1814/1768/1769
f 1765/1777/1778 1782/1776/1777 1841/1835/1836
f 1842/1836/1837 1841/1835/1836 1782/1776/1777
f 1822/1816/1817 1760/1840/1841 1824/1817/1818
f 1780/1833/1834 1847/1841/1842 1837/1783/1784
f 1825/1820/1821 1777/1793/1794 1772/1842/1843
f 1785/1791/1792 1834/1826/1827 1849/1825/1826
f 1787/1829/1830 1781/1843/1844 1775/1770/1771
f 1788/1781/1782 1837/1783/1784 1847/1841/1842
f 1827/1821/1822 1834/1826/1827 1785/1791/1792
f 1836/1824/1825 1838/1831/1832 1766/1769/1770
f 1792/1785/1786 1788/1781/1782 1847/1841/1842
f 1826/1764/1765 1784/1780/1781 1819/1812/1813
f 1851/1803/1804 1836/1824/1825 1766/1769/1770
f 1772/1842/1843 1826/1764/1765 1825/1820/1821
f 1853/1844/1845 1811/1809/1810 1828/1792/1793
f 1815/1805/1806 1854/1845/1846 1856/1846/1847
f 1857/1847/1848 1815/1805/1806 1856/1846/1847
f 1859/1832/1833 1838/1831/1832 1771/1819/1820
f 1861/1782/1783 1838/1831/1832 1859/1832/1833
f 1781/1843/1844 1790/1848/1849 1775/1770/1771
f 1862/1849/1850 1760/1840/1841 1863/1850/1851
f 1796/1794/1795 1759/1762/1763 1812/1810/1811
f 1776/1767/1768 1788/1781/1782 1794/1786/1787
f 1865/1851/1852 1761/1852/1853 1864/1853/1854
f 1865/1851/1852 1791/1798/1799 1761/1852/1853
f 1860/1854/1855 1822/1816/1817 1815/1805/1806
f 1805/1800/1801 1808/1855/1856 1809/1801/1802
f 1866/1856/1857 1806/1796/1797 1791/1798/1799
f 1808/1855/1856 1802/1765/1766 1804/1795/1796
f 1869/1857/1858 1800/1858/1859 1806/1796/1797
f 1760/1840/1841 1761/1852/1853 1824/1817/1818
f 1791/1798/1799 1824/1817/1818 1761/1852/1853
f 1791/1798/1799 1829/1822/1823 1824/1817/1818
f 1787/1829/1830 1838/1831/1832 1861/1782/1783
f 1814/1768/1769 1910/1859/1860 1807/1802/1803
f 1801/1860/1861 1763/1813/1814 1800/1858/1859
f 1763/1813/1814 1801/1860/1861 1810/1814/1815
f 1783/1779/1780 1794/1786/1787 1870/1861/1862
f 1828/1792/1793 1848/1862/1863 1807/1802/1803
f 1838/1831/1832 1775/1770/1771 1766/1769/1770
f 1793/1784/1785 1794/1786/1787 1788/1781/1782
f 1767/1771/1772 1786/1804/1805 1798/1789/1790
f 1767/1771/1772 1797/1788/1789 1872/1863/1864
f 1766/1769/1770 1814/1768/1769 1851/1803/1804
f 1841/1835/1836 1764/1864/1865 1765/1777/1778
f 1759/1762/1763 1772/1842/1843 1812/1810/1811
f 1777/1793/1794 1812/1810/1811 1772/1842/1843
f 1789/1763/1764 1846/1865/1866 1784/1780/1781
f 1763/1813/1814 1852/1830/1831 1800/1858/1859
f 1846/1865/1866 1789/1763/1764 1796/1794/1795
f 1796/1794/1795 1853/1844/1845 1846/1865/1866
f 1817/1808/1809 1799/1790/1791 1798/1789/1790
f 1767/1771/1772 1769/1773/1774 1786/1804/1805
f 1768/1772/1773 1832/1866/1867 1769/1773/1774
f 1779/1823/1824 1773/1827/1828 1839/1838/1839
f 1910/1859/1860 1814/1768/1769 1774/1839/1840
f 1845/1837/1838 1839/1838/1839 1850/1867/1868
f 1838/1831/1832 1763/1813/1814 1771/1819/1820
f 1774/1839/1840 1775/1770/1771 1790/1848/1849
f 1827/1821/1822 1824/1817/1818 1829/1822/1823
f 1781/1843/1844 1787/1829/1830 1803/1868/1869
f 1792/1785/1786 1874/1869/1870 1875/1870/1871
f 1792/1785/1786 1847/1841/1842 1873/1871/1872
f 1803/1868/1869 1787/1829/1830 1835/1828/1829
f 1792/1785/1786 1875/1870/1871 1793/1784/1785
f 1781/1843/1844 1881/1872/1873 1790/1848/1849
f 1802/1765/1766 1803/1868/1869 1835/1828/1829
f 1817/1808/1809 1798/1789/1790 1831/1775/1776
f 1805/1800/1801 1802/1765/1766 1808/1855/1856
f 1833/1873/1874 1834/1826/1827 1830/1797/1798
f 1837/1783/1784 1861/1782/1783 1859/1832/1833
f 1867/1874/1875 1809/1801/1802 1808/1855/1856
f 1786/1804/1805 1826/1764/1765 1819/1812/1813
f 1826/1764/1765 1786/1804/1805 1821/1806/1807
f 1821/1806/1807 1825/1820/1821 1826/1764/1765
f 1769/1773/1774 1858/1875/1876 1855/1876/1877
f 1854/1845/1846 1815/1805/1806 1769/1773/1774
f 1836/1824/1825 1852/1830/1831 1838/1831/1832
f 1852/1830/1831 1834/1826/1827 1833/1873/1874
f 1876/1877/1878 1817/1808/1809 1831/1775/1776
f 1854/1845/1846 1769/1773/1774 1855/1876/1877
f 1854/1845/1846 1855/1876/1877 1877/1878/1879
f 1777/1793/1794 1818/1811/1812 1812/1810/1811
f 1808/1855/1856 1804/1795/1796 1868/1879/1880
f 1777/1793/1794 1825/1820/1821 1827/1821/1822
f 1853/1844/1845 1796/1794/1795 1812/1810/1811
f 1848/1862/1863 1785/1791/1792 1849/1825/1826
f 1849/1825/1826 1836/1824/1825 1851/1803/1804
f 1815/1805/1806 1857/1847/1848 1860/1854/1855
f 1812/1810/1811 1811/1809/1810 1853/1844/1845
f 1851/1803/1804 1848/1862/1863 1849/1825/1826
f 1786/1804/1805 1769/1773/1774 1815/1805/1806
f 1863/1850/1851 1822/1816/1817 1860/1854/1855
f 1822/1816/1817 1863/1850/1851 1760/1840/1841
f 1844/1880/1881 1782/1776/1777 1843/1881/1882
f 1782/1776/1777 1844/1880/1881 1842/1836/1837
f 1806/1796/1797 1833/1873/1874 1830/1797/1798
f 1784/1780/1781 1846/1865/1866 1782/1776/1777
f 1789/1763/1764 1784/1780/1781 1826/1764/1765
f 1762/1766/1767 1802/1765/1766 1835/1828/1829
f 1759/1762/1763 1826/1764/1765 1772/1842/1843
f 1831/1775/1776 1765/1777/1778 1876/1877/1878
f 1777/1793/1794 1827/1821/1822 1785/1791/1792
f 1830/1797/1798 1829/1822/1823 1791/1798/1799
f 1848/1862/1863 1828/1792/1793 1785/1791/1792
f 1788/1781/1782 1762/1766/1767 1861/1782/1783
f 1851/1803/1804 1807/1802/1803 1848/1862/1863
f 1762/1766/1767 1788/1781/1782 1776/1767/1768
f 1770/1774/1775 1776/1767/1768 1778/1778/1779
f 1838/1831/1832 1787/1829/1830 1775/1770/1771
f 1787/1829/1830 1861/1782/1783 1762/1766/1767
f 1776/1767/1768 1794/1786/1787 1783/1779/1780
f 1871/1882/1883 1770/1774/1775 1778/1778/1779
f 1806/1796/1797 1800/1858/1859 1833/1873/1874
f 1852/1830/1831 1833/1873/1874 1800/1858/1859
f 1882/1883/1884 1843/1881/1882 1782/1776/1777
f 1890/1884/1885 1881/1872/1873 1898/1885/1886
f 1893/1886/1887 1894/1887/1888 1897/1888/1889
f 1895/1889/1890 1933/1890/1891 1891/1891/1892
f 1890/1884/1885 1898/1885/1886 1894/1887/1888
f 1916/1892/1893 1898/1885/1886 1903/1893/1894
f 1905/1894/1895 1900/1895/1896 1906/1896/1897
f 1803/1868/1869 1805/1800/1801 1813/1799/1800
f 1813/1799/1800 1938/1897/1898 1914/1898/1899
f 1917/1899/1900 1853/1844/1845 1919/1900/1901
f 2043/1901/1902 1923/1902/1903 1922/1903/1904
f 1907/1904/1905 1920/1905/1906 1921/1906/1907
f 1907/1904/1905 1921/1906/1907 1879/1907/1908
f 1886/1908/1909 1954/1909/1910 1846/1865/1866
f 1917/1899/1900 1892/1910/1911 1915/1911/1912
f 1928/1912/1913 1927/1913/1914 1929/1914/1915
f 1790/1848/1849 1911/1915/1916 1774/1839/1840
f 1947/1916/1917 1939/1917/1918 1931/1918/1919
f 1809/1801/1802 1938/1897/1898 1813/1799/1800
f 1894/1887/1888 1945/1919/1920 1940/1920/1921
f 1885/1921/1922 1878/1922/1923 1943/1923/1924
f 1946/1924/1925 1931/1918/1919 1939/1917/1918
f 1930/1925/1926 1943/1923/1924 1892/1910/1911
f 1925/1926/1927 1924/1927/1928 1949/1928/1929
f 1922/1903/1904 1923/1902/1903 1878/1922/1923
f 1813/1799/1800 1889/1929/1930 1904/1930/1931
f 1807/1802/1803 1919/1900/1901 1828/1792/1793
f 1916/1892/1893 1894/1887/1888 1898/1885/1886
f 1949/1928/1929 1950/1931/1932 1947/1916/1917
f 1881/1872/1873 1803/1868/1869 1898/1885/1886
f 1954/1909/1910 1912/1932/1933 1913/1933/1934
f 1921/1906/1907 1955/1934/1935 1956/1935/1936
f 1942/1936/1937 1934/1937/1938 1921/1906/1907
f 1952/1938/1939 1900/1895/1896 1901/1939/1940
f 1915/1911/1912 1886/1908/1909 1846/1865/1866
f 1891/1891/1892 1933/1890/1891 1949/1928/1929
f 1949/1928/1929 1924/1927/1928 1884/1940/1941
f 1957/1941/1942 1916/1892/1893 1958/1942/1943
f 1958/1942/1943 1916/1892/1893 1959/1943/1944
f 1932/1944/1945 1950/1931/1932 1949/1928/1929
f 1966/1945/1946 1902/1946/1947 1963/1947/1948
f 1930/1925/1926 1919/1900/1901 1910/1859/1860
f 1803/1868/1869 1802/1765/1766 1805/1800/1801
f 1937/1948/1949 1954/1909/1910 1886/1908/1909
f 1897/1888/1889 1894/1887/1888 1940/1920/1921
f 1942/1936/1937 1941/1949/1950 1967/1950/1951
f 1936/1951/1952 1892/1910/1911 1943/1923/1924
f 1943/1923/1924 1887/1952/1953 1885/1921/1922
f 1917/1899/1900 1846/1865/1866 1853/1844/1845
f 1934/1937/1938 1892/1910/1911 1936/1951/1952
f 1949/1928/1929 1933/1890/1891 1932/1944/1945
f 1918/1953/1954 1907/1904/1905 1902/1946/1947
f 1919/1900/1901 1853/1844/1845 1828/1792/1793
f 1919/1900/1901 1807/1802/1803 1910/1859/1860
f 1969/1954/1955 1941/1949/1950 1956/1935/1936
f 1908/1955/1956 1899/1956/1957 1896/1957/1958
f 1886/1908/1909 1929/1914/1915 1937/1948/1949
f 1898/1885/1886 1803/1868/1869 1813/1799/1800
f 1970/1958/1959 1916/1892/1893 1903/1893/1894
f 1883/1959/1960 1934/1937/1938 1936/1951/1952
f 1926/1960/1961 1925/1926/1927 1947/1916/1917
f 1888/1961/1962 1883/1959/1960 1896/1957/1958
f 1972/1962/1963 1912/1932/1933 1954/1909/1910
f 1899/1956/1957 1908/1955/1956 1923/1902/1903
f 1913/1933/1934 1846/1865/1866 1954/1909/1910
f 1965/1963/1964 1879/1907/1908 1934/1937/1938
f 1949/1928/1929 1884/1940/1941 1897/1888/1889
f 1973/1964/1965 1897/1888/1889 1909/1965/1966
f 1909/1965/1966 1974/1966/1967 1973/1964/1965
f 1930/1925/1926 1910/1859/1860 1943/1923/1924
f 1953/1967/1968 1895/1889/1890 1891/1891/1892
f 1878/1922/1923 1885/1921/1922 1893/1886/1887
f 1774/1839/1840 1911/1915/1916 1910/1859/1860
f 1943/1923/1924 1910/1859/1860 1887/1952/1953
f 1925/1926/1927 1949/1928/1929 1947/1916/1917
f 1803/1868/1869 1881/1872/1873 1781/1843/1844
f 1897/1888/1889 1900/1895/1896 1952/1938/1939
f 1930/1925/1926 1892/1910/1911 1919/1900/1901
f 1891/1891/1892 1952/1938/1939 1976/1968/1969
f 1901/1939/1940 1976/1968/1969 1952/1938/1939
f 1884/1940/1941 1924/1927/1928 1922/1903/1904
f 1921/1906/1907 1944/1969/1970 1977/1970/1971
f 1921/1906/1907 1977/1970/1971 1955/1934/1935
f 1951/1971/1972 1939/1917/1918 1947/1916/1917
f 1939/1917/1918 1951/1971/1972 1948/1972/1973
f 1886/1908/1909 1928/1912/1913 1929/1914/1915
f 1886/1908/1909 1892/1910/1911 1934/1937/1938
f 1890/1884/1885 1887/1952/1953 1911/1915/1916
f 1898/1885/1886 1813/1799/1800 1904/1930/1931
f 1928/1912/1913 1934/1937/1938 1942/1936/1937
f 1889/1929/1930 1813/1799/1800 1914/1898/1899
f 1896/1957/1958 1936/1951/1952 1943/1923/1924
f 1908/1955/1956 1943/1923/1924 1878/1922/1923
f 1908/1955/1956 1896/1957/1958 1943/1923/1924
f 1923/1902/1903 1908/1955/1956 1878/1922/1923
f 1972/1962/1963 1954/1909/1910 1961/1973/1974
f 1975/1974/1975 1964/1975/1976 1913/1933/1934
f 1921/1906/1907 1941/1949/1950 1942/1936/1937
f 1956/1935/1936 1941/1949/1950 1921/1906/1907
f 1888/1961/1962 1896/1957/1958 1899/1956/1957
f 1945/1919/1920 1916/1892/1893 1957/1941/1942
f 1886/1908/1909 1915/1911/1912 1892/1910/1911
f 1900/1895/1896 1897/1888/1889 1973/1964/1965
f 1906/1896/1897 1900/1895/1896 1973/1964/1965
f 1963/1947/1948 1902/1946/1947 1907/1904/1905
f 1949/1928/1929 1952/1938/1939 1891/1891/1892
f 1971/1976/1977 1920/1905/1906 1907/1904/1905
f 1964/1975/1976 1882/1883/1884 1782/1776/1777
f 1879/1907/1908 1921/1906/1907 1934/1937/1938
f 1949/1928/1929 1897/1888/1889 1952/1938/1939
f 1978/1977/1978 1882/1883/1884 1964/1975/1976
f 1846/1865/1866 1917/1899/1900 1915/1911/1912
f 1965/1963/1964 1934/1937/1938 1883/1959/1960
f 1891/1891/1892 1980/1978/1979 1953/1967/1968
f 1929/1914/1915 1880/1979/1980 1937/1948/1949
f 2026/1980/1981 1924/1927/1928 1925/1926/1927
f 1909/1965/1966 1897/1888/1889 1940/1920/1921
f 1931/1918/1919 1935/1981/1982 2046/1982/1983
f 2046/1982/1983 1935/1981/1982 1981/1983/1984
f 1911/1915/1916 1887/1952/1953 1910/1859/1860
f 1922/1903/1904 1878/1922/1923 1893/1886/1887
f 1924/1927/1928 2043/1901/1902 1922/1903/1904
f 1881/1872/1873 1890/1884/1885 1911/1915/1916
f 1904/1930/1931 1903/1893/1894 1898/1885/1886
f 1921/1906/1907 1920/1905/1906 1944/1969/1970
f 1890/1884/1885 1894/1887/1888 1887/1952/1953
f 1959/1943/1944 1916/1892/1893 1970/1958/1959
f 1942/1936/1937 1968/1984/1985 1928/1912/1913
f 1896/1957/1958 1883/1959/1960 1936/1951/1952
f 1928/1912/1913 1886/1908/1909 1934/1937/1938
f 1911/1915/1916 1790/1848/1849 1881/1872/1873
f 1964/1975/1976 1846/1865/1866 1913/1933/1934
f 1947/1916/1917 1950/1931/1932 1951/1971/1972
f 1892/1910/1911 1917/1899/1900 1919/1900/1901
f 1893/1886/1887 1885/1921/1922 1887/1952/1953
f 1893/1886/1887 1887/1952/1953 1894/1887/1888
f 1945/1919/1920 1894/1887/1888 1916/1892/1893
f 1964/1975/1976 1782/1776/1777 1846/1865/1866
f 1884/1940/1941 1922/1903/1904 1893/1886/1887
f 1979/1985/1986 1950/1931/1932 1932/1944/1945
f 1960/1986/1987 1950/1931/1932 1979/1985/1986
f 1893/1886/1887 1897/1888/1889 1884/1940/1941
f 1879/1907/1908 1963/1947/1948 1907/1904/1905
f 2098/1987/1988 1962/1988/1989 1879/1907/1908
f 1879/1907/1908 1962/1988/1989 1963/1947/1948
f 1987/1989/1990 1986/1990/1991 1988/1991/1992
f 1899/1956/1957 2007/1992/1993 1888/1961/1962
f 2024/1993/1994 1991/1994/1995 1992/1995/1996
f 1995/1996/1997 1992/1995/1996 1996/1997/1998
f 2074/1998/1999 1989/1999/2000 2113/2000/2001
f 2005/2001/2002 2001/2002/2003 2006/2003/2004
f 2077/2004/2005 1899/1956/1957 2043/1901/1902
f 1991/1994/1995 2021/2005/2006 2022/2006/2007
f 2019/2007/2008 2065/2008/2009 2025/2009/2010
f 2072/2010/2011 2066/2011/2012 2064/2012/2013
f 2029/2013/2014 2030/2014/2015 2031/2015/2016
f 2034/2016/2017 2036/2017/2018 2033/2018/2019
f 1987/1989/1990 2041/2019/2020 2130/2020/2021
f 1923/1902/1903 2043/1901/1902 1899/1956/1957
f 2006/2003/2004 2001/2002/2003 2044/2021/2022
f 2012/2022/2023 2023/2023/2024 2026/1980/1981
f 2056/2024/2025 2051/2025/2026 2053/2026/2027
f 2052/2027/2028 2051/2025/2026 2058/2028/2029
f 2012/2022/2023 2026/1980/1981 1926/1960/1961
f 1947/1916/1917 1931/1918/1919 2046/1982/1983
f 1992/1995/1996 2068/2029/2030 2032/2030/2031
f 2115/2031/2032 2068/2029/2030 1992/1995/1996
f 2071/2032/2033 2075/2033/2034 1999/2034/2035
f 1998/2035/2036 2087/2036/2037 1983/2037/2038
f 2078/2038/2039 2080/2039/2040 2081/2040/2041
f 2023/2023/2024 2002/2041/2042 2043/1901/1902
f 2082/2042/2043 2078/2038/2039 2081/2040/2041
f 2055/2043/2044 2014/2044/2045 2048/2045/2046
f 2084/2046/2047 2093/2047/2048 2082/2042/2043
f 2023/2023/2024 2012/2022/2023 2016/2048/2049
f 2001/2002/2003 2005/2001/2002 2085/2049/2050
f 2089/2050/2051 2090/2051/2052 2088/2052/2053
f 2091/2053/2054 2092/2054/2055 2093/2047/2048
f 2091/2053/2054 2093/2047/2048 2094/2055/2056
f 2095/2056/2057 2096/2057/2058 2040/2058/2059
f 1986/1990/1991 2033/2018/2019 2099/2059/2060
f 2195/2060/2061 2006/2003/2004 2010/2061/2062
f 1962/1988/1989 2098/1987/1988 1984/2062/2063
f 1989/1999/2000 1983/2037/2038 2000/2063/2064
f 2100/2064/2065 1879/1907/1908 1965/1963/1964
f 1985/2065/2066 2000/2063/2064 1883/1959/1960
f 2007/1992/1993 1985/2065/2066 1888/1961/1962
f 2104/2066/2067 2103/2067/2068 2041/2019/2020
f 2105/2068/2069 2054/2069/2070 2045/2070/2071
f 2106/2071/2072 2054/2069/2070 2105/2068/2069
f 1888/1961/1962 1985/2065/2066 1883/1959/1960
f 2028/2072/2073 1992/1995/1996 2032/2030/2031
f 2108/2073/2074 1987/1989/1990 2109/2074/2075
f 2013/2075/2076 2002/2041/2042 2016/2048/2049
f 2012/2022/2023 2065/2008/2009 2016/2048/2049
f 2086/2076/2077 1997/2077/2078 1994/2078/2079
f 1924/1927/1928 2026/1980/1981 2043/1901/1902
f 2111/2079/2080 2112/2080/2081 2110/2081/2082
f 2115/2031/2032 1992/1995/1996 1995/1996/1997
f 2060/2082/2083 2114/2083/2084 2038/2084/2085
f 2060/2082/2083 2046/1982/1983 2047/2085/2086
f 2116/2086/2087 1991/1994/1995 2022/2006/2007
f 2092/2054/2055 2030/2014/2015 2029/2013/2014
f 2073/2087/2088 2029/2013/2014 2035/2088/2089
f 1988/1991/1992 1986/1990/1991 2117/2089/2090
f 2086/2076/2077 2035/2088/2089 2040/2058/2059
f 2118/2090/2091 1991/1994/1995 2119/2091/2092
f 1991/1994/1995 2116/2086/2087 2119/2091/2092
f 2119/2091/2092 2116/2086/2087 2120/2092/2093
f 1999/2034/2035 1989/1999/2000 2074/1998/1999
f 2010/2061/2062 2008/2093/2094 2011/2094/2095
f 2121/2095/2096 2014/2044/2045 2055/2043/2044
f 2024/1993/1994 2028/2072/2073 2067/2096/2097
f 2020/2097/2098 2064/2012/2013 2066/2011/2012
f 1982/2098/2099 2028/2072/2073 2032/2030/2031
f 2033/2018/2019 1982/2098/2099 2032/2030/2031
f 2033/2018/2019 2036/2017/2018 2122/2099/2100
f 2007/1992/1993 2077/2004/2005 2044/2021/2022
f 2058/2028/2029 2020/2097/2098 2052/2027/2028
f 2020/2097/2098 2058/2028/2029 2064/2012/2013
f 2123/2100/2101 2095/2056/2057 2040/2058/2059
f 2055/2043/2044 2048/2045/2046 2045/2070/2071
f 2012/2022/2023 1926/1960/1961 2017/2101/2102
f 2098/1987/1988 1990/2102/2103 2097/2103/2104
f 2024/1993/1994 2065/2008/2009 2017/2101/2102
f 2075/2033/2034 2087/2036/2037 1998/2035/2036
f 2088/2052/2053 2017/2101/2102 2060/2082/2083
f 2025/2009/2010 2065/2008/2009 2067/2096/2097
f 2003/2104/2105 2004/2105/2106 2113/2000/2001
f 2078/2038/2039 2079/2106/2107 2058/2028/2029
f 2109/2074/2075 1987/1989/1990 1988/1991/1992
f 2126/2107/2108 2109/2074/2075 1988/1991/1992
f 2058/2028/2029 2125/2108/2109 2078/2038/2039
f 2078/2038/2039 2125/2108/2109 2127/2109/2110
f 2100/2064/2065 1965/1963/1964 2000/2063/2064
f 2092/2054/2055 2079/2106/2107 2093/2047/2048
f 2094/2055/2056 2093/2047/2048 2128/2110/2111
f 2035/2088/2089 2102/2111/2112 2040/2058/2059
f 2076/2112/2113 2074/1998/1999 2004/2105/2106
f 2076/2112/2113 2085/2049/2050 2005/2001/2002
f 2044/2021/2022 2008/2093/2094 2010/2061/2062
f 2003/2104/2105 1989/1999/2000 2000/2063/2064
f 1926/1960/1961 2026/1980/1981 1925/1926/1927
f 2038/2084/2085 2062/2113/2114 2060/2082/2083
f 2028/2072/2073 1982/2098/2099 2037/2114/2115
f 2060/2082/2083 2047/2085/2086 2114/2083/2084
f 2047/2085/2086 2046/1982/1983 1981/1983/1984
f 1986/1990/1991 1982/2098/2099 2033/2018/2019
f 1993/2115/2116 2057/2116/2117 1994/2078/2079
f 2006/2003/2004 2044/2021/2022 2010/2061/2062
f 2129/2117/2118 2052/2027/2028 2014/2044/2045
f 2067/2096/2097 2027/2118/2119 2025/2009/2010
f 2035/2088/2089 2086/2076/2077 2073/2087/2088
f 2037/2114/2115 1987/1989/1990 2130/2020/2021
f 2131/2119/2120 2033/2018/2019 2032/2030/2031
f 2033/2018/2019 2131/2119/2120 2034/2016/2017
f 2131/2119/2120 2132/2120/2121 2034/2016/2017
f 1987/1989/1990 2108/2073/2074 2041/2019/2020
f 2109/2074/2075 2133/2121/2122 2108/2073/2074
f 2065/2008/2009 2012/2022/2023 2017/2101/2102
f 1991/1994/1995 2017/2101/2102 2018/2122/2123
f 2088/2052/2053 2062/2113/2114 2089/2050/2051
f 2087/2036/2037 1990/2102/2103 1983/2037/2038
f 2020/2097/2098 2049/2123/2124 2048/2045/2046
f 2072/2010/2011 2049/2123/2124 2066/2011/2012
f 2049/2123/2124 2072/2010/2011 2061/2124/2125
f 2118/2090/2091 1992/1995/1996 1991/1994/1995
f 2134/2125/2126 2119/2091/2092 2120/2092/2093
f 2058/2028/2029 2051/2025/2026 2110/2081/2082
f 2119/2091/2092 2135/2126/2127 2118/2090/2091
f 1994/2078/2079 2057/2116/2117 2073/2087/2088
f 2138/2127/2128 1992/1995/1996 2118/2090/2091
f 2137/2128/2129 2111/2079/2080 2110/2081/2082
f 2139/2129/2130 2138/2127/2128 2118/2090/2091
f 2136/2130/2131 2139/2129/2130 2118/2090/2091
f 2140/2131/2132 2120/2092/2093 2116/2086/2087
f 2055/2043/2044 2054/2069/2070 2141/2132/2133
f 2059/2133/2134 2013/2075/2076 2016/2048/2049
f 2092/2054/2055 2057/2116/2117 2064/2012/2013
f 2067/2096/2097 2028/2072/2073 2037/2114/2115
f 2044/2021/2022 2077/2004/2005 2008/2093/2094
f 1997/2077/2078 1993/2115/2116 1994/2078/2079
f 1983/2037/2038 1990/2102/2103 2100/2064/2065
f 2003/2104/2105 2007/1992/1993 2009/2134/2135
f 2074/1998/1999 2113/2000/2001 2004/2105/2106
f 2000/2063/2064 1965/1963/1964 1883/1959/1960
f 2085/2049/2050 2004/2105/2106 2009/2134/2135
f 2001/2002/2003 2085/2049/2050 2009/2134/2135
f 2007/1992/1993 1899/1956/1957 2077/2004/2005
f 2048/2045/2046 2014/2044/2045 2020/2097/2098
f 2059/2133/2134 2019/2007/2008 2015/2135/2136
f 2035/2088/2089 2029/2013/2014 2142/2136/2137
f 1990/2102/2103 2087/2036/2037 2040/2058/2059
f 2013/2075/2076 2011/2094/2095 2002/2041/2042
f 2110/2081/2082 2112/2080/2081 2058/2028/2029
f 2023/2023/2024 2043/1901/1902 2026/1980/1981
f 2045/2070/2071 2054/2069/2070 2055/2043/2044
f 1983/2037/2038 2100/2064/2065 2000/2063/2064
f 1947/1916/1917 2046/1982/1983 1926/1960/1961
f 2058/2028/2029 2112/2080/2081 2143/2137/2138
f 2143/2137/2138 2125/2108/2109 2058/2028/2029
f 2064/2012/2013 2079/2106/2107 2092/2054/2055
f 2060/2082/2083 1926/1960/1961 2046/1982/1983
f 2038/2084/2085 2114/2083/2084 2144/2138/2139
f 2039/2139/2140 2038/2084/2085 2144/2138/2139
f 2000/2063/2064 1985/2065/2066 2003/2104/2105
f 1997/2077/2078 2087/2036/2037 2075/2033/2034
f 2063/2140/2141 2062/2113/2114 2038/2084/2085
f 2027/2118/2119 2067/2096/2097 2037/2114/2115
f 2037/2114/2115 1982/2098/2099 1987/1989/1990
f 1983/2037/2038 1989/1999/2000 1998/2035/2036
f 2077/2004/2005 2043/1901/1902 2008/2093/2094
f 2091/2053/2054 2030/2014/2015 2092/2054/2055
f 2086/2076/2077 2040/2058/2059 2087/2036/2037
f 2088/2052/2053 2060/2082/2083 2062/2113/2114
f 2089/2050/2051 2062/2113/2114 2145/2141/2142
f 2009/2134/2135 2044/2021/2022 2001/2002/2003
f 2057/2116/2117 1993/2115/2116 2072/2010/2011
f 1987/1989/1990 1982/2098/2099 1986/1990/1991
f 2117/2089/2090 1986/1990/1991 2147/2142/2143
f 2195/2060/2061 2010/2061/2062 2015/2135/2136
f 1990/2102/2103 1879/1907/1908 2100/2064/2065
f 2096/2057/2058 2124/2143/2144 2097/2103/2104
f 1992/1995/1996 2138/2127/2128 2148/2144/2145
f 1996/1997/1998 1992/1995/1996 2148/2144/2145
f 2123/2100/2101 2040/2058/2059 2102/2111/2112
f 2057/2116/2117 2072/2010/2011 2064/2012/2013
f 2041/2019/2020 2108/2073/2074 2042/2145/2146
f 2245/2146/2147 2027/2118/2119 2037/2114/2115
f 2149/2147/2148 2130/2020/2021 2041/2019/2020
f 2050/2148/2149 2105/2068/2069 2045/2070/2071
f 2056/2024/2025 2110/2081/2082 2051/2025/2026
f 1997/2077/2078 2086/2076/2077 2087/2036/2037
f 2002/2041/2042 2023/2023/2024 2016/2048/2049
f 2059/2133/2134 2015/2135/2136 2013/2075/2076
f 2018/2122/2123 2017/2101/2102 2088/2052/2053
f 1991/1994/1995 2018/2122/2123 2150/2149/2150
f 2049/2123/2124 2020/2097/2098 2066/2011/2012
f 2061/2124/2125 2072/2010/2011 1993/2115/2116
f 2057/2116/2117 2092/2054/2055 2073/2087/2088
f 2009/2134/2135 2004/2105/2106 2003/2104/2105
f 2070/2150/2151 1997/2077/2078 2071/2032/2033
f 2069/2151/2152 1988/1991/1992 2117/2089/2090
f 2085/2049/2050 2076/2112/2113 2004/2105/2106
f 2070/2150/2151 1993/2115/2116 1997/2077/2078
f 2075/2033/2034 1998/2035/2036 1999/2034/2035
f 2007/1992/1993 2003/2104/2105 1985/2065/2066
f 2093/2047/2048 2079/2106/2107 2078/2038/2039
f 2078/2038/2039 2082/2042/2043 2093/2047/2048
f 1986/1990/1991 2099/2059/2060 2101/2152/2153
f 2011/2094/2095 2008/2093/2094 2002/2041/2042
f 2052/2027/2028 2020/2097/2098 2014/2044/2045
f 2079/2106/2107 2064/2012/2013 2058/2028/2029
f 2028/2072/2073 2024/1993/1994 1992/1995/1996
f 2104/2066/2067 2041/2019/2020 2042/2145/2146
f 2113/2000/2001 1989/1999/2000 2003/2104/2105
f 2032/2030/2031 2068/2029/2030 2107/2153/2154
f 2019/2007/2008 2059/2133/2134 2016/2048/2049
f 2016/2048/2049 2065/2008/2009 2019/2007/2008
f 2017/2101/2102 1926/1960/1961 2060/2082/2083
f 2097/2103/2104 2146/2154/2155 2098/1987/1988
f 1879/1907/1908 1990/2102/2103 2098/1987/1988
f 1999/2034/2035 1998/2035/2036 1989/1999/2000
f 2092/2054/2055 2029/2013/2014 2073/2087/2088
f 1994/2078/2079 2073/2087/2088 2086/2076/2077
f 2040/2058/2059 2096/2057/2058 2097/2103/2104
f 1990/2102/2103 2040/2058/2059 2097/2103/2104
f 2044/2021/2022 2009/2134/2135 2007/1992/1993
f 2071/2032/2033 1997/2077/2078 2075/2033/2034
f 2002/2041/2042 2008/2093/2094 2043/1901/1902
f 2055/2043/2044 2141/2132/2133 2083/2155/2156
f 2083/2155/2156 2141/2132/2133 2151/2156/2157
f 2017/2101/2102 1991/1994/1995 2024/1993/1994
f 2011/2094/2095 2015/2135/2136 2010/2061/2062
f 2011/2094/2095 2013/2075/2076 2015/2135/2136
f 2024/1993/1994 2067/2096/2097 2065/2008/2009
f 2203/2157/2158 2157/2158/2159 2158/2159/2160
f 2130/2020/2021 2149/2147/2148 2164/2160/2161
f 2162/2161/2162 2250/2162/2163 2167/2163/2164
f 2183/2164/2165 2173/2165/2166 2191/2166/2167
f 2174/2167/2168 2172/2168/2169 2175/2169/2170
f 2196/2170/2171 2178/2171/2172 2234/2172/2173
f 2234/2172/2173 2178/2171/2172 2177/2173/2174
f 2154/2174/2175 2185/2175/2176 2156/2176/2177
f 2179/2177/2178 2176/2178/2179 2180/2179/2180
f 2196/2170/2171 2199/2180/2181 2232/2181/2182
f 2184/2182/2183 2070/2150/2151 2187/2183/2184
f 2194/2184/2185 2152/2185/2186 2186/2186/2187
f 2165/2187/2188 2154/2174/2175 2197/2188/2189
f 2156/2176/2177 2185/2175/2176 2195/2060/2061
f 2171/2189/2190 2210/2190/2191 2172/2168/2169
f 2236/2191/2192 2272/2192/2193 2190/2193/2194
f 2205/2194/2195 2204/2195/2196 2206/2196/2197
f 2206/2196/2197 2209/2197/2198 2208/2198/2199
f 2153/2199/2200 2210/2190/2191 2171/2189/2190
f 2025/2009/2010 2153/2199/2200 2019/2007/2008
f 2207/2200/2201 2212/2201/2202 2211/2202/2203
f 2213/2203/2204 2214/2204/2205 2283/2205/2206
f 2027/2118/2119 2153/2199/2200 2025/2009/2010
f 2217/2206/2207 2215/2207/2208 2176/2178/2179
f 2218/2208/2209 2217/2206/2207 2176/2178/2179
f 2220/2209/2210 2222/2210/2211 2221/2211/2212
f 2219/2212/2213 2160/2213/2214 2225/2214/2215
f 2153/2199/2200 2169/2215/2216 2232/2181/2182
f 2177/2173/2174 2235/2216/2217 2234/2172/2173
f 2237/2217/2218 2238/2218/2219 2177/2173/2174
f 2177/2173/2174 2239/2219/2220 2237/2217/2218
f 2242/2220/2221 2243/2221/2222 2239/2219/2220
f 2246/2222/2223 2182/2223/2224 2204/2195/2196
f 2358/2224/2225 2219/2212/2213 2225/2214/2215
f 2130/2020/2021 2245/2146/2147 2037/2114/2115
f 2228/2225/2226 2225/2214/2215 2226/2226/2227
f 2163/2227/2228 2045/2070/2071 2250/2162/2163
f 2048/2045/2046 2167/2163/2164 2250/2162/2163
f 2251/2228/2229 2240/2229/2230 2244/2230/2231
f 2253/2231/2232 2252/2232/2233 2276/2233/2234
f 2282/2234/2235 2256/2235/2236 2252/2232/2233
f 2252/2232/2233 2256/2235/2236 2257/2236/2237
f 2258/2237/2238 2257/2236/2237 2256/2235/2236
f 2260/2238/2239 2261/2239/2240 2262/2240/2241
f 2263/2241/2242 2264/2242/2243 2265/2243/2244
f 2263/2241/2242 2265/2243/2244 2266/2244/2245
f 2266/2244/2245 2265/2243/2244 2261/2239/2240
f 2250/2162/2163 2045/2070/2071 2048/2045/2046
f 2234/2172/2173 2197/2188/2189 2196/2170/2171
f 2167/2163/2164 2049/2123/2124 2061/2124/2125
f 2273/2245/2246 2274/2246/2247 2275/2247/2248
f 2223/2248/2249 2254/2249/2250 2166/2250/2251
f 2152/2185/2186 2272/2192/2193 2155/2251/2252
f 2005/2001/2002 2173/2165/2166 2161/2252/2253
f 2195/2060/2061 2191/2166/2167 2006/2003/2004
f 2224/2253/2254 2223/2248/2249 1993/2115/2116
f 2015/2135/2136 2199/2180/2181 2198/2254/2255
f 2286/2255/2256 2287/2256/2257 2278/2257/2258
f 2288/2258/2259 2286/2255/2256 2290/2259/2260
f 2269/2260/2261 2193/2261/2262 2289/2262/2263
f 2290/2259/2260 2285/2263/2264 2291/2264/2265
f 2271/2265/2266 2190/2193/2194 2272/2192/2193
f 2285/2263/2264 2292/2266/2267 2291/2264/2265
f 2293/2267/2268 2292/2266/2267 2285/2263/2264
f 2295/2268/2269 2294/2269/2270 2285/2263/2264
f 2210/2190/2191 2153/2199/2200 2027/2118/2119
f 2200/2270/2271 2074/1998/1999 2076/2112/2113
f 2289/2262/2263 2193/2261/2262 2296/2271/2272
f 2027/2118/2119 2245/2146/2147 2175/2169/2170
f 2167/2163/2164 2166/2250/2251 2162/2161/2162
f 2167/2163/2164 2223/2248/2249 2166/2250/2251
f 2167/2163/2164 2048/2045/2046 2049/2123/2124
f 2191/2166/2167 2185/2175/2176 2183/2164/2165
f 2160/2213/2214 2158/2159/2160 2183/2164/2165
f 2165/2187/2188 2226/2226/2227 2225/2214/2215
f 2156/2176/2177 2195/2060/2061 2199/2180/2181
f 2177/2173/2174 2182/2223/2224 2181/2272/2273
f 2181/2272/2273 2240/2229/2230 2177/2173/2174
f 2241/2273/2274 2181/2272/2273 2299/2274/2275
f 2171/2189/2190 2172/2168/2169 2204/2195/2196
f 2283/2205/2206 2214/2204/2205 2300/2275/2276
f 2182/2223/2224 2171/2189/2190 2204/2195/2196
f 2174/2167/2168 2301/2276/2277 2209/2197/2198
f 2174/2167/2168 2302/2277/2278 2301/2276/2277
f 2303/2278/2279 2304/2279/2280 2176/2178/2179
f 2358/2224/2225 2216/2280/2281 2219/2212/2213
f 2186/2186/2187 2192/2281/2282 2188/2282/2283
f 2231/2283/2284 2170/2284/2285 2233/2285/2286
f 2200/2270/2271 2155/2251/2252 2236/2191/2192
f 2235/2216/2217 2305/2286/2287 2234/2172/2173
f 2076/2112/2113 2159/2287/2288 2200/2270/2271
f 2306/2288/2289 2202/2289/2290 2259/2290/2291
f 2225/2214/2215 2228/2225/2226 2358/2224/2225
f 2229/2291/2292 2228/2225/2226 2226/2226/2227
f 2182/2223/2224 2246/2222/2223 2277/2292/2293
f 2246/2222/2223 2204/2195/2196 2247/2293/2294
f 2177/2173/2174 2240/2229/2230 2239/2219/2220
f 2239/2219/2220 2240/2229/2230 2242/2220/2221
f 2242/2220/2221 2240/2229/2230 2251/2228/2229
f 2019/2007/2008 2153/2199/2200 2232/2181/2182
f 2172/2168/2169 2210/2190/2191 2027/2118/2119
f 2172/2168/2169 2027/2118/2119 2175/2169/2170
f 2308/2294/2295 2249/2295/2296 2193/2261/2262
f 2308/2294/2295 2193/2261/2262 2194/2184/2185
f 2202/2289/2290 2164/2160/2161 2259/2290/2291
f 2255/2296/2297 2281/2297/2298 2166/2250/2251
f 2253/2231/2232 2282/2234/2235 2252/2232/2233
f 2309/2298/2299 2264/2242/2243 2263/2241/2242
f 2248/2299/2300 2267/2300/2301 2045/2070/2071
f 2222/2210/2211 2248/2299/2300 2045/2070/2071
f 2252/2232/2233 2257/2236/2237 2262/2240/2241
f 2255/2296/2297 2184/2182/2183 2268/2301/2302
f 2163/2227/2228 2265/2243/2244 2270/2302/2303
f 2270/2302/2303 2265/2243/2244 2310/2303/2304
f 2272/2192/2193 2152/2185/2186 2271/2265/2266
f 2253/2231/2232 2276/2233/2234 2274/2246/2247
f 2161/2252/2253 2158/2159/2160 2157/2158/2159
f 2071/2032/2033 1999/2034/2035 2190/2193/2194
f 2190/2193/2194 1999/2034/2035 2236/2191/2192
f 2269/2260/2261 2194/2184/2185 2193/2261/2262
f 2259/2290/2291 2164/2160/2161 2168/2304/2305
f 2271/2265/2266 2152/2185/2186 2194/2184/2185
f 2182/2223/2224 2277/2292/2293 2312/2305/2306
f 2279/2306/2307 2278/2257/2258 2287/2256/2257
f 2076/2112/2113 2005/2001/2002 2161/2252/2253
f 2159/2287/2288 2157/2158/2159 2200/2270/2271
f 2313/2307/2308 2050/2148/2149 2045/2070/2071
f 2157/2158/2159 2159/2287/2288 2161/2252/2253
f 2285/2263/2264 2294/2269/2270 2314/2308/2309
f 2194/2184/2185 2188/2282/2283 2283/2205/2206
f 2158/2159/2160 2161/2252/2253 2183/2164/2165
f 2223/2248/2249 2061/2124/2125 1993/2115/2116
f 2269/2260/2261 2187/2183/2184 2190/2193/2194
f 2315/2309/2310 2189/2310/2311 2188/2282/2283
f 2173/2165/2166 2005/2001/2002 2006/2003/2004
f 2176/2178/2179 2174/2167/2168 2175/2169/2170
f 2216/2280/2281 2158/2159/2160 2219/2212/2213
f 2183/2164/2165 2185/2175/2176 2160/2213/2214
f 1999/2034/2035 2074/1998/1999 2236/2191/2192
f 2219/2212/2213 2158/2159/2160 2160/2213/2214
f 2199/2180/2181 2019/2007/2008 2232/2181/2182
f 2165/2187/2188 2160/2213/2214 2185/2175/2176
f 2169/2215/2216 2153/2199/2200 2171/2189/2190
f 2154/2174/2175 2165/2187/2188 2185/2175/2176
f 2180/2179/2180 2202/2289/2290 2201/2311/2312
f 2298/2312/2313 2221/2211/2212 2163/2227/2228
f 2206/2196/2197 2172/2168/2169 2174/2167/2168
f 2227/2313/2314 2165/2187/2188 2170/2284/2285
f 2317/2314/2315 2204/2195/2196 2205/2194/2195
f 2194/2184/2185 2186/2186/2187 2188/2282/2283
f 2228/2225/2226 2229/2291/2292 2230/2315/2316
f 2198/2254/2255 2195/2060/2061 2015/2135/2136
f 2318/2316/2317 2233/2285/2286 2234/2172/2173
f 2175/2169/2170 2245/2146/2147 2176/2178/2179
f 2207/2200/2201 2186/2186/2187 2152/2185/2186
f 2216/2280/2281 2203/2157/2158 2158/2159/2160
f 2149/2147/2148 2041/2019/2020 2307/2317/2318
f 2221/2211/2212 2222/2210/2211 2163/2227/2228
f 2230/2315/2316 2229/2291/2292 2227/2313/2314
f 2224/2253/2254 1993/2115/2116 2184/2182/2183
f 2227/2313/2314 2170/2284/2285 2231/2283/2284
f 2177/2173/2174 2178/2171/2172 2182/2223/2224
f 2240/2229/2230 2241/2273/2274 2244/2230/2231
f 2130/2020/2021 2202/2289/2290 2245/2146/2147
f 2202/2289/2290 2130/2020/2021 2164/2160/2161
f 2284/2318/2319 2308/2294/2295 2194/2184/2185
f 2194/2184/2185 2283/2205/2206 2284/2318/2319
f 2265/2243/2244 2163/2227/2228 2261/2239/2240
f 2261/2239/2240 2163/2227/2228 2252/2232/2233
f 2276/2233/2234 2321/2319/2320 2322/2320/2321
f 2321/2319/2320 2166/2250/2251 2281/2297/2298
f 2324/2321/2322 2311/2322/2323 2253/2231/2232
f 2152/2185/2186 2203/2157/2158 2207/2200/2201
f 2184/2182/2183 2255/2296/2297 2254/2249/2250
f 2203/2157/2158 2152/2185/2186 2155/2251/2252
f 2187/2183/2184 2071/2032/2033 2190/2193/2194
f 2281/2297/2298 2255/2296/2297 2286/2255/2256
f 2290/2259/2260 2286/2255/2256 2255/2296/2297
f 2290/2259/2260 2255/2296/2297 2285/2263/2264
f 2255/2296/2297 2268/2301/2302 2285/2263/2264
f 2295/2268/2269 2285/2263/2264 2268/2301/2302
f 2163/2227/2228 2270/2302/2303 2298/2312/2313
f 2268/2301/2302 2297/2323/2324 2295/2268/2269
f 2325/2324/2325 2298/2312/2313 2270/2302/2303
f 2225/2214/2215 2160/2213/2214 2165/2187/2188
f 2269/2260/2261 2190/2193/2194 2271/2265/2266
f 2197/2188/2189 2154/2174/2175 2156/2176/2177
f 2315/2309/2310 2188/2282/2283 2192/2281/2282
f 2199/2180/2181 2196/2170/2171 2156/2176/2177
f 2236/2191/2192 2155/2251/2252 2272/2192/2193
f 2187/2183/2184 2070/2150/2151 2071/2032/2033
f 2173/2165/2166 2183/2164/2165 2161/2252/2253
f 2178/2171/2172 2169/2215/2216 2171/2189/2190
f 2196/2170/2171 2232/2181/2182 2169/2215/2216
f 2215/2207/2208 2174/2167/2168 2176/2178/2179
f 2304/2279/2280 2218/2208/2209 2176/2178/2179
f 2179/2177/2178 2303/2278/2279 2176/2178/2179
f 2197/2188/2189 2156/2176/2177 2196/2170/2171
f 2180/2179/2180 2201/2311/2312 2326/2325/2326
f 2250/2162/2163 2162/2161/2162 2163/2227/2228
f 2204/2195/2196 2172/2168/2169 2206/2196/2197
f 2176/2178/2179 2202/2289/2290 2180/2179/2180
f 2209/2197/2198 2206/2196/2197 2174/2167/2168
f 2174/2167/2168 2215/2207/2208 2327/2326/2327
f 2327/2326/2327 2215/2207/2208 2316/2327/2328
f 2203/2157/2158 2216/2280/2281 2212/2201/2202
f 2170/2284/2285 2165/2187/2188 2197/2188/2189
f 2224/2253/2254 2254/2249/2250 2223/2248/2249
f 2224/2253/2254 2184/2182/2183 2254/2249/2250
f 2199/2180/2181 2015/2135/2136 2019/2007/2008
f 2196/2170/2171 2169/2215/2216 2178/2171/2172
f 2182/2223/2224 2178/2171/2172 2171/2189/2190
f 2201/2311/2312 2202/2289/2290 2306/2288/2289
f 2227/2313/2314 2226/2226/2227 2165/2187/2188
f 2318/2316/2317 2234/2172/2173 2305/2286/2287
f 2213/2203/2204 2283/2205/2206 2188/2282/2283
f 2222/2210/2211 2220/2209/2210 2319/2328/2329
f 2170/2284/2285 2197/2188/2189 2234/2172/2173
f 2240/2229/2230 2181/2272/2273 2241/2273/2274
f 2211/2202/2203 2186/2186/2187 2207/2200/2201
f 2185/2175/2176 2191/2166/2167 2195/2060/2061
f 2231/2283/2284 2230/2315/2316 2227/2313/2314
f 2233/2285/2286 2170/2284/2285 2234/2172/2173
f 2235/2216/2217 2177/2173/2174 2238/2218/2219
f 2229/2291/2292 2226/2226/2227 2227/2313/2314
f 2202/2289/2290 2176/2178/2179 2245/2146/2147
f 2320/2329/2330 2329/2330/2331 2259/2290/2291
f 2306/2288/2289 2259/2290/2291 2329/2330/2331
f 2045/2070/2071 2163/2227/2228 2222/2210/2211
f 2223/2248/2249 2167/2163/2164 2061/2124/2125
f 2195/2060/2061 2198/2254/2255 2199/2180/2181
f 2166/2250/2251 2321/2319/2320 2276/2233/2234
f 2255/2296/2297 2166/2250/2251 2254/2249/2250
f 2252/2232/2233 2162/2161/2162 2276/2233/2234
f 2276/2233/2234 2162/2161/2162 2166/2250/2251
f 2252/2232/2233 2262/2240/2241 2261/2239/2240
f 2184/2182/2183 1993/2115/2116 2070/2150/2151
f 2253/2231/2232 2274/2246/2247 2273/2245/2246
f 2276/2233/2234 2330/2331/2332 2274/2246/2247
f 2322/2320/2321 2330/2331/2332 2276/2233/2234
f 2331/2332/2333 2322/2320/2321 2321/2319/2320
f 2281/2297/2298 2280/2333/2334 2323/2334/2335
f 2280/2333/2334 2281/2297/2298 2278/2257/2258
f 2268/2301/2302 2269/2260/2261 2289/2262/2263
f 2253/2231/2232 2273/2245/2246 2324/2321/2322
f 2269/2260/2261 2268/2301/2302 2184/2182/2183
f 2236/2191/2192 2074/1998/1999 2200/2270/2271
f 2271/2265/2266 2194/2184/2185 2269/2260/2261
f 2159/2287/2288 2076/2112/2113 2161/2252/2253
f 2163/2227/2228 2162/2161/2162 2252/2232/2233
f 2200/2270/2271 2203/2157/2158 2155/2251/2252
f 2203/2157/2158 2200/2270/2271 2157/2158/2159
f 2286/2255/2256 2278/2257/2258 2281/2297/2298
f 2267/2300/2301 2313/2307/2308 2045/2070/2071
f 2207/2200/2201 2203/2157/2158 2212/2201/2202
f 2297/2323/2324 2268/2301/2302 2289/2262/2263
f 2184/2182/2183 2187/2183/2184 2269/2260/2261
f 2006/2003/2004 2191/2166/2167 2173/2165/2166
f 2233/2285/2286 2328/2335/2336 2333/2336/2337
f 2377/2337/2338 2305/2286/2287 2235/2216/2217
f 2334/2338/2339 2238/2218/2219 2335/2339/2340
f 2211/2202/2203 2337/2340/2341 2186/2186/2187
f 2338/2341/2342 2346/2342/2343 2339/2343/2344
f 2328/2335/2336 2233/2285/2286 2318/2316/2317
f 2340/2344/2345 2351/2345/2346 2348/2346/2347
f 2341/2347/2348 2344/2348/2349 2353/2349/2350
f 2237/2217/2218 2239/2219/2220 2354/2350/2351
f 2339/2343/2344 2350/2351/2352 2340/2344/2345
f 2356/2352/2353 2355/2353/2354 2351/2345/2346
f 2356/2352/2353 2351/2345/2346 2357/2354/2355
f 2352/2355/2356 2359/2356/2357 2405/2357/2358
f 2360/2358/2359 2359/2356/2357 2352/2355/2356
f 2388/2359/2360 2361/2360/2361 2362/2361/2362
f 2366/2362/2363 2369/2363/2364 2388/2359/2360
f 2376/2364/2365 2375/2365/2366 2377/2337/2338
f 2377/2337/2338 2379/2366/2367 2378/2367/2368
f 2380/2368/2369 2343/2369/2370 2381/2370/2371
f 2389/2371/2372 2385/2372/2373 2387/2373/2374
f 2368/2374/2375 2333/2336/2337 2374/2375/2376
f 2371/2376/2377 2228/2225/2226 2411/2377/2378
f 2391/2378/2379 2230/2315/2316 2392/2379/2380
f 2230/2315/2316 2393/2380/2381 2392/2379/2380
f 2386/2381/2382 2394/2382/2383 2231/2283/2284
f 2318/2316/2317 2305/2286/2287 2333/2336/2337
f 2395/2383/2384 2336/2384/2385 2335/2339/2340
f 2396/2385/2386 2315/2309/2310 2192/2281/2282
f 2397/2386/2387 2192/2281/2282 2186/2186/2187
f 2398/2387/2388 2347/2388/2389 2399/2389/2390
f 2400/2390/2391 2398/2387/2388 2399/2389/2390
f 2338/2341/2342 2399/2389/2390 2346/2342/2343
f 2343/2369/2370 2347/2388/2389 2342/2391/2392
f 2347/2388/2389 2343/2369/2370 2346/2342/2343
f 2399/2389/2390 2347/2388/2389 2346/2342/2343
f 2338/2341/2342 2348/2346/2347 2401/2392/2393
f 2352/2355/2356 2341/2347/2348 2353/2349/2350
f 2341/2347/2348 2358/2224/2225 2345/2393/2394
f 2351/2345/2346 2383/2394/2395 2403/2395/2396
f 2406/2396/2397 2367/2397/2398 2407/2398/2399
f 2407/2398/2399 2367/2397/2398 2368/2374/2375
f 2370/2399/2400 2371/2376/2377 2408/2400/2401
f 2371/2376/2377 2409/2401/2402 2408/2400/2401
f 2411/2377/2378 2410/2402/2403 2409/2401/2402
f 2368/2374/2375 2374/2375/2376 2412/2403/2404
f 2413/2404/2405 2374/2375/2376 2375/2365/2366
f 2415/2405/2406 2375/2365/2366 2376/2364/2365
f 2377/2337/2338 2416/2406/2407 2376/2364/2365
f 2332/2407/2408 2417/2408/2409 2387/2373/2374
f 2216/2280/2281 2358/2224/2225 2341/2347/2348
f 2379/2366/2367 2334/2338/2339 2390/2409/2410
f 2418/2410/2411 2391/2378/2379 2392/2379/2380
f 2231/2283/2284 2332/2407/2408 2386/2381/2382
f 2388/2359/2360 2332/2407/2408 2231/2283/2284
f 2367/2397/2398 2388/2359/2360 2233/2285/2286
f 2233/2285/2286 2333/2336/2337 2367/2397/2398
f 2419/2411/2412 2397/2386/2387 2186/2186/2187
f 2341/2347/2348 2350/2351/2352 2212/2201/2202
f 2391/2378/2379 2228/2225/2226 2230/2315/2316
f 2231/2283/2284 2233/2285/2286 2388/2359/2360
f 2377/2337/2338 2235/2216/2217 2238/2218/2219
f 2238/2218/2219 2237/2217/2218 2335/2339/2340
f 2420/2412/2413 2399/2389/2390 2338/2341/2342
f 2338/2341/2342 2339/2343/2344 2348/2346/2347
f 2348/2346/2347 2339/2343/2344 2340/2344/2345
f 2421/2413/2414 2342/2391/2392 2347/2388/2389
f 2346/2342/2343 2350/2351/2352 2339/2343/2344
f 2348/2346/2347 2422/2414/2415 2401/2392/2393
f 2355/2353/2354 2348/2346/2347 2351/2345/2346
f 2351/2345/2346 2352/2355/2356 2405/2357/2358
f 2341/2347/2348 2345/2393/2394 2344/2348/2349
f 2345/2393/2394 2358/2224/2225 2402/2415/2416
f 2402/2415/2416 2370/2399/2400 2423/2416/2417
f 2346/2342/2343 2211/2202/2203 2350/2351/2352
f 2383/2394/2395 2351/2345/2346 2404/2417/2418
f 2424/2418/2419 2404/2417/2418 2405/2357/2358
f 2359/2356/2357 2425/2419/2420 2405/2357/2358
f 2402/2415/2416 2358/2224/2225 2371/2376/2377
f 2332/2407/2408 2362/2361/2362 2417/2408/2409
f 2367/2397/2398 2364/2420/2421 2388/2359/2360
f 2362/2361/2362 2332/2407/2408 2388/2359/2360
f 2375/2365/2366 2414/2421/2422 2413/2404/2405
f 2426/2422/2423 2387/2373/2374 2417/2408/2409
f 2377/2337/2338 2378/2367/2368 2416/2406/2407
f 2377/2337/2338 2375/2365/2366 2305/2286/2287
f 2391/2378/2379 2372/2423/2424 2411/2377/2378
f 2387/2373/2374 2385/2372/2373 2332/2407/2408
f 2368/2374/2375 2367/2397/2398 2333/2336/2337
f 2379/2366/2367 2377/2337/2338 2238/2218/2219
f 2341/2347/2348 2212/2201/2202 2216/2280/2281
f 2371/2376/2377 2358/2224/2225 2228/2225/2226
f 2318/2316/2317 2333/2336/2337 2328/2335/2336
f 2395/2383/2384 2335/2339/2340 2237/2217/2218
f 2352/2355/2356 2351/2345/2346 2341/2347/2348
f 2351/2345/2346 2340/2344/2345 2341/2347/2348
f 2349/2424/2425 2345/2393/2394 2402/2415/2416
f 2343/2369/2370 2337/2340/2341 2346/2342/2343
f 2351/2345/2346 2405/2357/2358 2404/2417/2418
f 2342/2391/2392 2428/2425/2426 2343/2369/2370
f 2340/2344/2345 2350/2351/2352 2341/2347/2348
f 2382/2426/2427 2403/2395/2396 2383/2394/2395
f 2384/2427/2428 2383/2394/2395 2404/2417/2418
f 2371/2376/2377 2370/2399/2400 2402/2415/2416
f 2364/2420/2421 2365/2428/2429 2388/2359/2360
f 2365/2428/2429 2366/2362/2363 2388/2359/2360
f 2367/2397/2398 2363/2429/2430 2364/2420/2421
f 2427/2430/2431 2417/2408/2409 2362/2361/2362
f 2374/2375/2376 2305/2286/2287 2375/2365/2366
f 2409/2401/2402 2371/2376/2377 2411/2377/2378
f 2411/2377/2378 2372/2423/2424 2373/2431/2432
f 2372/2423/2424 2391/2378/2379 2429/2432/2433
f 2391/2378/2379 2430/2433/2434 2429/2432/2433
f 2186/2186/2187 2343/2369/2370 2380/2368/2369
f 2343/2369/2370 2186/2186/2187 2337/2340/2341
f 2385/2372/2373 2386/2381/2382 2332/2407/2408
f 2305/2286/2287 2374/2375/2376 2333/2336/2337
f 2346/2342/2343 2337/2340/2341 2211/2202/2203
f 2350/2351/2352 2211/2202/2203 2212/2201/2202
f 2334/2338/2339 2379/2366/2367 2238/2218/2219
f 2411/2377/2378 2228/2225/2226 2391/2378/2379
f 2393/2380/2381 2230/2315/2316 2394/2382/2383
f 2230/2315/2316 2231/2283/2284 2394/2382/2383
f 2439/2434/2435 2434/2435/2436 2435/2436/2437
f 2439/2434/2435 2435/2436/2437 2436/2437/2438
f 2440/2438/2439 2455/2439/2440 2441/2440/2441
f 2444/2441/2442 2445/2442/2443 2446/2443/2444
f 2448/2444/2445 2445/2442/2443 2447/2445/2446
f 2449/2446/2447 2448/2444/2445 2447/2445/2446
f 2450/2447/2448 2451/2448/2449 2452/2449/2450
f 2437/2450/2451 2453/2451/2452 2438/2452/2453
f 2447/2445/2446 2434/2435/2436 2439/2434/2435
f 2454/2453/2454 2439/2434/2435 2452/2449/2450
f 2459/2454/2455 2439/2434/2435 2455/2439/2440
f 2455/2439/2440 2454/2453/2454 2457/2455/2456
f 2454/2453/2454 2455/2439/2440 2439/2434/2435
f 2458/2456/2457 2456/2457/2458 2447/2445/2446
f 2458/2456/2457 2460/2458/2459 2461/2459/2460
f 2460/2458/2459 2463/2460/2461 2464/2461/2462
f 2458/2456/2457 2463/2460/2461 2460/2458/2459
f 2458/2456/2457 2466/2462/2463 2463/2460/2461
f 2469/2463/2464 2470/2464/2465 2466/2462/2463
f 2472/2465/2466 2458/2456/2457 2471/2466/2467
f 2458/2456/2457 2472/2465/2466 2473/2467/2468
f 2474/2468/2469 2440/2438/2439 2441/2440/2441
f 2475/2469/2470 2476/2470/2471 2477/2471/2472
f 2432/2472/2473 2455/2439/2440 2443/2473/2474
f 2443/2473/2474 2455/2439/2440 2440/2438/2439
f 2572/2474/2475 2478/2475/2476 2443/2473/2474
f 2478/2475/2476 2431/2476/2477 2432/2472/2473
f 2441/2440/2441 2479/2477/2478 2480/2478/2479
f 2481/2479/2480 2443/2473/2474 2440/2438/2439
f 2433/2480/2481 2431/2476/2477 2482/2481/2482
f 2465/2482/2483 2468/2483/2484 2483/2484/2485
f 2484/2485/2486 2474/2468/2469 2441/2440/2441
f 2441/2440/2441 2455/2439/2440 2479/2477/2478
f 2432/2472/2473 2431/2476/2477 2462/2486/2487
f 2471/2466/2467 2433/2480/2481 2438/2452/2453
f 2485/2487/2488 2438/2452/2453 2453/2451/2452
f 2452/2449/2450 2439/2434/2435 2436/2437/2438
f 2452/2449/2450 2436/2437/2438 2486/2488/2489
f 2434/2435/2436 2444/2441/2442 2465/2482/2483
f 2447/2445/2446 2444/2441/2442 2434/2435/2436
f 2445/2442/2443 2444/2441/2442 2447/2445/2446
f 2447/2445/2446 2456/2457/2458 2449/2446/2447
f 2452/2449/2450 2451/2448/2449 2454/2453/2454
f 2456/2457/2458 2458/2456/2457 2489/2489/2490
f 2489/2489/2490 2458/2456/2457 2461/2459/2460
f 2459/2454/2455 2447/2445/2446 2439/2434/2435
f 2460/2458/2459 2490/2490/2491 2461/2459/2460
f 2443/2473/2474 2478/2475/2476 2432/2472/2473
f 2572/2474/2475 2443/2473/2474 2481/2479/2480
f 2462/2486/2487 2447/2445/2446 2459/2454/2455
f 2453/2451/2452 2437/2450/2451 2442/2491/2492
f 2458/2456/2457 2447/2445/2446 2462/2486/2487
f 2432/2472/2473 2459/2454/2455 2455/2439/2440
f 2467/2492/2493 2466/2462/2463 2458/2456/2457
f 2467/2492/2493 2469/2463/2464 2466/2462/2463
f 2473/2467/2468 2467/2492/2493 2458/2456/2457
f 2479/2477/2478 2457/2455/2456 2491/2493/2494
f 2479/2477/2478 2455/2439/2440 2457/2455/2456
f 2462/2486/2487 2459/2454/2455 2432/2472/2473
f 2462/2486/2487 2433/2480/2481 2458/2456/2457
f 2471/2466/2467 2458/2456/2457 2433/2480/2481
f 2488/2494/2495 2465/2482/2483 2492/2495/2496
f 2434/2435/2436 2465/2482/2483 2488/2494/2495
f 2465/2482/2483 2444/2441/2442 2468/2483/2484
f 2483/2484/2485 2468/2483/2484 2493/2496/2497
f 2474/2468/2469 2487/2497/2498 2475/2469/2470
f 2431/2476/2477 2433/2480/2481 2462/2486/2487
f 2499/2498/2499 2504/2499/2500 2497/2500/2501
f 2662/2501/2502 2556/2502/2503 2501/2503/2504
f 2637/2504/2505 2502/2505/2506 2503/2506/2507
f 2507/2507/2508 2508/2508/2509 2506/2509/2510
f 2508/2508/2509 2554/2510/2511 2553/2511/2512
f 2573/2512/2513 2512/2513/2514 2542/2514/2515
f 2433/2480/2481 2514/2515/2516 2438/2452/2453
f 2438/2452/2453 2514/2515/2516 2437/2450/2451
f 2516/2516/2517 2517/2517/2518 2437/2450/2451
f 2525/2518/2519 2519/2519/2520 2680/2520/2521
f 2563/2521/2522 2515/2522/2523 2578/2523/2524
f 2499/2498/2499 2518/2524/2525 2504/2499/2500
f 2529/2525/2526 2530/2526/2527 2593/2527/2528
f 2531/2528/2529 2532/2529/2530 2530/2526/2527
f 2534/2530/2531 2533/2531/2532 2541/2532/2533
f 2537/2533/2534 2562/2534/2535 2538/2535/2536
f 2539/2536/2537 2502/2505/2506 2504/2499/2500
f 2523/2537/2538 2527/2538/2539 2541/2532/2533
f 2542/2514/2515 2543/2539/2540 2440/2438/2439
f 2544/2540/2541 2545/2541/2542 2546/2542/2543
f 2544/2540/2541 2568/2543/2544 2496/2544/2545
f 2551/2545/2546 2548/2546/2547 2561/2547/2548
f 2549/2548/2549 2547/2549/2550 2599/2550/2551
f 2557/2551/2552 2567/2552/2553 2558/2553/2554
f 2543/2539/2540 2542/2514/2515 2512/2513/2514
f 2553/2511/2512 2547/2549/2550 2496/2544/2545
f 2547/2549/2550 2553/2511/2512 2554/2510/2511
f 2547/2549/2550 2609/2554/2555 2560/2555/2556
f 2566/2556/2557 2440/2438/2439 2475/2469/2470
f 2568/2543/2544 2544/2540/2541 2569/2557/2558
f 2570/2558/2559 2571/2559/2560 2558/2553/2554
f 2512/2513/2514 2572/2474/2475 2543/2539/2540
f 2498/2560/2561 2554/2510/2511 2509/2561/2562
f 2548/2546/2547 2482/2481/2482 2478/2475/2476
f 2542/2514/2515 2565/2562/2563 2573/2512/2513
f 2521/2563/2564 2515/2522/2523 2586/2564/2565
f 2514/2515/2516 2552/2565/2566 2576/2566/2567
f 2521/2563/2564 2574/2567/2568 2515/2522/2523
f 2680/2520/2521 2582/2568/2569 2525/2518/2519
f 2618/2569/2570 2529/2525/2526 2593/2527/2528
f 2583/2570/2571 2584/2571/2572 2585/2572/2573
f 2587/2573/2574 2590/2574/2575 2591/2575/2576
f 2534/2530/2531 2592/2576/2577 2587/2573/2574
f 2594/2577/2578 2592/2576/2577 2534/2530/2531
f 2596/2578/2579 2597/2579/2580 2598/2580/2581
f 2513/2581/2582 2574/2567/2568 2521/2563/2564
f 2510/2582/2583 2565/2562/2563 2600/2583/2584
f 2547/2549/2550 2498/2560/2561 2522/2584/2585
f 2482/2481/2482 2431/2476/2477 2478/2475/2476
f 2562/2534/2535 2535/2585/2586 2526/2586/2587
f 2606/2587/2588 2531/2528/2529 2607/2588/2589
f 2522/2584/2585 2477/2471/2472 2610/2589/2590
f 2522/2584/2585 2608/2590/2591 2609/2554/2555
f 2520/2591/2592 2610/2589/2590 2612/2592/2593
f 2440/2438/2439 2566/2556/2557 2542/2514/2515
f 2564/2593/2594 2576/2566/2567 2552/2565/2566
f 2611/2594/2595 2504/2499/2500 2637/2504/2505
f 2548/2546/2547 2512/2513/2514 2561/2547/2548
f 2497/2500/2501 2500/2595/2596 2499/2498/2499
f 2551/2545/2546 2552/2565/2566 2514/2515/2516
f 2637/2504/2505 2504/2499/2500 2502/2505/2506
f 2570/2558/2559 2567/2552/2553 2524/2596/2597
f 2570/2558/2559 2558/2553/2554 2567/2552/2553
f 2557/2551/2552 2580/2597/2598 2577/2598/2599
f 2615/2599/2600 2580/2597/2598 2557/2551/2552
f 2616/2600/2601 2615/2599/2600 2557/2551/2552
f 2615/2599/2600 2581/2601/2602 2580/2597/2598
f 2535/2585/2586 2562/2534/2535 2537/2533/2534
f 2506/2509/2510 2540/2602/2603 2505/2603/2604
f 2507/2507/2508 2510/2582/2583 2508/2508/2509
f 2477/2471/2472 2588/2604/2605 2617/2605/2606
f 2586/2564/2565 2573/2512/2513 2521/2563/2564
f 2640/2606/2607 2495/2607/2608 2526/2586/2587
f 2565/2562/2563 2509/2561/2562 2554/2510/2511
f 2593/2527/2528 2570/2558/2559 2524/2596/2597
f 2573/2512/2513 2565/2562/2563 2521/2563/2564
f 2592/2576/2577 2590/2574/2575 2587/2573/2574
f 2593/2527/2528 2530/2526/2527 2595/2608/2609
f 2549/2548/2549 2599/2550/2551 2550/2609/2610
f 2604/2610/2611 2568/2543/2544 2569/2557/2558
f 2499/2498/2499 2575/2611/2612 2518/2524/2525
f 2482/2481/2482 2551/2545/2546 2433/2480/2481
f 2575/2611/2612 2499/2498/2499 2500/2595/2596
f 2514/2515/2516 2433/2480/2481 2551/2545/2546
f 2506/2509/2510 2508/2508/2509 2540/2602/2603
f 2577/2598/2599 2437/2450/2451 2514/2515/2516
f 2525/2518/2519 2582/2568/2569 2574/2567/2568
f 2577/2598/2599 2516/2516/2517 2437/2450/2451
f 2621/2612/2613 2620/2613/2614 2539/2536/2537
f 2622/2614/2615 2594/2577/2578 2534/2530/2531
f 2589/2615/2616 2541/2532/2533 2527/2538/2539
f 2518/2524/2525 2605/2616/2617 2621/2612/2613
f 2589/2615/2616 2527/2538/2539 2526/2586/2587
f 2605/2616/2617 2518/2524/2525 2568/2543/2544
f 2623/2617/2618 2522/2584/2585 2520/2591/2592
f 2600/2583/2584 2565/2562/2563 2554/2510/2511
f 2495/2607/2608 2562/2534/2535 2526/2586/2587
f 2500/2595/2596 2496/2544/2545 2575/2611/2612
f 2496/2544/2545 2500/2595/2596 2556/2502/2503
f 2508/2508/2509 2510/2582/2583 2600/2583/2584
f 2530/2526/2527 2529/2525/2526 2531/2528/2529
f 2531/2528/2529 2587/2573/2574 2607/2588/2589
f 2522/2584/2585 2566/2556/2557 2477/2471/2472
f 2607/2588/2589 2587/2573/2574 2624/2618/2619
f 2625/2619/2620 2624/2618/2619 2587/2573/2574
f 2541/2532/2533 2618/2569/2570 2582/2568/2569
f 2522/2584/2585 2610/2589/2590 2520/2591/2592
f 2626/2620/2621 2534/2530/2531 2535/2585/2586
f 2626/2620/2621 2535/2585/2586 2627/2621/2622
f 2628/2622/2623 2629/2623/2624 2630/2624/2625
f 2629/2623/2624 2628/2622/2623 2537/2533/2534
f 2556/2502/2503 2540/2602/2603 2553/2511/2512
f 2553/2511/2512 2540/2602/2603 2508/2508/2509
f 2576/2566/2567 2564/2593/2594 2567/2552/2553
f 2510/2582/2583 2511/2625/2626 2565/2562/2563
f 2571/2559/2560 2631/2626/2627 2558/2553/2554
f 2632/2627/2628 2558/2553/2554 2631/2626/2627
f 2478/2475/2476 2572/2474/2475 2512/2513/2514
f 2567/2552/2553 2577/2598/2599 2576/2566/2567
f 2526/2586/2587 2535/2585/2586 2589/2615/2616
f 2561/2547/2548 2586/2564/2565 2563/2521/2522
f 2633/2628/2629 2602/2629/2630 2601/2630/2631
f 2633/2628/2629 2603/2631/2632 2602/2629/2630
f 2579/2632/2633 2524/2596/2597 2567/2552/2553
f 2549/2548/2549 2555/2633/2634 2544/2540/2541
f 2544/2540/2541 2547/2549/2550 2549/2548/2549
f 2440/2438/2439 2474/2468/2469 2475/2469/2470
f 2440/2438/2439 2572/2474/2475 2481/2479/2480
f 2544/2540/2541 2555/2633/2634 2545/2541/2542
f 2511/2625/2626 2521/2563/2564 2565/2562/2563
f 2578/2523/2524 2564/2593/2594 2563/2521/2522
f 2574/2567/2568 2578/2523/2524 2515/2522/2523
f 2578/2523/2524 2579/2632/2633 2564/2593/2594
f 2513/2581/2582 2521/2563/2564 2511/2625/2626
f 2635/2634/2635 2636/2635/2636 2637/2504/2505
f 2582/2568/2569 2524/2596/2597 2579/2632/2633
f 2619/2636/2637 2516/2516/2517 2638/2637/2638
f 2601/2630/2631 2613/2638/2639 2495/2607/2608
f 2554/2510/2511 2498/2560/2561 2547/2549/2550
f 2494/2639/2640 2538/2535/2536 2562/2534/2535
f 2614/2640/2641 2637/2504/2505 2503/2506/2507
f 2498/2560/2561 2566/2556/2557 2522/2584/2585
f 2533/2531/2532 2529/2525/2526 2618/2569/2570
f 2574/2567/2568 2579/2632/2633 2578/2523/2524
f 2583/2570/2571 2622/2614/2615 2534/2530/2531
f 2639/2641/2642 2604/2610/2611 2569/2557/2558
f 2584/2571/2572 2534/2530/2531 2626/2620/2621
f 2540/2602/2603 2556/2502/2503 2662/2501/2502
f 2496/2544/2545 2556/2502/2503 2553/2511/2512
f 2556/2502/2503 2500/2595/2596 2501/2503/2504
f 2511/2625/2626 2510/2582/2583 2675/2642/2643
f 2512/2513/2514 2548/2546/2547 2478/2475/2476
f 2563/2521/2522 2552/2565/2566 2551/2545/2546
f 2528/2643/2644 2526/2586/2587 2527/2538/2539
f 2509/2561/2562 2542/2514/2515 2566/2556/2557
f 2571/2559/2560 2641/2644/2645 2631/2626/2627
f 2567/2552/2553 2557/2551/2552 2577/2598/2599
f 2508/2508/2509 2600/2583/2584 2554/2510/2511
f 2539/2536/2537 2536/2645/2646 2502/2505/2506
f 2504/2499/2500 2621/2612/2613 2539/2536/2537
f 2504/2499/2500 2518/2524/2525 2621/2612/2613
f 2495/2607/2608 2640/2606/2607 2633/2628/2629
f 2563/2521/2522 2564/2593/2594 2552/2565/2566
f 2567/2552/2553 2564/2593/2594 2579/2632/2633
f 2574/2567/2568 2513/2581/2582 2525/2518/2519
f 2518/2524/2525 2575/2611/2612 2568/2543/2544
f 2593/2527/2528 2642/2646/2647 2570/2558/2559
f 2541/2532/2533 2533/2531/2532 2618/2569/2570
f 2599/2550/2551 2547/2549/2550 2560/2555/2556
f 2537/2533/2534 2628/2622/2623 2535/2585/2586
f 2543/2539/2540 2572/2474/2475 2440/2438/2439
f 2516/2516/2517 2577/2598/2599 2580/2597/2598
f 2516/2516/2517 2580/2597/2598 2643/2647/2648
f 2643/2647/2648 2638/2637/2638 2516/2516/2517
f 2561/2547/2548 2512/2513/2514 2586/2564/2565
f 2523/2537/2538 2582/2568/2569 2680/2520/2521
f 2634/2648/2649 2621/2612/2613 2605/2616/2617
f 2568/2543/2544 2604/2610/2611 2605/2616/2617
f 2565/2562/2563 2542/2514/2515 2509/2561/2562
f 2582/2568/2569 2579/2632/2633 2574/2567/2568
f 2496/2544/2545 2547/2549/2550 2544/2540/2541
f 2618/2569/2570 2593/2527/2528 2582/2568/2569
f 2522/2584/2585 2623/2617/2618 2608/2590/2591
f 2644/2649/2650 2645/2650/2651 2598/2580/2581
f 2575/2611/2612 2496/2544/2545 2568/2543/2544
f 2512/2513/2514 2573/2512/2513 2586/2564/2565
f 2547/2549/2550 2522/2584/2585 2609/2554/2555
f 2633/2628/2629 2601/2630/2631 2495/2607/2608
f 2582/2568/2569 2523/2537/2538 2541/2532/2533
f 2524/2596/2597 2582/2568/2569 2593/2527/2528
f 2589/2615/2616 2534/2530/2531 2541/2532/2533
f 2563/2521/2522 2551/2545/2546 2561/2547/2548
f 2529/2525/2526 2587/2573/2574 2531/2528/2529
f 2534/2530/2531 2589/2615/2616 2535/2585/2586
f 2587/2573/2574 2591/2575/2576 2625/2619/2620
f 2558/2553/2554 2559/2651/2652 2557/2551/2552
f 2533/2531/2532 2587/2573/2574 2529/2525/2526
f 2610/2589/2590 2477/2471/2472 2617/2605/2606
f 2534/2530/2531 2587/2573/2574 2533/2531/2532
f 2584/2571/2572 2583/2570/2571 2534/2530/2531
f 2498/2560/2561 2509/2561/2562 2566/2556/2557
f 2515/2522/2523 2563/2521/2522 2586/2564/2565
f 2495/2607/2608 2494/2639/2640 2562/2534/2535
f 2477/2471/2472 2566/2556/2557 2475/2469/2470
f 2595/2608/2609 2642/2646/2647 2593/2527/2528
f 2548/2546/2547 2551/2545/2546 2482/2481/2482
f 2576/2566/2567 2577/2598/2599 2514/2515/2516
f 2636/2635/2636 2650/2652/2653 2637/2504/2505
f 2739/2653/2654 2654/2654/2655 2648/2655/2656
f 2733/2656/2657 2677/2657/2658 2655/2658/2659
f 2670/2659/2660 2671/2660/2661 2672/2661/2662
f 2497/2500/2501 2501/2503/2504 2500/2595/2596
f 2682/2662/2663 2640/2606/2607 2528/2643/2644
f 2686/2663/2664 2654/2654/2655 2739/2653/2654
f 2677/2657/2658 2513/2581/2582 2511/2625/2626
f 2675/2642/2643 2677/2657/2658 2511/2625/2626
f 2506/2509/2510 2505/2603/2604 2693/2664/2665
f 2689/2665/2666 2691/2666/2667 2721/2667/2668
f 2507/2507/2508 2675/2642/2643 2510/2582/2583
f 2676/2668/2669 2507/2507/2508 2655/2658/2659
f 2519/2519/2520 2696/2669/2670 2681/2670/2671
f 2699/2671/2672 2697/2672/2673 2698/2673/2674
f 2697/2672/2673 2752/2674/2675 2701/2675/2676
f 2702/2676/2677 2733/2656/2657 2655/2658/2659
f 2526/2586/2587 2528/2643/2644 2640/2606/2607
f 2733/2656/2657 2702/2676/2677 2668/2677/2678
f 2700/2678/2679 2694/2679/2680 2640/2606/2607
f 2648/2655/2656 2768/2680/2681 2703/2681/2682
f 2709/2682/2683 2710/2683/2684 2672/2661/2662
f 2955/2684/2685 2712/2685/2686 2711/2686/2687
f 2653/2687/2688 2715/2688/2689 2670/2659/2660
f 2716/2689/2690 2715/2688/2689 2653/2687/2688
f 2704/2690/2691 2755/2691/2692 2667/2692/2693
f 2718/2693/2694 2719/2694/2695 2720/2695/2696
f 2719/2694/2695 2721/2667/2668 2720/2695/2696
f 2764/2696/2697 2723/2697/2698 2691/2666/2667
f 2739/2653/2654 2723/2697/2698 2890/2698/2699
f 2654/2654/2655 2730/2699/2700 2687/2700/2701
f 2506/2509/2510 2695/2701/2702 2655/2658/2659
f 2728/2702/2703 2729/2703/2704 2735/2704/2705
f 2793/2705/2706 2705/2706/2707 2736/2707/2708
f 2793/2705/2706 2651/2708/2709 2705/2706/2707
f 2728/2702/2703 2598/2580/2581 2597/2579/2580
f 2728/2702/2703 2644/2649/2650 2598/2580/2581
f 2741/2709/2710 2738/2710/2711 2742/2711/2712
f 2744/2712/2713 2745/2713/2714 2746/2714/2715
f 2745/2713/2714 2747/2715/2716 2746/2714/2715
f 2717/2716/2717 2683/2717/2718 2748/2718/2719
f 2683/2717/2718 2717/2716/2717 2689/2665/2666
f 2646/2719/2720 2728/2702/2703 2663/2720/2721
f 2814/2721/2722 2834/2722/2723 2652/2723/2724
f 2658/2724/2725 2737/2725/2726 2834/2722/2723
f 2752/2674/2675 2751/2726/2727 2749/2727/2728
f 2664/2728/2729 2755/2691/2692 2659/2729/2730
f 2678/2730/2731 2679/2731/2732 2734/2732/2733
f 2653/2687/2688 2656/2733/2734 2756/2734/2735
f 2757/2735/2736 2756/2734/2735 2656/2733/2734
f 2704/2690/2691 2659/2729/2730 2755/2691/2692
f 2661/2736/2737 2685/2737/2738 2497/2500/2501
f 2611/2594/2595 2661/2736/2737 2497/2500/2501
f 2685/2737/2738 2501/2503/2504 2497/2500/2501
f 2760/2738/2739 2761/2739/2740 2688/2740/2741
f 2689/2665/2666 2721/2667/2668 2688/2740/2741
f 2611/2594/2595 2497/2500/2501 2504/2499/2500
f 2701/2675/2676 2763/2741/2742 2762/2742/2743
f 2721/2667/2668 2691/2666/2667 2724/2743/2744
f 2722/2744/2745 2764/2696/2697 2714/2745/2746
f 2765/2746/2747 2766/2747/2748 2646/2719/2720
f 2707/2748/2749 2767/2749/2750 2765/2746/2747
f 2507/2507/2508 2676/2668/2669 2675/2642/2643
f 2768/2680/2681 2725/2750/2751 2703/2681/2682
f 2513/2581/2582 2519/2519/2520 2525/2518/2519
f 2655/2658/2659 2677/2657/2658 2676/2668/2669
f 2773/2751/2752 2774/2752/2753 2670/2659/2660
f 2724/2743/2744 2725/2750/2751 2749/2727/2728
f 2749/2727/2728 2747/2715/2716 2724/2743/2744
f 2648/2655/2656 2654/2654/2655 2667/2692/2693
f 2700/2678/2679 2682/2662/2663 2681/2670/2671
f 2749/2727/2728 2725/2750/2751 2657/2753/2754
f 2726/2754/2755 2657/2753/2754 2725/2750/2751
f 2730/2699/2700 2652/2723/2724 2687/2700/2701
f 2648/2655/2656 2691/2666/2667 2723/2697/2698
f 2775/2755/2756 2738/2710/2711 2656/2733/2734
f 2752/2674/2675 2697/2672/2673 2699/2671/2672
f 2775/2755/2756 2776/2756/2757 2738/2710/2711
f 2844/2757/2758 2656/2733/2734 2653/2687/2688
f 2670/2659/2660 2673/2758/2759 2671/2660/2661
f 2670/2659/2660 2674/2759/2760 2673/2758/2759
f 2740/2760/2761 2669/2761/2762 2679/2731/2732
f 2694/2679/2680 2603/2631/2632 2633/2628/2629
f 2689/2665/2666 2688/2740/2741 2683/2717/2718
f 2501/2503/2504 2692/2762/2763 2662/2501/2502
f 2728/2702/2703 2597/2579/2580 2603/2631/2632
f 2728/2702/2703 2778/2763/2764 2644/2649/2650
f 2779/2764/2765 2706/2765/2766 2672/2661/2662
f 2694/2679/2680 2700/2678/2679 2663/2720/2721
f 2655/2658/2659 2665/2766/2767 2702/2676/2677
f 2779/2764/2765 2780/2767/2768 2727/2768/2769
f 2679/2731/2732 2678/2730/2731 2740/2760/2761
f 2768/2680/2681 2648/2655/2656 2664/2728/2729
f 2688/2740/2741 2721/2667/2668 2719/2694/2695
f 2764/2696/2697 2689/2665/2666 2714/2745/2746
f 2784/2769/2770 2650/2652/2653 2785/2770/2771
f 2650/2652/2653 2784/2769/2770 2637/2504/2505
f 2704/2690/2691 2611/2594/2595 2637/2504/2505
f 2704/2690/2691 2661/2736/2737 2611/2594/2595
f 2664/2728/2729 2726/2754/2755 2768/2680/2681
f 2772/2771/2772 2745/2713/2714 2786/2772/2773
f 2724/2743/2744 2745/2713/2714 2772/2771/2772
f 2724/2743/2744 2747/2715/2716 2745/2713/2714
f 2787/2773/2774 2747/2715/2716 2750/2774/2775
f 2750/2774/2775 2747/2715/2716 2749/2727/2728
f 2758/2775/2776 2705/2706/2707 2663/2720/2721
f 2701/2675/2676 2788/2776/2777 2697/2672/2673
f 2762/2742/2743 2788/2776/2777 2701/2675/2676
f 2505/2603/2604 2540/2602/2603 2662/2501/2502
f 2758/2775/2776 2734/2732/2733 2736/2707/2708
f 2702/2676/2677 2665/2766/2767 2740/2760/2761
f 2519/2519/2520 2681/2670/2671 2680/2520/2521
f 2519/2519/2520 2513/2581/2582 2677/2657/2658
f 2776/2756/2757 2742/2711/2712 2738/2710/2711
f 2647/2777/2778 2730/2699/2700 2686/2663/2664
f 2666/2778/2779 2765/2746/2747 2646/2719/2720
f 2834/2722/2723 2692/2762/2763 2652/2723/2724
f 2646/2719/2720 2705/2706/2707 2708/2779/2780
f 2708/2779/2780 2666/2778/2779 2646/2719/2720
f 2708/2779/2780 2651/2708/2709 2653/2687/2688
f 2672/2661/2662 2671/2660/2661 2759/2780/2781
f 2733/2656/2657 2668/2677/2678 2696/2669/2670
f 2657/2753/2754 2701/2675/2676 2752/2674/2675
f 2657/2753/2754 2659/2729/2730 2701/2675/2676
f 2728/2702/2703 2603/2631/2632 2694/2679/2680
f 2790/2781/2782 2778/2763/2764 2728/2702/2703
f 2791/2782/2783 2731/2783/2784 2729/2703/2704
f 2791/2782/2783 2732/2784/2785 2731/2783/2784
f 2740/2760/2761 2665/2766/2767 2669/2761/2762
f 2661/2736/2737 2667/2692/2693 2685/2737/2738
f 2721/2667/2668 2771/2785/2786 2769/2786/2787
f 2721/2667/2668 2772/2771/2772 2771/2785/2786
f 2695/2701/2702 2506/2509/2510 2693/2664/2665
f 2733/2656/2657 2696/2669/2670 2519/2519/2520
f 2736/2707/2708 2705/2706/2707 2758/2775/2776
f 2656/2733/2734 2844/2757/2758 2775/2755/2756
f 2728/2702/2703 2694/2679/2680 2663/2720/2721
f 2653/2687/2688 2651/2708/2709 2844/2757/2758
f 2776/2756/2757 2775/2755/2756 2794/2787/2788
f 2646/2719/2720 2796/2788/2789 2781/2789/2790
f 2649/2790/2791 2637/2504/2505 2782/2791/2792
f 2704/2690/2691 2637/2504/2505 2649/2790/2791
f 2649/2790/2791 2753/2792/2793 2754/2793/2794
f 2659/2729/2730 2726/2754/2755 2664/2728/2729
f 2668/2677/2678 2702/2676/2677 2740/2760/2761
f 2706/2765/2766 2707/2748/2749 2666/2778/2779
f 2707/2748/2749 2779/2764/2765 2727/2768/2769
f 2710/2683/2684 2797/2794/2795 2779/2764/2765
f 2839/2795/2796 2679/2731/2732 2669/2761/2762
f 2681/2670/2671 2523/2537/2538 2680/2520/2521
f 2681/2670/2671 2527/2538/2539 2523/2537/2538
f 2676/2668/2669 2677/2657/2658 2675/2642/2643
f 2758/2775/2776 2663/2720/2721 2700/2678/2679
f 2799/2796/2797 2697/2672/2673 2788/2776/2777
f 2800/2797/2798 2760/2738/2739 2688/2740/2741
f 2750/2774/2775 2749/2727/2728 2751/2726/2727
f 2756/2734/2735 2801/2798/2799 2653/2687/2688
f 2955/2684/2685 2714/2745/2746 2712/2685/2686
f 2752/2674/2675 2749/2727/2728 2657/2753/2754
f 2739/2653/2654 2648/2655/2656 2723/2697/2698
f 2667/2692/2693 2664/2728/2729 2648/2655/2656
f 2890/2698/2699 2723/2697/2698 2875/2799/2800
f 2659/2729/2730 2657/2753/2754 2726/2754/2755
f 2655/2658/2659 2507/2507/2508 2506/2509/2510
f 2755/2691/2692 2664/2728/2729 2667/2692/2693
f 2651/2708/2709 2708/2779/2780 2705/2706/2707
f 2692/2762/2763 2834/2722/2723 2693/2664/2665
f 2700/2678/2679 2681/2670/2671 2696/2669/2670
f 2693/2664/2665 2834/2722/2723 2737/2725/2726
f 2734/2732/2733 2758/2775/2776 2678/2730/2731
f 2802/2800/2801 2790/2781/2782 2728/2702/2703
f 2660/2801/2802 2665/2766/2767 2695/2701/2702
f 2654/2654/2655 2685/2737/2738 2667/2692/2693
f 2654/2654/2655 2687/2700/2701 2685/2737/2738
f 2717/2716/2717 2714/2745/2746 2689/2665/2666
f 2731/2783/2784 2732/2784/2785 2803/2802/2803
f 2742/2711/2712 2776/2756/2757 2777/2803/2804
f 2652/2723/2724 2690/2804/2805 2687/2700/2701
f 2751/2726/2727 2699/2671/2672 2804/2805/2806
f 2752/2674/2675 2699/2671/2672 2751/2726/2727
f 2665/2766/2767 2655/2658/2659 2695/2701/2702
f 2659/2729/2730 2704/2690/2691 2649/2790/2791
f 2758/2775/2776 2700/2678/2679 2668/2677/2678
f 2708/2779/2780 2670/2659/2660 2672/2661/2662
f 2673/2758/2759 2807/2806/2807 2671/2660/2661
f 2782/2791/2792 2637/2504/2505 2784/2769/2770
f 2761/2739/2740 2684/2807/2808 2683/2717/2718
f 2761/2739/2740 2683/2717/2718 2688/2740/2741
f 2795/2808/2809 2763/2741/2742 2754/2793/2794
f 2693/2664/2665 2505/2603/2604 2692/2762/2763
f 2652/2723/2724 2692/2762/2763 2690/2804/2805
f 2668/2677/2678 2700/2678/2679 2696/2669/2670
f 2737/2725/2726 2660/2801/2802 2695/2701/2702
f 2665/2766/2767 2660/2801/2802 2669/2761/2762
f 2712/2685/2686 2789/2809/2810 2711/2686/2687
f 2721/2667/2668 2769/2786/2787 2720/2695/2696
f 2682/2662/2663 2528/2643/2644 2527/2538/2539
f 2724/2743/2744 2772/2771/2772 2721/2667/2668
f 2712/2685/2686 2792/2810/2811 2713/2811/2812
f 2712/2685/2686 2717/2716/2717 2792/2810/2811
f 2717/2716/2717 2712/2685/2686 2714/2745/2746
f 2682/2662/2663 2527/2538/2539 2681/2670/2671
f 2733/2656/2657 2519/2519/2520 2677/2657/2658
f 2653/2687/2688 2670/2659/2660 2708/2779/2780
f 2706/2765/2766 2779/2764/2765 2707/2748/2749
f 2715/2688/2689 2773/2751/2752 2670/2659/2660
f 2672/2661/2662 2710/2683/2684 2779/2764/2765
f 2700/2678/2679 2640/2606/2607 2682/2662/2663
f 2659/2729/2730 2763/2741/2742 2701/2675/2676
f 2649/2790/2791 2763/2741/2742 2659/2729/2730
f 2705/2706/2707 2646/2719/2720 2663/2720/2721
f 2708/2779/2780 2706/2765/2766 2666/2778/2779
f 2708/2779/2780 2672/2661/2662 2706/2765/2766
f 2661/2736/2737 2704/2690/2691 2667/2692/2693
f 2758/2775/2776 2668/2677/2678 2678/2730/2731
f 2658/2724/2725 2660/2801/2802 2737/2725/2726
f 2737/2725/2726 2695/2701/2702 2693/2664/2665
f 2694/2679/2680 2633/2628/2629 2640/2606/2607
f 2692/2762/2763 2505/2603/2604 2662/2501/2502
f 2707/2748/2749 2765/2746/2747 2666/2778/2779
f 2730/2699/2700 2647/2777/2778 2652/2723/2724
f 2683/2717/2718 2798/2812/2813 2748/2718/2719
f 2691/2666/2667 2703/2681/2682 2724/2743/2744
f 2646/2719/2720 2729/2703/2704 2728/2702/2703
f 2646/2719/2720 2791/2782/2783 2729/2703/2704
f 2771/2785/2786 2770/2813/2814 2769/2786/2787
f 2646/2719/2720 2781/2789/2790 2791/2782/2783
f 2781/2789/2790 2805/2814/2815 2791/2782/2783
f 2808/2815/2816 2771/2785/2786 2772/2771/2772
f 2703/2681/2682 2725/2750/2751 2724/2743/2744
f 2783/2816/2817 2782/2791/2792 2784/2769/2770
f 2768/2680/2681 2726/2754/2755 2725/2750/2751
f 2687/2700/2701 2690/2804/2805 2685/2737/2738
f 2722/2744/2745 2723/2697/2698 2764/2696/2697
f 2730/2699/2700 2654/2654/2655 2686/2663/2664
f 2649/2790/2791 2782/2791/2792 2753/2792/2793
f 2649/2790/2791 2754/2793/2794 2763/2741/2742
f 2774/2752/2753 2743/2817/2818 2670/2659/2660
f 2678/2730/2731 2668/2677/2678 2740/2760/2761
f 2501/2503/2504 2685/2737/2738 2690/2804/2805
f 2501/2503/2504 2690/2804/2805 2692/2762/2763
f 2764/2696/2697 2691/2666/2667 2689/2665/2666
f 2691/2666/2667 2648/2655/2656 2703/2681/2682
f 2858/2818/2819 2815/2819/2820 2814/2721/2722
f 2818/2820/2821 2820/2821/2822 2819/2822/2823
f 2810/2823/2824 2835/2824/2825 2815/2819/2820
f 2723/2697/2698 2722/2744/2745 2875/2799/2800
f 2835/2824/2825 2822/2825/2826 2815/2819/2820
f 2826/2826/2827 2660/2801/2802 2658/2724/2725
f 2841/2827/2828 2842/2828/2829 2843/2829/2830
f 2827/2830/2831 2824/2831/2832 2846/2832/2833
f 2847/2833/2834 2775/2755/2756 2848/2834/2835
f 2849/2835/2836 2850/2836/2837 2848/2834/2835
f 2850/2836/2837 2849/2835/2836 2851/2837/2838
f 2853/2838/2839 2854/2839/2840 2855/2840/2841
f 2860/2841/2842 2862/2842/2843 2859/2843/2844
f 3051/2844/2845 2810/2823/2824 2858/2818/2819
f 2868/2845/2846 2866/2846/2847 2869/2847/2848
f 2871/2848/2849 2870/2849/2850 2868/2845/2846
f 2876/2850/2851 2877/2851/2852 2878/2852/2853
f 2886/2853/2854 2880/2854/2855 2857/2855/2856
f 2817/2856/2857 3009/2857/2858 2887/2858/2859
f 2840/2859/2860 2857/2855/2856 2880/2854/2855
f 2825/2860/2861 2909/2861/2862 2883/2862/2863
f 2884/2863/2864 2885/2864/2865 2883/2862/2863
f 2886/2853/2854 2817/2856/2857 2887/2858/2859
f 2825/2860/2861 2863/2865/2866 2886/2853/2854
f 2886/2853/2854 2887/2858/2859 2825/2860/2861
f 2894/2866/2867 2833/2867/2868 2892/2868/2869
f 2845/2869/2870 2651/2708/2709 2793/2705/2706
f 2870/2849/2850 2893/2870/2871 2845/2869/2870
f 2895/2871/2872 2794/2787/2788 2847/2833/2834
f 2821/2872/2873 2897/2873/2874 2898/2874/2875
f 2917/2875/2876 2722/2744/2745 2832/2876/2877
f 3005/2877/2878 2881/2878/2879 2879/2879/2880
f 2903/2880/2881 2904/2881/2882 2905/2882/2883
f 2845/2869/2870 2844/2757/2758 2651/2708/2709
f 2895/2871/2872 2910/2883/2884 2794/2787/2788
f 2937/2884/2885 2913/2885/2886 2912/2886/2887
f 2829/2887/2888 2916/2888/2889 2889/2889/2890
f 2919/2890/2891 2920/2891/2892 2883/2862/2863
f 2821/2872/2873 2914/2892/2893 2921/2893/2894
f 2821/2872/2873 2922/2894/2895 2923/2895/2896
f 2924/2896/2897 2925/2897/2898 2923/2895/2896
f 2927/2898/2899 2928/2899/2900 2929/2900/2901
f 2820/2821/2822 2930/2901/2902 2915/2902/2903
f 2907/2903/2904 2816/2904/2905 2906/2905/2906
f 2913/2885/2886 2832/2876/2877 2928/2899/2900
f 2839/2795/2796 2840/2859/2860 2679/2731/2732
f 2934/2906/2907 2938/2907/2908 2894/2866/2867
f 2846/2832/2833 2824/2831/2832 2823/2908/2909
f 2941/2909/2910 2830/2910/2911 2942/2911/2912
f 2844/2757/2758 2943/2912/2913 2775/2755/2756
f 2775/2755/2756 2943/2912/2913 2905/2882/2883
f 2775/2755/2756 2944/2913/2914 2945/2914/2915
f 2822/2825/2826 2837/2915/2916 2826/2826/2827
f 2824/2831/2832 2809/2916/2917 2812/2917/2918
f 2832/2876/2877 2722/2744/2745 2714/2745/2746
f 2815/2819/2820 2658/2724/2725 2834/2722/2723
f 2815/2819/2820 2826/2826/2827 2658/2724/2725
f 2839/2795/2796 2669/2761/2762 2660/2801/2802
f 2865/2918/2919 2858/2818/2819 2813/2919/2920
f 2822/2825/2826 2835/2824/2825 2811/2920/2921
f 2825/2860/2861 2887/2858/2859 3009/2857/2858
f 2883/2862/2863 2829/2887/2888 2866/2846/2847
f 2831/2921/2922 2947/2922/2923 2830/2910/2911
f 2894/2866/2867 2830/2910/2911 2833/2867/2868
f 2948/2923/2924 2938/2907/2908 2949/2924/2925
f 2894/2866/2867 2918/2925/2926 2830/2910/2911
f 2838/2926/2927 2894/2866/2867 2842/2828/2829
f 2812/2917/2918 2828/2927/2928 2823/2908/2909
f 2828/2927/2928 2686/2663/2664 2739/2653/2654
f 2821/2872/2873 2856/2928/2929 2820/2821/2822
f 2820/2821/2822 2856/2928/2929 2950/2929/2930
f 2652/2723/2724 2806/2930/2931 2814/2721/2722
f 2853/2838/2839 2951/2931/2932 2854/2839/2840
f 2864/2932/2933 2859/2843/2844 2862/2842/2843
f 2877/2851/2852 2894/2866/2867 2878/2852/2853
f 2861/2933/2934 2809/2916/2917 2859/2843/2844
f 3051/2844/2845 2858/2818/2819 2865/2918/2919
f 2900/2934/2935 2899/2935/2936 2863/2865/2866
f 2836/2936/2937 2823/2908/2909 2890/2698/2699
f 2893/2870/2871 2870/2849/2850 2882/2937/2938
f 2813/2919/2920 2814/2721/2722 2806/2930/2931
f 2821/2872/2873 2953/2938/2939 2954/2939/2940
f 2825/2860/2861 3009/2857/2858 2909/2861/2862
f 2890/2698/2699 2875/2799/2800 2836/2936/2937
f 2956/2940/2941 2894/2866/2867 2892/2868/2869
f 2734/2732/2733 2679/2731/2732 2840/2859/2860
f 2893/2870/2871 2957/2941/2942 2845/2869/2870
f 2866/2846/2847 2868/2845/2846 2845/2869/2870
f 3005/2877/2878 3006/2942/2943 2881/2878/2879
f 3006/2942/2943 2906/2905/2906 2816/2904/2905
f 2908/2943/2944 2901/2944/2945 2959/2945/2946
f 2909/2861/2862 2958/2946/2947 2960/2947/2948
f 2901/2944/2945 2921/2893/2894 2914/2892/2893
f 2961/2948/2949 2922/2894/2895 2921/2893/2894
f 2962/2949/2950 2926/2950/2951 2925/2897/2898
f 2964/2951/2952 2928/2899/2900 2927/2898/2899
f 2897/2873/2874 2955/2684/2685 2965/2952/2953
f 2852/2953/2954 2827/2830/2831 2846/2832/2833
f 2928/2899/2900 2966/2954/2955 2967/2955/2956
f 2816/2904/2905 2907/2903/2904 2817/2856/2857
f 2928/2899/2900 2821/2872/2873 2926/2950/2951
f 2889/2889/2890 2866/2846/2847 2829/2887/2888
f 2835/2824/2825 2810/2823/2824 2811/2920/2921
f 2883/2862/2863 2933/2956/2957 2919/2890/2891
f 2857/2855/2856 2840/2859/2860 2839/2795/2796
f 2840/2859/2860 2880/2854/2855 2734/2732/2733
f 2825/2860/2861 2793/2705/2706 2900/2934/2935
f 2932/2957/2958 2968/2958/2959 2933/2956/2957
f 2939/2959/2960 2830/2910/2911 2937/2884/2885
f 2970/2960/2961 2944/2913/2914 2775/2755/2756
f 2861/2933/2934 2812/2917/2918 2809/2916/2917
f 2861/2933/2934 2813/2919/2920 2812/2917/2918
f 2939/2959/2960 2971/2961/2962 2942/2911/2912
f 2815/2819/2820 2858/2818/2819 2810/2823/2824
f 2858/2818/2819 2814/2721/2722 2813/2919/2920
f 2824/2831/2832 2827/2830/2831 2809/2916/2917
f 2900/2934/2935 2793/2705/2706 2736/2707/2708
f 2865/2918/2919 2813/2919/2920 2861/2933/2934
f 2852/2953/2954 2846/2832/2833 2877/2851/2852
f 2849/2835/2836 2848/2834/2835 2775/2755/2756
f 2824/2831/2832 2812/2917/2918 2823/2908/2909
f 2890/2698/2699 2828/2927/2928 2739/2653/2654
f 2820/2821/2822 2950/2929/2930 2973/2962/2963
f 2806/2930/2931 2652/2723/2724 2647/2777/2778
f 2815/2819/2820 2822/2825/2826 2826/2826/2827
f 2951/2931/2932 2974/2963/2964 2854/2839/2840
f 2825/2860/2861 2883/2862/2863 2866/2846/2847
f 2833/2867/2868 2830/2910/2911 2947/2922/2923
f 2829/2887/2888 2883/2862/2863 2946/2964/2965
f 3053/2965/2966 2811/2920/2921 2810/2823/2824
f 2857/2855/2856 2816/2904/2905 2886/2853/2854
f 2976/2966/2967 2871/2848/2849 2868/2845/2846
f 2873/2967/2968 2871/2848/2849 2976/2966/2967
f 2863/2865/2866 2825/2860/2861 2900/2934/2935
f 2866/2846/2847 2793/2705/2706 2825/2860/2861
f 2977/2968/2969 2854/2839/2840 2877/2851/2852
f 2878/2852/2853 2894/2866/2867 2978/2969/2970
f 2854/2839/2840 2852/2953/2954 2877/2851/2852
f 2845/2869/2870 2868/2845/2846 2870/2849/2850
f 2869/2847/2848 2866/2846/2847 2891/2970/2971
f 2865/2918/2919 2861/2933/2934 2864/2932/2933
f 2867/2971/2972 2865/2918/2919 2864/2932/2933
f 2928/2899/2900 2955/2684/2685 2821/2872/2873
f 2837/2915/2916 2839/2795/2796 2660/2801/2802
f 2879/2879/2880 2837/2915/2916 2822/2825/2826
f 2917/2875/2876 2836/2936/2937 2875/2799/2800
f 2874/2972/2973 2822/2825/2826 2811/2920/2921
f 2866/2846/2847 2889/2889/2890 2888/2973/2974
f 2828/2927/2928 2890/2698/2699 2823/2908/2909
f 3011/2974/2975 2907/2903/2904 2906/2905/2906
f 2896/2975/2976 2979/2976/2977 2895/2871/2872
f 2934/2906/2907 2894/2866/2867 2956/2940/2941
f 2936/2977/2978 2912/2886/2887 2911/2978/2979
f 2912/2886/2887 2936/2977/2978 2937/2884/2885
f 2980/2979/2980 2915/2902/2903 2930/2901/2902
f 2966/2954/2955 2928/2899/2900 2964/2951/2952
f 2982/2980/2981 2912/2886/2887 2967/2955/2956
f 2923/2895/2896 2926/2950/2951 2821/2872/2873
f 2830/2910/2911 2917/2875/2876 2832/2876/2877
f 2967/2955/2956 2912/2886/2887 2928/2899/2900
f 2912/2886/2887 2913/2885/2886 2928/2899/2900
f 2918/2925/2926 2836/2936/2937 2917/2875/2876
f 2734/2732/2733 2880/2854/2855 2899/2935/2936
f 2736/2707/2708 2899/2935/2936 2900/2934/2935
f 2983/2981/2982 2844/2757/2758 2845/2869/2870
f 3006/2942/2943 2816/2904/2905 2881/2878/2879
f 2939/2959/2960 2937/2884/2885 2969/2982/2983
f 2942/2911/2912 2830/2910/2911 2939/2959/2960
f 2918/2925/2926 2894/2866/2867 2877/2851/2852
f 2984/2983/2984 2775/2755/2756 2905/2882/2883
f 2775/2755/2756 2984/2983/2984 2985/2984/2985
f 2881/2878/2879 2837/2915/2916 2879/2879/2880
f 2827/2830/2831 2860/2841/2842 2859/2843/2844
f 2915/2902/2903 2821/2872/2873 2820/2821/2822
f 2932/2957/2958 2883/2862/2863 2909/2861/2862
f 2883/2862/2863 2932/2957/2958 2933/2956/2957
f 2931/2985/2986 2955/2684/2685 2711/2686/2687
f 2823/2908/2909 2836/2936/2937 2846/2832/2833
f 2714/2745/2746 2955/2684/2685 2832/2876/2877
f 2971/2961/2962 2986/2986/2987 2942/2911/2912
f 2987/2987/2988 2830/2910/2911 2941/2909/2910
f 2899/2935/2936 2736/2707/2708 2734/2732/2733
f 2837/2915/2916 2660/2801/2802 2826/2826/2827
f 2945/2914/2915 2849/2835/2836 2775/2755/2756
f 2988/2988/2989 2934/2906/2907 2935/2989/2990
f 2849/2835/2836 2989/2990/2991 2972/2991/2992
f 2949/2924/2925 2934/2906/2907 2988/2988/2989
f 2949/2924/2925 2938/2907/2908 2934/2906/2907
f 2842/2828/2829 2894/2866/2867 2938/2907/2908
f 2828/2927/2928 2647/2777/2778 2686/2663/2664
f 2859/2843/2844 2809/2916/2917 2827/2830/2831
f 2820/2821/2822 2973/2962/2963 2819/2822/2823
f 2974/2963/2964 2852/2953/2954 2854/2839/2840
f 2975/2992/2993 2852/2953/2954 2974/2963/2964
f 2990/2993/2994 2852/2953/2954 2975/2992/2993
f 3053/2965/2966 2810/2823/2824 3051/2844/2845
f 2811/2920/2921 3053/2965/2966 2874/2972/2973
f 2837/2915/2916 2857/2855/2856 2839/2795/2796
f 2841/2827/2828 2838/2926/2927 2842/2828/2829
f 2992/2994/2995 2838/2926/2927 2841/2827/2828
f 2993/2995/2996 2894/2866/2867 2838/2926/2927
f 2978/2969/2970 2894/2866/2867 2993/2995/2996
f 2886/2853/2854 2863/2865/2866 2899/2935/2936
f 2868/2845/2846 2869/2847/2848 2952/2996/2997
f 2946/2964/2965 2883/2862/2863 2885/2864/2865
f 2954/2939/2940 2856/2928/2929 2821/2872/2873
f 2994/2997/2998 2892/2868/2869 2833/2867/2868
f 2871/2848/2849 2872/2998/2999 2870/2849/2850
f 2794/2787/2788 2775/2755/2756 2847/2833/2834
f 2886/2853/2854 2899/2935/2936 2880/2854/2855
f 2881/2878/2879 2857/2855/2856 2837/2915/2916
f 2813/2919/2920 2806/2930/2931 2812/2917/2918
f 2832/2876/2877 2955/2684/2685 2928/2899/2900
f 2722/2744/2745 2917/2875/2876 2875/2799/2800
f 2888/2973/2974 2891/2970/2971 2866/2846/2847
f 2859/2843/2844 2864/2932/2933 2861/2933/2934
f 2867/2971/2972 3051/2844/2845 2865/2918/2919
f 2877/2851/2852 2846/2832/2833 2918/2925/2926
f 2881/2878/2879 2816/2904/2905 2857/2855/2856
f 2817/2856/2857 2886/2853/2854 2816/2904/2905
f 2806/2930/2931 2647/2777/2778 2812/2917/2918
f 2895/2871/2872 2847/2833/2834 2896/2975/2976
f 2879/2879/2880 2822/2825/2826 2874/2972/2973
f 2821/2872/2873 2955/2684/2685 2897/2873/2874
f 2995/2999/3000 2914/2892/2893 2915/2902/2903
f 2902/3000/3001 2901/2944/2945 2914/2892/2893
f 2907/2903/2904 3009/2857/2858 2817/2856/2857
f 2908/2943/2944 2921/2893/2894 2901/2944/2945
f 2982/2980/2981 2967/2955/2956 2981/3001/3002
f 2830/2910/2911 2913/2885/2886 2937/2884/2885
f 2921/2893/2894 2922/2894/2895 2821/2872/2873
f 2918/2925/2926 2917/2875/2876 2830/2910/2911
f 2926/2950/2951 2923/2895/2896 2925/2897/2898
f 2830/2910/2911 2832/2876/2877 2913/2885/2886
f 2963/3002/3003 2928/2899/2900 2926/2950/2951
f 2928/2899/2900 2963/3002/3003 2929/2900/2901
f 2996/3003/3004 2983/2981/2982 2845/2869/2870
f 2943/2912/2913 2844/2757/2758 2997/3004/3005
f 2793/2705/2706 2866/2846/2847 2845/2869/2870
f 2903/2880/2881 2905/2882/2883 2943/2912/2913
f 2998/3005/3006 2984/2983/2984 2905/2882/2883
f 2940/3006/3007 2939/2959/2960 2969/2982/2983
f 2914/2892/2893 2821/2872/2873 2915/2902/2903
f 2930/2901/2902 2820/2821/2822 2999/3007/3008
f 2965/2952/2953 2955/2684/2685 2931/2985/2986
f 2812/2917/2918 2647/2777/2778 2828/2927/2928
f 2836/2936/2937 2918/2925/2926 2846/2832/2833
f 2814/2721/2722 2815/2819/2820 2834/2722/2723
f 2852/2953/2954 2860/2841/2842 2827/2830/2831
f 3000/3008/3009 2849/2835/2836 2945/2914/2915
f 2849/2835/2836 3000/3008/3009 3001/3009/3010
f 2849/2835/2836 3001/3009/3010 2989/2990/2991
f 3032/3010/3011 3040/3011/3012 3003/3012/3013
f 3042/3013/3014 3017/3014/3015 3018/3015/3016
f 3021/3016/3017 3016/3017/3018 3014/3018/3019
f 3053/2965/2966 3008/3019/3020 3022/3020/3021
f 3023/3021/3022 3019/3022/3023 3017/3014/3015
f 3024/3023/3024 3019/3022/3023 3023/3021/3022
f 3014/3018/3019 3005/2877/2878 3015/3024/3025
f 3005/2877/2878 3014/3018/3019 3016/3017/3018
f 3018/3015/3016 3017/3014/3015 3011/2974/2975
f 3011/2974/2975 3019/3022/3023 3027/3025/3026
f 3033/3026/3027 2852/2953/2954 2990/2993/2994
f 3034/3027/3028 2852/2953/2954 2991/3028/3029
f 2860/2841/2842 2852/2953/2954 3034/3027/3028
f 3060/3029/3030 3010/3030/3031 3008/3019/3020
f 3054/3031/3032 2864/2932/2933 2862/2842/2843
f 3005/2877/2878 2879/2879/2880 3002/3032/3033
f 3036/3033/3034 3037/3034/3035 3012/3035/3036
f 3043/3036/3037 3044/3037/3038 3042/3013/3014
f 3073/3038/3039 3050/3039/3040 3095/3040/3041
f 3099/3041/3042 3052/3042/3043 3051/2844/2845
f 3055/3043/3044 3054/3031/3032 3048/3044/3045
f 3095/3040/3041 2864/2932/2933 3055/3043/3044
f 3049/3045/3046 3055/3043/3044 3056/3046/3047
f 3056/3046/3047 3057/3047/3048 3049/3045/3046
f 3059/3048/3049 3060/3029/3030 3061/3049/3050
f 3012/3035/3036 2958/2946/2947 2909/2861/2862
f 3067/3050/3051 3068/3051/3052 3070/3052/3053
f 3068/3051/3052 3069/3053/3054 3070/3052/3053
f 3068/3051/3052 3071/3054/3055 3069/3053/3054
f 3051/2844/2845 3050/3039/3040 3099/3041/3042
f 3062/3055/3056 3060/3029/3030 3063/3056/3057
f 3062/3055/3056 3076/3057/3058 3060/3029/3030
f 3077/3058/3059 3047/3059/3060 3078/3060/3061
f 3079/3061/3062 3077/3058/3059 3078/3060/3061
f 3080/3062/3063 3081/3063/3064 3082/3064/3065
f 3014/3018/3019 3084/3065/3066 3083/3066/3067
f 3014/3018/3019 3083/3066/3067 3085/3067/3068
f 3085/3067/3068 3086/3068/3069 3014/3018/3019
f 3058/3069/3070 3008/3019/3020 3052/3042/3043
f 3087/3070/3071 3041/3071/3072 3045/3072/3073
f 3090/3073/3074 3003/3012/3013 3073/3038/3039
f 3091/3074/3075 3092/3075/3076 3093/3076/3077
f 3094/3077/3078 3095/3040/3041 3096/3078/3079
f 3100/3079/3080 3101/3080/3081 3093/3076/3077
f 3073/3038/3039 3095/3040/3041 3070/3052/3053
f 3104/3081/3082 3003/3012/3013 3102/3082/3083
f 3105/3083/3084 3106/3084/3085 3095/3040/3041
f 2864/2932/2933 3095/3040/3041 2867/2971/2972
f 3104/3081/3082 3108/3085/3086 3003/3012/3013
f 3040/3011/3012 3058/3069/3070 3003/3012/3013
f 3012/3035/3036 3109/3086/3087 3110/3087/3088
f 3015/3024/3025 3005/2877/2878 3002/3032/3033
f 3007/3088/3089 3005/2877/2878 3016/3017/3018
f 3013/3089/3090 3012/3035/3036 3011/2974/2975
f 3113/3090/3091 2975/2992/2993 2974/2963/2964
f 3114/3091/3092 3033/3026/3027 2990/2993/2994
f 3013/3089/3090 3011/2974/2975 3027/3025/3026
f 3013/3089/3090 3026/3092/3093 3012/3035/3036
f 3116/3093/3094 3029/3094/3095 3027/3025/3026
f 3029/3094/3095 3116/3093/3094 3117/3095/3096
f 3010/3030/3031 3015/3024/3025 3022/3020/3021
f 3041/3071/3072 3021/3016/3017 3014/3018/3019
f 3018/3015/3016 3007/3088/3089 3016/3017/3018
f 3042/3013/3014 3118/3096/3097 3017/3014/3015
f 3058/3069/3070 3060/3029/3030 3008/3019/3020
f 3058/3069/3070 3061/3049/3050 3060/3029/3030
f 3046/3097/3098 3120/3098/3099 3047/3059/3060
f 3002/3032/3033 2879/2879/2880 2874/2972/2973
f 3121/3099/3100 3063/3056/3057 3060/3029/3030
f 3063/3056/3057 3121/3099/3100 3122/3100/3101
f 2958/2946/2947 3012/3035/3036 3037/3034/3035
f 3052/3042/3043 3053/2965/2966 3051/2844/2845
f 3072/3101/3102 3089/3102/3103 3073/3038/3039
f 3073/3038/3039 3070/3052/3053 3069/3053/3054
f 3053/2965/2966 3052/3042/3043 3008/3019/3020
f 3099/3041/3042 3073/3038/3039 3003/3012/3013
f 3084/3065/3066 3014/3018/3019 3124/3103/3104
f 3125/3104/3105 3086/3068/3069 3085/3067/3068
f 3126/3105/3106 3045/3072/3073 3086/3068/3069
f 3045/3072/3073 3127/3106/3107 3087/3070/3071
f 3128/3107/3108 3021/3016/3017 3088/3108/3109
f 3003/3012/3013 3090/3073/3074 3102/3082/3083
f 3081/3063/3064 3046/3097/3098 3047/3059/3060
f 3129/3109/3110 3097/3110/3111 3046/3097/3098
f 3130/3111/3112 3054/3031/3032 2862/2842/2843
f 3050/3039/3040 2867/2971/2972 3095/3040/3041
f 3050/3039/3040 3051/2844/2845 2867/2971/2972
f 3100/3079/3080 3106/3084/3085 3131/3112/3113
f 3132/3113/3114 3102/3082/3083 3090/3073/3074
f 3106/3084/3085 3100/3079/3080 3095/3040/3041
f 3050/3039/3040 3073/3038/3039 3099/3041/3042
f 3002/3032/3033 2874/2972/2973 3053/2965/2966
f 3011/2974/2975 3012/3035/3036 3009/2857/2858
f 3025/3114/3115 3133/3115/3116 3134/3116/3117
f 3005/2877/2878 3007/3088/3089 3006/2942/2943
f 3010/3030/3031 3022/3020/3021 3008/3019/3020
f 3113/3090/3091 2974/2963/2964 3028/3117/3118
f 3136/3118/3119 2975/2992/2993 3113/3090/3091
f 3108/3085/3086 3111/3119/3120 3135/3120/3121
f 3014/3018/3019 3015/3024/3025 3010/3030/3031
f 3034/3027/3028 3115/3121/3122 2860/2841/2842
f 3034/3027/3028 3137/3122/3123 3115/3121/3122
f 3138/3123/3124 2860/2841/2842 3115/3121/3122
f 3139/3124/3125 3112/3125/3126 3025/3114/3115
f 3019/3022/3023 3011/2974/2975 3017/3014/3015
f 3019/3022/3023 3020/3126/3127 3027/3025/3026
f 3016/3017/3018 3021/3016/3017 3018/3015/3016
f 3022/3020/3021 3015/3024/3025 3002/3032/3033
f 3018/3015/3016 2906/2905/2906 3007/3088/3089
f 3035/3127/3128 3026/3092/3093 3013/3089/3090
f 3042/3013/3014 3018/3015/3016 3021/3016/3017
f 3010/3030/3031 3038/3128/3129 3014/3018/3019
f 3039/3129/3130 3003/3012/3013 3031/3130/3131
f 3039/3129/3130 3032/3010/3011 3003/3012/3013
f 3029/3094/3095 3013/3089/3090 3027/3025/3026
f 3029/3094/3095 3140/3131/3132 3013/3089/3090
f 3047/3059/3060 3042/3013/3014 3021/3016/3017
f 3076/3057/3058 3038/3128/3129 3010/3030/3031
f 3141/3132/3133 3038/3128/3129 3064/3133/3134
f 3047/3059/3060 3043/3036/3037 3042/3013/3014
f 3065/3134/3135 2958/2946/2947 3037/3034/3035
f 3055/3043/3044 3048/3044/3045 3119/3135/3136
f 3055/3043/3044 3049/3045/3046 3095/3040/3041
f 3060/3029/3030 3076/3057/3058 3010/3030/3031
f 3075/3136/3137 3021/3016/3017 3041/3071/3072
f 3095/3040/3041 3094/3077/3078 3142/3137/3138
f 3143/3138/3139 3093/3076/3077 3101/3080/3081
f 3144/3139/3140 3068/3051/3052 3067/3050/3051
f 3123/3140/3141 3069/3053/3054 3071/3054/3055
f 3145/3141/3142 3054/3031/3032 3130/3111/3112
f 3095/3040/3041 3049/3045/3046 3105/3083/3084
f 3084/3065/3066 3124/3103/3104 3146/3142/3143
f 3148/3143/3144 3075/3136/3137 3041/3071/3072
f 3056/3046/3047 3149/3144/3145 3057/3047/3048
f 3021/3016/3017 3150/3145/3146 3088/3108/3109
f 3151/3146/3147 3021/3016/3017 3128/3107/3108
f 3047/3059/3060 3021/3016/3017 3078/3060/3061
f 3046/3097/3098 3081/3063/3064 3152/3147/3148
f 3152/3147/3148 3129/3109/3110 3046/3097/3098
f 3073/3038/3039 3089/3102/3103 3090/3073/3074
f 3102/3082/3083 3107/3148/3149 3104/3081/3082
f 3007/3088/3089 2906/2905/2906 3006/2942/2943
f 3040/3011/3012 3032/3010/3011 3153/3149/3150
f 3012/3035/3036 3025/3114/3115 3134/3116/3117
f 3134/3116/3117 3109/3086/3087 3012/3035/3036
f 3111/3119/3120 3108/3085/3086 3104/3081/3082
f 3004/3150/3151 3003/3012/3013 3108/3085/3086
f 2862/2842/2843 2860/2841/2842 3138/3123/3124
f 3036/3033/3034 3012/3035/3036 3110/3087/3088
f 3030/3151/3152 3004/3150/3151 3108/3085/3086
f 3003/3012/3013 3004/3150/3151 3031/3130/3131
f 3026/3092/3093 3025/3114/3115 3012/3035/3036
f 3026/3092/3093 3139/3124/3125 3025/3114/3115
f 3018/3015/3016 3011/2974/2975 2906/2905/2906
f 3040/3011/3012 3154/3152/3153 3058/3069/3070
f 3009/2857/2858 2907/2903/2904 3011/2974/2975
f 2909/2861/2862 3009/2857/2858 3012/3035/3036
f 3045/3072/3073 3041/3071/3072 3014/3018/3019
f 3119/3135/3136 3056/3046/3047 3055/3043/3044
f 3056/3046/3047 3119/3135/3136 3155/3153/3154
f 3038/3128/3129 3124/3103/3104 3014/3018/3019
f 3014/3018/3019 3086/3068/3069 3045/3072/3073
f 3064/3133/3134 3038/3128/3129 3076/3057/3058
f 3038/3128/3129 3066/3154/3155 3124/3103/3104
f 3092/3075/3076 3095/3040/3041 3093/3076/3077
f 3095/3040/3041 3092/3075/3076 3096/3078/3079
f 3070/3052/3053 3095/3040/3041 3142/3137/3138
f 3087/3070/3071 3147/3155/3156 3041/3071/3072
f 3072/3101/3102 3073/3038/3039 3069/3053/3054
f 3021/3016/3017 3075/3136/3137 3074/3156/3157
f 3074/3156/3157 3150/3145/3146 3021/3016/3017
f 3151/3146/3147 3128/3107/3108 3156/3157/3158
f 3151/3146/3147 3078/3060/3061 3021/3016/3017
f 3058/3069/3070 3052/3042/3043 3003/3012/3013
f 3082/3064/3065 3047/3059/3060 3077/3058/3059
f 3082/3064/3065 3081/3063/3064 3047/3059/3060
f 3098/3158/3159 3049/3045/3046 3057/3047/3048
f 3157/3159/3160 3123/3140/3141 3071/3054/3055
f 3158/3160/3161 3072/3101/3102 3069/3053/3054
f 3105/3161/3162 3159/3162/3163 3160/3163/3164
f 3103/3164/3165 3090/3073/3074 3089/3102/3103
f 3161/3165/3166 3103/3164/3165 3089/3102/3103
f 3093/3076/3077 3095/3040/3041 3100/3079/3080
f 3022/3020/3021 3002/3032/3033 3053/2965/2966
f 3003/3012/3013 3052/3042/3043 3099/3041/3042
f 3162/3166/3167 2862/2842/2843 3138/3123/3124
f 3055/3043/3044 2864/2932/2933 3054/3031/3032
f 3040/3011/3012 3153/3149/3150 3163/3167/3168
f 3164/3168/3169 3165/3169/3170 3040/3011/3012
f 3040/3011/3012 3165/3169/3170 3154/3152/3153
f 3167/3170/3171 3168/3171/3172 3166/3172/3173
f 3058/3069/3070 3154/3152/3153 3166/3172/3173
f 3170/3173/3174 3154/3152/3153 3165/3169/3170
f 3171/3174/3175 3172/3175/3176 3173/3176/3177
f 3174/3177/3178 3175/3178/3179 3172/3175/3176
f 3040/3011/3012 3175/3178/3179 3164/3168/3169
f 3166/3172/3173 3168/3171/3172 3058/3069/3070
f 3168/3171/3172 3061/3049/3050 3058/3069/3070
f 3169/3179/3180 3061/3049/3050 3168/3171/3172
f 3040/3011/3012 3163/3167/3168 3176/3180/3181
f 3040/3011/3012 3176/3180/3181 3172/3175/3176
f 3176/3180/3181 3173/3176/3177 3172/3175/3176
f 3166/3172/3173 3177/3181/3182 3167/3170/3171
f 3175/3178/3179 3040/3011/3012 3172/3175/3176
f 3187/3182/3183 3182/3183/3184 3188/3184/3185
f 3178/3185/3186 3185/3186/3187 3189/3187/3188
f 3187/3182/3183 3190/3188/3189 3182/3183/3184
f 3178/3185/3186 3179/3189/3190 3191/3190/3191
f 3182/3183/3184 3181/3191/3192 3188/3184/3185
f 3192/3192/3193 3193/3193/3194 3194/3194/3195
f 3194/3194/3195 3196/3195/3196 3197/3196/3197
f 3199/3197/3198 3198/3198/3199 3197/3196/3197
f 3202/3199/3200 3194/3194/3195 3203/3200/3201
f 3180/3201/3202 3183/3202/3203 3203/3200/3201
f 3183/3202/3203 3200/3203/3204 3203/3200/3201
f 3204/3204/3205 3203/3200/3201 3200/3203/3204
f 3200/3203/3204 3183/3202/3203 3205/3205/3206
f 3205/3205/3206 3206/3206/3207 3207/3207/3208
f 3208/3208/3209 3187/3182/3183 3209/3209/3210
f 3206/3206/3207 3205/3205/3206 3183/3202/3203
f 3183/3202/3203 3180/3201/3202 3178/3185/3186
f 3184/3210/3211 3210/3211/3212 3183/3202/3203
f 3180/3201/3202 3186/3212/3213 3178/3185/3186
f 3211/3213/3214 3212/3214/3215 3213/3215/3216
f 3212/3214/3215 3214/3216/3217 3213/3215/3216
f 3182/3183/3184 3191/3190/3191 3181/3191/3192
f 3214/3216/3217 3215/3217/3218 3213/3215/3216
f 3215/3217/3218 3189/3187/3188 3213/3215/3216
f 3216/3218/3219 3213/3215/3216 3217/3219/3220
f 3213/3215/3216 3218/3220/3221 3217/3219/3220
f 3184/3210/3211 3190/3188/3189 3219/3221/3222
f 3190/3188/3189 3184/3210/3211 3182/3183/3184
f 3182/3183/3184 3184/3210/3211 3183/3202/3203
f 3179/3189/3190 3181/3191/3192 3191/3190/3191
f 3179/3189/3190 3189/3187/3188 3215/3217/3218
f 3218/3220/3221 3189/3187/3188 3222/3222/3223
f 3179/3189/3190 3215/3217/3218 3248/3223/3224
f 3218/3220/3221 3224/3224/3225 3225/3225/3226
f 3225/3225/3226 3217/3219/3220 3218/3220/3221
f 3218/3220/3221 3213/3215/3216 3189/3187/3188
f 3186/3212/3213 3185/3186/3187 3178/3185/3186
f 3226/3226/3227 3214/3216/3217 3223/3227/3228
f 3226/3226/3227 3215/3217/3218 3214/3216/3217
f 3188/3184/3185 3227/3228/3229 3187/3182/3183
f 3190/3188/3189 3187/3182/3183 3208/3208/3209
f 3228/3229/3230 3194/3194/3195 3229/3230/3231
f 3178/3185/3186 3191/3190/3191 3183/3202/3203
f 3182/3183/3184 3183/3202/3203 3191/3190/3191
f 3229/3230/3231 3194/3194/3195 3202/3199/3200
f 3204/3204/3205 3230/3231/3232 3231/3232/3233
f 3195/3233/3234 3194/3194/3195 3193/3193/3194
f 3195/3233/3234 3196/3195/3196 3194/3194/3195
f 3194/3194/3195 3197/3196/3197 3198/3198/3199
f 3234/3234/3235 3232/3235/3236 3233/3236/3237
f 3203/3200/3201 3194/3194/3195 3180/3201/3202
f 3233/3236/3237 3228/3229/3230 3234/3234/3235
f 3228/3229/3230 3233/3236/3237 3194/3194/3195
f 3194/3194/3195 3233/3236/3237 3192/3192/3193
f 3203/3200/3201 3204/3204/3205 3231/3232/3233
f 3181/3191/3192 3221/3237/3238 3188/3184/3185
f 3198/3198/3199 3180/3201/3202 3194/3194/3195
f 3204/3204/3205 3200/3203/3204 3201/3238/3239
f 3180/3201/3202 3198/3198/3199 3186/3212/3213
f 3178/3185/3186 3189/3187/3188 3179/3189/3190
f 3206/3206/3207 3210/3211/3212 3235/3239/3240
f 3206/3206/3207 3183/3202/3203 3210/3211/3212
f 3221/3237/3238 3236/3240/3241 3188/3184/3185
f 3240/3241/3242 3241/3242/3243 3242/3243/3244
f 3237/3244/3245 3243/3245/3246 3244/3246/3247
f 3248/3223/3224 3263/3247/3248 3246/3248/3249
f 3254/3249/3250 3255/3250/3251 3256/3251/3252
f 3257/3252/3253 3247/3253/3254 3245/3254/3255
f 3457/3255/3256 3260/3256/3257 3259/3257/3258
f 3263/3247/3248 3247/3253/3254 3257/3252/3253
f 3262/3258/3259 3246/3248/3249 3293/3259/3260
f 3246/3248/3249 3263/3247/3248 3293/3259/3260
f 3264/3260/3261 3271/3261/3262 3256/3251/3252
f 3271/3261/3262 3254/3249/3250 3256/3251/3252
f 3267/3262/3263 3268/3263/3264 3265/3264/3265
f 3280/3265/3266 3316/3266/3267 3275/3267/3268
f 3281/3268/3269 3282/3269/3270 3283/3270/3271
f 3284/3271/3272 3285/3272/3273 3281/3268/3269
f 3300/3273/3274 3316/3266/3267 3288/3274/3275
f 3289/3275/3276 3290/3276/3277 3291/3277/3278
f 3289/3275/3276 3269/3278/3279 3290/3276/3277
f 3399/3279/3280 3316/3266/3267 3300/3273/3274
f 3289/3275/3276 3292/3280/3281 3269/3278/3279
f 3532/3281/3282 3296/3282/3283 3298/3283/3284
f 3534/3284/3285 3299/3285/3286 3287/3286/3287
f 3263/3247/3248 3297/3287/3288 3293/3259/3260
f 3302/3288/3289 3303/3289/3290 3253/3290/3291
f 3309/3291/3292 3306/3292/3293 3299/3285/3286
f 3250/3293/3294 3402/3294/3295 3300/3273/3274
f 3311/3295/3296 3276/3296/3297 3278/3297/3298
f 3444/3298/3299 3278/3297/3298 3279/3299/3300
f 3320/3300/3301 3319/3301/3302 3536/3302/3303
f 3322/3303/3304 3257/3252/3253 3245/3254/3255
f 3323/3304/3305 3324/3305/3306 3325/3306/3307
f 3326/3307/3308 3324/3305/3306 3323/3304/3305
f 3323/3304/3305 3325/3306/3307 3327/3308/3309
f 3361/3309/3310 3336/3310/3311 3335/3311/3312
f 3390/3312/3313 3338/3313/3314 3432/3314/3315
f 3390/3312/3313 3339/3315/3316 3338/3313/3314
f 3340/3316/3317 3342/3317/3318 3341/3318/3319
f 3320/3300/3301 3529/3319/3320 3344/3320/3321
f 3345/3321/3322 3346/3322/3323 3347/3323/3324
f 3394/3324/3325 3346/3322/3323 3350/3325/3326
f 3336/3310/3311 3343/3326/3327 3389/3327/3328
f 3352/3328/3329 3395/3329/3330 3351/3330/3331
f 3354/3331/3332 3355/3332/3333 3356/3333/3334
f 3661/3334/3335 3363/3335/3336 3364/3336/3337
f 3377/3337/3338 3358/3338/3339 3360/3339/3340
f 3365/3340/3341 3357/3341/3342 3371/3342/3343
f 3365/3340/3341 3358/3338/3339 3357/3341/3342
f 3366/3343/3344 3365/3340/3341 3371/3342/3343
f 3368/3344/3345 3374/3345/3346 3334/3346/3347
f 3375/3347/3348 3373/3348/3349 3376/3349/3350
f 3377/3337/3338 3396/3350/3351 3358/3338/3339
f 3372/3351/3352 3374/3345/3346 3373/3348/3349
f 3353/3352/3353 3379/3353/3354 3378/3354/3355
f 3353/3352/3353 3380/3355/3356 3379/3353/3354
f 3381/3356/3357 3382/3357/3358 3383/3358/3359
f 3369/3359/3360 3370/3360/3361 3360/3339/3340
f 3333/3361/3362 3329/3362/3363 3336/3310/3311
f 3391/3363/3364 3390/3312/3313 3392/3364/3365
f 3393/3365/3366 3498/3366/3367 3289/3275/3276
f 3289/3275/3276 3498/3366/3367 3292/3280/3281
f 3359/3367/3368 3395/3329/3330 3357/3341/3342
f 3362/3368/3369 3396/3350/3351 3359/3367/3368
f 3395/3329/3330 3359/3367/3368 3375/3347/3348
f 3398/3369/3370 3316/3266/3267 3500/3370/3371
f 3403/3371/3372 3404/3372/3373 3400/3373/3374
f 3407/3374/3375 3409/3375/3376 3408/3376/3377
f 3411/3377/3378 3409/3375/3376 3412/3378/3379
f 3414/3379/3380 3417/3380/3381 3415/3381/3382
f 3418/3382/3383 3410/3383/3384 3402/3294/3295
f 3419/3384/3385 3400/3373/3374 3420/3385/3386
f 3418/3382/3383 3250/3293/3294 3506/3386/3387
f 3421/3387/3388 3267/3262/3263 3422/3388/3389
f 3425/3389/3390 3426/3390/3391 3427/3391/3392
f 3426/3390/3391 3329/3362/3363 3427/3391/3392
f 3329/3362/3363 3404/3372/3373 3428/3392/3393
f 3333/3361/3362 3406/3393/3394 3429/3394/3395
f 3409/3375/3376 3407/3374/3375 3432/3314/3315
f 3432/3314/3315 3433/3395/3396 3414/3379/3380
f 3905/3396/3397 3434/3397/3398 3435/3398/3399
f 3434/3397/3398 3905/3396/3397 3437/3399/3400
f 3438/3400/3401 3905/3396/3397 3435/3398/3399
f 3458/3401/3402 3388/3402/3403 3570/3403/3404
f 3389/3327/3328 3343/3326/3327 3353/3352/3353
f 3582/3404/3405 3385/3405/3406 3353/3352/3353
f 3482/3406/3407 3330/3407/3408 3332/3408/3409
f 3305/3409/3410 3495/3410/3411 3445/3411/3412
f 3332/3408/3409 3347/3323/3324 3331/3412/3413
f 3661/3334/3335 3367/3413/3414 3363/3335/3336
f 3370/3360/3361 3590/3414/3415 3360/3339/3340
f 3446/3415/3416 3215/3217/3218 3226/3226/3227
f 3447/3416/3417 3342/3317/3318 3340/3316/3317
f 3378/3354/3355 3349/3417/3418 3348/3418/3419
f 3448/3419/3420 3349/3417/3418 3378/3354/3355
f 3346/3322/3323 3394/3324/3325 3347/3323/3324
f 3369/3359/3360 3355/3332/3333 3354/3331/3332
f 3449/3420/3421 3450/3421/3422 3457/3255/3256
f 3351/3330/3331 3395/3329/3330 3394/3324/3325
f 3357/3341/3342 3395/3329/3330 3352/3328/3329
f 3452/3422/3423 3353/3352/3353 3385/3405/3406
f 3381/3356/3357 3453/3423/3424 3454/3424/3425
f 3383/3358/3359 3455/3425/3426 3385/3405/3406
f 3358/3338/3339 3365/3340/3341 3360/3339/3340
f 3373/3348/3349 3396/3350/3351 3377/3337/3338
f 3453/3423/3424 3456/3426/3427 3454/3424/3425
f 3458/3401/3402 3252/3427/3428 3321/3428/3429
f 3374/3345/3346 3368/3344/3345 3376/3349/3350
f 3298/3283/3284 3249/3429/3430 3252/3427/3428
f 3381/3356/3357 3461/3430/3431 3382/3357/3358
f 3426/3390/3391 3335/3311/3312 3329/3362/3363
f 3462/3431/3432 3392/3364/3365 3390/3312/3313
f 3331/3412/3413 3347/3323/3324 3394/3324/3325
f 3221/3237/3238 3239/3432/3433 3220/3433/3434
f 3424/3434/3435 3401/3435/3436 3400/3373/3374
f 3400/3373/3374 3404/3372/3373 3424/3434/3435
f 3424/3434/3435 3465/3436/3437 3464/3437/3438
f 3466/3438/3439 3467/3439/3440 3468/3440/3441
f 3413/3441/3442 3414/3379/3380 3415/3381/3382
f 3414/3379/3380 3469/3442/3443 3417/3380/3381
f 3470/3443/3444 3471/3444/3445 3407/3374/3375
f 3470/3443/3444 3407/3374/3375 3472/3445/3446
f 3423/3446/3447 3482/3406/3407 3474/3447/3448
f 3482/3406/3407 3423/3446/3447 3330/3407/3408
f 3427/3391/3392 3428/3392/3393 3473/3448/3449
f 3475/3449/3450 3332/3408/3409 3476/3450/3451
f 3332/3408/3409 3475/3449/3450 3477/3451/3452
f 3429/3394/3395 3424/3434/3435 3329/3362/3363
f 3477/3451/3452 3478/3452/3453 3332/3408/3409
f 3179/3189/3190 3246/3248/3249 3181/3191/3192
f 3333/3361/3362 3407/3374/3375 3406/3393/3394
f 3480/3453/3454 3481/3454/3455 3425/3389/3390
f 3426/3390/3391 3425/3389/3390 3481/3454/3455
f 3432/3314/3315 3484/3455/3456 3433/3395/3396
f 3436/3456/3457 3485/3457/3458 3484/3455/3456
f 3484/3455/3456 3432/3314/3315 3436/3456/3457
f 3334/3346/3347 3331/3412/3413 3368/3344/3345
f 3246/3248/3249 3179/3189/3190 3248/3223/3224
f 3335/3311/3312 3331/3412/3413 3337/3458/3459
f 3335/3311/3312 3336/3310/3311 3329/3362/3363
f 3432/3314/3315 3338/3313/3314 3486/3459/3460
f 3350/3325/3326 3487/3460/3461 3488/3461/3462
f 3389/3327/3328 3353/3352/3353 3432/3314/3315
f 3241/3242/3243 3490/3462/3463 3243/3245/3246
f 3357/3341/3342 3491/3463/3464 3441/3464/3465
f 3357/3341/3342 3442/3465/3466 3443/3466/3467
f 3246/3248/3249 3262/3258/3259 3181/3191/3192
f 3181/3191/3192 3262/3258/3259 3239/3432/3433
f 3357/3341/3342 3443/3466/3467 3371/3342/3343
f 3376/3349/3350 3368/3344/3345 3395/3329/3330
f 3493/3467/3468 3353/3352/3353 3343/3326/3327
f 3237/3244/3245 3244/3246/3247 3245/3254/3255
f 3661/3334/3335 3364/3336/3337 3494/3468/3469
f 3369/3359/3360 3363/3335/3336 3367/3413/3414
f 3331/3412/3413 3334/3346/3347 3337/3458/3459
f 3331/3412/3413 3482/3406/3407 3332/3408/3409
f 3381/3356/3357 3385/3405/3406 3453/3423/3424
f 3389/3327/3328 3432/3314/3315 3333/3361/3362
f 3247/3253/3254 3263/3247/3248 3248/3223/3224
f 3354/3331/3332 3384/3469/3470 3369/3359/3360
f 3590/3414/3415 3377/3337/3338 3360/3339/3340
f 3304/3470/3471 3496/3471/3472 3499/3472/3473
f 3381/3356/3357 3501/3473/3474 3461/3430/3431
f 3502/3474/3475 3503/3475/3476 3504/3476/3477
f 3450/3421/3422 3503/3475/3476 3253/3290/3291
f 3238/3477/3478 3239/3432/3433 3483/3478/3479
f 3502/3474/3475 3253/3290/3291 3503/3475/3476
f 3331/3412/3413 3335/3311/3312 3426/3390/3391
f 3431/3479/3480 3462/3431/3432 3390/3312/3313
f 3404/3372/3373 3509/3480/3481 3428/3392/3393
f 3424/3434/3435 3511/3481/3482 3465/3436/3437
f 3254/3249/3250 3510/3482/3483 3512/3483/3484
f 3405/3484/3485 3406/3393/3394 3407/3374/3375
f 3259/3257/3258 3513/3485/3486 3457/3255/3256
f 3331/3412/3413 3394/3324/3325 3368/3344/3345
f 3400/3373/3374 3401/3435/3436 3420/3385/3386
f 3405/3484/3485 3407/3374/3375 3471/3444/3445
f 3411/3377/3378 3515/3486/3487 3409/3375/3376
f 3330/3407/3408 3516/3487/3488 3517/3488/3489
f 3375/3347/3348 3359/3367/3368 3396/3350/3351
f 3427/3391/3392 3329/3362/3363 3428/3392/3393
f 3414/3379/3380 3413/3441/3442 3432/3314/3315
f 3332/3408/3409 3330/3407/3408 3476/3450/3451
f 3332/3408/3409 3478/3452/3453 3518/3489/3490
f 3481/3454/3455 3482/3406/3407 3426/3390/3391
f 3333/3361/3362 3429/3394/3395 3329/3362/3363
f 3521/3490/3491 3519/3491/3492 3522/3492/3493
f 3530/3493/3494 3337/3458/3459 3334/3346/3347
f 3523/3494/3495 3394/3324/3325 3488/3461/3462
f 3350/3325/3326 3488/3461/3462 3394/3324/3325
f 3394/3324/3325 3523/3494/3495 3524/3495/3496
f 3394/3324/3325 3524/3495/3496 3351/3330/3331
f 3289/3275/3276 3291/3277/3278 3525/3496/3497
f 3526/3497/3498 3527/3498/3499 3498/3366/3367
f 3491/3463/3464 3357/3341/3342 3352/3328/3329
f 3271/3261/3262 3510/3482/3483 3254/3249/3250
f 3527/3498/3499 3499/3472/3473 3498/3366/3367
f 3362/3368/3369 3357/3341/3342 3358/3338/3339
f 3359/3367/3368 3357/3341/3342 3362/3368/3369
f 3529/3319/3320 3528/3499/3500 3521/3490/3491
f 3294/3500/3501 3292/3280/3281 3496/3471/3472
f 3530/3493/3494 3334/3346/3347 3374/3345/3346
f 3353/3352/3353 3431/3479/3480 3390/3312/3313
f 3431/3479/3480 3353/3352/3353 3348/3418/3419
f 3430/3501/3502 3444/3298/3299 3297/3287/3288
f 3369/3359/3360 3360/3339/3340 3397/3502/3503
f 3369/3359/3360 3397/3502/3503 3355/3332/3333
f 3590/3414/3415 3372/3351/3352 3377/3337/3338
f 3528/3499/3500 3541/3503/3504 3532/3281/3282
f 3375/3347/3348 3376/3349/3350 3395/3329/3330
f 3373/3348/3349 3375/3347/3348 3396/3350/3351
f 3272/3504/3505 3271/3261/3262 3274/3505/3506
f 3456/3426/3427 3453/3423/3424 3533/3506/3507
f 3528/3499/3500 3532/3281/3282 3531/3507/3508
f 3343/3326/3327 3336/3310/3311 3361/3309/3310
f 3287/3286/3287 3286/3508/3509 3534/3284/3285
f 3458/3401/3402 3531/3507/3508 3532/3281/3282
f 3337/3458/3459 3361/3309/3310 3335/3311/3312
f 3385/3405/3406 3381/3356/3357 3383/3358/3359
f 3364/3336/3337 3363/3335/3336 3535/3509/3510
f 3331/3412/3413 3426/3390/3391 3482/3406/3407
f 3353/3352/3353 3378/3354/3355 3348/3418/3419
f 3379/3353/3354 3497/3510/3511 3378/3354/3355
f 3369/3359/3360 3384/3469/3470 3363/3335/3336
f 3374/3345/3346 3376/3349/3350 3373/3348/3349
f 3537/3511/3512 3498/3366/3367 3538/3512/3513
f 3390/3312/3313 3447/3416/3417 3340/3316/3317
f 3390/3312/3313 3391/3363/3364 3447/3416/3417
f 3372/3351/3352 3373/3348/3349 3377/3337/3338
f 3319/3301/3302 3539/3513/3514 3536/3302/3303
f 3454/3424/3425 3542/3514/3515 3381/3356/3357
f 3358/3338/3339 3396/3350/3351 3362/3368/3369
f 3285/3272/3273 3543/3515/3516 3281/3268/3269
f 3543/3515/3516 3282/3269/3270 3281/3268/3269
f 3397/3502/3503 3360/3339/3340 3365/3340/3341
f 3274/3505/3506 3262/3258/3259 3293/3259/3260
f 3534/3284/3285 3272/3504/3505 3309/3291/3292
f 3285/3272/3273 3287/3286/3287 3543/3515/3516
f 3282/3269/3270 3543/3515/3516 3544/3516/3517
f 3543/3515/3516 3545/3517/3518 3544/3516/3517
f 3317/3518/3519 3319/3301/3302 3309/3291/3292
f 3319/3301/3302 3306/3292/3293 3309/3291/3292
f 3410/3383/3384 3418/3382/3383 3507/3519/3520
f 3402/3294/3295 3410/3383/3384 3505/3520/3521
f 3388/3402/3403 3387/3521/3522 3570/3403/3404
f 3404/3372/3373 3329/3362/3363 3424/3434/3435
f 3546/3522/3523 3401/3435/3436 3424/3434/3435
f 3511/3481/3482 3424/3434/3435 3429/3394/3395
f 3403/3371/3372 3400/3373/3374 3514/3523/3524
f 3432/3314/3315 3412/3378/3379 3409/3375/3376
f 3412/3378/3379 3432/3314/3315 3413/3441/3442
f 3413/3441/3442 3547/3524/3525 3412/3378/3379
f 3415/3381/3382 3548/3525/3526 3413/3441/3442
f 3333/3361/3362 3336/3310/3311 3389/3327/3328
f 3548/3525/3526 3415/3381/3382 3416/3526/3527
f 3390/3312/3313 3432/3314/3315 3353/3352/3353
f 3348/3418/3419 3489/3527/3528 3431/3479/3480
f 3517/3488/3489 3476/3450/3451 3330/3407/3408
f 3368/3344/3345 3394/3324/3325 3395/3329/3330
f 3432/3314/3315 3407/3374/3375 3333/3361/3362
f 3549/3528/3529 3550/3529/3530 3434/3397/3398
f 3357/3341/3342 3551/3530/3531 3442/3465/3466
f 3344/3320/3321 3522/3492/3493 3306/3292/3293
f 3552/3531/3532 3332/3408/3409 3518/3489/3490
f 3553/3532/3533 3555/3533/3534 3556/3534/3535
f 3558/3535/3536 3690/3536/3537 3652/3537/3538
f 3314/3538/3539 3505/3520/3521 3317/3518/3519
f 3507/3519/3520 3317/3518/3519 3505/3520/3521
f 3562/3539/3540 3563/3540/3541 3557/3541/3542
f 3367/3413/3414 3370/3360/3361 3369/3359/3360
f 3563/3540/3541 3562/3539/3540 3564/3542/3543
f 3595/3543/3544 3530/3493/3494 3374/3345/3346
f 3592/3544/3545 3372/3351/3352 3590/3414/3415
f 3567/3545/3546 3591/3546/3547 3593/3547/3548
f 3519/3491/3492 3520/3548/3549 3570/3403/3404
f 3726/3549/3550 3571/3550/3551 3557/3541/3542
f 3726/3549/3550 3572/3551/3552 3571/3550/3551
f 3572/3551/3552 3726/3549/3550 3573/3552/3553
f 3322/3303/3304 3245/3254/3255 3457/3255/3256
f 3533/3506/3507 3453/3423/3424 3578/3553/3554
f 3579/3554/3555 3577/3555/3556 3580/3556/3557
f 3560/3557/3558 3581/3558/3559 3652/3537/3538
f 3586/3559/3560 3583/3560/3561 3566/3561/3562
f 3589/3562/3563 3592/3544/3545 3590/3414/3415
f 3605/3563/3564 3595/3543/3544 3592/3544/3545
f 3628/3564/3565 3596/3565/3566 3597/3566/3567
f 3628/3564/3565 3597/3566/3567 3634/3567/3568
f 3634/3567/3568 3597/3566/3567 3598/3568/3569
f 3599/3569/3570 3598/3568/3569 3600/3570/3571
f 3669/3571/3572 3604/3572/3573 3595/3543/3544
f 3608/3573/3574 3270/3574/3575 3269/3278/3279
f 3522/3492/3493 3344/3320/3321 3529/3319/3320
f 3587/3575/3576 3590/3414/3415 3370/3360/3361
f 3587/3575/3576 3370/3360/3361 3610/3576/3577
f 3613/3577/3578 3596/3565/3566 3628/3564/3565
f 3623/3578/3579 3615/3579/3580 3612/3580/3581
f 3626/3581/3582 3617/3582/3583 3618/3583/3584
f 3618/3583/3584 3617/3582/3583 3619/3584/3585
f 3620/3585/3586 3642/3586/3587 3616/3587/3588
f 3626/3581/3582 3627/3588/3589 3611/3589/3590
f 3625/3590/3591 3630/3591/3592 3631/3592/3593
f 3611/3589/3590 3612/3580/3581 3639/3593/3594
f 3632/3594/3595 3626/3581/3582 3625/3590/3591
f 3607/3595/3596 3609/3596/3597 3589/3562/3563
f 3604/3572/3573 3530/3493/3494 3595/3543/3544
f 3615/3579/3580 3607/3595/3596 3612/3580/3581
f 3636/3597/3598 3639/3593/3594 3655/3598/3599
f 3643/3599/3600 3645/3600/3601 3636/3597/3598
f 3643/3599/3600 3646/3601/3602 3645/3600/3601
f 3639/3593/3594 3629/3602/3603 3628/3564/3565
f 3304/3470/3471 3463/3603/3604 3496/3471/3472
f 3649/3604/3605 3650/3605/3606 3743/3606/3607
f 3493/3467/3468 3343/3326/3327 3606/3607/3608
f 3653/3608/3609 3671/3609/3610 3611/3589/3590
f 3615/3579/3580 3648/3610/3611 3609/3596/3597
f 3653/3608/3609 3743/3606/3607 3650/3605/3606
f 3657/3611/3612 3656/3612/3613 3658/3613/3614
f 3636/3597/3598 3655/3598/3599 3621/3614/3615
f 3660/3615/3616 3661/3334/3335 3662/3616/3617
f 3639/3593/3594 3628/3564/3565 3655/3598/3599
f 3367/3413/3414 3661/3334/3335 3736/3617/3618
f 3651/3618/3619 3659/3619/3620 3666/3620/3621
f 3663/3621/3622 3664/3622/3623 3667/3623/3624
f 3671/3609/3610 3653/3608/3609 3672/3624/3625
f 3672/3624/3625 3653/3608/3609 3674/3625/3626
f 3676/3626/3627 3671/3609/3610 3677/3627/3628
f 3672/3624/3625 3677/3627/3628 3671/3609/3610
f 3680/3628/3629 3681/3629/3630 3682/3630/3631
f 3679/3631/3632 3683/3632/3633 3684/3633/3634
f 3679/3631/3632 3681/3629/3630 3683/3632/3633
f 3678/3634/3635 3685/3635/3636 3688/3636/3637
f 3687/3637/3638 3688/3636/3637 3689/3638/3639
f 3623/3578/3579 3671/3609/3610 3691/3639/3640
f 3693/3640/3641 3694/3641/3642 3685/3635/3636
f 3644/3642/3643 3678/3634/3635 3673/3643/3644
f 3695/3644/3645 3696/3645/3646 3697/3646/3647
f 3696/3645/3646 3695/3644/3645 3698/3647/3648
f 3701/3648/3649 3699/3649/3650 3700/3650/3651
f 3696/3645/3646 3703/3651/3652 3697/3646/3647
f 3644/3642/3643 3686/3652/3653 3668/3653/3654
f 3623/3578/3579 3691/3639/3640 3560/3557/3558
f 3692/3654/3655 3708/3655/3656 3688/3636/3637
f 3709/3656/3657 3692/3654/3655 3710/3657/3658
f 3711/3658/3659 3712/3659/3660 3671/3609/3610
f 3714/3660/3661 3671/3609/3610 3712/3659/3660
f 3711/3658/3659 3716/3661/3662 3712/3659/3660
f 3696/3645/3646 3569/3662/3663 3700/3650/3651
f 3561/3663/3664 3696/3645/3646 3717/3664/3665
f 3594/3665/3666 3553/3532/3533 3654/3666/3667
f 3554/3667/3668 3718/3668/3669 3553/3532/3533
f 3566/3561/3562 3719/3669/3670 3720/3670/3671
f 3700/3650/3651 3566/3561/3562 3720/3670/3671
f 3685/3635/3636 3678/3634/3635 3559/3671/3672
f 3385/3405/3406 3582/3404/3405 3453/3423/3424
f 3691/3639/3640 3568/3672/3673 3560/3557/3558
f 3723/3673/3674 3557/3541/3542 3571/3550/3551
f 3571/3550/3551 3724/3674/3675 3723/3673/3674
f 3724/3674/3675 3571/3550/3551 3722/3675/3676
f 3725/3676/3677 3571/3550/3551 3574/3677/3678
f 3722/3675/3676 3571/3550/3551 3725/3676/3677
f 3726/3549/3550 3563/3540/3541 3727/3678/3679
f 3292/3280/3281 3273/3679/3680 3269/3278/3279
f 3728/3680/3681 3585/3681/3682 3586/3559/3560
f 3578/3553/3554 3453/3423/3424 3729/3682/3683
f 3593/3547/3548 3588/3683/3684 3730/3684/3685
f 3731/3685/3686 3732/3686/3687 3733/3687/3688
f 3583/3560/3561 3735/3688/3689 3565/3689/3690
f 3583/3560/3561 3565/3689/3690 3566/3561/3562
f 3613/3577/3578 3584/3690/3691 3575/3691/3692
f 3609/3596/3597 3592/3544/3545 3589/3562/3563
f 3734/3692/3693 3594/3665/3666 3614/3693/3694
f 3613/3577/3578 3575/3691/3692 3576/3694/3695
f 3614/3693/3694 3558/3535/3536 3581/3558/3559
f 3614/3693/3694 3559/3671/3672 3558/3535/3536
f 3321/3428/3429 3318/3695/3696 3308/3696/3697
f 3575/3691/3692 3736/3617/3618 3737/3697/3698
f 3599/3569/3570 3634/3567/3568 3598/3568/3569
f 3589/3562/3563 3590/3414/3415 3587/3575/3576
f 3609/3596/3597 3633/3698/3699 3592/3544/3545
f 3647/3699/3700 3616/3587/3588 3582/3404/3405
f 3459/3700/3701 3738/3701/3702 3460/3702/3703
f 3620/3585/3586 3739/3703/3704 3642/3586/3587
f 3310/3704/3705 3315/3705/3706 3252/3427/3428
f 3237/3244/3245 3460/3702/3703 3738/3701/3702
f 3621/3614/3615 3655/3598/3599 3599/3569/3570
f 3621/3614/3615 3622/3706/3707 3740/3707/3708
f 3618/3583/3584 3741/3708/3709 3626/3581/3582
f 3741/3708/3709 3618/3583/3584 3624/3709/3710
f 3252/3427/3428 3315/3705/3706 3318/3695/3696
f 3453/3423/3424 3582/3404/3405 3616/3587/3588
f 3617/3582/3583 3636/3597/3598 3635/3710/3711
f 3671/3609/3610 3623/3578/3579 3611/3589/3590
f 3642/3586/3587 3640/3711/3712 3616/3587/3588
f 3627/3588/3589 3626/3581/3582 3742/3712/3713
f 3742/3712/3713 3744/3713/3714 3627/3588/3589
f 3398/3369/3370 3444/3298/3299 3279/3299/3300
f 3637/3714/3715 3648/3610/3611 3615/3579/3580
f 3690/3536/3537 3644/3642/3643 3651/3618/3619
f 3660/3615/3616 3745/3715/3716 3661/3334/3335
f 3668/3653/3654 3606/3607/3608 3604/3572/3573
f 3686/3652/3653 3606/3607/3608 3668/3653/3654
f 3310/3704/3705 3301/3716/3717 3315/3705/3706
f 3659/3619/3620 3651/3618/3619 3644/3642/3643
f 3639/3593/3594 3607/3595/3596 3629/3602/3603
f 3650/3605/3606 3746/3717/3718 3653/3608/3609
f 3746/3717/3718 3650/3605/3606 3747/3718/3719
f 3666/3620/3621 3605/3563/3564 3633/3698/3699
f 3748/3719/3720 3654/3666/3667 3749/3720/3721
f 3621/3614/3615 3643/3599/3600 3636/3597/3598
f 3750/3721/3722 3670/3722/3723 3620/3585/3586
f 3663/3621/3622 3700/3650/3651 3751/3723/3724
f 3667/3623/3624 3752/3724/3725 3663/3621/3622
f 3677/3627/3628 3753/3725/3726 3676/3626/3627
f 3753/3725/3726 3677/3627/3628 3754/3726/3727
f 3703/3651/3652 3752/3724/3725 3755/3727/3728
f 3709/3656/3657 3756/3728/3729 3757/3729/3730
f 3709/3656/3657 3757/3729/3730 3708/3655/3656
f 3753/3725/3726 3758/3730/3731 3676/3626/3627
f 3656/3612/3613 3654/3666/3667 3675/3731/3732
f 3675/3731/3732 3654/3666/3667 3679/3631/3632
f 3553/3532/3533 3759/3732/3733 3682/3630/3631
f 3760/3733/3734 3759/3732/3733 3553/3532/3533
f 3453/3423/3424 3616/3587/3588 3704/3734/3735
f 3623/3578/3579 3652/3537/3538 3637/3714/3715
f 3215/3217/3218 3446/3415/3416 3762/3735/3736
f 3633/3698/3699 3648/3610/3611 3666/3620/3621
f 3701/3648/3649 3763/3736/3737 3764/3737/3738
f 3763/3736/3737 3701/3648/3649 3700/3650/3651
f 3700/3650/3651 3703/3651/3652 3696/3645/3646
f 3644/3642/3643 3668/3653/3654 3669/3571/3572
f 3250/3293/3294 3307/3738/3739 3249/3429/3430
f 3691/3639/3640 3671/3609/3610 3557/3541/3542
f 3673/3643/3644 3686/3652/3653 3644/3642/3643
f 3508/3739/3740 3308/3696/3697 3318/3695/3696
f 3553/3532/3533 3681/3629/3630 3679/3631/3632
f 3685/3635/3636 3692/3654/3655 3688/3636/3637
f 3692/3654/3655 3709/3656/3657 3708/3655/3656
f 3765/3740/3741 3718/3668/3669 3766/3741/3742
f 3713/3742/3743 3700/3650/3651 3768/3743/3744
f 3328/3744/3745 3327/3308/3309 3437/3399/3400
f 3582/3404/3405 3353/3352/3353 3493/3467/3468
f 3661/3334/3335 3494/3468/3469 3662/3616/3617
f 3673/3643/3644 3702/3745/3746 3686/3652/3653
f 3723/3673/3674 3767/3746/3747 3557/3541/3542
f 3723/3673/3674 3769/3747/3748 3767/3746/3747
f 3723/3673/3674 3724/3674/3675 3770/3748/3749
f 3374/3345/3346 3372/3351/3352 3592/3544/3545
f 3569/3662/3663 3566/3561/3562 3700/3650/3651
f 3593/3547/3548 3561/3663/3664 3567/3545/3546
f 3717/3664/3665 3772/3749/3750 3561/3663/3664
f 3696/3645/3646 3593/3547/3548 3569/3662/3663
f 3580/3556/3557 3553/3532/3533 3852/3750/3751
f 3852/3750/3751 3602/3751/3752 3601/3752/3753
f 3602/3751/3752 3852/3750/3751 3603/3753/3754
f 3731/3685/3686 3773/3754/3755 3732/3686/3687
f 3732/3686/3687 3773/3754/3755 3774/3755/3756
f 3238/3477/3478 3483/3478/3479 3775/3756/3757
f 3483/3478/3479 3776/3757/3758 3775/3756/3757
f 3721/3758/3759 3691/3639/3640 3557/3541/3542
f 3691/3639/3640 3721/3758/3759 3568/3672/3673
f 3561/3663/3664 3777/3759/3760 3567/3545/3546
f 3557/3541/3542 3563/3540/3541 3726/3549/3550
f 3450/3421/3422 3253/3290/3291 3457/3255/3256
f 3582/3404/3405 3606/3607/3608 3686/3652/3653
f 3628/3564/3565 3584/3690/3691 3613/3577/3578
f 3607/3595/3596 3610/3576/3577 3629/3602/3603
f 3610/3576/3577 3607/3595/3596 3587/3575/3576
f 3586/3559/3560 3566/3561/3562 3569/3662/3663
f 3247/3253/3254 3237/3244/3245 3245/3254/3255
f 3592/3544/3545 3633/3698/3699 3605/3563/3564
f 3181/3191/3192 3239/3432/3433 3221/3237/3238
f 3553/3532/3533 3580/3556/3557 3577/3555/3556
f 3294/3500/3501 3496/3471/3472 3463/3603/3604
f 3584/3690/3691 3736/3617/3618 3575/3691/3692
f 3584/3690/3691 3610/3576/3577 3736/3617/3618
f 3605/3563/3564 3669/3571/3572 3595/3543/3544
f 3559/3671/3672 3614/3693/3694 3594/3665/3666
f 3607/3595/3596 3589/3562/3563 3587/3575/3576
f 3582/3404/3405 3686/3652/3653 3647/3699/3700
f 3740/3707/3708 3643/3599/3600 3621/3614/3615
f 3620/3585/3586 3616/3587/3588 3647/3699/3700
f 3740/3707/3708 3665/3760/3761 3643/3599/3600
f 3468/3440/3441 3457/3255/3256 3466/3438/3439
f 3665/3760/3761 3740/3707/3708 3780/3761/3762
f 3780/3761/3762 3781/3762/3763 3665/3760/3761
f 3584/3690/3691 3628/3564/3565 3629/3602/3603
f 3241/3242/3243 3782/3763/3764 3490/3462/3463
f 3617/3582/3583 3635/3710/3711 3638/3764/3765
f 3639/3593/3594 3636/3597/3598 3611/3589/3590
f 3625/3590/3591 3626/3581/3582 3741/3708/3709
f 3741/3708/3709 3783/3765/3766 3625/3590/3591
f 3630/3591/3592 3625/3590/3591 3783/3765/3766
f 3630/3591/3592 3783/3765/3766 3784/3766/3767
f 3655/3598/3599 3628/3564/3565 3634/3567/3568
f 3645/3600/3601 3635/3710/3711 3636/3597/3598
f 3645/3600/3601 3785/3767/3768 3635/3710/3711
f 3739/3703/3704 3641/3768/3769 3642/3586/3587
f 3655/3598/3599 3634/3567/3568 3599/3569/3570
f 3736/3617/3618 3661/3334/3335 3745/3715/3716
f 3367/3413/3414 3736/3617/3618 3610/3576/3577
f 3370/3360/3361 3367/3413/3414 3610/3576/3577
f 3595/3543/3544 3374/3345/3346 3592/3544/3545
f 3637/3714/3715 3651/3618/3619 3648/3610/3611
f 3627/3588/3589 3743/3606/3607 3611/3589/3590
f 3637/3714/3715 3652/3537/3538 3651/3618/3619
f 3605/3563/3564 3659/3619/3620 3669/3571/3572
f 3654/3666/3667 3787/3769/3770 3749/3720/3721
f 3788/3770/3771 3787/3769/3770 3654/3666/3667
f 3654/3666/3667 3693/3640/3641 3685/3635/3636
f 3675/3731/3732 3658/3613/3614 3656/3612/3613
f 3747/3718/3719 3789/3771/3772 3746/3717/3718
f 3790/3772/3773 3761/3773/3774 3640/3711/3712
f 3790/3772/3773 3791/3774/3775 3761/3773/3774
f 3689/3638/3639 3688/3636/3637 3708/3655/3656
f 3690/3536/3537 3678/3634/3635 3644/3642/3643
f 3711/3658/3659 3671/3609/3610 3676/3626/3627
f 3557/3541/3542 3767/3746/3747 3792/3775/3776
f 3751/3723/3724 3700/3650/3651 3793/3776/3777
f 3711/3658/3659 3676/3626/3627 3794/3777/3778
f 3700/3650/3651 3663/3621/3622 3703/3651/3652
f 3752/3724/3725 3703/3651/3652 3663/3621/3622
f 3767/3746/3747 3795/3778/3779 3792/3775/3776
f 3697/3646/3647 3796/3779/3780 3797/3780/3781
f 3682/3630/3631 3681/3629/3630 3553/3532/3533
f 3553/3532/3533 3798/3781/3782 3760/3733/3734
f 3771/3782/3783 3799/3783/3784 3767/3746/3747
f 3795/3778/3779 3767/3746/3747 3799/3783/3784
f 3215/3217/3218 3247/3253/3254 3248/3223/3224
f 3560/3557/3558 3652/3537/3538 3623/3578/3579
f 3559/3671/3672 3654/3666/3667 3685/3635/3636
f 3800/3784/3785 3569/3662/3663 3593/3547/3548
f 3265/3264/3265 3422/3388/3389 3267/3262/3263
f 3801/3785/3786 3692/3654/3655 3685/3635/3636
f 3553/3532/3533 3679/3631/3632 3654/3666/3667
f 3553/3532/3533 3765/3740/3741 3707/3786/3787
f 3765/3740/3741 3553/3532/3533 3718/3668/3669
f 3852/3750/3751 3594/3665/3666 3832/3787/3788
f 3852/3750/3751 3553/3532/3533 3594/3665/3666
f 3580/3556/3557 3852/3750/3751 3601/3752/3753
f 3852/3750/3751 3802/3788/3789 3603/3753/3754
f 3593/3547/3548 3696/3645/3646 3561/3663/3664
f 3361/3309/3310 3337/3458/3459 3530/3493/3494
f 3553/3532/3533 3556/3534/3535 3554/3667/3668
f 3714/3660/3661 3803/3789/3790 3671/3609/3610
f 3557/3541/3542 3671/3609/3610 3562/3539/3540
f 3705/3790/3791 3804/3791/3792 3805/3792/3793
f 3616/3587/3588 3804/3791/3792 3705/3790/3791
f 3706/3793/3794 3804/3791/3792 3616/3587/3588
f 3562/3539/3540 3671/3609/3610 3803/3789/3790
f 3706/3793/3794 3806/3794/3795 3773/3754/3755
f 3558/3535/3536 3559/3671/3672 3678/3634/3635
f 3565/3689/3690 3807/3795/3796 3566/3561/3562
f 3268/3263/3264 3479/3796/3797 3809/3797/3798
f 3577/3555/3556 3555/3533/3534 3553/3532/3533
f 3810/3798/3799 3457/3255/3256 3811/3799/3800
f 3581/3558/3559 3558/3535/3536 3652/3537/3538
f 3812/3800/3801 3726/3549/3550 3778/3801/3802
f 3812/3800/3801 3573/3552/3553 3726/3549/3550
f 3777/3759/3760 3813/3802/3803 3567/3545/3546
f 3597/3566/3567 3596/3565/3566 3814/3803/3804
f 3585/3681/3682 3583/3560/3561 3586/3559/3560
f 3249/3429/3430 3296/3282/3283 3250/3293/3294
f 3588/3683/3684 3593/3547/3548 3591/3546/3547
f 3629/3602/3603 3610/3576/3577 3584/3690/3691
f 3817/3804/3805 3279/3299/3300 3276/3296/3297
f 3279/3299/3300 3817/3804/3805 3275/3267/3268
f 3506/3386/3387 3250/3293/3294 3296/3282/3283
f 3560/3557/3558 3568/3672/3673 3581/3558/3559
f 3275/3267/3268 3817/3804/3805 3280/3265/3266
f 3361/3309/3310 3604/3572/3573 3343/3326/3327
f 3604/3572/3573 3606/3607/3608 3343/3326/3327
f 3606/3607/3608 3582/3404/3405 3493/3467/3468
f 3498/3366/3367 3537/3511/3512 3818/3805/3806
f 3626/3581/3582 3636/3597/3598 3617/3582/3583
f 3498/3366/3367 3499/3472/3473 3292/3280/3281
f 3611/3589/3590 3636/3597/3598 3626/3581/3582
f 3611/3589/3590 3623/3578/3579 3612/3580/3581
f 3615/3579/3580 3609/3596/3597 3607/3595/3596
f 3648/3610/3611 3633/3698/3699 3609/3596/3597
f 3651/3618/3619 3666/3620/3621 3648/3610/3611
f 3274/3505/3506 3312/3806/3807 3272/3504/3505
f 3653/3608/3609 3611/3589/3590 3743/3606/3607
f 3649/3604/3605 3743/3606/3607 3786/3807/3808
f 3690/3536/3537 3651/3618/3619 3652/3537/3538
f 3706/3793/3794 3616/3587/3588 3640/3711/3712
f 3654/3666/3667 3820/3808/3809 3693/3640/3641
f 3642/3586/3587 3790/3772/3773 3640/3711/3712
f 3656/3612/3613 3788/3770/3771 3654/3666/3667
f 3654/3666/3667 3748/3719/3720 3820/3808/3809
f 3612/3580/3581 3607/3595/3596 3639/3593/3594
f 3534/3284/3285 3510/3482/3483 3271/3261/3262
f 3623/3578/3579 3637/3714/3715 3615/3579/3580
f 3659/3619/3620 3605/3563/3564 3666/3620/3621
f 3668/3653/3654 3604/3572/3573 3669/3571/3572
f 3673/3643/3644 3678/3634/3635 3688/3636/3637
f 3663/3621/3622 3821/3809/3810 3664/3622/3623
f 3271/3261/3262 3272/3504/3505 3534/3284/3285
f 3702/3745/3746 3673/3643/3644 3688/3636/3637
f 3796/3779/3780 3697/3646/3647 3703/3651/3652
f 3697/3646/3647 3822/3810/3811 3695/3644/3645
f 3793/3776/3777 3700/3650/3651 3699/3649/3650
f 3500/3370/3371 3297/3287/3288 3444/3298/3299
f 3750/3721/3722 3620/3585/3586 3647/3699/3700
f 3702/3745/3746 3647/3699/3700 3686/3652/3653
f 3688/3636/3637 3823/3811/3812 3750/3721/3722
f 3294/3500/3501 3308/3696/3697 3273/3679/3680
f 3707/3786/3787 3798/3781/3782 3553/3532/3533
f 3647/3699/3700 3702/3745/3746 3750/3721/3722
f 3644/3642/3643 3669/3571/3572 3659/3619/3620
f 3309/3291/3292 3272/3504/3505 3312/3806/3807
f 3604/3572/3573 3361/3309/3310 3530/3493/3494
f 3700/3650/3651 3713/3742/3743 3763/3736/3737
f 3824/3812/3813 3717/3664/3665 3696/3645/3646
f 3453/3423/3424 3704/3734/3735 3729/3682/3683
f 3704/3734/3735 3616/3587/3588 3705/3790/3791
f 3731/3685/3686 3706/3793/3794 3773/3754/3755
f 3640/3711/3712 3806/3794/3795 3706/3793/3794
f 3554/3667/3668 3825/3813/3814 3718/3668/3669
f 3720/3670/3671 3768/3743/3744 3700/3650/3651
f 3688/3636/3637 3750/3721/3722 3702/3745/3746
f 3558/3535/3536 3678/3634/3635 3690/3536/3537
f 3594/3665/3666 3654/3666/3667 3559/3671/3672
f 3315/3705/3706 3826/3814/3815 3827/3815/3816
f 3829/3816/3817 3830/3817/3818 3905/3396/3397
f 3829/3816/3817 3905/3396/3397 3933/3818/3819
f 3545/3517/3518 3834/3819/3820 3831/3820/3821
f 3288/3274/3275 3280/3265/3266 3836/3821/3822
f 3838/3822/3823 3721/3758/3759 3557/3541/3542
f 3829/3816/3817 3839/3823/3824 3830/3817/3818
f 3848/3824/3825 3834/3819/3820 3849/3825/3826
f 3849/3825/3826 3834/3819/3820 3545/3517/3518
f 3314/3538/3539 3274/3505/3506 3293/3259/3260
f 3949/3826/3827 3856/3827/3828 3857/3828/3829
f 3792/3775/3776 3795/3778/3779 3858/3829/3830
f 3859/3830/3831 3856/3827/3828 3949/3826/3827
f 3865/3831/3832 3568/3672/3673 3838/3822/3823
f 3855/3832/3833 3860/3833/3834 3861/3834/3835
f 3817/3804/3805 3854/3835/3836 3862/3836/3837
f 3479/3796/3797 3844/3837/3838 3868/3838/3839
f 3545/3517/3518 3897/3839/3840 3849/3825/3826
f 3277/3840/3841 3440/3841/3842 3923/3842/3843
f 3841/3843/3844 3922/3844/3845 3846/3845/3846
f 3845/3846/3847 3835/3847/3848 3873/3848/3849
f 3874/3849/3850 3873/3848/3849 3875/3850/3851
f 3951/3851/3852 3845/3846/3847 3880/3852/3853
f 3845/3846/3847 3881/3853/3854 3880/3852/3853
f 3730/3684/3685 3808/3854/3855 3882/3855/3856
f 3730/3684/3685 3882/3855/3856 3593/3547/3548
f 3951/3851/3852 3880/3852/3853 3883/3856/3857
f 3951/3851/3852 3883/3856/3857 3884/3857/3858
f 3951/3851/3852 3884/3857/3858 3887/3858/3859
f 3884/3857/3858 3886/3859/3860 3887/3858/3859
f 3890/3860/3861 3887/3858/3859 3888/3861/3862
f 3850/3862/3863 3871/3863/3864 3893/3864/3865
f 3894/3865/3866 3802/3788/3789 3852/3750/3751
f 3802/3788/3789 3894/3865/3866 3896/3866/3867
f 3568/3672/3673 3865/3831/3832 3581/3558/3559
f 3857/3828/3829 3898/3867/3868 3852/3750/3751
f 3849/3825/3826 3897/3839/3840 3899/3868/3869
f 3521/3490/3491 3520/3548/3549 3519/3491/3492
f 3721/3758/3759 3838/3822/3823 3568/3672/3673
f 3901/3869/3870 3902/3870/3871 3903/3871/3872
f 3899/3868/3869 3897/3839/3840 3906/3872/3873
f 3841/3843/3844 3957/3873/3874 3922/3844/3845
f 3869/3874/3875 3945/3875/3876 3870/3876/3877
f 3833/3877/3878 3907/3878/3879 3952/3879/3880
f 3909/3880/3881 3931/3881/3882 3872/3882/3883
f 3865/3831/3832 3614/3693/3694 3581/3558/3559
f 3910/3883/3884 3905/3396/3397 3901/3869/3870
f 3911/3884/3885 3910/3883/3884 3901/3869/3870
f 3531/3507/3508 3520/3548/3549 3521/3490/3491
f 3912/3885/3886 3889/3886/3887 3938/3887/3888
f 3866/3888/3889 3971/3889/3890 3900/3890/3891
f 3917/3891/3892 3918/3892/3893 3919/3893/3894
f 3893/3864/3865 3871/3863/3864 3920/3894/3895
f 3861/3834/3835 3964/3895/3896 3921/3896/3897
f 3897/3839/3840 3925/3897/3898 3906/3872/3873
f 3437/3399/3400 3924/3898/3899 3923/3842/3843
f 3882/3855/3856 3808/3854/3855 3928/3899/3900
f 3929/3900/3901 3930/3901/3902 3850/3862/3863
f 3949/3826/3827 3437/3399/3400 3905/3396/3397
f 3895/3902/3903 3959/3903/3904 3892/3904/3905
f 3970/3905/3906 3892/3904/3905 3959/3903/3904
f 3961/3906/3907 3864/3907/3908 3892/3904/3905
f 3913/3908/3909 3933/3818/3819 3905/3396/3397
f 3934/3909/3910 3935/3910/3911 3593/3547/3548
f 3937/3911/3912 3938/3887/3888 3939/3912/3913
f 3520/3548/3549 3531/3507/3508 3458/3401/3402
f 3940/3913/3914 3840/3914/3915 3965/3915/3916
f 3894/3865/3866 3942/3916/3917 3943/3917/3918
f 3925/3897/3898 3897/3839/3840 3944/3918/3919
f 3947/3919/3920 3948/3920/3921 3914/3921/3922
f 3967/3922/3923 3838/3822/3823 3951/3851/3852
f 3905/3396/3397 3830/3817/3818 3949/3826/3827
f 3521/3490/3491 3528/3499/3500 3531/3507/3508
f 3299/3285/3286 3522/3492/3493 3519/3491/3492
f 3953/3923/3924 3916/3924/3925 3931/3881/3882
f 3522/3492/3493 3299/3285/3286 3306/3292/3293
f 3399/3279/3280 3300/3273/3274 3402/3294/3295
f 3964/3895/3896 3922/3844/3845 3973/3925/3926
f 3867/3926/3927 3958/3927/3928 3959/3903/3904
f 3978/3928/3929 3867/3926/3927 3959/3903/3904
f 3948/3920/3921 3968/3929/3930 3976/3930/3931
f 3295/3931/3932 3307/3738/3739 3300/3273/3274
f 3961/3906/3907 3958/3927/3928 3838/3822/3823
f 3961/3906/3907 3838/3822/3823 3967/3922/3923
f 3948/3920/3921 3971/3889/3890 3968/3929/3930
f 3923/3842/3843 3924/3898/3899 3957/3873/3874
f 3430/3501/3502 3297/3287/3288 3257/3252/3253
f 3528/3499/3500 3529/3319/3320 3541/3503/3504
f 3964/3895/3896 3828/3932/3933 3963/3933/3934
f 3869/3874/3875 3954/3934/3935 3952/3879/3880
f 3980/3935/3936 3957/3873/3874 3924/3898/3899
f 3867/3926/3927 3978/3928/3929 3614/3693/3694
f 3543/3515/3516 3287/3286/3287 3299/3285/3286
f 3938/3887/3888 3843/3936/3937 3981/3937/3938
f 3288/3274/3275 3833/3877/3878 3853/3938/3939
f 3974/3939/3940 3891/3940/3941 3976/3930/3931
f 3301/3716/3717 3851/3941/3942 3826/3814/3815
f 3307/3738/3739 3310/3704/3705 3249/3429/3430
f 3837/3942/3943 3315/3705/3706 3827/3815/3816
f 3829/3816/3817 3985/3943/3944 3839/3823/3824
f 3593/3547/3548 3984/3944/3945 3986/3945/3946
f 3734/3692/3693 3832/3787/3788 3594/3665/3666
f 3892/3904/3905 3976/3930/3931 3891/3940/3941
f 3914/3921/3922 3833/3877/3878 3836/3821/3822
f 3869/3874/3875 3870/3876/3877 3954/3934/3935
f 3288/3274/3275 3836/3821/3822 3833/3877/3878
f 3923/3842/3843 3440/3841/3842 3437/3399/3400
f 3844/3837/3838 3479/3796/3797 3508/3739/3740
f 3292/3280/3281 3499/3472/3473 3496/3471/3472
f 3989/3946/3947 3844/3837/3838 3878/3947/3948
f 3895/3902/3903 3974/3939/3940 3885/3948/3949
f 3862/3836/3837 3900/3890/3891 3947/3919/3920
f 3949/3826/3827 3857/3828/3829 3852/3750/3751
f 3557/3541/3542 3792/3775/3776 3838/3822/3823
f 3792/3775/3776 3990/3949/3950 3835/3847/3848
f 3835/3847/3848 3990/3949/3950 3991/3950/3951
f 3792/3775/3776 3847/3951/3952 3992/3952/3953
f 3990/3949/3950 3792/3775/3776 3992/3952/3953
f 3835/3847/3848 3845/3846/3847 3951/3851/3852
f 3991/3950/3951 3990/3949/3950 3993/3953/3954
f 3252/3427/3428 3318/3695/3696 3321/3428/3429
f 3890/3860/3861 3951/3851/3852 3887/3858/3859
f 3586/3559/3560 3908/3954/3955 3890/3860/3861
f 3569/3662/3663 3800/3784/3785 3586/3559/3560
f 3908/3954/3955 3586/3559/3560 3800/3784/3785
f 3841/3843/3844 3923/3842/3843 3957/3873/3874
f 3593/3547/3548 3986/3945/3946 3994/3955/3956
f 3840/3914/3915 3940/3913/3914 3904/3956/3957
f 3937/3911/3912 3912/3885/3886 3938/3887/3888
f 3840/3914/3915 3827/3815/3816 3965/3915/3916
f 3833/3877/3878 3914/3921/3922 3907/3878/3879
f 3865/3831/3832 3867/3926/3927 3614/3693/3694
f 3931/3881/3882 3950/3957/3958 3953/3923/3924
f 3437/3399/3400 3949/3826/3827 3924/3898/3899
f 3866/3888/3889 3916/3924/3925 3953/3923/3924
f 3920/3894/3895 3800/3784/3785 3593/3547/3548
f 3920/3894/3895 3946/3958/3959 3800/3784/3785
f 3920/3894/3895 3593/3547/3548 3935/3910/3911
f 3953/3923/3924 3971/3889/3890 3866/3888/3889
f 3942/3916/3917 3894/3865/3866 3852/3750/3751
f 3995/3959/3960 3996/3960/3961 3997/3961/3962
f 3927/3962/3963 3956/3963/3964 3852/3750/3751
f 3997/3961/3962 3998/3964/3965 3995/3959/3960
f 3997/3961/3962 3918/3892/3893 3917/3891/3892
f 3951/3851/3852 3977/3965/3966 3967/3922/3923
f 3914/3921/3922 3962/3966/3967 3907/3878/3879
f 3969/3967/3968 3953/3923/3924 3950/3957/3958
f 4001/3968/3969 3938/3887/3888 4000/3969/3970
f 4001/3968/3969 4000/3969/3970 4002/3970/3971
f 3964/3895/3896 3972/3971/3972 3828/3932/3933
f 3969/3967/3968 3974/3939/3940 3968/3929/3930
f 3968/3929/3930 3974/3939/3940 3976/3930/3931
f 3940/3913/3914 3850/3862/3863 3843/3936/3937
f 3941/3972/3973 3975/3973/3974 3945/3875/3876
f 3941/3972/3973 3967/3922/3923 3977/3965/3966
f 3879/3974/3975 3734/3692/3693 3978/3928/3929
f 3940/3913/3914 3966/3975/3976 3871/3863/3864
f 3938/3887/3888 3940/3913/3914 3843/3936/3937
f 3800/3784/3785 3946/3958/3959 3908/3954/3955
f 3920/3894/3895 4005/3976/3977 4006/3977/3978
f 3933/3818/3819 4007/3978/3979 3829/3816/3817
f 4007/3978/3979 3933/3818/3819 4008/3979/3980
f 3980/3935/3936 3924/3898/3899 3832/3787/3788
f 3295/3931/3932 3288/3274/3275 3853/3938/3939
f 3826/3814/3815 3315/3705/3706 3301/3716/3717
f 3981/3937/3938 3843/3936/3937 3842/3980/3981
f 3981/3937/3938 3842/3980/3981 4009/3981/3982
f 3924/3898/3899 3949/3826/3827 3852/3750/3751
f 4011/3982/3983 3949/3826/3827 3830/3817/3818
f 3962/3966/3967 3892/3904/3905 3864/3907/3908
f 3841/3843/3844 3846/3845/3846 3815/3983/3984
f 3862/3836/3837 3836/3821/3822 3280/3265/3266
f 3862/3836/3837 3854/3835/3836 3866/3888/3889
f 3854/3835/3836 3860/3833/3834 3855/3832/3833
f 3862/3836/3837 3866/3888/3889 3900/3890/3891
f 3861/3834/3835 3860/3833/3834 3922/3844/3845
f 3860/3833/3834 3846/3845/3846 3922/3844/3845
f 3817/3804/3805 3862/3836/3837 3280/3265/3266
f 3479/3796/3797 3868/3838/3839 3987/3984/3985
f 3570/3403/3404 3520/3548/3549 3458/3401/3402
f 3837/3942/3943 3840/3914/3915 3844/3837/3838
f 3878/3947/3948 3844/3837/3838 3889/3886/3887
f 3853/3938/3939 3833/3877/3878 3952/3879/3880
f 3951/3851/3852 3838/3822/3823 3835/3847/3848
f 3826/3814/3815 3851/3941/3942 3876/3985/3986
f 3570/3403/3404 3445/3411/3412 3495/3410/3411
f 3966/3975/3976 3946/3958/3959 3871/3863/3864
f 3958/3927/3928 3865/3831/3832 3838/3822/3823
f 3916/3924/3925 3854/3835/3836 3872/3882/3883
f 3861/3834/3835 3922/3844/3845 3964/3895/3896
f 4015/3986/3987 3902/3870/3871 3905/3396/3397
f 3844/3837/3838 3904/3956/3957 3889/3886/3887
f 3901/3869/3870 3905/3396/3397 3902/3870/3871
f 3915/3987/3988 3913/3908/3909 3910/3883/3884
f 3912/3885/3886 3937/3911/3912 4016/3988/3989
f 3838/3822/3823 3792/3775/3776 3835/3847/3848
f 3835/3989/3990 4018/3990/3991 4019/3991/3992
f 3875/3850/3851 3835/3847/3848 4017/3992/3993
f 3927/3962/3963 3852/3750/3751 3926/3993/3994
f 3926/3993/3994 3852/3750/3751 3898/3867/3868
f 3864/3907/3908 3941/3972/3973 3863/3994/3995
f 3900/3890/3891 3971/3889/3890 3948/3920/3921
f 3900/3890/3891 3948/3920/3921 3947/3919/3920
f 3941/3972/3973 3945/3875/3876 3869/3874/3875
f 4013/3995/3996 3896/3866/3867 3894/3865/3866
f 3960/3996/3997 3933/3818/3819 4020/3997/3998
f 3960/3996/3997 4020/3997/3998 4021/3998/3999
f 4020/3997/3998 3933/3818/3819 3913/3908/3909
f 3851/3941/3942 3954/3934/3935 3932/3999/4000
f 3871/3863/3864 3946/3958/3959 3920/3894/3895
f 3963/3933/3934 3921/3896/3897 3964/3895/3896
f 3305/3409/3410 3445/3411/3412 3386/4000/4001
f 3948/3920/3921 3976/3930/3931 3914/3921/3922
f 3927/3962/3963 3955/4001/4002 3956/3963/3964
f 3386/4000/4001 3463/3603/3604 3305/3409/3410
f 3959/3903/3904 3885/3948/3949 3978/3928/3929
f 3959/3903/3904 3895/3902/3903 3885/3948/3949
f 3827/3815/3816 3876/3985/3986 3965/3915/3916
f 3251/4002/4003 3328/3744/3745 3253/3290/3291
f 3328/3744/3745 3251/4002/4003 3439/4003/4004
f 3941/3972/3973 3864/3907/3908 3967/3922/3923
f 3904/3956/3957 3940/3913/3914 3938/3887/3888
f 4000/3969/3970 4003/4004/4005 4004/4005/4006
f 3907/3878/3879 3863/3994/3995 3952/3879/3880
f 3970/3905/3906 3958/3927/3928 3961/3906/3907
f 3907/3878/3879 3962/3966/3967 3863/3994/3995
f 3738/3701/3702 3242/3243/3244 3237/3244/3245
f 3870/3876/3877 3965/3915/3916 3876/3985/3986
f 3973/3925/3926 3922/3844/3845 3980/3935/3936
f 3957/3873/3874 3980/3935/3936 3922/3844/3845
f 3890/3860/3861 4022/4006/4007 3998/3964/3965
f 3586/3559/3560 3890/3860/3861 3917/3891/3892
f 3828/3932/3933 3972/3971/3972 3885/3948/3949
f 3890/3860/3861 3998/3964/3965 3997/3961/3962
f 3917/3891/3892 3890/3860/3861 3997/3961/3962
f 3945/3875/3876 3890/3860/3861 3908/3954/3955
f 4003/4004/4005 3981/3937/3938 3982/4007/4008
f 3999/4008/4009 3984/3944/3945 3882/3855/3856
f 3945/3875/3876 3975/3973/3974 3890/3860/3861
f 4006/3977/3978 3893/3864/3865 3920/3894/3895
f 3879/3974/3975 3832/3787/3788 3734/3692/3693
f 3920/3894/3895 3935/3910/3911 4023/4009/4010
f 4023/4009/4010 3983/4010/4011 3920/3894/3895
f 3863/3994/3995 3869/3874/3875 3952/3879/3880
f 3508/3739/3740 3837/3942/3943 3844/3837/3838
f 3988/4011/4012 3830/3817/3818 3839/3823/3824
f 3940/3913/3914 3871/3863/3864 3850/3862/3863
f 3854/3835/3836 3817/3804/3805 3860/3833/3834
f 3815/3983/3984 3846/3845/3846 3860/3833/3834
f 3974/3939/3940 3895/3902/3903 3891/3940/3941
f 3837/3942/3943 3827/3815/3816 3840/3914/3915
f 3974/3939/3940 3828/3932/3933 3885/3948/3949
f 3832/3787/3788 3879/3974/3975 3980/3935/3936
f 3854/3835/3836 3855/3832/3833 3872/3882/3883
f 3855/3832/3833 3861/3834/3835 3877/4012/4013
f 3855/3832/3833 3877/4012/4013 3872/3882/3883
f 3269/3278/3279 3421/3387/3388 3608/3573/3574
f 3842/3980/3981 3843/3936/3937 4024/4013/4014
f 3862/3836/3837 3947/3919/3920 3836/3821/3822
f 3267/3262/3263 3421/3387/3388 3269/3278/3279
f 3868/3838/3839 3844/3837/3838 3989/3946/3947
f 3854/3835/3836 3916/3924/3925 3866/3888/3889
f 3826/3814/3815 3876/3985/3986 3827/3815/3816
f 3868/3838/3839 3989/3946/3947 4012/4014/4015
f 4025/4015/4016 3868/3838/3839 4012/4014/4015
f 3962/3966/3967 3864/3907/3908 3863/3994/3995
f 3277/3840/3841 3923/3842/3843 3841/3843/3844
f 3870/3876/3877 3908/3954/3955 3966/3975/3976
f 3308/3696/3697 3267/3262/3263 3273/3679/3680
f 3853/3938/3939 3952/3879/3880 3851/3941/3942
f 3872/3882/3883 3877/4012/4013 3909/3880/3881
f 3994/3955/3956 3934/3909/3910 3593/3547/3548
f 3836/3821/3822 3947/3919/3920 3914/3921/3922
f 3921/3896/3897 3877/4012/4013 3861/3834/3835
f 3972/3971/3972 3980/3935/3936 3885/3948/3949
f 4026/4016/4017 3215/3217/3218 3762/3735/3736
f 3891/3940/3941 3895/3902/3903 3892/3904/3905
f 4027/4017/4018 3215/3217/3218 4026/4016/4017
f 3909/3880/3881 3877/4012/4013 3921/3896/3897
f 3876/3985/3986 3851/3941/3942 3932/3999/4000
f 3872/3882/3883 3931/3881/3882 3916/3924/3925
f 3905/3396/3397 3910/3883/3884 3913/3908/3909
f 3844/3837/3838 3840/3914/3915 3904/3956/3957
f 3889/3886/3887 3904/3956/3957 3938/3887/3888
f 3921/3896/3897 3950/3957/3958 3909/3880/3881
f 3909/3880/3881 3950/3957/3958 3931/3881/3882
f 3865/3831/3832 3958/3927/3928 3867/3926/3927
f 3924/3898/3899 3852/3750/3751 3832/3787/3788
f 3857/3828/3829 4014/4018/4019 3898/3867/3868
f 3908/3954/3955 3870/3876/3877 3945/3875/3876
f 3851/3941/3942 3952/3879/3880 3954/3934/3935
f 3946/3958/3959 3966/3975/3976 3908/3954/3955
f 3936/4019/4020 4020/3997/3998 3913/3908/3909
f 3938/3887/3888 4001/3968/3969 3939/3912/3913
f 3951/3851/3852 3890/3860/3861 3975/3973/3974
f 3977/3965/3966 3951/3851/3852 3975/3973/3974
f 3869/3874/3875 3863/3994/3995 3941/3972/3973
f 3921/3896/3897 3963/3933/3934 3950/3957/3958
f 3835/3847/3848 3875/3850/3851 3873/3848/3849
f 3398/3369/3370 3275/3267/3268 3316/3266/3267
f 3980/3935/3936 3879/3974/3975 3978/3928/3929
f 3882/3855/3856 3984/3944/3945 3593/3547/3548
f 3614/3693/3694 3978/3928/3929 3734/3692/3693
f 3980/3935/3936 3978/3928/3929 3885/3948/3949
f 3972/3971/3972 3964/3895/3896 3973/3925/3926
f 3968/3929/3930 3971/3889/3890 3969/3967/3968
f 3961/3906/3907 3892/3904/3905 3970/3905/3906
f 3914/3921/3922 3976/3930/3931 3962/3966/3967
f 4013/3995/3996 4028/4020/4021 3896/3866/3867
f 3963/3933/3934 3969/3967/3968 3950/3957/3958
f 3938/3887/3888 4003/4004/4005 4000/3969/3970
f 3956/3963/3964 3942/3916/3917 3852/3750/3751
f 3850/3862/3863 3893/3864/3865 3929/3900/3901
f 3953/3923/3924 3969/3967/3968 3971/3889/3890
f 3961/3906/3907 3967/3922/3923 3864/3907/3908
f 3253/3290/3291 3277/3840/3841 3311/3295/3296
f 3932/3999/4000 3870/3876/3877 3876/3985/3986
f 3870/3876/3877 3932/3999/4000 3954/3934/3935
f 3965/3915/3916 3966/3975/3976 3940/3913/3914
f 3938/3887/3888 3981/3937/3938 4003/4004/4005
f 3963/3933/3934 3828/3932/3933 3974/3939/3940
f 3963/3933/3934 3974/3939/3940 3969/3967/3968
f 3959/3903/3904 3958/3927/3928 3970/3905/3906
f 3979/4021/4022 4008/3979/3980 3933/3818/3819
f 3941/3972/3973 3977/3965/3966 3975/3973/3974
f 3972/3971/3972 3973/3925/3926 3980/3935/3936
f 3976/3930/3931 3892/3904/3905 3962/3966/3967
f 3966/3975/3976 3965/3915/3916 3870/3876/3877
f 3268/3263/3264 3715/4022/4023 3265/3264/3265
f 3851/3941/3942 3295/3931/3932 3853/3938/3939
f 3237/3244/3245 4029/4023/4024 3460/3702/3703
f 3490/3462/3463 4030/4024/4025 3243/3245/3246
f 3305/3409/3410 3304/3470/3471 3495/3410/3411
f 3387/3521/3522 3445/3411/3412 3570/3403/3404
f 3532/3281/3282 3298/3283/3284 3458/3401/3402
f 3430/3501/3502 3278/3297/3298 3444/3298/3299
f 3290/3276/3277 3492/4025/4026 4031/4026/4027
f 3311/3295/3296 3430/3501/3502 3322/3303/3304
f 3507/3519/3520 3505/3520/3521 3410/3383/3384
f 3269/3278/3279 3492/4025/4026 3290/3276/3277
f 3278/3297/3298 3430/3501/3502 3311/3295/3296
f 3307/3738/3739 3301/3716/3717 3310/3704/3705
f 3539/3513/3514 3418/3382/3383 3506/3386/3387
f 3539/3513/3514 3507/3519/3520 3418/3382/3383
f 3276/3296/3297 3860/3833/3834 3817/3804/3805
f 3505/3520/3521 3500/3370/3371 3399/3279/3280
f 3499/3472/3473 4032/4027/4028 3495/3410/3411
f 3320/3300/3301 3540/4028/4029 3541/3503/3504
f 4032/4027/4028 3499/3472/3473 4033/4029/4030
f 3321/3428/3429 3308/3696/3697 3387/3521/3522
f 3519/3491/3492 3570/3403/3404 3495/3410/3411
f 3260/3256/3257 3258/4030/4031 3259/3257/3258
f 3495/3410/3411 3545/3517/3518 3519/3491/3492
f 3545/3517/3518 3543/3515/3516 3519/3491/3492
f 3250/3293/3294 3300/3273/3274 3307/3738/3739
f 3483/3478/3479 3271/3261/3262 4034/4031/4032
f 3483/3478/3479 3239/3432/3433 3271/3261/3262
f 3300/3273/3274 3288/3274/3275 3295/3931/3932
f 3301/3716/3717 3307/3738/3739 3851/3941/3942
f 3468/3440/3441 3449/3420/3421 3457/3255/3256
f 3267/3262/3263 3308/3696/3697 3313/4032/4033
f 3273/3679/3680 3292/3280/3281 3294/3500/3501
f 3815/3983/3984 3277/3840/3841 3841/3843/3844
f 3257/3252/3253 3322/3303/3304 3430/3501/3502
f 3260/3256/3257 3457/3255/3256 3245/3254/3255
f 3457/3255/3256 4036/4033/4034 3466/3438/3439
f 3312/3806/3807 3274/3505/3506 3317/3518/3519
f 3293/3259/3260 3297/3287/3288 3505/3520/3521
f 3274/3505/3506 3314/3538/3539 3317/3518/3519
f 3268/3263/3264 3508/3739/3740 3479/3796/3797
f 3293/3259/3260 3505/3520/3521 3314/3538/3539
f 3312/3806/3807 3317/3518/3519 3309/3291/3292
f 3278/3297/3298 3276/3296/3297 3279/3299/3300
f 3276/3296/3297 3311/3295/3296 3815/3983/3984
f 3288/3274/3275 3316/3266/3267 3280/3265/3266
f 3274/3505/3506 3271/3261/3262 3262/3258/3259
f 3263/3247/3248 3257/3252/3253 3297/3287/3288
f 3305/3409/3410 3463/3603/3604 3304/3470/3471
f 3302/3288/3289 4035/4034/4035 3303/3289/3290
f 3816/4035/4036 3286/3508/3509 4037/4036/4037
f 3262/3258/3259 3271/3261/3262 3239/3432/3433
f 3298/3283/3284 3252/3427/3428 3458/3401/3402
f 3296/3282/3283 3249/3429/3430 3298/3283/3284
f 3449/3420/3421 3451/4037/4038 3450/3421/3422
f 3328/3744/3745 3277/3840/3841 3253/3290/3291
f 3271/3261/3262 3264/3260/3261 4034/4031/4032
f 3387/3521/3522 3386/4000/4001 3445/3411/3412
f 3437/3399/3400 3440/3841/3842 3328/3744/3745
f 3463/3603/3604 3386/4000/4001 3294/3500/3501
f 3215/3217/3218 3237/3244/3245 3247/3253/3254
f 4010/4038/4039 3327/3308/3309 3328/3744/3745
f 3260/3256/3257 3245/3254/3255 3261/4039/4040
f 3261/4039/4040 3245/3254/3255 3244/3246/3247
f 3239/3432/3433 3238/3477/3478 3220/3433/3434
f 3328/3744/3745 3440/3841/3842 3277/3840/3841
f 4038/4040/4041 4015/3986/3987 3905/3396/3397
f 3322/3303/3304 3253/3290/3291 3311/3295/3296
f 3505/3520/3521 3399/3279/3280 3402/3294/3295
f 3237/3244/3245 3215/3217/3218 4029/4023/4024
f 3393/3365/3366 3538/3512/3513 3498/3366/3367
f 4027/4017/4018 4029/4023/4024 3215/3217/3218
f 4039/4041/4042 4029/4023/4024 4027/4017/4018
f 3438/3400/3401 4038/4040/4041 3905/3396/3397
f 3418/3382/3383 3402/3294/3295 3250/3293/3294
f 3243/3245/3246 3237/3244/3245 3242/3243/3244
f 3242/3243/3244 3241/3242/3243 3243/3245/3246
f 3294/3500/3501 3387/3521/3522 3308/3696/3697
f 3816/4035/4036 4040/4042/4043 3510/3482/3483
f 3510/3482/3483 3286/3508/3509 3816/4035/4036
f 3315/3705/3706 3837/3942/3943 3318/3695/3696
f 3320/3300/3301 3541/3503/3504 3529/3319/3320
f 3398/3369/3370 3279/3299/3300 3275/3267/3268
f 3302/3288/3289 3253/3290/3291 3502/3474/3475
f 3502/3474/3475 4041/4043/4044 3302/3288/3289
f 3308/3696/3697 3508/3739/3740 3313/4032/4033
f 3267/3262/3263 3269/3278/3279 3273/3679/3680
f 3296/3282/3283 3540/4028/4029 3506/3386/3387
f 3532/3281/3282 3541/3503/3504 3296/3282/3283
f 3287/3286/3287 3285/3272/3273 3819/4044/4045
f 3507/3519/3520 3539/3513/3514 3319/3301/3302
f 3296/3282/3283 3541/3503/3504 3540/4028/4029
f 3252/3427/3428 3249/3429/3430 3310/3704/3705
f 3251/4002/4003 3253/3290/3291 3303/3289/3290
f 3318/3695/3696 3837/3942/3943 3508/3739/3740
f 3503/3475/3476 3450/3421/3422 3779/4045/4046
f 3311/3295/3296 3277/3840/3841 3815/3983/3984
f 3897/3839/3840 3495/3410/3411 4032/4027/4028
f 3321/3428/3429 3388/3402/3403 3458/3401/3402
f 3897/3839/3840 4032/4027/4028 4042/4046/4047
f 3897/3839/3840 4042/4046/4047 3944/3918/3919
f 3529/3319/3320 3521/3490/3491 3522/3492/3493
f 3307/3738/3739 3295/3931/3932 3851/3941/3942
f 3422/3388/3389 3265/3264/3265 3266/4047/4048
f 3299/3285/3286 3519/3491/3492 3543/3515/3516
f 3422/3388/3389 3266/4047/4048 4043/4048/4049
f 4043/4048/4049 3266/4047/4048 4044/4049/4050
f 3267/3262/3263 3508/3739/3740 3268/3263/3264
f 3399/3279/3280 3500/3370/3371 3316/3266/3267
f 3508/3739/3740 3267/3262/3263 3313/4032/4033
f 3457/3255/3256 3253/3290/3291 3322/3303/3304
f 4045/4050/4051 3849/3825/3826 3899/3868/3869
f 3545/3517/3518 3495/3410/3411 3897/3839/3840
f 3834/3819/3820 3848/3824/3825 4046/4051/4052
f 4047/4052/4053 3848/3824/3825 3849/3825/3826
f 3536/3302/3303 3506/3386/3387 3540/4028/4029
f 3536/3302/3303 3540/4028/4029 3320/3300/3301
f 3860/3833/3834 3276/3296/3297 3815/3983/3984
f 3444/3298/3299 3398/3369/3370 3500/3370/3371
f 3539/3513/3514 3506/3386/3387 3536/3302/3303
f 3510/3482/3483 3534/3284/3285 3286/3508/3509
f 3457/3255/3256 3810/3798/3799 4036/4033/4034
f 3297/3287/3288 3500/3370/3371 3505/3520/3521
f 3386/4000/4001 3387/3521/3522 3294/3500/3501
f 3507/3519/3520 3319/3301/3302 3317/3518/3519
f 3498/3366/3367 4048/4053/4054 3526/3497/3498
f 3499/3472/3473 3495/3410/3411 3304/3470/3471
f 3319/3301/3302 3320/3300/3301 3344/3320/3321
f 3344/3320/3321 3306/3292/3293 3319/3301/3302
f 3327/3308/3309 3434/3397/3398 3437/3399/3400
f 3534/3284/3285 3309/3291/3292 3299/3285/3286
f 3434/3397/3398 3327/3308/3309 3325/3306/3307
f 3325/3306/3307 3549/3528/3529 3434/3397/3398
f 3388/3402/3403 3321/3428/3429 3387/3521/3522
f 4057/4054/4055 4058/4055/4056 4162/4056/4057
f 4137/4057/4058 4060/4058/4059 4061/4059/4060
f 4062/4060/4061 4103/4061/4062 4091/4062/4063
f 4067/4063/4064 4056/4064/4065 4068/4065/4066
f 4075/4066/4067 4070/4067/4068 4073/4068/4069
f 4052/4069/4070 4076/4070/4071 4077/4071/4072
f 4080/4072/4073 4081/4073/4074 4082/4074/4075
f 4084/4075/4076 4067/4063/4064 4079/4076/4077
f 4086/4077/4078 4087/4078/4079 4088/4079/4080
f 4088/4079/4080 4087/4078/4079 4060/4058/4059
f 4089/4080/4081 4090/4081/4082 4092/4082/4083
f 4111/4083/4084 4066/4084/4085 4131/4085/4086
f 4096/4086/4087 4063/4087/4088 4061/4059/4060
f 4097/4088/4089 4093/4089/4090 4098/4090/4091
f 4091/4062/4063 4100/4091/4092 4062/4060/4061
f 4102/4092/4093 4081/4073/4074 4095/4093/4094
f 4077/4071/4072 4102/4092/4093 4052/4069/4070
f 4103/4061/4062 4081/4073/4074 4104/4094/4095
f 4080/4072/4073 4104/4094/4095 4081/4073/4074
f 4102/4092/4093 4077/4071/4072 4105/4095/4096
f 4129/4096/4097 4083/4097/4098 4106/4098/4099
f 4066/4084/4085 4100/4091/4092 4083/4097/4098
f 4112/4099/4100 4108/4100/4101 4107/4101/4102
f 4114/4102/4103 4113/4103/4104 4059/4104/4105
f 4059/4104/4105 4195/4105/4106 4114/4102/4103
f 4091/4062/4063 4067/4063/4064 4084/4075/4076
f 4071/4106/4107 4110/4107/4108 4119/4108/4109
f 4119/4108/4109 4120/4109/4110 4071/4106/4107
f 4120/4109/4110 4121/4110/4111 4071/4106/4107
f 4097/4088/4089 4122/4111/4112 4117/4112/4113
f 4123/4113/4114 4115/4114/4115 4124/4115/4116
f 4118/4116/4117 4130/4117/4118 4126/4118/4119
f 4094/4119/4120 4099/4120/4121 4100/4091/4092
f 4123/4113/4114 4124/4115/4116 4334/4121/4122
f 4116/4122/4123 4127/4123/4124 4098/4090/4091
f 4126/4118/4119 4116/4122/4123 4098/4090/4091
f 4069/4124/4125 4129/4096/4097 4085/4125/4126
f 4155/4126/4127 4089/4080/4081 4065/4127/4128
f 4155/4126/4127 4090/4081/4082 4089/4080/4081
f 4128/4128/4129 4123/4113/4114 4118/4116/4117
f 4118/4116/4117 4334/4121/4122 4130/4117/4118
f 4133/4129/4130 4125/4130/4131 4134/4131/4132
f 4140/4132/4133 4141/4133/4134 4142/4134/4135
f 4051/4135/4136 4141/4133/4134 4140/4132/4133
f 4137/4057/4058 4144/4136/4137 4138/4137/4138
f 4103/4061/4062 4141/4133/4134 4051/4135/4136
f 4195/4105/4106 4059/4104/4105 4069/4124/4125
f 4145/4138/4139 4054/4139/4140 4116/4122/4123
f 4143/4140/4141 4126/4118/4119 4135/4141/4142
f 4146/4142/4143 4153/4143/4144 4147/4144/4145
f 4148/4145/4146 4149/4146/4147 4150/4147/4148
f 4112/4099/4100 4064/4148/4149 4125/4130/4131
f 4153/4143/4144 4151/4149/4150 4147/4144/4145
f 4149/4146/4147 4148/4145/4146 4049/4150/4151
f 4062/4060/4061 4081/4073/4074 4103/4061/4062
f 4151/4149/4150 4153/4143/4144 4152/4151/4152
f 4069/4124/4125 4085/4125/4126 4155/4126/4127
f 4098/4090/4091 4127/4123/4124 4122/4111/4112
f 4117/4112/4113 4122/4111/4112 4154/4152/4153
f 4107/4101/4102 4157/4153/4154 4112/4099/4100
f 4162/4056/4057 4058/4055/4056 4055/4154/4155
f 4079/4076/4077 4158/4155/4156 4084/4075/4076
f 4159/4156/4157 4160/4157/4158 4125/4130/4131
f 4090/4081/4082 4085/4125/4126 4093/4089/4090
f 4161/4158/4159 4159/4156/4157 4148/4145/4146
f 4163/4159/4160 4107/4101/4102 4109/4160/4161
f 4108/4100/4101 4109/4160/4161 4107/4101/4102
f 4152/4151/4152 4164/4161/4162 4151/4149/4150
f 4123/4113/4114 4334/4121/4122 4118/4116/4117
f 4064/4148/4149 4057/4054/4055 4162/4056/4057
f 4132/4162/4163 4057/4054/4055 4064/4148/4149
f 4133/4129/4130 4109/4160/4161 4108/4100/4101
f 4166/4163/4164 4167/4164/4165 4168/4165/4166
f 4101/4166/4167 4057/4054/4055 4132/4162/4163
f 4164/4161/4162 4169/4167/4168 4167/4164/4165
f 4170/4168/4169 4169/4167/4168 4164/4161/4162
f 4167/4164/4165 4166/4163/4164 4164/4161/4162
f 4169/4167/4168 4171/4169/4170 4167/4164/4165
f 4172/4170/4171 4137/4057/4058 4138/4137/4138
f 4101/4166/4167 4053/4171/4172 4057/4054/4055
f 4170/4168/4169 4152/4151/4152 4173/4172/4173
f 4152/4151/4152 4170/4168/4169 4164/4161/4162
f 4155/4126/4127 4065/4127/4128 4112/4099/4100
f 4174/4173/4174 4170/4168/4169 4173/4172/4173
f 4144/4136/4137 4137/4057/4058 4153/4143/4144
f 4101/4166/4167 4054/4139/4140 4053/4171/4172
f 4177/4174/4175 4174/4173/4174 4173/4172/4173
f 4115/4114/4115 4099/4120/4121 4178/4175/4176
f 4100/4091/4092 4099/4120/4121 4115/4114/4115
f 4182/4176/4177 4088/4079/4080 4060/4058/4059
f 4170/4168/4169 4183/4177/4178 4169/4167/4168
f 4185/4178/4179 4170/4168/4169 4174/4173/4174
f 4116/4122/4123 4117/4112/4113 4154/4152/4153
f 4186/4179/4180 4184/4180/4181 4063/4087/4088
f 4098/4090/4091 4136/4181/4182 4118/4116/4117
f 4054/4139/4140 4145/4138/4139 4189/4182/4183
f 4063/4087/4088 4072/4183/4184 4061/4059/4060
f 4053/4171/4172 4180/4184/4185 4058/4055/4056
f 4053/4171/4172 4395/4185/4186 4180/4184/4185
f 4188/4186/4187 4086/4077/4078 4088/4079/4080
f 4070/4067/4068 4063/4087/4088 4071/4106/4107
f 4180/4184/4185 4179/4187/4188 4055/4154/4155
f 4073/4068/4069 4071/4106/4107 4078/4188/4189
f 4078/4188/4189 4071/4106/4107 4074/4189/4190
f 4144/4136/4137 4191/4190/4191 4192/4191/4192
f 4115/4114/4115 4123/4113/4114 4100/4091/4092
f 4056/4064/4065 4103/4061/4062 4051/4135/4136
f 4144/4136/4137 4153/4143/4144 4191/4190/4191
f 4089/4080/4081 4092/4082/4083 4132/4162/4163
f 4145/4138/4139 4116/4122/4123 4143/4140/4141
f 4193/4192/4193 4175/4193/4194 4061/4059/4060
f 4096/4086/4087 4110/4107/4108 4071/4106/4107
f 4157/4153/4154 4107/4101/4102 4156/4194/4195
f 4156/4194/4195 4194/4195/4196 4157/4153/4154
f 4195/4105/4106 4112/4099/4100 4157/4153/4154
f 4349/4196/4197 4196/4197/4198 4096/4086/4087
f 4137/4057/4058 4197/4198/4199 4060/4058/4059
f 4153/4143/4144 4137/4057/4058 4061/4059/4060
f 4133/4129/4130 4108/4100/4101 4125/4130/4131
f 4153/4143/4144 4061/4059/4060 4072/4183/4184
f 4129/4096/4097 4131/4085/4086 4066/4084/4085
f 4129/4096/4097 4066/4084/4085 4083/4097/4098
f 4155/4126/4127 4112/4099/4100 4069/4124/4125
f 4175/4193/4194 4096/4086/4087 4061/4059/4060
f 4196/4197/4198 4201/4199/4200 4200/4200/4201
f 4202/4201/4202 4175/4193/4194 4203/4202/4203
f 4202/4201/4202 4176/4203/4204 4175/4193/4194
f 4125/4130/4131 4108/4100/4101 4112/4099/4100
f 4136/4181/4182 4106/4098/4099 4118/4116/4117
f 4049/4150/4151 4187/4204/4205 4206/4205/4206
f 4116/4122/4123 4126/4118/4119 4143/4140/4141
f 4196/4197/4198 4207/4206/4207 4096/4086/4087
f 4059/4104/4105 4209/4207/4208 4052/4069/4070
f 4058/4055/4056 4180/4184/4185 4055/4154/4155
f 4208/4208/4209 4207/4206/4207 4210/4209/4210
f 4087/4078/4079 4211/4210/4211 4212/4211/4212
f 4196/4197/4198 4213/4212/4213 4207/4206/4207
f 4200/4200/4201 4213/4212/4213 4196/4197/4198
f 4212/4211/4212 4060/4058/4059 4087/4078/4079
f 4064/4148/4149 4065/4127/4128 4089/4080/4081
f 4132/4162/4163 4064/4148/4149 4089/4080/4081
f 4148/4145/4146 4214/4213/4214 4215/4214/4215
f 4148/4145/4146 4050/4215/4216 4049/4150/4151
f 4148/4145/4146 4055/4154/4155 4050/4215/4216
f 4128/4128/4129 4100/4091/4092 4123/4113/4114
f 4216/4216/4217 4195/4105/4106 4157/4153/4154
f 4217/4217/4218 4081/4073/4074 4105/4095/4096
f 4095/4093/4094 4081/4073/4074 4062/4060/4061
f 4081/4073/4074 4102/4092/4093 4105/4095/4096
f 4218/4218/4219 4077/4071/4072 4076/4070/4071
f 4102/4092/4093 4059/4104/4105 4052/4069/4070
f 4102/4092/4093 4069/4124/4125 4059/4104/4105
f 4060/4058/4059 4197/4198/4199 4182/4176/4177
f 4111/4083/4084 4102/4092/4093 4095/4093/4094
f 4111/4083/4084 4069/4124/4125 4102/4092/4093
f 4092/4082/4083 4097/4088/4089 4101/4166/4167
f 4208/4208/4209 4096/4086/4087 4207/4206/4207
f 4129/4096/4097 4069/4124/4125 4131/4085/4086
f 4198/4219/4220 4201/4199/4200 4196/4197/4198
f 4101/4166/4167 4097/4088/4089 4117/4112/4113
f 4112/4099/4100 4065/4127/4128 4064/4148/4149
f 4071/4106/4107 4063/4087/4088 4096/4086/4087
f 4201/4199/4200 4198/4219/4220 4204/4220/4221
f 4070/4067/4068 4071/4106/4107 4073/4068/4069
f 4069/4124/4125 4111/4083/4084 4131/4085/4086
f 4091/4062/4063 4103/4061/4062 4056/4064/4065
f 4085/4125/4126 4129/4096/4097 4093/4089/4090
f 4092/4082/4083 4090/4081/4082 4093/4089/4090
f 4074/4189/4190 4071/4106/4107 4121/4110/4111
f 4129/4096/4097 4136/4181/4182 4093/4089/4090
f 4098/4090/4091 4122/4111/4112 4097/4088/4089
f 4219/4221/4222 4220/4222/4223 4198/4219/4220
f 4129/4096/4097 4106/4098/4099 4136/4181/4182
f 4093/4089/4090 4136/4181/4182 4098/4090/4091
f 4050/4215/4216 4187/4204/4205 4049/4150/4151
f 4127/4123/4124 4154/4152/4153 4122/4111/4112
f 4132/4162/4163 4092/4082/4083 4101/4166/4167
f 4068/4065/4066 4221/4223/4224 4067/4063/4064
f 4125/4130/4131 4148/4145/4146 4159/4156/4157
f 4191/4190/4191 4146/4142/4143 4222/4224/4225
f 4191/4190/4191 4153/4143/4144 4146/4142/4143
f 4193/4192/4193 4061/4059/4060 4060/4058/4059
f 4056/4064/4065 4067/4063/4064 4091/4062/4063
f 4134/4131/4132 4125/4130/4131 4160/4157/4158
f 4066/4084/4085 4095/4093/4094 4062/4060/4061
f 4125/4130/4131 4064/4148/4149 4162/4056/4057
f 4148/4145/4146 4125/4130/4131 4162/4056/4057
f 4095/4093/4094 4066/4084/4085 4111/4083/4084
f 4106/4098/4099 4128/4128/4129 4118/4116/4117
f 4054/4139/4140 4189/4182/4183 4053/4171/4172
f 4091/4062/4063 4094/4119/4120 4100/4091/4092
f 4066/4084/4085 4062/4060/4061 4100/4091/4092
f 4184/4180/4181 4181/4225/4226 4072/4183/4184
f 4153/4143/4144 4072/4183/4184 4152/4151/4152
f 4100/4091/4092 4106/4098/4099 4083/4097/4098
f 4106/4098/4099 4100/4091/4092 4128/4128/4129
f 4117/4112/4113 4054/4139/4140 4101/4166/4167
f 4117/4112/4113 4116/4122/4123 4054/4139/4140
f 4112/4099/4100 4195/4105/4106 4069/4124/4125
f 4208/4208/4209 4110/4107/4108 4096/4086/4087
f 4063/4087/4088 4184/4180/4181 4072/4183/4184
f 4063/4087/4088 4070/4067/4068 4186/4179/4180
f 4223/4226/4227 4149/4146/4147 4165/4227/4228
f 4165/4227/4228 4149/4146/4147 4049/4150/4151
f 4110/4107/4108 4224/4228/4229 4119/4108/4109
f 4162/4056/4057 4055/4154/4155 4148/4145/4146
f 4118/4116/4117 4126/4118/4119 4098/4090/4091
f 4130/4117/4118 4135/4141/4142 4126/4118/4119
f 4116/4122/4123 4154/4152/4153 4127/4123/4124
f 4190/4229/4230 4161/4158/4159 4215/4214/4215
f 4155/4126/4127 4085/4125/4126 4090/4081/4082
f 4161/4158/4159 4148/4145/4146 4215/4214/4215
f 4057/4054/4055 4053/4171/4172 4058/4055/4056
f 4097/4088/4089 4092/4082/4083 4093/4089/4090
f 4225/4230/4231 4226/4231/4232 4227/4232/4233
f 4481/4233/4234 4229/4234/4235 4466/4235/4236
f 4465/4236/4237 4237/4237/4238 4236/4238/4239
f 4237/4237/4238 4465/4236/4237 4243/4239/4240
f 4242/4240/4241 4241/4241/4242 4248/4242/4243
f 4333/4243/4244 4252/4244/4245 4250/4245/4246
f 4299/4246/4247 4504/4247/4248 4251/4248/4249
f 4254/4249/4250 4253/4250/4251 4529/4251/4252
f 4254/4249/4250 4343/4252/4253 4393/4253/4254
f 4302/4254/4255 4261/4255/4256 4519/4256/4257
f 4263/4257/4258 4084/4075/4076 4158/4155/4156
f 4265/4258/4259 4266/4259/4260 4267/4260/4261
f 4271/4261/4262 4268/4262/4263 4274/4263/4264
f 4272/4264/4265 4273/4265/4266 4270/4266/4267
f 4236/4238/4239 4264/4267/4268 4232/4268/4269
f 4115/4114/4115 4178/4175/4176 4124/4115/4116
f 4189/4182/4183 4145/4138/4139 4282/4269/4270
f 4264/4267/4268 4283/4270/4271 4385/4271/4272
f 4287/4272/4273 4288/4273/4274 4289/4274/4275
f 4288/4273/4274 4290/4275/4276 4289/4274/4275
f 4288/4273/4274 4292/4276/4277 4293/4277/4278
f 4084/4075/4076 4286/4278/4279 4285/4279/4280
f 4427/4280/4281 4531/4281/4282 4296/4282/4283
f 4295/4283/4284 4297/4284/4285 4298/4285/4286
f 4305/4286/4287 4260/4287/4288 4523/4288/4289
f 4187/4204/4205 4306/4289/4290 4199/4290/4291
f 4307/4291/4292 4308/4292/4293 4309/4293/4294
f 4314/4294/4295 4313/4295/4296 4315/4296/4297
f 4316/4297/4298 4317/4298/4299 4304/4299/4300
f 4318/4300/4301 4319/4301/4302 4300/4302/4303
f 4176/4203/4204 4202/4201/4202 4205/4303/4304
f 4249/4304/4305 4261/4255/4256 4328/4305/4306
f 4324/4306/4307 4526/4307/4308 4320/4308/4309
f 4526/4307/4308 4324/4306/4307 4331/4309/4310
f 4179/4187/4188 4050/4215/4216 4055/4154/4155
f 4328/4305/4306 4329/4310/4311 4268/4262/4263
f 4336/4311/4312 4518/4312/4313 4335/4313/4314
f 4349/4196/4197 4175/4193/4194 4176/4203/4204
f 4338/4314/4315 4332/4315/4316 4339/4316/4317
f 4334/4121/4122 4500/4317/4318 4337/4318/4319
f 4274/4263/4264 4343/4252/4253 4529/4251/4252
f 4529/4251/4252 4271/4261/4262 4274/4263/4264
f 4143/4140/4141 4139/4319/4320 4501/4320/4321
f 4352/4321/4322 4353/4322/4323 4341/4323/4324
f 4342/4324/4325 4354/4325/4326 4341/4323/4324
f 4305/4286/4287 4336/4311/4312 4335/4313/4314
f 4355/4326/4327 4356/4327/4328 4311/4328/4329
f 4311/4328/4329 4379/4329/4330 4357/4330/4331
f 4379/4329/4330 4345/4331/4332 4360/4332/4333
f 4362/4333/4334 4363/4334/4335 4352/4321/4322
f 4341/4323/4324 4362/4333/4334 4352/4321/4322
f 4311/4328/4329 4404/4335/4336 4379/4329/4330
f 4364/4336/4337 4365/4337/4338 4366/4338/4339
f 4406/4339/4340 4313/4295/4296 4379/4329/4330
f 4373/4340/4341 4374/4341/4342 4375/4342/4343
f 4381/4343/4344 4370/4344/4345 4281/4345/4346
f 4312/4346/4347 4386/4347/4348 4382/4348/4349
f 4383/4349/4350 4253/4250/4251 4254/4249/4250
f 4387/4350/4351 4388/4351/4352 4389/4352/4353
f 4387/4350/4354 4362/4333/4334 4391/4353/4355
f 4392/4354/4356 4368/4355/4357 4354/4325/4326
f 4369/4356/4358 4394/4357/4359 4342/4324/4325
f 4175/4193/4194 4349/4196/4197 4096/4086/4087
f 4180/4184/4185 4395/4185/4186 4390/4358/4360
f 4390/4358/4360 4396/4359/4361 4349/4196/4197
f 4310/4360/4362 4340/4361/4363 4376/4362/4364
f 4410/4363/4365 4310/4360/4362 4411/4364/4366
f 4418/4365/4367 4419/4366/4368 4420/4367/4369
f 4196/4197/4198 4349/4196/4197 4422/4368/4370
f 4428/4369/4371 4412/4370/4372 4429/4371/4373
f 4432/4372/4374 4433/4373/4375 4434/4374/4376
f 4438/4375/4377 4439/4376/4378 4440/4377/4379
f 4356/4327/4328 4441/4378/4380 4440/4377/4379
f 4196/4197/4198 4422/4368/4370 4198/4219/4220
f 4422/4368/4370 4219/4221/4222 4198/4219/4220
f 4443/4379/4381 4486/4380/4382 4325/4381/4383
f 4325/4381/4383 4486/4380/4382 4330/4382/4384
f 4358/4383/4385 4307/4291/4292 4309/4293/4294
f 4307/4291/4292 4358/4383/4385 4376/4362/4364
f 4376/4362/4364 4359/4384/4386 4310/4360/4362
f 4465/4236/4237 4449/4385/4387 4450/4386/4388
f 4451/4387/4389 4449/4385/4387 4465/4236/4237
f 4454/4388/4390 4455/4389/4391 4456/4390/4392
f 4457/4391/4393 4458/4392/4394 4462/4393/4395
f 4312/4346/4347 4454/4388/4390 4456/4390/4392
f 4225/4230/4231 4460/4394/4396 4448/4395/4397
f 4461/4396/4398 4462/4393/4395 4463/4397/4399
f 4249/4304/4305 4250/4245/4246 4350/4398/4400
f 4464/4399/4401 4376/4362/4364 4340/4361/4363
f 4501/4320/4321 4139/4319/4320 4459/4400/4402
f 4379/4329/4330 4346/4401/4403 4345/4331/4332
f 4467/4402/4404 4451/4387/4389 4465/4236/4237
f 4322/4403/4405 4312/4346/4347 4456/4390/4392
f 4262/4404/4406 4233/4405/4407 4466/4235/4236
f 4415/4406/4408 4462/4393/4395 4386/4347/4348
f 4145/4138/4139 4501/4320/4321 4468/4407/4409
f 4341/4323/4324 4368/4355/4357 4362/4333/4334
f 4368/4355/4357 4341/4323/4324 4354/4325/4326
f 4253/4250/4251 4252/4244/4245 4529/4251/4252
f 4475/4408/4410 4476/4409/4411 4431/4410/4412
f 4311/4328/4329 4356/4327/4328 4342/4324/4325
f 4379/4329/4330 4360/4332/4333 4377/4411/4413
f 4360/4332/4333 4472/4412/4414 4378/4413/4415
f 4472/4412/4414 4360/4332/4333 4361/4414/4416
f 4472/4412/4414 4361/4414/4416 4473/4415/4417
f 4365/4337/4338 4373/4340/4341 4375/4342/4343
f 4417/4416/4418 4478/4417/4419 4347/4418/4420
f 4404/4335/4336 4311/4328/4329 4310/4360/4362
f 4480/4419/4421 4479/4420/4422 4475/4408/4410
f 4475/4408/4410 4479/4420/4422 4476/4409/4411
f 4282/4269/4270 4229/4234/4235 4384/4421/4423
f 4406/4339/4340 4315/4296/4297 4313/4295/4296
f 4267/4260/4261 4270/4266/4267 4269/4422/4424
f 4372/4423/4425 4371/4424/4426 4408/4425/4427
f 4362/4333/4334 4368/4355/4357 4391/4353/4355
f 4483/4426/4428 4471/4427/4429 4484/4428/4430
f 4485/4429/4431 4369/4356/4358 4356/4327/4328
f 4488/4430/4432 4465/4236/4237 4487/4431/4433
f 4475/4408/4410 4416/4432/4434 4489/4433/4435
f 4367/4434/4436 4250/4245/4246 4252/4244/4245
f 4262/4404/4406 4381/4343/4344 4283/4270/4271
f 4494/4435/4437 4489/4433/4435 4416/4432/4434
f 4425/4436/4438 4310/4360/4362 4410/4363/4365
f 4417/4416/4418 4379/4329/4330 4313/4295/4296
f 4379/4329/4330 4404/4335/4336 4406/4339/4340
f 4425/4436/4438 4400/4437/4439 4310/4360/4362
f 4534/4438/4440 4310/4360/4362 4400/4437/4439
f 4534/4438/4440 4402/4439/4441 4310/4360/4362
f 4420/4367/4369 4419/4366/4368 4408/4425/4427
f 4369/4356/4358 4496/4440/4442 4497/4441/4443
f 4356/4327/4328 4440/4377/4379 4439/4376/4378
f 4498/4442/4444 4355/4326/4327 4499/4443/4445
f 4238/4444/4446 4260/4287/4288 4276/4445/4447
f 4459/4400/4402 4500/4317/4318 4502/4446/4448
f 4413/4447/4449 4495/4448/4450 4409/4449/4451
f 4318/4300/4301 4300/4302/4303 4260/4287/4288
f 4412/4370/4372 4258/4450/4452 4259/4451/4453
f 4459/4400/4402 4502/4446/4448 4407/4452/4454
f 4241/4241/4242 4503/4453/4455 4504/4247/4248
f 4145/4138/4139 4468/4407/4409 4228/4454/4456
f 4501/4320/4321 4407/4452/4454 4412/4370/4372
f 4376/4362/4364 4358/4383/4385 4359/4384/4386
f 4315/4296/4297 4508/4455/4457 4507/4456/4458
f 4310/4360/4362 4311/4328/4329 4342/4324/4325
f 4467/4402/4404 4278/4457/4459 4510/4458/4460
f 4342/4324/4325 4471/4427/4429 4354/4325/4326
f 4311/4328/4329 4357/4330/4331 4355/4326/4327
f 4365/4337/4338 4376/4362/4364 4373/4340/4341
f 4379/4329/4330 4377/4411/4413 4357/4330/4331
f 4307/4291/4292 4376/4362/4364 4364/4336/4337
f 4484/4428/4430 4471/4427/4429 4342/4324/4325
f 4360/4332/4333 4512/4459/4461 4377/4411/4413
f 4511/4460/4462 4244/4461/4463 4243/4239/4240
f 4411/4364/4366 4359/4384/4386 4513/4462/4464
f 4411/4364/4366 4310/4360/4362 4359/4384/4386
f 4301/4463/4465 4251/4248/4249 4261/4255/4256
f 4245/4464/4466 4240/4465/4467 4514/4466/4468
f 4372/4423/4425 4408/4425/4427 4515/4467/4469
f 4516/4468/4470 4413/4447/4449 4414/4469/4471
f 4503/4453/4455 4298/4285/4286 4504/4247/4248
f 4405/4470/4472 4399/4471/4473 4284/4472/4474
f 4421/4473/4475 4284/4472/4474 4424/4474/4476
f 4519/4256/4257 4504/4247/4248 4298/4285/4286
f 4388/4351/4352 4520/4475/4477 4521/4476/4478
f 4520/4475/4477 4388/4351/4352 4522/4477/4479
f 4496/4440/4442 4369/4356/4358 4485/4429/4431
f 4356/4327/4328 4439/4376/4378 4485/4429/4431
f 4336/4311/4312 4305/4286/4287 4517/4478/4480
f 4524/4479/4481 4517/4478/4480 4305/4286/4287
f 4410/4363/4365 4426/4480/4482 4425/4436/4438
f 4409/4449/4451 4495/4448/4450 4420/4367/4369
f 4351/4481/4483 4281/4345/4346 4525/4482/4484
f 4261/4255/4256 4320/4308/4309 4526/4307/4308
f 4381/4343/4344 4281/4345/4346 4380/4483/4485
f 4283/4270/4271 4381/4343/4344 4380/4483/4485
f 4274/4263/4264 4268/4262/4263 4331/4309/4310
f 4319/4301/4302 4318/4300/4301 4255/4484/4486
f 4310/4360/4362 4342/4324/4325 4340/4361/4363
f 4340/4361/4363 4342/4324/4325 4341/4323/4324
f 4333/4243/4244 4271/4261/4262 4529/4251/4252
f 4379/4329/4330 4347/4418/4420 4346/4401/4403
f 4341/4323/4324 4530/4485/4487 4340/4361/4363
f 4508/4455/4457 4315/4296/4297 4371/4424/4426
f 4232/4268/4269 4291/4486/4488 4531/4281/4282
f 4376/4362/4364 4365/4337/4338 4364/4336/4337
f 4360/4332/4333 4345/4331/4332 4361/4414/4416
f 4351/4481/4483 4525/4482/4484 4256/4487/4489
f 4362/4333/4334 4387/4350/4354 4532/4488/4490
f 4369/4356/4358 4342/4324/4325 4356/4327/4328
f 4533/4489/4491 4436/4490/4492 4427/4280/4281
f 4370/4344/4345 4482/4491/4493 4525/4482/4484
f 4307/4291/4292 4364/4336/4337 4474/4492/4494
f 4534/4438/4440 4490/4493/4495 4491/4494/4496
f 4490/4493/4495 4534/4438/4440 4400/4437/4439
f 4379/4329/4330 4417/4416/4418 4347/4418/4420
f 4535/4495/4497 4417/4416/4418 4313/4295/4296
f 4275/4496/4498 4470/4497/4499 4493/4498/4500
f 4537/4499/4501 4536/4500/4502 4405/4470/4472
f 4421/4473/4475 4537/4499/4501 4405/4470/4472
f 4091/4062/4063 4084/4075/4076 4094/4119/4120
f 4408/4425/4427 4371/4424/4426 4315/4296/4297
f 4515/4467/4469 4408/4425/4427 4419/4366/4368
f 4387/4350/4351 4522/4477/4479 4388/4351/4352
f 4539/4501/4503 4394/4357/4359 4369/4356/4358
f 4538/4502/4504 4421/4473/4475 4424/4474/4476
f 4498/4442/4444 4356/4327/4328 4355/4326/4327
f 4540/4503/4505 4531/4281/4282 4423/4504/4506
f 4542/4505/4507 4541/4506/4508 4424/4474/4476
f 4409/4449/4451 4414/4469/4471 4413/4447/4449
f 4542/4505/4507 4424/4474/4476 4543/4507/4509
f 4543/4507/4509 4424/4474/4476 4456/4390/4392
f 4435/4508/4510 4456/4390/4392 4424/4474/4476
f 4310/4360/4362 4402/4439/4441 4404/4335/4336
f 4285/4279/4280 4544/4509/4511 4545/4510/4512
f 4409/4449/4451 4420/4367/4369 4408/4425/4427
f 4545/4510/4512 4084/4075/4076 4285/4279/4280
f 4317/4298/4299 4124/4115/4116 4178/4175/4176
f 4571/4511/4513 4547/4512/4514 4546/4513/4515
f 4402/4439/4441 4534/4438/4440 4548/4514/4516
f 4241/4241/4242 4242/4240/4241 4257/4515/4517
f 4404/4335/4336 4555/4516/4518 4549/4517/4519
f 4588/4518/4520 4552/4519/4521 4551/4520/4522
f 4558/4521/4523 4551/4520/4522 4559/4522/4524
f 4325/4381/4383 4334/4121/4122 4124/4115/4116
f 4241/4241/4242 4257/4515/4517 4238/4444/4446
f 4588/4518/4520 4567/4523/4525 4552/4519/4521
f 4567/4523/4525 4553/4524/4526 4569/4525/4527
f 4555/4516/4518 4562/4526/4528 4581/4527/4529
f 4581/4527/4529 4570/4528/4530 4549/4517/4519
f 4561/4529/4531 4550/4530/4532 4570/4528/4530
f 4099/4120/4121 4316/4297/4298 4304/4299/4300
f 4574/4531/4533 4572/4532/4534 4563/4533/4535
f 4575/4534/4536 4558/4521/4523 4576/4535/4537
f 4135/4141/4142 4139/4319/4320 4143/4140/4141
f 4248/4242/4243 4241/4241/4242 4504/4247/4248
f 4404/4335/4336 4549/4517/4519 4406/4339/4340
f 4616/4536/4538 4565/4537/4539 4560/4538/4540
f 4550/4530/4532 4408/4425/4427 4315/4296/4297
f 4617/4539/4541 4563/4533/4535 4568/4540/4542
f 4583/4541/4543 4414/4469/4471 4546/4513/4515
f 4584/4542/4544 4582/4543/4545 4585/4544/4546
f 4325/4381/4383 4330/4382/4384 4334/4121/4122
f 4585/4544/4546 4590/4545/4547 4591/4546/4548
f 4575/4534/4536 4612/4547/4549 4558/4521/4523
f 4558/4521/4523 4592/4548/4550 4588/4518/4520
f 4593/4549/4551 4270/4266/4267 4594/4550/4552
f 4595/4551/4553 4596/4552/4554 4585/4544/4546
f 4254/4249/4250 4529/4251/4252 4343/4252/4253
f 4599/4553/4555 4600/4554/4556 4597/4555/4557
f 4599/4553/4555 4601/4556/4558 4600/4554/4556
f 4599/4553/4555 4602/4557/4559 4603/4558/4560
f 4604/4559/4561 4606/4560/4562 4605/4561/4563
f 4606/4560/4562 4607/4562/4564 4608/4563/4565
f 4187/4204/4205 4050/4215/4216 4306/4289/4290
f 4612/4547/4549 4613/4564/4566 4614/4565/4567
f 4288/4273/4274 4615/4566/4568 4290/4275/4276
f 4716/4567/4569 4616/4536/4538 4561/4529/4531
f 4619/4568/4570 4595/4551/4553 4617/4539/4541
f 4620/4569/4571 4595/4551/4553 4619/4568/4570
f 4621/4570/4572 4622/4571/4573 4595/4551/4553
f 4293/4277/4278 4292/4276/4277 4623/4572/4574
f 4429/4371/4373 4259/4451/4453 4381/4343/4344
f 4615/4566/4568 4288/4273/4274 4293/4277/4278
f 4189/4182/4183 4282/4269/4270 4384/4421/4423
f 4306/4289/4290 4349/4196/4197 4176/4203/4204
f 4402/4439/4441 4625/4573/4575 4626/4574/4576
f 4390/4358/4360 4384/4421/4423 4481/4233/4234
f 4406/4339/4340 4549/4517/4519 4550/4530/4532
f 4627/4575/4577 4547/4512/4514 4554/4576/4578
f 4261/4255/4256 4526/4307/4308 4329/4310/4311
f 4628/4577/4579 4557/4578/4580 4546/4513/4515
f 4402/4439/4441 4629/4579/4581 4579/4580/4582
f 4382/4348/4349 4630/4581/4583 4631/4582/4584
f 4401/4583/4585 4462/4393/4395 4415/4406/4408
f 4569/4525/4527 4579/4580/4582 4632/4584/4586
f 4578/4585/4587 4555/4516/4518 4553/4524/4526
f 4555/4516/4518 4578/4585/4587 4562/4526/4528
f 4563/4533/4535 4635/4586/4588 4574/4531/4533
f 4636/4587/4589 4637/4588/4590 4635/4586/4588
f 4550/4530/4532 4560/4538/4540 4565/4537/4539
f 4189/4182/4183 4390/4358/4360 4053/4171/4172
f 4469/4589/4591 4323/4590/4592 4322/4403/4405
f 4572/4532/4534 4554/4576/4578 4571/4511/4513
f 4548/4514/4516 4580/4591/4593 4638/4592/4594
f 4534/4438/4440 4580/4591/4593 4548/4514/4516
f 4574/4531/4533 4640/4593/4595 4639/4594/4596
f 4582/4543/4545 4641/4595/4597 4563/4533/4535
f 4402/4439/4441 4555/4516/4518 4404/4335/4336
f 4469/4589/4591 4332/4315/4316 4323/4590/4592
f 4578/4585/4587 4553/4524/4526 4588/4518/4520
f 4431/4410/4412 4476/4409/4411 4437/4596/4598
f 4565/4537/4539 4563/4533/4535 4571/4511/4513
f 4574/4531/4533 4587/4597/4599 4572/4532/4534
f 4643/4598/4600 4642/4599/4601 4639/4594/4596
f 4585/4544/4546 4644/4600/4602 4584/4542/4544
f 4585/4544/4546 4591/4546/4548 4644/4600/4602
f 4437/4596/4598 4479/4420/4422 4443/4379/4381
f 4225/4230/4231 4645/4601/4603 4460/4394/4396
f 4736/4602/4604 4568/4540/4542 4565/4537/4539
f 4585/4544/4546 4582/4543/4545 4595/4551/4553
f 4323/4590/4592 4338/4314/4315 4416/4432/4434
f 4614/4565/4567 4613/4564/4566 4646/4603/4605
f 4613/4564/4566 4612/4547/4549 4575/4534/4536
f 4650/4604/4606 4651/4605/4607 4649/4606/4608
f 4652/4607/4609 4602/4557/4559 4599/4553/4555
f 4652/4607/4609 4653/4608/4610 4654/4609/4611
f 4652/4607/4609 4655/4610/4612 4653/4608/4610
f 4604/4559/4561 4607/4562/4564 4606/4560/4562
f 4657/4611/4613 4658/4612/4614 4656/4613/4615
f 4656/4613/4615 4607/4562/4564 4657/4611/4613
f 4560/4538/4540 4561/4529/4531 4616/4536/4538
f 4707/4614/4616 4589/4615/4617 4578/4585/4587
f 4622/4571/4573 4659/4616/4618 4595/4551/4553
f 4274/4263/4264 4768/4617/4619 4344/4618/4620
f 4571/4511/4513 4409/4449/4451 4408/4425/4427
f 4546/4513/4515 4414/4469/4471 4409/4449/4451
f 4409/4449/4451 4571/4511/4513 4546/4513/4515
f 4431/4410/4412 4415/4406/4408 4386/4347/4348
f 4444/4619/4621 4248/4242/4243 4299/4246/4247
f 4660/4620/4622 4620/4569/4571 4619/4568/4570
f 4452/4621/4623 4502/4446/4448 4500/4317/4318
f 4300/4302/4303 4523/4288/4289 4260/4287/4288
f 4407/4452/4454 4393/4253/4254 4256/4487/4489
f 4422/4368/4370 4662/4622/4624 4663/4623/4625
f 4219/4221/4222 4422/4368/4370 4665/4624/4626
f 4502/4446/4448 4393/4253/4254 4407/4452/4454
f 4621/4570/4572 4595/4551/4553 4620/4569/4571
f 4621/4570/4572 4666/4625/4627 4667/4626/4628
f 4480/4419/4421 4494/4435/4437 4486/4380/4382
f 4397/4627/4629 4403/4628/4630 4293/4277/4278
f 4668/4629/4631 4402/4439/4441 4626/4574/4576
f 4486/4380/4382 4350/4398/4400 4330/4382/4384
f 4229/4234/4235 4282/4269/4270 4228/4454/4456
f 4625/4573/4575 4402/4439/4441 4548/4514/4516
f 4554/4576/4578 4547/4512/4514 4571/4511/4513
f 4384/4421/4423 4229/4234/4235 4481/4233/4234
f 4383/4349/4350 4452/4621/4623 4492/4630/4632
f 4528/4631/4633 4434/4374/4376 4319/4301/4302
f 4428/4369/4371 4429/4371/4373 4231/4632/4634
f 4452/4621/4623 4383/4349/4350 4502/4446/4448
f 4547/4512/4514 4628/4577/4579 4546/4513/4515
f 4669/4633/4635 4531/4281/4282 4767/4634/4636
f 4434/4374/4376 4528/4631/4633 4432/4372/4374
f 4432/4372/4374 4528/4631/4633 4670/4635/4637
f 4531/4281/4282 4669/4633/4635 4423/4504/4506
f 4429/4371/4373 4262/4404/4406 4466/4235/4236
f 4552/4519/4521 4566/4636/4638 4551/4520/4522
f 4553/4524/4526 4567/4523/4525 4588/4518/4520
f 4423/4504/4506 4671/4637/4639 4673/4638/4640
f 4675/4639/4641 4672/4640/4642 4670/4635/4637
f 4558/4521/4523 4588/4518/4520 4551/4520/4522
f 4567/4523/4525 4634/4641/4643 4552/4519/4521
f 4570/4528/4530 4581/4527/4529 4561/4529/4531
f 4572/4532/4534 4556/4642/4644 4554/4576/4578
f 4528/4631/4633 4675/4639/4641 4670/4635/4637
f 4568/4540/4542 4563/4533/4535 4565/4537/4539
f 4550/4530/4532 4561/4529/4531 4560/4538/4540
f 4564/4643/4645 4635/4586/4588 4563/4533/4535
f 4564/4643/4645 4636/4587/4589 4635/4586/4588
f 4563/4533/4535 4633/4644/4646 4564/4643/4645
f 4466/4235/4236 4442/4645/4647 4396/4359/4361
f 4494/4435/4437 4416/4432/4434 4338/4314/4315
f 4408/4425/4427 4550/4530/4532 4571/4511/4513
f 4587/4597/4599 4573/4646/4648 4572/4532/4534
f 4675/4639/4641 4677/4647/4649 4676/4648/4650
f 4678/4649/4651 4679/4650/4652 4677/4647/4649
f 4528/4631/4633 4399/4471/4473 4675/4639/4641
f 4678/4649/4651 4677/4647/4649 4675/4639/4641
f 4675/4639/4641 4399/4471/4473 4678/4649/4651
f 4569/4525/4527 4577/4651/4653 4567/4523/4525
f 4553/4524/4526 4579/4580/4582 4569/4525/4527
f 4232/4268/4269 4465/4236/4237 4236/4238/4239
f 4231/4632/4634 4466/4235/4236 4229/4234/4235
f 4581/4527/4529 4549/4517/4519 4555/4516/4518
f 4562/4526/4528 4578/4585/4587 4589/4615/4617
f 4680/4652/4654 4681/4653/4655 4682/4654/4656
f 4562/4526/4528 4589/4615/4617 4581/4527/4529
f 4467/4402/4404 4465/4236/4237 4232/4268/4269
f 4722/4655/4657 4684/4656/4658 4683/4657/4659
f 4685/4658/4660 4684/4656/4658 4722/4655/4657
f 4648/4659/4661 4647/4660/4662 4649/4606/4608
f 4652/4607/4609 4604/4559/4561 4655/4610/4612
f 4687/4661/4663 4543/4507/4664 4688/4662/4665
f 4467/4402/4404 4689/4663/4666 4451/4387/4389
f 4690/4664/4667 4657/4611/4613 4709/4665/4668
f 4709/4665/4668 4610/4666/4669 4690/4664/4667
f 4709/4665/4668 4611/4667/4670 4609/4668/4671
f 4487/4431/4433 4691/4669/4672 4488/4430/4432
f 4707/4614/4616 4708/4670/4673 4589/4615/4617
f 4724/4671/4674 4568/4540/4542 4736/4602/4604
f 4617/4539/4541 4595/4551/4553 4582/4543/4545
f 4583/4541/4543 4692/4672/4675 4414/4469/4471
f 4592/4548/4550 4558/4521/4523 4612/4547/4549
f 4716/4567/4569 4561/4529/4531 4581/4527/4529
f 4616/4536/4538 4736/4602/4604 4565/4537/4539
f 4543/4507/4509 4456/4390/4392 4455/4389/4391
f 4264/4267/4268 4385/4271/4272 4291/4486/4488
f 4264/4267/4268 4291/4486/4488 4232/4268/4269
f 4225/4230/4231 4233/4405/4407 4237/4237/4238
f 4612/4547/4549 4664/4673/4676 4611/4667/4670
f 4531/4281/4282 4427/4280/4281 4232/4268/4269
f 4446/4674/4677 4445/4675/4678 4444/4619/4621
f 4620/4569/4571 4666/4625/4627 4621/4570/4572
f 4469/4589/4591 4477/4676/4679 4332/4315/4316
f 4453/4677/4680 4339/4316/4317 4477/4676/4679
f 4511/4460/4462 4243/4239/4240 4246/4678/4681
f 4693/4679/4682 4402/4439/4441 4668/4629/4631
f 4249/4304/4305 4328/4305/4306 4250/4245/4246
f 4694/4680/4683 4514/4466/4468 4240/4465/4467
f 4465/4236/4237 4240/4465/4467 4243/4239/4240
f 4552/4519/4521 4695/4681/4684 4566/4636/4638
f 4269/4422/4424 4270/4266/4267 4273/4265/4266
f 4402/4439/4441 4579/4580/4582 4553/4524/4526
f 4402/4439/4441 4553/4524/4526 4555/4516/4518
f 4570/4528/4530 4550/4530/4532 4549/4517/4519
f 4551/4520/4522 4674/4682/4685 4559/4522/4524
f 4641/4595/4597 4633/4644/4646 4563/4533/4535
f 4572/4532/4534 4571/4511/4513 4563/4533/4535
f 4722/4655/4657 4682/4654/4656 4696/4683/4686
f 4722/4655/4657 4680/4652/4654 4682/4654/4656
f 4722/4655/4657 4683/4657/4659 4697/4684/4687
f 4686/4685/4688 4698/4686/4689 4647/4660/4662
f 4650/4604/4606 4597/4555/4557 4598/4687/4690
f 4604/4559/4561 4652/4607/4609 4607/4562/4564
f 4609/4668/4671 4610/4666/4669 4709/4665/4668
f 4709/4665/4668 4612/4547/4549 4611/4667/4670
f 4711/4688/4691 4592/4548/4550 4612/4547/4549
f 4792/4689/4692 4578/4585/4587 4592/4548/4550
f 4582/4543/4545 4563/4533/4535 4617/4539/4541
f 4412/4370/4372 4256/4487/4489 4258/4450/4452
f 4482/4491/4493 4370/4344/4345 4259/4451/4453
f 4724/4671/4674 4617/4539/4541 4568/4540/4542
f 4565/4537/4539 4571/4511/4513 4550/4530/4532
f 4639/4594/4596 4587/4597/4599 4574/4531/4533
f 4642/4599/4601 4587/4597/4599 4639/4594/4596
f 4639/4594/4596 4640/4593/4595 4699/4690/4693
f 4550/4530/4532 4315/4296/4297 4406/4339/4340
f 4613/4564/4566 4586/4691/4694 4700/4692/4695
f 4613/4564/4566 4575/4534/4536 4586/4691/4694
f 4546/4513/4515 4701/4693/4696 4583/4541/4543
f 4262/4404/4406 4264/4267/4268 4236/4238/4239
f 4588/4518/4520 4592/4548/4550 4578/4585/4587
f 4650/4604/4606 4703/4694/4697 4651/4605/4607
f 4703/4694/4698 4704/4695/4699 4705/4696/4700
f 4703/4694/4697 4650/4604/4606 4598/4687/4690
f 4598/4687/4690 4597/4555/4557 4706/4697/4701
f 4600/4554/4556 4661/4698/4702 4597/4555/4557
f 4716/4567/4569 4581/4527/4529 4589/4615/4617
f 4614/4565/4567 4664/4673/4676 4612/4547/4549
f 4617/4539/4541 4618/4699/4703 4619/4568/4570
f 4279/4700/4704 4232/4268/4269 4234/4701/4705
f 4235/4702/4706 4505/4703/4707 4234/4701/4705
f 4766/4704/4708 4714/4705/4709 4813/4706/4710
f 4712/4707/4711 4813/4706/4710 4714/4705/4709
f 4711/4688/4691 4717/4708/4712 4592/4548/4550
f 4718/4709/4713 4801/4710/4714 4747/4711/4715
f 4786/4712/4716 4749/4713/4717 4723/4714/4718
f 4725/4715/4719 4726/4716/4720 4727/4717/4721
f 4730/4718/4722 4618/4699/4703 4731/4719/4723
f 4739/4720/4724 4716/4567/4569 4708/4670/4673
f 4733/4721/4725 4729/4722/4726 4735/4723/4727
f 4740/4724/4728 4734/4725/4729 4800/4726/4730
f 4618/4699/4703 4737/4727/4731 4738/4728/4732
f 4781/4729/4733 4739/4720/4724 4803/4730/4734
f 4715/4731/4735 4741/4732/4736 4811/4733/4737
f 4742/4734/4738 4743/4735/4739 4744/4736/4740
f 4715/4731/4735 4743/4735/4739 4742/4734/4738
f 4506/4737/4741 4745/4738/4742 4269/4422/4424
f 4712/4707/4711 4714/4705/4709 4746/4739/4743
f 4710/4740/4744 4747/4711/4715 4766/4704/4708
f 4728/4741/4745 4811/4733/4737 4771/4742/4746
f 4726/4716/4720 4751/4743/4747 4752/4744/4748
f 4729/4722/4726 4733/4721/4725 4750/4745/4749
f 4767/4634/4636 4754/4746/4750 4669/4633/4635
f 4758/4747/4751 4759/4748/4752 4741/4732/4736
f 4763/4749/4753 4764/4750/4754 4765/4751/4755
f 4764/4750/4754 4762/4752/4756 4765/4751/4755
f 4766/4704/4708 4762/4752/4756 4767/4634/4636
f 4757/4753/4757 4769/4754/4758 4773/4755/4759
f 4509/4756/4760 4276/4445/4447 4260/4287/4288
f 4793/4757/4761 4726/4716/4720 4746/4739/4743
f 4714/4705/4709 4793/4757/4761 4746/4739/4743
f 4348/4758/4762 4782/4759/4763 4797/4760/4764
f 4782/4759/4763 4776/4761/4765 4770/4762/4766
f 4324/4306/4307 4784/4763/4767 4772/4764/4768
f 4722/4655/4657 4698/4686/4689 4685/4658/4660
f 4772/4764/4768 4784/4763/4767 4780/4765/4769
f 4599/4553/4555 4650/4604/4606 4652/4607/4609
f 4788/4766/4770 4789/4767/4771 4751/4743/4747
f 4751/4743/4747 4790/4768/4772 4791/4769/4773
f 4756/4770/4774 4792/4689/4692 4732/4771/4775
f 4794/4772/4776 4263/4257/4258 4795/4773/4777
f 4795/4773/4777 4263/4257/4258 4796/4774/4778
f 4544/4509/4511 4799/4775/4779 4545/4510/4512
f 4784/4763/4767 4800/4726/4730 4780/4765/4769
f 4519/4256/4257 4261/4255/4256 4251/4248/4249
f 4710/4740/4744 4722/4655/4657 4747/4711/4715
f 4804/4776/4780 4802/4777/4781 4753/4778/4782
f 4755/4779/4783 4720/4780/4784 4710/4740/4744
f 4807/4781/4785 4798/4782/4786 4808/4783/4787
f 4819/4784/4788 4809/4785/4789 4808/4783/4787
f 4719/4786/4790 4722/4655/4657 4696/4683/4686
f 4722/4655/4657 4810/4787/4791 4680/4652/4654
f 4722/4655/4657 4697/4684/4687 4810/4787/4791
f 4599/4553/4555 4597/4555/4557 4650/4604/4606
f 4709/4665/4668 4657/4611/4613 4607/4562/4564
f 4780/4765/4769 4815/4788/4792 4782/4759/4763
f 4545/4510/4512 4415/4406/4408 4084/4075/4076
f 4255/4484/4486 4284/4472/4474 4399/4471/4473
f 4804/4776/4780 4814/4789/4793 4802/4777/4781
f 4714/4705/4709 4747/4711/4715 4801/4710/4714
f 4787/4790/4794 4749/4713/4717 4786/4712/4716
f 4178/4175/4176 4099/4120/4121 4304/4299/4300
f 4431/4410/4412 4094/4119/4120 4415/4406/4408
f 4094/4119/4120 4431/4410/4412 4099/4120/4121
f 4099/4120/4121 4431/4410/4412 4316/4297/4298
f 4503/4453/4455 4295/4283/4284 4298/4285/4286
f 4343/4252/4253 4274/4263/4264 4344/4618/4620
f 4816/4791/4795 4793/4757/4761 4801/4710/4714
f 4782/4759/4763 4732/4771/4775 4735/4723/4727
f 4719/4786/4790 4747/4711/4715 4722/4655/4657
f 4344/4618/4620 4277/4792/4796 4343/4252/4253
f 4797/4760/4764 4735/4723/4727 4729/4722/4726
f 4612/4547/4549 4709/4665/4668 4711/4688/4691
f 4792/4689/4692 4592/4548/4550 4717/4708/4712
f 4424/4474/4476 4248/4242/4243 4435/4508/4510
f 4437/4596/4598 4443/4379/4381 4316/4297/4298
f 4325/4381/4383 4124/4115/4116 4317/4298/4299
f 4316/4297/4298 4443/4379/4381 4325/4381/4383
f 4749/4713/4717 4724/4671/4674 4736/4602/4604
f 4446/4674/4677 4444/4619/4621 4299/4246/4247
f 4727/4717/4721 4726/4716/4720 4752/4744/4748
f 4817/4793/4797 4818/4794/4798 4618/4699/4703
f 4336/4311/4312 4517/4478/4480 4518/4312/4313
f 4298/4285/4286 4297/4284/4285 4519/4256/4257
f 4301/4463/4465 4446/4674/4677 4299/4246/4247
f 4739/4720/4724 4781/4729/4733 4721/4795/4799
f 4741/4732/4736 4760/4796/4800 4753/4778/4782
f 4297/4284/4285 4302/4254/4255 4519/4256/4257
f 4762/4752/4756 4764/4750/4754 4761/4797/4801
f 4802/4777/4781 4741/4732/4736 4753/4778/4782
f 4130/4117/4118 4139/4319/4320 4135/4141/4142
f 4710/4740/4744 4748/4798/4802 4722/4655/4657
f 4320/4308/4309 4302/4254/4255 4775/4799/4803
f 4776/4761/4765 4782/4759/4763 4348/4758/4762
f 4768/4617/4619 4770/4762/4766 4776/4761/4765
f 4751/4743/4747 4779/4800/4804 4778/4801/4805
f 4294/4802/4806 4781/4729/4733 4297/4284/4285
f 4500/4317/4318 4334/4121/4122 4452/4621/4623
f 4280/4803/4807 4783/4804/4808 4294/4802/4806
f 4775/4799/4803 4785/4805/4809 4784/4763/4767
f 4249/4304/4305 4301/4463/4465 4261/4255/4256
f 4710/4740/4744 4766/4704/4708 4767/4634/4636
f 4470/4497/4499 4787/4790/4794 4786/4712/4716
f 4707/4614/4616 4803/4730/4734 4739/4720/4724
f 4722/4655/4657 4647/4660/4662 4698/4686/4689
f 4821/4806/4810 4751/4743/4747 4789/4767/4771
f 4751/4743/4747 4821/4806/4810 4822/4807/4811
f 4825/4808/4812 4779/4800/4804 4751/4743/4747
f 4826/4809/4813 4806/4810/4814 4805/4811/4815
f 4720/4780/4784 4757/4753/4757 4773/4755/4759
f 4720/4780/4784 4650/4604/4606 4748/4798/4802
f 4750/4745/4749 4650/4604/4606 4720/4780/4784
f 4781/4729/4733 4294/4802/4806 4721/4795/4799
f 4783/4804/4808 4721/4795/4799 4294/4802/4806
f 4735/4723/4727 4711/4688/4691 4733/4721/4725
f 4732/4771/4775 4792/4689/4692 4717/4708/4712
f 4798/4782/4786 4811/4733/4737 4728/4741/4745
f 4721/4795/4799 4812/4812/4816 4716/4567/4569
f 4618/4699/4703 4827/4813/4817 4619/4568/4570
f 4618/4699/4703 4738/4728/4732 4827/4813/4817
f 4823/4814/4818 4766/4704/4708 4813/4706/4710
f 4753/4778/4782 4829/4815/4819 4828/4816/4820
f 4830/4817/4821 4753/4778/4822 4805/4811/4815
f 4832/4818/4823 4831/4819/4824 4805/4811/4825
f 4050/4215/4216 4179/4187/4188 4306/4289/4290
f 4785/4805/4809 4803/4730/4734 4800/4726/4730
f 4647/4660/4662 4650/4604/4606 4649/4606/4608
f 4527/4820/4826 4523/4288/4289 4300/4302/4303
f 4811/4733/4737 4798/4782/4786 4715/4731/4735
f 4179/4187/4188 4349/4196/4197 4306/4289/4290
f 4720/4780/4784 4773/4755/4759 4750/4745/4749
f 4533/4489/4491 4834/4821/4827 4436/4490/4492
f 4436/4490/4492 4834/4821/4827 4835/4822/4828
f 4723/4714/4718 4721/4795/4799 4783/4804/4808
f 4782/4759/4763 4735/4723/4727 4797/4760/4764
f 4589/4615/4617 4708/4670/4673 4716/4567/4569
f 4259/4451/4453 4370/4344/4345 4381/4343/4344
f 4349/4196/4197 4179/4187/4188 4180/4184/4185
f 4748/4798/4802 4650/4604/4606 4722/4655/4657
f 4802/4777/4781 4731/4719/4723 4618/4699/4703
f 4746/4739/4743 4713/4823/4829 4712/4707/4711
f 4528/4631/4633 4255/4484/4486 4399/4471/4473
f 4751/4743/4747 4837/4824/4830 4838/4825/4831
f 4837/4824/4830 4751/4743/4747 4791/4769/4773
f 4790/4768/4772 4839/4826/4832 4791/4769/4773
f 4518/4312/4313 4327/4827/4833 4335/4313/4314
f 4481/4233/4234 4396/4359/4361 4390/4358/4360
f 4811/4733/4737 4618/4699/4703 4771/4742/4746
f 4840/4828/4834 4727/4717/4721 4752/4744/4748
f 4715/4731/4735 4758/4747/4751 4741/4732/4736
f 4742/4734/4738 4758/4747/4751 4715/4731/4735
f 4817/4793/4797 4618/4699/4703 4730/4718/4722
f 4803/4730/4734 4707/4614/4616 4740/4724/4728
f 4617/4539/4541 4771/4742/4746 4618/4699/4703
f 4283/4270/4271 4769/4754/4758 4385/4271/4272
f 4811/4733/4737 4741/4732/4736 4802/4777/4781
f 4401/4583/4585 4841/4829/4835 4463/4397/4399
f 4273/4265/4266 4470/4497/4499 4269/4422/4424
f 4767/4634/4636 4762/4752/4756 4842/4830/4836
f 4401/4583/4585 4463/4397/4399 4462/4393/4395
f 4755/4779/4783 4291/4486/4488 4385/4271/4272
f 4274/4263/4264 4770/4762/4766 4768/4617/4619
f 4274/4263/4264 4772/4764/4768 4770/4762/4766
f 4772/4764/4768 4331/4309/4310 4324/4306/4307
f 4732/4771/4775 4717/4708/4712 4735/4723/4727
f 4767/4634/4636 4755/4779/4783 4710/4740/4744
f 4324/4306/4307 4321/4831/4837 4784/4763/4767
f 4461/4396/4398 4457/4391/4393 4462/4393/4395
f 4777/4832/4838 4775/4799/4803 4302/4254/4255
f 4777/4832/4838 4302/4254/4255 4297/4284/4285
f 4781/4729/4733 4777/4832/4838 4297/4284/4285
f 4797/4760/4764 4769/4754/4758 4380/4483/4485
f 4423/4504/4506 4843/4833/4839 4540/4503/4505
f 4272/4264/4265 4819/4784/4788 4798/4782/4786
f 4280/4803/4807 4493/4498/4500 4786/4712/4716
f 4783/4804/4808 4280/4803/4807 4786/4712/4716
f 4780/4765/4769 4782/4759/4763 4770/4762/4766
f 4757/4753/4757 4720/4780/4784 4755/4779/4783
f 4801/4710/4714 4793/4757/4761 4714/4705/4709
f 4825/4808/4812 4844/4834/4840 4779/4800/4804
f 4826/4809/4813 4805/4811/4815 4753/4778/4822
f 4232/4268/4269 4436/4490/4492 4235/4702/4706
f 4845/4835/4841 4631/4582/4584 4846/4836/4842
f 4272/4264/4265 4798/4782/4786 4728/4741/4745
f 4797/4760/4764 4729/4722/4726 4769/4754/4758
f 4437/4596/4598 4476/4409/4411 4479/4420/4422
f 4399/4471/4473 4405/4470/4472 4536/4500/4502
f 4227/4232/4233 4847/4837/4843 4225/4230/4231
f 4845/4835/4841 4382/4348/4349 4631/4582/4584
f 4780/4765/4769 4800/4726/4730 4815/4788/4792
f 4270/4266/4267 4819/4784/4788 4272/4264/4265
f 4847/4837/4843 4645/4601/4603 4225/4230/4231
f 4777/4832/4838 4803/4730/4734 4785/4805/4809
f 4303/4838/4844 4312/4346/4347 4382/4348/4349
f 4798/4782/4786 4819/4784/4788 4808/4783/4787
f 4707/4614/4616 4756/4770/4774 4740/4724/4728
f 4781/4729/4733 4803/4730/4734 4777/4832/4838
f 4719/4786/4790 4820/4839/4845 4848/4840/4846
f 4824/4841/4847 4849/4842/4848 4850/4843/4849
f 4824/4841/4847 4823/4814/4818 4849/4842/4848
f 4475/4408/4410 4431/4410/4412 4323/4590/4592
f 4722/4655/4657 4650/4604/4606 4647/4660/4662
f 4739/4720/4724 4721/4795/4799 4716/4567/4569
f 4273/4265/4266 4272/4264/4265 4787/4790/4794
f 4443/4379/4381 4479/4420/4422 4486/4380/4382
f 4607/4562/4564 4652/4607/4609 4709/4665/4668
f 4707/4614/4616 4578/4585/4587 4792/4689/4692
f 4753/4778/4782 4828/4816/4820 4804/4776/4780
f 4851/4844/4850 4832/4818/4823 4805/4811/4825
f 4734/4725/4729 4782/4759/4763 4815/4788/4792
f 4480/4419/4421 4475/4408/4410 4489/4433/4435
f 4736/4602/4604 4616/4536/4538 4812/4812/4816
f 4813/4706/4710 4712/4707/4711 4836/4845/4851
f 4733/4721/4725 4709/4665/4668 4750/4745/4749
f 4734/4725/4729 4815/4788/4792 4800/4726/4730
f 4717/4708/4712 4711/4688/4691 4735/4723/4727
f 4624/4846/4852 4615/4566/4568 4854/4847/4853
f 4615/4566/4568 4434/4374/4376 4854/4847/4853
f 4720/4780/4784 4748/4798/4802 4710/4740/4744
f 4750/4745/4749 4709/4665/4668 4652/4607/4609
f 4711/4688/4691 4709/4665/4668 4733/4721/4725
f 4731/4719/4723 4802/4777/4781 4855/4848/4854
f 4492/4630/4632 4452/4621/4623 4330/4382/4384
f 4293/4277/4278 4434/4374/4376 4615/4566/4568
f 4792/4689/4692 4756/4770/4774 4707/4614/4616
f 4734/4725/4729 4756/4770/4774 4732/4771/4775
f 4734/4725/4729 4740/4724/4728 4756/4770/4774
f 4435/4508/4510 4444/4619/4621 4456/4390/4392
f 4616/4536/4538 4716/4567/4569 4812/4812/4816
f 4225/4230/4231 4856/4849/4855 4422/4368/4370
f 4456/4390/4392 4444/4619/4621 4322/4403/4405
f 4749/4713/4717 4728/4741/4745 4724/4671/4674
f 4728/4741/4745 4771/4742/4746 4724/4671/4674
f 4856/4849/4855 4662/4622/4624 4422/4368/4370
f 4771/4742/4746 4617/4539/4541 4724/4671/4674
f 4492/4630/4632 4350/4398/4400 4367/4434/4436
f 4811/4733/4737 4802/4777/4781 4618/4699/4703
f 4618/4699/4703 4818/4794/4798 4737/4727/4731
f 4838/4825/4831 4788/4766/4770 4751/4743/4747
f 4751/4743/4747 4857/4850/4856 4790/4768/4772
f 4793/4757/4761 4857/4850/4856 4751/4743/4747
f 4671/4637/4639 4669/4633/4635 4859/4851/4857
f 4492/4630/4632 4367/4434/4436 4383/4349/4350
f 4766/4704/4708 4747/4711/4715 4714/4705/4709
f 4503/4453/4455 4241/4241/4242 4238/4444/4446
f 4753/4778/4782 4760/4796/4800 4860/4852/4858
f 4445/4675/4678 4446/4674/4677 4477/4676/4679
f 4762/4752/4756 4823/4814/4818 4765/4751/4755
f 4762/4752/4756 4766/4704/4708 4823/4814/4818
f 4797/4760/4764 4380/4483/4485 4348/4758/4762
f 4752/4744/4748 4751/4743/4747 4778/4801/4805
f 4772/4764/4768 4780/4765/4769 4770/4762/4766
f 4812/4812/4816 4721/4795/4799 4723/4714/4718
f 4723/4714/4718 4749/4713/4717 4812/4812/4816
f 4312/4346/4347 4303/4838/4844 4861/4853/4859
f 4775/4799/4803 4784/4763/4767 4321/4831/4837
f 4462/4393/4395 4862/4854/4860 4630/4581/4583
f 4458/4392/4394 4862/4854/4860 4462/4393/4395
f 4765/4751/4755 4823/4814/4818 4863/4855/4861
f 4774/4856/4862 4826/4809/4813 4753/4778/4822
f 4238/4444/4446 4257/4515/4517 4260/4287/4288
f 4777/4832/4838 4785/4805/4809 4775/4799/4803
f 4728/4741/4745 4787/4790/4794 4272/4264/4265
f 4481/4233/4234 4466/4235/4236 4396/4359/4361
f 4295/4283/4284 4294/4802/4806 4297/4284/4285
f 4838/4825/4831 4837/4824/4830 4864/4857/4863
f 4837/4824/4830 4865/4858/4864 4864/4857/4863
f 4593/4549/4551 4809/4785/4789 4819/4784/4788
f 4312/4346/4347 4322/4403/4405 4386/4347/4348
f 4800/4726/4730 4784/4763/4767 4785/4805/4809
f 4751/4743/4747 4822/4807/4811 4825/4808/4812
f 4630/4581/4583 4382/4348/4349 4462/4393/4395
f 4769/4754/4758 4729/4722/4726 4773/4755/4759
f 4786/4712/4716 4723/4714/4718 4783/4804/4808
f 4504/4247/4248 4519/4256/4257 4251/4248/4249
f 4728/4741/4745 4749/4713/4717 4787/4790/4794
f 4718/4709/4713 4747/4711/4715 4866/4859/4865
f 4747/4711/4715 4867/4860/4866 4866/4859/4865
f 4747/4711/4715 4848/4840/4846 4867/4860/4866
f 4719/4786/4790 4848/4840/4846 4747/4711/4715
f 4849/4842/4848 4813/4706/4710 4852/4861/4867
f 4849/4842/4848 4823/4814/4818 4813/4706/4710
f 4726/4716/4720 4793/4757/4761 4751/4743/4747
f 4773/4755/4759 4729/4722/4726 4750/4745/4749
f 4324/4306/4307 4320/4308/4309 4321/4831/4837
f 4807/4781/4785 4715/4731/4735 4798/4782/4786
f 4807/4781/4785 4853/4862/4868 4715/4731/4735
f 4339/4316/4317 4332/4315/4316 4477/4676/4679
f 4652/4607/4609 4650/4604/4606 4750/4745/4749
f 4782/4759/4763 4734/4725/4729 4732/4771/4775
f 4225/4230/4231 4237/4237/4238 4226/4231/4232
f 4800/4726/4730 4803/4730/4734 4740/4724/4728
f 4416/4432/4434 4475/4408/4410 4323/4590/4592
f 4739/4720/4724 4708/4670/4673 4707/4614/4616
f 4749/4713/4717 4736/4602/4604 4812/4812/4816
f 4338/4314/4315 4339/4316/4317 4350/4398/4400
f 4828/4816/4820 4868/4863/4869 4804/4776/4780
f 4249/4304/4305 4339/4316/4317 4453/4677/4680
f 4274/4263/4264 4331/4309/4310 4772/4764/4768
f 4228/4454/4456 4468/4407/4409 4231/4632/4634
f 4233/4405/4407 4236/4238/4239 4237/4237/4238
f 4469/4589/4591 4445/4675/4678 4477/4676/4679
f 4525/4482/4484 4482/4491/4493 4256/4487/4489
f 4448/4395/4397 4869/4864/4870 4447/4865/4871
f 4447/4865/4871 4225/4230/4231 4448/4395/4397
f 4501/4320/4321 4412/4370/4372 4428/4369/4371
f 4343/4252/4253 4351/4481/4483 4256/4487/4489
f 4422/4368/4370 4396/4359/4361 4442/4645/4647
f 4350/4398/4400 4492/4630/4632 4330/4382/4384
f 4233/4405/4407 4262/4404/4406 4236/4238/4239
f 4486/4380/4382 4494/4435/4437 4350/4398/4400
f 4870/4866/4872 4542/4505/4507 4543/4507/4509
f 4139/4319/4320 4337/4318/4319 4459/4400/4402
f 4333/4243/4244 4529/4251/4252 4252/4244/4245
f 4480/4419/4421 4486/4380/4382 4479/4420/4422
f 4500/4317/4318 4459/4400/4402 4337/4318/4319
f 4348/4758/4762 4344/4618/4620 4776/4761/4765
f 4489/4433/4435 4494/4435/4437 4480/4419/4421
f 4333/4243/4244 4250/4245/4246 4328/4305/4306
f 4053/4171/4172 4390/4358/4360 4395/4185/4186
f 4424/4474/4476 4541/4506/4508 4538/4502/4504
f 4243/4239/4240 4239/4867/4873 4237/4237/4238
f 4349/4196/4197 4180/4184/4185 4390/4358/4360
f 4871/4868/4874 4421/4473/4475 4538/4502/4504
f 4537/4499/4501 4421/4473/4475 4871/4868/4874
f 4493/4498/4500 4509/4756/4760 4275/4496/4498
f 4145/4138/4139 4228/4454/4456 4282/4269/4270
f 4367/4434/4436 4252/4244/4245 4253/4250/4251
f 4509/4756/4760 4493/4498/4500 4276/4445/4447
f 4281/4345/4346 4348/4758/4762 4380/4483/4485
f 4143/4140/4141 4501/4320/4321 4145/4138/4139
f 4431/4410/4412 4437/4596/4598 4316/4297/4298
f 4291/4486/4488 4767/4634/4636 4531/4281/4282
f 4405/4470/4472 4284/4472/4474 4421/4473/4475
f 4130/4117/4118 4337/4318/4319 4139/4319/4320
f 4351/4481/4483 4343/4252/4253 4277/4792/4796
f 4268/4262/4263 4271/4261/4262 4333/4243/4244
f 4528/4631/4633 4319/4301/4302 4255/4484/4486
f 4317/4298/4299 4316/4297/4298 4325/4381/4383
f 4873/4869/4875 4401/4583/4585 4545/4510/4512
f 4264/4267/4268 4262/4404/4406 4283/4270/4271
f 4328/4305/4306 4261/4255/4256 4329/4310/4311
f 4527/4820/4826 4300/4302/4303 4403/4628/4630
f 4874/4870/4876 4523/4288/4289 4527/4820/4826
f 4277/4792/4796 4344/4618/4620 4348/4758/4762
f 4281/4345/4346 4277/4792/4796 4348/4758/4762
f 4509/4756/4760 4335/4313/4314 4275/4496/4498
f 4415/4406/4408 4094/4119/4120 4084/4075/4076
f 4269/4422/4424 4335/4313/4314 4326/4871/4877
f 4269/4422/4424 4326/4871/4877 4506/4737/4741
f 4301/4463/4465 4299/4246/4247 4251/4248/4249
f 4268/4262/4263 4329/4310/4311 4331/4309/4310
f 4526/4307/4308 4331/4309/4310 4329/4310/4311
f 4794/4772/4776 4875/4872/4878 4084/4075/4076
f 4487/4431/4433 4465/4236/4237 4450/4386/4388
f 4261/4255/4256 4302/4254/4255 4320/4308/4309
f 4876/4873/4879 4517/4478/4480 4524/4479/4481
f 4232/4268/4269 4279/4700/4704 4278/4457/4459
f 4284/4472/4474 4248/4242/4243 4424/4474/4476
f 4423/4504/4506 4669/4633/4635 4671/4637/4639
f 4278/4457/4459 4467/4402/4404 4232/4268/4269
f 4238/4444/4446 4295/4283/4284 4503/4453/4455
f 4295/4283/4284 4230/4874/4880 4294/4802/4806
f 4385/4271/4272 4757/4753/4757 4755/4779/4783
f 4230/4874/4880 4295/4283/4284 4238/4444/4446
f 4769/4754/4758 4757/4753/4757 4385/4271/4272
f 4482/4491/4493 4259/4451/4453 4258/4450/4452
f 4488/4430/4432 4877/4875/4881 4240/4465/4467
f 4259/4451/4453 4429/4371/4373 4412/4370/4372
f 4344/4618/4620 4768/4617/4619 4776/4761/4765
f 4407/4452/4454 4256/4487/4489 4412/4370/4372
f 4393/4253/4254 4343/4252/4253 4256/4487/4489
f 4477/4676/4679 4446/4674/4677 4453/4677/4680
f 4429/4371/4373 4466/4235/4236 4231/4632/4634
f 4322/4403/4405 4444/4619/4621 4445/4675/4678
f 4468/4407/4409 4428/4369/4371 4231/4632/4634
f 4350/4398/4400 4250/4245/4246 4367/4434/4436
f 4350/4398/4400 4339/4316/4317 4249/4304/4305
f 4276/4445/4447 4280/4803/4807 4230/4874/4880
f 4280/4803/4807 4276/4445/4447 4493/4498/4500
f 4493/4498/4500 4470/4497/4499 4786/4712/4716
f 4427/4280/4281 4436/4490/4492 4232/4268/4269
f 4255/4484/4486 4257/4515/4517 4242/4240/4241
f 4242/4240/4241 4284/4472/4474 4255/4484/4486
f 4843/4833/4839 4423/4504/4506 4430/4876/4882
f 4462/4393/4395 4382/4348/4349 4386/4347/4348
f 4270/4266/4267 4593/4549/4551 4819/4784/4788
f 4291/4486/4488 4755/4779/4783 4767/4634/4636
f 4326/4871/4877 4335/4313/4314 4327/4827/4833
f 4293/4277/4278 4319/4301/4302 4434/4374/4376
f 4834/4821/4827 4533/4489/4491 4878/4877/4883
f 4879/4878/4884 4527/4820/4826 4403/4628/4630
f 4393/4253/4254 4383/4349/4350 4254/4249/4250
f 4880/4879/4885 4243/4239/4240 4244/4461/4463
f 4880/4879/4885 4244/4461/4463 4247/4880/4886
f 4243/4239/4240 4240/4465/4467 4245/4464/4466
f 4243/4239/4240 4245/4464/4466 4246/4678/4681
f 4523/4288/4289 4524/4479/4481 4305/4286/4287
f 4380/4483/4485 4769/4754/4758 4283/4270/4271
f 4383/4349/4350 4367/4434/4436 4253/4250/4251
f 4319/4301/4302 4293/4277/4278 4300/4302/4303
f 4328/4305/4306 4268/4262/4263 4333/4243/4244
f 4233/4405/4407 4225/4230/4231 4442/4645/4647
f 4623/4572/4574 4397/4627/4629 4293/4277/4278
f 4623/4572/4574 4398/4881/4887 4397/4627/4629
f 4350/4398/4400 4494/4435/4437 4338/4314/4315
f 4466/4235/4236 4233/4405/4407 4442/4645/4647
f 4293/4277/4278 4403/4628/4630 4300/4302/4303
f 4323/4590/4592 4332/4315/4316 4338/4314/4315
f 4228/4454/4456 4231/4632/4634 4229/4234/4235
f 4386/4347/4348 4322/4403/4405 4323/4590/4592
f 4351/4481/4483 4277/4792/4796 4281/4345/4346
f 4856/4849/4855 4447/4865/4871 4858/4882/4888
f 4320/4308/4309 4775/4799/4803 4321/4831/4837
f 4225/4230/4231 4447/4865/4871 4856/4849/4855
f 4444/4619/4621 4435/4508/4510 4248/4242/4243
f 4501/4320/4321 4428/4369/4371 4468/4407/4409
f 4442/4645/4647 4225/4230/4231 4422/4368/4370
f 4527/4820/4826 4881/4883/4889 4874/4870/4876
f 4501/4320/4321 4459/4400/4402 4407/4452/4454
f 4502/4446/4448 4383/4349/4350 4393/4253/4254
f 4349/4196/4197 4396/4359/4361 4422/4368/4370
f 4294/4802/4806 4230/4874/4880 4280/4803/4807
f 4323/4590/4592 4431/4410/4412 4386/4347/4348
f 4189/4182/4183 4384/4421/4423 4390/4358/4360
f 4335/4313/4314 4470/4497/4499 4275/4496/4498
f 4470/4497/4499 4335/4313/4314 4269/4422/4424
f 4504/4247/4248 4299/4246/4247 4248/4242/4243
f 4267/4260/4261 4269/4422/4424 4745/4738/4742
f 4265/4258/4259 4267/4260/4261 4745/4738/4742
f 4255/4484/4486 4318/4300/4301 4257/4515/4517
f 4257/4515/4517 4318/4300/4301 4260/4287/4288
f 4672/4640/4642 4882/4884/4890 4670/4635/4637
f 4284/4472/4474 4242/4240/4241 4248/4242/4243
f 4787/4790/4794 4470/4497/4499 4273/4265/4266
f 4334/4121/4122 4330/4382/4384 4452/4621/4623
f 4702/4885/4891 4594/4550/4552 4270/4266/4267
f 4334/4121/4122 4337/4318/4319 4130/4117/4118
f 4232/4268/4269 4235/4702/4706 4234/4701/4705
f 4381/4343/4344 4262/4404/4406 4429/4371/4373
f 4178/4175/4176 4304/4299/4300 4317/4298/4299
f 4256/4487/4489 4482/4491/4493 4258/4450/4452
f 4276/4445/4447 4230/4874/4880 4238/4444/4446
f 4260/4287/4288 4305/4286/4287 4509/4756/4760
f 4084/4075/4076 4263/4257/4258 4794/4772/4776
f 4545/4510/4512 4401/4583/4585 4415/4406/4408
f 4335/4313/4314 4509/4756/4760 4305/4286/4287
f 4488/4430/4432 4240/4465/4467 4465/4236/4237
f 4469/4589/4591 4322/4403/4405 4445/4675/4678
f 4453/4677/4680 4301/4463/4465 4249/4304/4305
f 4446/4674/4677 4301/4463/4465 4453/4677/4680
f 4543/4507/4664 4687/4661/4663 4883/4886/4892
f 4538/4502/4504 4541/4506/4508 4884/4887/4893
f 4525/4482/4484 4281/4345/4346 4370/4344/4345
f 4885/4888/4894 4871/4868/4874 4538/4502/4504
f 4399/4471/4473 4536/4500/4502 4872/4889/4895
f 4531/4281/4282 4886/4890/4896 4296/4282/4283
f 4399/4471/4473 4872/4889/4895 4887/4891/4897
f 4888/4892/4652 4887/4891/4897 4872/4889/4895
f 4893/4893/4898 4923/4894/4899 4892/4895/4900
f 4896/4896/4901 4944/4897/4902 4897/4898/4903
f 4894/4899/4904 4893/4893/4898 4892/4895/4900
f 4898/4900/4905 4899/4901/4906 4900/4902/4907
f 4944/4897/4902 4895/4903/4908 4914/4904/4909
f 4944/4897/4902 4903/4905/4910 4901/4906/4911
f 4905/4907/4912 4903/4905/4910 4944/4897/4902
f 4905/4907/4912 4904/4908/4913 4903/4905/4910
f 4906/4909/4914 4909/4910/4915 4907/4911/4916
f 4910/4912/4917 4911/4913/4918 4912/4914/4919
f 4913/4915/4920 4959/4916/4921 4910/4912/4917
f 4916/4917/4922 4959/4916/4921 4913/4915/4920
f 4917/4918/4923 4918/4919/4924 4910/4912/4917
f 4918/4919/4924 4913/4915/4920 4910/4912/4917
f 4919/4920/4925 4920/4921/4926 4949/4922/4927
f 4925/4923/4928 4915/4924/4929 4924/4925/4930
f 4915/4924/4929 4925/4923/4928 4926/4926/4931
f 4919/4920/4925 4949/4922/4927 4906/4909/4914
f 4929/4927/4932 4928/4928/4933 4930/4929/4934
f 4959/4916/4921 4911/4913/4918 4910/4912/4917
f 4930/4929/4934 4955/4930/4935 4937/4931/4936
f 4941/4932/4937 4899/4901/4906 4895/4903/4908
f 4921/4933/4938 4942/4934/4939 4943/4935/4940
f 4945/4936/4941 4946/4937/4942 4891/4938/4943
f 4921/4933/4938 4892/4895/4900 4947/4939/4944
f 4944/4897/4902 4938/4940/4945 4948/4941/4946
f 4931/4942/4947 4890/4943/4948 4924/4925/4930
f 4951/4944/4949 4924/4925/4930 4890/4943/4948
f 4943/4935/4940 4908/4945/4950 4921/4933/4938
f 4982/4946/4951 4914/4904/4909 4895/4903/4908
f 4900/4902/4907 4899/4901/4906 4952/4947/4952
f 4955/4930/4935 4927/4948/4953 4949/4922/4927
f 4901/4906/4911 4956/4949/4954 4897/4898/4903
f 4959/4916/4921 4957/4950/4955 4911/4913/4918
f 4956/4949/4954 4901/4906/4911 4902/4951/4956
f 4958/4952/4957 4957/4950/4955 4959/4916/4921
f 4944/4897/4902 4914/4904/4909 4949/4922/4927
f 4908/4945/4950 4894/4899/4904 4892/4895/4900
f 4955/4930/4935 4914/4904/4909 4894/4899/4904
f 4901/4906/4911 4897/4898/4903 4944/4897/4902
f 4933/4953/4958 4890/4943/4948 4931/4942/4947
f 4908/4945/4950 4892/4895/4900 4921/4933/4938
f 4933/4953/4958 4889/4954/4959 4890/4943/4948
f 4923/4894/4899 4922/4955/4960 4892/4895/4900
f 4891/4938/4943 4899/4901/4906 4941/4932/4937
f 4905/4907/4912 4944/4897/4902 4920/4921/4926
f 4944/4897/4902 4949/4922/4927 4920/4921/4926
f 4906/4909/4914 4949/4922/4927 4909/4910/4915
f 4910/4912/4917 4912/4914/4919 4962/4956/4961
f 4931/4942/4947 4893/4893/4898 4894/4899/4904
f 4931/4942/4947 4915/4924/4929 4893/4893/4898
f 4924/4925/4930 4915/4924/4929 4931/4942/4947
f 4937/4931/4936 4955/4930/4935 4940/4957/4962
f 4937/4931/4936 4940/4957/4962 4963/4958/4963
f 4913/4915/4920 4964/4959/4964 4916/4917/4922
f 4965/4960/4965 4938/4940/4945 4916/4917/4922
f 4938/4940/4945 4944/4897/4902 4916/4917/4922
f 4955/4930/4935 4928/4928/4933 4927/4948/4953
f 4936/4961/4966 4912/4914/4919 4911/4913/4918
f 4955/4930/4935 4930/4929/4934 4928/4928/4933
f 4944/4897/4902 4959/4916/4921 4916/4917/4922
f 4925/4923/4928 4924/4925/4930 4932/4962/4967
f 4961/4963/4968 4966/4964/4969 4891/4938/4943
f 4966/4964/4969 4899/4901/4906 4891/4938/4943
f 4967/4965/4970 4934/4966/4971 4948/4941/4946
f 4908/4945/4950 4940/4957/4962 4955/4930/4935
f 4908/4945/4950 4950/4967/4972 4940/4957/4962
f 4941/4932/4937 4968/4968/4973 4935/4969/4974
f 4892/4895/4900 4922/4955/4960 4953/4970/4975
f 4941/4932/4937 4935/4969/4974 4939/4971/4976
f 4891/4938/4943 4939/4971/4976 4945/4936/4941
f 4891/4938/4943 4941/4932/4937 4939/4971/4976
f 4948/4941/4946 4934/4966/4971 4944/4897/4902
f 4941/4932/4937 4944/4897/4902 4934/4966/4971
f 4954/4972/4977 4969/4973/4978 4944/4897/4902
f 4959/4916/4921 4944/4897/4902 4969/4973/4978
f 4970/4974/4979 4933/4953/4958 4931/4942/4947
f 4954/4972/4977 4944/4897/4902 4896/4896/4901
f 4899/4901/4906 4898/4900/4905 4960/4975/4980
f 4941/4932/4937 4895/4903/4908 4944/4897/4902
f 4894/4899/4904 4914/4904/4909 4982/4946/4951
f 4894/4899/4904 4908/4945/4950 4955/4930/4935
f 4949/4922/4927 4914/4904/4909 4955/4930/4935
f 4909/4910/4915 4949/4922/4927 4927/4948/4953
f 5031/4976/4981 4976/4977/4982 4992/4978/4983
f 4994/4979/4984 5049/4980/4985 4980/4981/4986
f 4931/4942/4947 5006/4982/4987 4978/4983/4988
f 4982/4946/4951 5006/4982/4987 4931/4942/4947
f 4960/4975/4980 4984/4984/4989 4985/4985/4990
f 4987/4986/4991 4988/4987/4992 4989/4988/4993
f 4960/4975/4980 4985/4985/4990 4899/4901/4906
f 4976/4977/4982 4899/4901/4906 4985/4985/4990
f 4987/4986/4991 4990/4989/4994 4992/4978/4983
f 4895/4903/4908 4899/4901/4906 4976/4977/4982
f 5049/4980/4985 4994/4979/4984 5026/4990/4995
f 4997/4991/4996 4998/4992/4997 4999/4993/4998
f 5000/4994/4999 5008/4995/5000 4993/4996/5001
f 5001/4997/5002 5002/4998/5003 4931/4942/4947
f 4978/4983/4988 4986/4999/5004 4993/4996/5001
f 5000/4994/4999 5005/5000/5005 5004/5001/5006
f 4980/4981/4986 4986/4999/5004 4994/4979/4984
f 4978/4983/4988 5008/4995/5000 5012/5002/5007
f 5007/5003/5008 5008/4995/5000 5009/5004/5009
f 5010/5005/5010 5009/5004/5009 5008/4995/5000
f 4980/4981/4986 5053/5006/5011 4993/4996/5001
f 5015/5007/5012 5013/5008/5013 5014/5009/5014
f 5012/5002/5007 5016/5010/5015 4999/4993/4998
f 4976/4977/4982 5018/5011/5016 5013/5008/5013
f 5019/5012/5017 5052/5013/5018 5020/5014/5019
f 4976/4977/4982 4985/4985/4990 5023/5015/5020
f 5024/5016/5021 5026/4990/4995 5025/5017/5022
f 5026/4990/4995 4996/5018/5023 4977/5019/5024
f 5028/5020/5025 5027/5021/5026 4992/4978/4983
f 5031/4976/4981 5026/4990/4995 4994/4979/4984
f 5026/4990/4995 4992/4978/4983 5030/5022/5027
f 5033/5023/5028 5037/5024/5029 5034/5025/5030
f 5007/5003/5008 5035/5026/5031 5073/5027/5032
f 4974/5028/5033 4975/5029/5034 5032/5030/5035
f 5037/5024/5029 5038/5031/5036 5039/5032/5037
f 5040/5033/5038 5041/5034/5039 5042/5035/5040
f 5043/5036/5041 5044/5037/5042 5041/5034/5039
f 5033/5023/5028 4973/5038/5043 5037/5024/5029
f 5045/5039/5044 5046/5040/5045 4996/5018/5023
f 4973/5038/5043 5033/5023/5028 5036/5041/5046
f 4986/4999/5004 4980/4981/4986 4993/4996/5001
f 4931/4942/4947 4978/4983/4988 4983/5042/5047
f 4993/4996/5001 4971/5043/5048 5017/5044/5049
f 5051/5045/5050 5052/5013/5018 5017/5044/5049
f 5049/4980/4985 5047/5046/5051 5053/5006/5011
f 4998/4992/4997 5054/5047/5052 4983/5042/5047
f 5036/5041/5046 4977/5019/5024 4973/5038/5043
f 5012/5002/5007 4999/4993/4998 4978/4983/4988
f 5056/5048/5053 4990/4989/4994 4987/4986/4991
f 5061/5049/5054 5002/4998/5003 5001/4997/5002
f 5031/4976/4981 4994/4979/4984 5006/4982/4987
f 5053/5006/5011 4980/4981/4986 5049/4980/4985
f 4971/5043/5048 5055/5050/5055 4979/5051/5056
f 4895/4903/4908 4976/4977/4982 4982/4946/4951
f 5005/5000/5005 5000/4994/4999 5019/5012/5017
f 5063/5052/5057 5011/5053/5058 5064/5054/5059
f 4970/4974/4979 4931/4942/4947 5003/5055/5060
f 4976/4977/4982 5023/5015/5020 5018/5011/5016
f 5000/4994/4999 4993/4996/5001 5052/5013/5018
f 5017/5044/5049 5052/5013/5018 4993/4996/5001
f 5065/5056/5061 5020/5014/5019 5052/5013/5018
f 5027/5021/5026 5030/5022/5027 4992/4978/4983
f 4971/5043/5048 5021/5057/5062 5017/5044/5049
f 4971/5043/5048 5067/5058/5063 5021/5057/5062
f 5024/5016/5021 5044/5037/5042 5026/4990/4995
f 5044/5037/5042 4996/5018/5023 5026/4990/4995
f 5029/5059/5064 5026/4990/4995 5030/5022/5027
f 5068/5060/5065 5026/4990/4995 5029/5059/5064
f 4986/4999/5004 5006/4982/4987 4994/4979/4984
f 4977/5019/5024 4996/5018/5023 4995/5061/5066
f 5049/4980/4985 5026/4990/4995 4977/5019/5024
f 5028/5020/5025 4990/4989/4994 5069/5062/5067
f 4992/4978/4983 4990/4989/4994 5028/5020/5025
f 5042/5035/5040 5070/5063/5068 5040/5033/5038
f 5022/5064/5069 5013/5008/5013 5071/5065/5070
f 4974/5028/5033 4976/4977/4982 5013/5008/5013
f 4931/4942/4947 4894/4899/4904 4982/4946/4951
f 4992/4978/4983 4976/4977/4982 4974/5028/5033
f 5073/5027/5032 5074/5066/5071 5012/5002/5007
f 5037/5024/5029 5039/5032/5037 5075/5067/5072
f 5018/5011/5016 5076/5068/5073 5077/5069/5074
f 5013/5008/5013 5018/5011/5016 5077/5069/5074
f 5078/5070/5075 5008/4995/5000 5011/5053/5058
f 4974/5028/5033 5022/5064/5069 5079/5071/5076
f 5053/5006/5011 5048/5072/5077 5143/5073/5078
f 5037/5024/5029 4973/5038/5043 5038/5031/5036
f 4993/4996/5001 5008/4995/5000 4978/4983/4988
f 5064/5054/5059 5011/5053/5058 5008/4995/5000
f 5000/4994/4999 5064/5054/5059 5008/4995/5000
f 5008/4995/5000 5007/5003/5008 5012/5002/5007
f 4987/4986/4991 5032/5030/5035 5081/5074/5079
f 5032/5030/5035 4987/4986/4991 4974/5028/5033
f 5062/5075/5080 5055/5050/5055 5057/5076/5081
f 5057/5076/5081 5058/5077/5082 5062/5075/5080
f 5143/5073/5078 4971/5043/5048 5053/5006/5011
f 5049/4980/4985 4977/5019/5024 5036/5041/5046
f 4973/5038/5043 4977/5019/5024 4972/5078/5083
f 4971/5043/5048 5143/5073/5078 5055/5050/5055
f 5001/4997/5002 4931/4942/4947 4983/5042/5047
f 5068/5060/5065 5025/5017/5022 5026/4990/4995
f 4971/5043/5048 4993/4996/5001 5053/5006/5011
f 4979/5051/5056 4991/5079/5084 4971/5043/5048
f 4991/5079/5084 4979/5051/5056 4981/5080/5085
f 4991/5079/5084 5067/5058/5063 4971/5043/5048
f 5022/5064/5069 4974/5028/5033 5013/5008/5013
f 5077/5069/5074 5083/5081/5086 5013/5008/5013
f 5073/5027/5032 5012/5002/5007 5007/5003/5008
f 5023/5015/5020 5050/5082/5087 5084/5083/5088
f 5023/5015/5020 4985/4985/4990 5050/5082/5087
f 5021/5057/5062 5072/5084/5089 5017/5044/5049
f 4988/4987/4992 4987/4986/4991 5081/5074/5079
f 4974/5028/5033 4987/4986/4991 4992/4978/4983
f 5064/5054/5059 5000/4994/4999 5004/5001/5006
f 4978/4983/4988 4999/4993/4998 4983/5042/5047
f 5052/5013/5018 5019/5012/5017 5000/4994/4999
f 4983/5042/5047 4999/4993/4998 4998/4992/4997
f 4982/4946/4951 5031/4976/4981 5006/4982/4987
f 5086/5085/5090 5033/5023/5028 5085/5086/5091
f 5036/5041/5046 5033/5023/5028 5086/5085/5090
f 5026/4990/4995 5031/4976/4981 4992/4978/4983
f 4986/4999/5004 4978/4983/4988 5006/4982/4987
f 5016/5010/5015 5060/5087/5092 4999/4993/4998
f 5047/5046/5051 5048/5072/5077 5053/5006/5011
f 5002/4998/5003 5003/5055/5060 4931/4942/4947
f 5002/4998/5003 5082/5088/5093 5003/5055/5060
f 5083/5081/5086 5014/5009/5014 5013/5008/5013
f 5146/5089/5094 5057/5076/5081 5055/5050/5055
f 5042/5035/5040 5024/5016/5021 5066/5090/5095
f 5044/5037/5042 5024/5016/5021 5042/5035/5040
f 5041/5034/5039 5044/5037/5042 5042/5035/5040
f 4996/5018/5023 5044/5037/5042 5045/5039/5044
f 4982/4946/4951 4976/4977/4982 5031/4976/4981
f 5057/5076/5081 5080/5091/5096 5087/5092/5097
f 5059/5093/5098 5058/5077/5082 5057/5076/5081
f 5080/5091/5096 5057/5076/5081 5088/5094/5099
f 5023/5015/5020 5084/5083/5088 5089/5095/5100
f 5055/5050/5055 5090/5096/5101 4979/5051/5056
f 5093/5097/5102 5094/5098/5103 5092/5099/5104
f 5048/5072/5077 5164/5100/5105 5127/5101/5106
f 5104/5102/5107 5105/5103/5108 5106/5104/5109
f 5137/5105/5110 5105/5103/5108 5163/5106/5111
f 5113/5107/5112 5112/5108/5113 5114/5109/5114
f 5116/5110/5115 5109/5111/5116 5117/5112/5117
f 5118/5113/5118 5119/5114/5119 5111/5115/5120
f 5157/5116/5121 5128/5117/5122 5120/5118/5123
f 5128/5117/5122 5121/5119/5124 5101/5120/5125
f 5122/5121/5126 5123/5122/5127 5124/5123/5128
f 5093/5097/5102 5129/5124/5129 5128/5117/5122
f 5132/5125/5130 5131/5126/5131 5133/5127/5132
f 5136/5128/5133 5137/5105/5110 5138/5129/5134
f 5139/5130/5135 5140/5131/5136 5096/5132/5137
f 5146/5089/5094 5143/5073/5078 5161/5133/5138
f 5150/5134/5139 5146/5089/5094 5161/5133/5138
f 5150/5134/5139 5148/5135/5140 5146/5089/5094
f 5151/5136/5141 5152/5137/5142 5146/5089/5094
f 5154/5138/5143 5123/5122/5127 5155/5139/5144
f 5123/5122/5127 5154/5138/5143 5156/5140/5145
f 5158/5141/5146 5121/5119/5124 5157/5116/5121
f 5159/5142/5147 5160/5143/5148 5161/5133/5138
f 5113/5107/5112 5162/5144/5149 5109/5111/5116
f 5153/5145/5150 5107/5146/5151 5091/5147/5152
f 5142/5148/5153 5126/5149/5154 5101/5120/5125
f 5145/5150/5155 5131/5126/5131 5130/5151/5156
f 5169/5152/5157 5131/5126/5131 5132/5125/5130
f 5170/5153/5158 5105/5103/5108 5137/5105/5110
f 5094/5098/5103 5036/5041/5046 5131/5126/5131
f 5091/5147/5152 5095/5154/5159 5102/5155/5160
f 5157/5116/5121 5120/5118/5123 5171/5156/5161
f 5121/5119/5124 5128/5117/5122 5157/5116/5121
f 5049/4980/4985 5036/5041/5046 5164/5100/5105
f 5129/5124/5129 5172/5157/5162 5128/5117/5122
f 5173/5158/5163 5114/5109/5114 5112/5108/5113
f 5149/5159/5164 5148/5135/5140 5150/5134/5139
f 5146/5089/5094 5055/5050/5055 5143/5073/5078
f 5125/5160/5165 5123/5122/5127 5156/5140/5145
f 5174/5161/5166 5151/5136/5141 5146/5089/5094
f 5146/5089/5094 5088/5094/5099 5057/5076/5081
f 5134/5162/5167 5175/5163/5168 5135/5164/5169
f 5108/5165/5170 5095/5154/5159 5091/5147/5152
f 5177/5166/5171 5161/5133/5138 5160/5143/5148
f 5161/5133/5138 5179/5167/5172 5178/5168/5173
f 5101/5120/5125 5125/5160/5165 5142/5148/5153
f 5142/5148/5153 5246/5169/5174 5100/5170/5175
f 5094/5098/5103 5128/5117/5122 5164/5100/5105
f 5097/5171/5176 5163/5106/5111 5095/5154/5159
f 5134/5162/5167 5161/5133/5138 5102/5155/5160
f 5176/5172/5177 5167/5173/5178 5110/5174/5179
f 5249/5175/5180 5091/5147/5152 5100/5170/5175
f 5091/5147/5152 5099/5176/5181 5108/5165/5170
f 5109/5111/5116 5215/5177/5182 5113/5107/5112
f 5097/5171/5176 5108/5165/5170 5109/5111/5116
f 5047/5046/5051 5049/4980/4985 5164/5100/5105
f 5115/5178/5183 5109/5111/5116 5116/5110/5115
f 5180/5179/5184 5181/5180/5185 5182/5181/5186
f 5143/5073/5078 5153/5145/5150 5102/5155/5160
f 5088/5094/5099 5146/5089/5094 5183/5182/5187
f 5148/5135/5140 5174/5161/5166 5146/5089/5094
f 5184/5183/5188 5185/5184/5189 5186/5185/5190
f 5168/5186/5191 5185/5184/5189 5184/5183/5188
f 5140/5131/5136 5185/5184/5189 5168/5186/5191
f 5187/5187/5192 5174/5161/5166 5148/5135/5140
f 5140/5131/5136 5168/5186/5191 5188/5188/5193
f 5092/5099/5104 5145/5150/5155 5144/5189/5194
f 5094/5098/5103 5145/5150/5155 5092/5099/5104
f 5246/5169/5174 5207/5190/5195 5100/5170/5175
f 5100/5170/5175 5103/5191/5196 5142/5148/5153
f 5126/5149/5154 5128/5117/5122 5101/5120/5125
f 5161/5133/5138 5110/5174/5179 5159/5142/5147
f 5111/5115/5120 5163/5106/5111 5118/5113/5118
f 5134/5162/5167 5165/5192/5197 5190/5193/5198
f 5191/5194/5199 5175/5163/5168 5134/5162/5167
f 5191/5194/5199 5134/5162/5167 5190/5193/5198
f 5162/5144/5149 5117/5112/5117 5109/5111/5116
f 5192/5195/5200 5117/5112/5117 5162/5144/5149
f 5155/5139/5144 5123/5122/5127 5122/5121/5126
f 5125/5160/5165 5156/5140/5145 5142/5148/5153
f 5193/5196/5201 5036/5041/5046 5086/5085/5090
f 5125/5160/5165 5101/5120/5125 5141/5197/5202
f 5138/5129/5134 5137/5105/5110 5180/5198/5203
f 5161/5133/5138 5134/5162/5167 5110/5174/5179
f 5142/5148/5153 5103/5191/5196 5126/5149/5154
f 5185/5184/5189 5140/5131/5136 5139/5130/5135
f 5176/5172/5177 5110/5174/5179 5134/5162/5167
f 5164/5100/5105 5048/5072/5077 5047/5046/5051
f 5100/5170/5175 5207/5190/5195 5249/5175/5180
f 5099/5176/5181 5249/5175/5180 5098/5199/5204
f 5108/5165/5170 5099/5176/5181 5098/5199/5204
f 5189/5200/5205 5156/5140/5145 5154/5138/5143
f 5096/5132/5137 5156/5140/5145 5189/5200/5205
f 5152/5137/5142 5183/5182/5187 5146/5089/5094
f 5156/5140/5145 5096/5132/5137 5142/5148/5153
f 5109/5111/5116 5108/5165/5170 5215/5177/5182
f 5102/5155/5160 5161/5133/5138 5143/5073/5078
f 5126/5149/5154 5103/5191/5196 5107/5146/5151
f 5163/5106/5111 5105/5103/5108 5104/5102/5107
f 5099/5176/5181 5091/5147/5152 5249/5175/5180
f 5161/5133/5138 5178/5168/5173 5150/5134/5139
f 5111/5115/5120 5102/5155/5160 5095/5154/5159
f 5112/5108/5113 5113/5107/5112 5215/5177/5182
f 5194/5201/5206 5180/5198/5203 5115/5178/5183
f 5172/5157/5162 5120/5118/5123 5128/5117/5122
f 5195/5202/5207 5159/5142/5147 5110/5174/5179
f 5096/5132/5137 5140/5131/5136 5142/5148/5153
f 5108/5165/5170 5097/5171/5176 5095/5154/5159
f 5107/5146/5151 5127/5101/5106 5126/5149/5154
f 5107/5146/5151 5153/5145/5150 5127/5101/5106
f 5102/5155/5160 5111/5115/5120 5134/5162/5167
f 5134/5162/5167 5135/5164/5169 5147/5203/5208
f 5102/5155/5160 5153/5145/5150 5091/5147/5152
f 5036/5041/5046 5193/5196/5201 5133/5127/5132
f 5131/5126/5131 5036/5041/5046 5133/5127/5132
f 5128/5117/5122 5094/5098/5103 5093/5097/5102
f 5126/5149/5154 5164/5100/5105 5128/5117/5122
f 5036/5041/5046 5094/5098/5103 5164/5100/5105
f 5126/5149/5154 5127/5101/5106 5164/5100/5105
f 5095/5154/5159 5163/5106/5111 5111/5115/5120
f 5134/5162/5167 5111/5115/5120 5165/5192/5197
f 5166/5204/5209 5190/5193/5198 5165/5192/5197
f 5131/5126/5131 5145/5150/5155 5094/5098/5103
f 5048/5072/5077 5153/5145/5150 5143/5073/5078
f 5196/5205/5210 5112/5108/5113 5215/5177/5182
f 5147/5203/5208 5176/5172/5177 5134/5162/5167
f 5107/5146/5151 5100/5170/5175 5091/5147/5152
f 5048/5072/5077 5127/5101/5106 5153/5145/5150
f 5097/5171/5176 5109/5111/5116 5163/5106/5111
f 5180/5198/5203 5137/5105/5110 5115/5178/5183
f 5109/5111/5116 5137/5105/5110 5163/5106/5111
f 5137/5105/5110 5109/5111/5116 5115/5178/5183
f 5103/5191/5196 5100/5170/5175 5107/5146/5151
f 5140/5131/5136 5223/5206/5211 5142/5148/5153
f 5246/5169/5174 5142/5148/5153 5223/5206/5211
f 5201/5207/5212 5202/5208/5213 5203/5209/5214
f 5204/5210/5215 5205/5211/5216 5206/5212/5217
f 5098/5199/5204 5261/5213/5218 5215/5177/5182
f 5210/5214/5219 5211/5215/5220 5212/5216/5221
f 5213/5217/5222 5214/5218/5223 5244/5219/5224
f 5216/5220/5225 5217/5221/5226 5218/5222/5227
f 5201/5207/5212 5220/5223/5228 5202/5208/5213
f 5201/5207/5212 5221/5224/5229 5220/5223/5228
f 5222/5225/5230 5223/5206/5211 5224/5226/5231
f 5227/5227/5232 5226/5228/5233 5225/5229/5234
f 5241/5230/5235 5235/5231/5236 5228/5232/5237
f 5241/5230/5235 5231/5233/5238 5235/5231/5236
f 5236/5234/5239 5237/5235/5240 5238/5236/5241
f 5243/5237/5242 5241/5230/5235 5242/5238/5243
f 5247/5239/5244 5248/5240/5245 5233/5241/5246
f 5250/5242/5247 5251/5243/5248 5252/5244/5249
f 5250/5242/5247 5252/5244/5249 5253/5245/5250
f 5259/5246/5251 5227/5227/5232 5260/5247/5252
f 5244/5219/5224 5264/5248/5253 5265/5249/5254
f 5266/5250/5255 5254/5251/5256 5225/5229/5234
f 5269/5252/5257 5254/5251/5256 5266/5250/5255
f 5225/5229/5234 5254/5251/5256 5219/5253/5258
f 5247/5239/5244 5241/5230/5235 5214/5218/5223
f 5271/5254/5259 5272/5255/5260 5273/5256/5261
f 5276/5257/5262 5275/5258/5263 5321/5259/5264
f 5277/5260/5265 5208/5261/5266 5276/5257/5262
f 5219/5253/5258 5276/5257/5262 5200/5262/5267
f 5197/5263/5268 5198/5264/5269 5279/5265/5270
f 5280/5266/5271 5203/5209/5214 5202/5208/5213
f 5281/5267/5272 5199/5268/5273 5198/5264/5269
f 5246/5169/5174 5231/5233/5238 5207/5190/5195
f 5282/5269/5274 5283/5270/5275 5230/5271/5276
f 5244/5219/5224 5211/5215/5220 5285/5272/5277
f 5213/5217/5222 5244/5219/5224 5285/5272/5277
f 5223/5206/5211 5286/5273/5278 5287/5274/5279
f 5223/5206/5211 5287/5274/5279 5198/5264/5269
f 5198/5264/5269 5199/5268/5273 5223/5206/5211
f 5238/5236/5241 5246/5169/5174 5199/5268/5273
f 5249/5175/5180 5232/5275/5280 5261/5213/5218
f 5231/5233/5238 5247/5239/5244 5232/5275/5280
f 5232/5275/5280 5247/5239/5244 5233/5241/5246
f 5223/5206/5211 5239/5276/5281 5288/5277/5282
f 5224/5226/5231 5223/5206/5211 5288/5277/5282
f 5215/5177/5182 5220/5223/5228 5240/5278/5283
f 5227/5227/5232 5225/5229/5234 5219/5253/5258
f 5228/5232/5237 5229/5279/5284 5242/5238/5243
f 5241/5230/5235 5228/5232/5237 5242/5238/5243
f 5243/5237/5242 5244/5219/5224 5241/5230/5235
f 5233/5241/5246 5261/5213/5218 5232/5275/5280
f 5231/5233/5238 5241/5230/5235 5247/5239/5244
f 5214/5218/5223 5289/5280/5285 5271/5254/5259
f 5274/5281/5286 5214/5218/5223 5271/5254/5259
f 5278/5282/5287 5233/5241/5246 5248/5240/5245
f 5290/5283/5288 5253/5245/5250 5254/5251/5256
f 5291/5284/5289 5255/5285/5290 5256/5286/5291
f 5292/5287/5292 5236/5234/5239 5255/5285/5290
f 5254/5251/5256 5258/5288/5293 5257/5289/5294
f 5225/5229/5234 5283/5270/5275 5268/5290/5295
f 5260/5247/5252 5227/5227/5232 5205/5211/5216
f 5212/5216/5221 5244/5219/5224 5265/5249/5254
f 5244/5219/5224 5214/5218/5223 5241/5230/5235
f 5296/5291/5296 5196/5205/5210 5215/5177/5182
f 5256/5286/5291 5199/5268/5273 5281/5267/5272
f 5199/5268/5273 5256/5286/5291 5255/5285/5290
f 5199/5268/5273 5255/5285/5290 5236/5234/5239
f 5199/5268/5273 5236/5234/5239 5238/5236/5241
f 5246/5169/5174 5238/5236/5241 5231/5233/5238
f 5274/5281/5286 5262/5292/5297 5263/5293/5298
f 5232/5275/5280 5207/5190/5195 5231/5233/5238
f 5275/5258/5263 5276/5257/5262 5219/5253/5258
f 5270/5294/5299 5248/5240/5245 5295/5295/5300
f 5297/5296/5301 5287/5274/5279 5286/5273/5278
f 5198/5264/5269 5287/5274/5279 5279/5265/5270
f 5226/5228/5233 5230/5271/5276 5225/5229/5234
f 5200/5262/5267 5216/5220/5225 5227/5227/5232
f 5298/5297/5302 5221/5224/5229 5201/5207/5212
f 5208/5261/5266 5216/5220/5225 5200/5262/5267
f 5216/5220/5225 5208/5261/5266 5209/5298/5303
f 5228/5232/5237 5235/5231/5236 5234/5299/5304
f 5231/5233/5238 5238/5236/5241 5235/5231/5236
f 5278/5282/5287 5261/5213/5218 5233/5241/5246
f 5188/5188/5193 5223/5206/5211 5140/5131/5136
f 5299/5300/5305 5290/5283/5288 5254/5251/5256
f 5301/5301/5306 5271/5254/5259 5289/5280/5285
f 5278/5282/5287 5202/5208/5213 5261/5213/5218
f 5098/5199/5204 5249/5175/5180 5261/5213/5218
f 5252/5244/5249 5258/5288/5293 5254/5251/5256
f 5253/5245/5250 5252/5244/5249 5254/5251/5256
f 5278/5282/5287 5257/5289/5294 5202/5208/5213
f 5108/5165/5170 5098/5199/5204 5215/5177/5182
f 5258/5288/5293 5294/5302/5307 5257/5289/5294
f 5303/5303/5308 5269/5252/5257 5266/5250/5255
f 5304/5304/5309 5280/5266/5271 5202/5208/5213
f 5202/5208/5213 5257/5289/5294 5304/5304/5309
f 5215/5177/5182 5240/5278/5283 5305/5305/5310
f 5305/5305/5310 5296/5291/5296 5215/5177/5182
f 5205/5211/5216 5227/5227/5232 5206/5212/5217
f 5211/5215/5220 5244/5219/5224 5212/5216/5221
f 5284/5306/5311 5206/5212/5217 5227/5227/5232
f 5247/5239/5244 5214/5218/5223 5274/5281/5286
f 5208/5261/5266 5200/5262/5267 5276/5257/5262
f 5274/5281/5286 5248/5240/5245 5247/5239/5244
f 5219/5253/5258 5278/5282/5287 5248/5240/5245
f 5216/5220/5225 5218/5222/5227 5227/5227/5232
f 5218/5222/5227 5284/5306/5311 5227/5227/5232
f 5220/5223/5228 5215/5177/5182 5202/5208/5213
f 5221/5224/5229 5245/5307/5312 5220/5223/5228
f 5306/5308/5313 5224/5226/5231 5288/5277/5282
f 5199/5268/5273 5246/5169/5174 5223/5206/5211
f 5207/5190/5195 5232/5275/5280 5249/5175/5180
f 5219/5253/5258 5200/5262/5267 5227/5227/5232
f 5188/5188/5193 5239/5276/5281 5223/5206/5211
f 5240/5278/5283 5220/5223/5228 5300/5309/5314
f 5259/5246/5251 5226/5228/5233 5227/5227/5232
f 5254/5251/5256 5278/5282/5287 5219/5253/5258
f 5307/5310/5315 5290/5283/5288 5299/5300/5305
f 5269/5252/5257 5299/5300/5305 5254/5251/5256
f 5308/5311/5316 5263/5293/5298 5262/5292/5297
f 5254/5251/5256 5257/5289/5294 5278/5282/5287
f 5267/5312/5317 5266/5250/5255 5225/5229/5234
f 5267/5312/5317 5225/5229/5234 5268/5290/5295
f 5274/5281/5286 5271/5254/5259 5273/5256/5261
f 5240/5278/5283 5293/5313/5318 5305/5305/5310
f 5219/5253/5258 5248/5240/5245 5275/5258/5263
f 5261/5213/5218 5202/5208/5213 5215/5177/5182
f 5230/5271/5276 5283/5270/5275 5225/5229/5234
f 5321/5259/5264 5275/5258/5263 5270/5294/5299
f 5274/5281/5286 5273/5256/5261 5262/5292/5297
f 5295/5295/5300 5248/5240/5245 5274/5281/5286
f 5263/5293/5298 5295/5295/5300 5274/5281/5286
f 5270/5294/5299 5275/5258/5263 5248/5240/5245
f 5310/5314/5319 5311/5315/5320 5312/5316/5321
f 5310/5314/5319 5320/5317/5322 5313/5318/5323
f 5315/5319/5324 5321/5259/5264 5314/5320/5325
f 5324/5321/5326 5333/5322/5327 5334/5323/5328
f 5325/5324/5329 5326/5325/5330 5327/5326/5331
f 5328/5327/5332 5323/5328/5333 5329/5329/5334
f 5347/5330/5335 5313/5318/5323 5331/5331/5336
f 5334/5323/5328 5313/5318/5323 5347/5330/5335
f 5332/5332/5337 5336/5333/5338 5337/5334/5339
f 5335/5335/5340 5338/5336/5341 5315/5319/5324
f 5347/5330/5335 5331/5331/5336 5346/5337/5342
f 5295/5295/5300 5314/5320/5325 5270/5294/5299
f 5321/5259/5264 5270/5294/5299 5314/5320/5325
f 5325/5324/5329 5335/5335/5340 5334/5323/5328
f 5350/5338/5343 5343/5339/5344 5351/5340/5345
f 5333/5322/5327 5353/5341/5346 5354/5342/5347
f 5356/5343/5348 5359/5344/5349 5360/5345/5350
f 5361/5346/5351 5357/5347/5352 5330/5348/5353
f 5308/5311/5316 5262/5292/5297 5302/5349/5354
f 5309/5350/5355 5277/5260/5265 5276/5257/5262
f 5363/5351/5356 5364/5352/5357 5365/5353/5358
f 5366/5354/5359 5356/5343/5348 5367/5355/5360
f 5364/5352/5357 5367/5355/5360 5368/5356/5361
f 5318/5357/5362 5319/5358/5363 5317/5359/5364
f 5314/5320/5325 5295/5295/5300 5313/5318/5323
f 5315/5319/5324 5338/5336/5341 5316/5360/5365
f 5375/5361/5366 5376/5362/5367 5377/5363/5368
f 5378/5364/5369 5317/5359/5364 5374/5365/5370
f 5332/5332/5337 5337/5334/5339 5381/5366/5371
f 5345/5367/5372 5324/5321/5326 5323/5328/5333
f 5335/5335/5340 5325/5324/5329 5339/5368/5373
f 5339/5368/5373 5342/5369/5374 5335/5335/5340
f 5344/5370/5375 5311/5315/5320 5308/5311/5316
f 5354/5342/5347 5383/5371/5376 5333/5322/5327
f 5383/5371/5376 5354/5342/5347 5384/5372/5377
f 5330/5348/5353 5324/5321/5326 5356/5343/5348
f 5342/5369/5374 5343/5339/5344 5350/5338/5343
f 5333/5322/5327 5352/5373/5378 5385/5374/5379
f 5333/5322/5327 5385/5374/5379 5353/5341/5346
f 5354/5342/5347 5353/5341/5346 5355/5375/5380
f 5356/5343/5348 5386/5376/5381 5359/5344/5349
f 5302/5349/5354 5362/5377/5382 5387/5378/5383
f 5308/5311/5316 5302/5349/5354 5387/5378/5383
f 5363/5351/5356 5366/5354/5359 5364/5352/5357
f 5366/5354/5359 5367/5355/5360 5364/5352/5357
f 5348/5379/5384 5276/5257/5262 5321/5259/5264
f 5349/5380/5385 5309/5350/5355 5276/5257/5262
f 5370/5381/5386 5369/5382/5387 5388/5383/5388
f 5371/5384/5389 5389/5385/5390 5390/5386/5391
f 5391/5387/5392 5310/5314/5319 5312/5316/5321
f 5312/5316/5321 5372/5388/5393 5392/5389/5394
f 5312/5316/5321 5311/5315/5320 5372/5388/5393
f 5313/5318/5323 5308/5311/5316 5310/5314/5319
f 5316/5360/5365 5321/5259/5264 5315/5319/5324
f 5317/5359/5364 5373/5390/5395 5316/5360/5365
f 5380/5391/5396 5313/5318/5323 5320/5317/5322
f 5376/5362/5367 5332/5332/5337 5379/5392/5397
f 5322/5393/5398 5316/5360/5365 5338/5336/5341
f 5381/5366/5371 5393/5394/5399 5332/5332/5337
f 5324/5321/5326 5347/5330/5335 5336/5333/5338
f 5334/5323/5328 5347/5330/5335 5324/5321/5326
f 5327/5326/5331 5339/5368/5373 5325/5324/5329
f 5395/5395/5400 5340/5396/5401 5339/5368/5373
f 5308/5311/5316 5313/5318/5323 5263/5293/5298
f 5342/5369/5374 5339/5368/5373 5340/5396/5401
f 5313/5318/5323 5295/5295/5300 5263/5293/5298
f 5396/5397/5402 5382/5398/5403 5342/5369/5374
f 5373/5390/5395 5348/5379/5384 5321/5259/5264
f 5335/5335/5340 5350/5338/5343 5338/5336/5341
f 5398/5399/5404 5384/5372/5377 5354/5342/5347
f 5354/5342/5347 5399/5400/5405 5398/5399/5404
f 5336/5333/5338 5347/5330/5335 5400/5401/5406
f 5386/5376/5381 5356/5343/5348 5324/5321/5326
f 5333/5322/5327 5324/5321/5326 5330/5348/5353
f 5330/5348/5353 5357/5347/5352 5333/5322/5327
f 5401/5402/5407 5359/5344/5349 5386/5376/5381
f 5402/5403/5408 5308/5311/5316 5387/5378/5383
f 5349/5380/5385 5276/5257/5262 5348/5379/5384
f 5370/5381/5386 5388/5383/5388 5403/5404/5409
f 5369/5382/5387 5361/5346/5351 5330/5348/5353
f 5369/5382/5387 5371/5405/5410 5361/5346/5351
f 5370/5381/5386 5371/5405/5410 5369/5382/5387
f 5370/5381/5386 5404/5406/5411 5371/5405/5410
f 5404/5406/5411 5370/5381/5386 5405/5407/5412
f 5335/5335/5340 5315/5319/5324 5314/5320/5325
f 5374/5365/5370 5317/5359/5364 5316/5360/5365
f 5317/5359/5364 5319/5358/5363 5373/5390/5395
f 5308/5311/5316 5311/5315/5320 5310/5314/5319
f 5379/5392/5397 5377/5363/5368 5376/5362/5367
f 5376/5362/5367 5336/5333/5338 5332/5332/5337
f 5376/5362/5367 5324/5321/5326 5336/5333/5338
f 5323/5328/5333 5324/5321/5326 5376/5362/5367
f 5333/5322/5327 5325/5324/5329 5334/5323/5328
f 5331/5331/5336 5313/5318/5323 5380/5391/5396
f 5373/5390/5395 5321/5259/5264 5316/5360/5365
f 5339/5368/5373 5394/5408/5413 5395/5395/5400
f 5406/5409/5414 5394/5408/5413 5339/5368/5373
f 5313/5318/5323 5334/5323/5328 5314/5320/5325
f 5334/5323/5328 5335/5335/5340 5314/5320/5325
f 5341/5410/5415 5342/5369/5374 5340/5396/5401
f 5396/5397/5402 5342/5369/5374 5341/5410/5415
f 5376/5362/5367 5329/5329/5334 5323/5328/5333
f 5342/5369/5374 5350/5338/5343 5335/5335/5340
f 5333/5322/5327 5383/5371/5376 5325/5324/5329
f 5383/5371/5376 5397/5411/5416 5325/5324/5329
f 5386/5376/5381 5324/5321/5326 5345/5367/5372
f 5333/5322/5327 5357/5347/5352 5352/5373/5378
f 5358/5412/5417 5385/5374/5379 5352/5373/5378
f 5407/5413/5418 5357/5347/5352 5361/5346/5351
f 5409/5414/5419 5410/5415/5420 5366/5354/5359
f 5411/5416/5421 5366/5354/5359 5410/5415/5420
f 5412/5417/5422 5366/5354/5359 5411/5416/5421
f 5416/5418/5423 5369/5382/5387 5417/5419/5424
f 5409/5414/5419 5366/5354/5359 5418/5420/5425
f 5366/5354/5359 5412/5417/5422 5356/5343/5348
f 5356/5343/5348 5412/5417/5422 5330/5348/5353
f 5419/5421/5426 5420/5422/5427 5421/5423/5428
f 5421/5423/5428 5420/5422/5427 5413/5424/5429
f 5420/5422/5427 5419/5421/5426 5422/5425/5430
f 5423/5426/5431 5415/5427/5432 5330/5348/5353
f 5423/5426/5431 5414/5428/5433 5415/5427/5432
f 5415/5427/5432 5369/5382/5387 5330/5348/5353
f 5424/5429/5434 5369/5382/5387 5415/5427/5432
f 5425/5430/5435 5422/5425/5430 5419/5421/5426
f 5426/5431/5436 5366/5354/5359 5363/5351/5356
f 5418/5420/5425 5366/5354/5359 5426/5431/5436
f 5413/5424/5429 5330/5348/5353 5412/5417/5422
f 5369/5382/5387 5424/5429/5434 5417/5419/5424
f 5412/5417/5422 5408/5432/5437 5429/5433/5438
f 5429/5433/5438 5430/5434/5439 5412/5417/5422
f 5431/5435/5440 5413/5424/5429 5412/5417/5422
f 5330/5348/5353 5413/5424/5429 5423/5426/5431
f 5420/5422/5427 5423/5426/5431 5413/5424/5429
f 5420/5422/5427 5432/5436/5441 5423/5426/5431
f 5427/5437/5442 5411/5416/5421 5428/5438/5443
f 5408/5432/5437 5411/5416/5421 5427/5437/5442
f 5408/5432/5437 5412/5417/5422 5411/5416/5421
f 5408/5432/5437 5433/5439/5444 5429/5433/5438
f 5431/5435/5440 5412/5417/5422 5434/5440/5445
f 5435/5441/5446 5413/5424/5429 5431/5435/5440
f 5436/5442/5447 5437/5443/5448 5438/5444/5449
f 5439/5445/5450 5440/5446/5451 5438/5444/5449
f 5443/5447/5452 5444/5448/5453 5445/5449/5454
f 5438/5444/5449 5440/5446/5451 5444/5448/5453
f 5473/5450/5455 5446/5451/5456 5490/5452/5457
f 5450/5453/5458 5451/5454/5459 5452/5455/5460
f 5460/5456/5461 5520/5457/5462 5504/5458/5463
f 5468/5459/5464 5619/5460/5465 5469/5461/5466
f 5673/5462/5467 5488/5463/5468 5491/5464/5469
f 5585/5465/5470 5494/5466/5471 5473/5450/5455
f 5505/5467/5472 5454/5468/5473 5506/5469/5474
f 5508/5470/5475 5507/5471/5476 5503/5472/5477
f 5509/5473/5478 5510/5474/5479 5483/5475/5480
f 5483/5475/5480 5510/5474/5479 5511/5476/5481
f 5507/5471/5476 5512/5477/5482 5503/5472/5477
f 5505/5467/5472 5675/5478/5483 5464/5479/5484
f 5518/5480/5485 5622/5481/5486 5519/5482/5487
f 5521/5483/5488 5522/5484/5489 5465/5485/5490
f 5466/5486/5491 5526/5487/5492 5513/5488/5493
f 5526/5487/5492 5465/5485/5490 5529/5489/5494
f 5602/5490/5495 5740/5491/5496 5533/5492/5497
f 5530/5493/5498 5543/5494/5499 5536/5495/5500
f 5460/5456/5461 5537/5496/5501 5532/5497/5502
f 5483/5475/5480 5539/5498/5503 5535/5499/5504
f 5541/5500/5505 5576/5501/5506 5555/5502/5507
f 5484/5503/5508 5551/5504/5509 5541/5500/5505
f 5591/5505/5510 5550/5506/5511 5579/5507/5512
f 5486/5508/5513 5482/5509/5514 5551/5504/5509
f 5550/5506/5511 5549/5510/5515 5557/5511/5516
f 5561/5512/5517 5559/5513/5518 5560/5514/5519
f 5562/5515/5520 5563/5516/5521 5564/5517/5522
f 5565/5518/5523 5566/5519/5524 5511/5476/5481
f 5567/5520/5525 5568/5521/5526 5569/5522/5527
f 5525/5523/5528 5571/5524/5529 5570/5525/5530
f 5571/5524/5529 5525/5523/5528 5639/5526/5531
f 5519/5482/5487 5581/5527/5532 5582/5528/5533
f 5580/5529/5534 5583/5530/5535 5584/5531/5536
f 5529/5489/5494 5456/5532/5537 5520/5457/5462
f 5585/5465/5470 5586/5533/5538 5500/5534/5539
f 5586/5533/5538 5589/5535/5540 5500/5534/5539
f 5579/5507/5512 5471/5536/5541 5591/5505/5510
f 5653/5537/5542 5549/5510/5515 5591/5505/5510
f 5598/5538/5543 5596/5539/5544 5599/5540/5545
f 5598/5538/5543 5601/5541/5546 5602/5490/5495
f 5603/5542/5547 5597/5543/5548 5600/5544/5549
f 5604/5545/5550 5597/5543/5548 5603/5542/5547
f 5572/5546/5551 5606/5547/5552 5607/5548/5553
f 5613/5549/5554 5614/5550/5555 5615/5551/5556
f 5616/5552/5557 5588/5553/5558 5587/5554/5559
f 5616/5552/5557 5617/5555/5560 5588/5553/5558
f 5455/5556/5561 5522/5484/5489 5622/5481/5486
f 5519/5482/5487 5590/5557/5562 5525/5523/5528
f 5533/5492/5497 5626/5558/5563 5596/5539/5544
f 5459/5559/5564 5627/5560/5565 5621/5561/5566
f 5572/5546/5551 5609/5562/5567 5611/5563/5568
f 5543/5494/5499 5628/5564/5569 5629/5565/5570
f 5543/5494/5499 5629/5565/5570 5630/5566/5571
f 5627/5560/5565 5459/5559/5564 5619/5460/5465
f 5631/5567/5572 5632/5568/5573 5533/5492/5497
f 5538/5569/5574 5547/5570/5575 5540/5571/5576
f 5468/5459/5464 5475/5572/5577 5619/5460/5465
f 5470/5573/5578 5635/5574/5579 5468/5459/5464
f 5525/5523/5528 5636/5575/5580 5637/5576/5581
f 5470/5573/5578 5638/5577/5582 5635/5574/5579
f 5636/5575/5580 5640/5578/5583 5637/5576/5581
f 5572/5546/5551 5573/5579/5584 5530/5493/5498
f 5642/5580/5585 5643/5581/5586 5644/5582/5587
f 5645/5583/5588 5646/5584/5589 5572/5546/5551
f 5647/5585/5590 5467/5586/5591 5455/5556/5561
f 5648/5587/5592 5595/5588/5593 5594/5589/5594
f 5569/5522/5527 5648/5587/5592 5594/5589/5594
f 5596/5539/5544 5600/5544/5549 5597/5543/5548
f 5568/5521/5526 5624/5590/5595 5649/5591/5596
f 5650/5592/5597 5568/5521/5526 5649/5591/5596
f 5650/5592/5597 5569/5522/5527 5568/5521/5526
f 5651/5593/5598 5652/5594/5599 5605/5595/5600
f 5490/5452/5457 5448/5596/5601 5495/5597/5602
f 5602/5490/5495 5605/5595/5600 5572/5546/5551
f 5653/5537/5542 5471/5536/5541 5504/5458/5463
f 5470/5573/5578 5593/5598/5603 5472/5599/5604
f 5530/5493/5498 5654/5600/5605 5543/5494/5499
f 5588/5553/5558 5523/5601/5606 5472/5599/5604
f 5523/5601/5606 5524/5602/5607 5473/5450/5455
f 5719/5603/5608 5540/5571/5576 5625/5604/5609
f 5658/5605/5610 5719/5603/5608 5625/5604/5609
f 5500/5534/5539 5448/5596/5601 5446/5451/5456
f 5460/5456/5461 5531/5606/5611 5529/5489/5494
f 5533/5492/5497 5659/5607/5612 5626/5558/5563
f 5660/5608/5613 5661/5609/5614 5631/5567/5572
f 5572/5546/5551 5611/5563/5568 5573/5579/5584
f 5540/5571/5576 5662/5610/5615 5625/5604/5609
f 5513/5488/5493 5447/5611/5616 5466/5486/5491
f 5664/5612/5617 5442/5613/5618 5441/5614/5619
f 5501/5615/5620 5521/5483/5488 5466/5486/5491
f 5665/5616/5621 5436/5442/5447 5453/5617/5622
f 5436/5442/5447 5438/5444/5449 5453/5617/5622
f 5473/5450/5455 5524/5602/5607 5585/5465/5470
f 5567/5520/5525 5569/5522/5527 5666/5618/5623
f 5596/5539/5544 5598/5538/5543 5602/5490/5495
f 5530/5493/5498 5573/5579/5584 5575/5619/5624
f 5530/5493/5498 5575/5619/5624 5574/5620/5625
f 5667/5621/5626 5668/5622/5627 5443/5447/5452
f 5642/5580/5585 5671/5623/5628 5643/5581/5586
f 5672/5624/5629 5600/5544/5549 5642/5580/5585
f 5607/5548/5553 5645/5583/5588 5572/5546/5551
f 5572/5546/5551 5646/5584/5589 5612/5625/5630
f 5670/5626/5631 5673/5462/5467 5674/5627/5632
f 5453/5617/5622 5451/5454/5459 5450/5453/5458
f 5453/5617/5622 5450/5453/5458 5677/5628/5633
f 5650/5592/5597 5648/5587/5592 5569/5522/5527
f 5596/5539/5544 5569/5522/5527 5594/5589/5594
f 5678/5629/5634 5599/5540/5545 5597/5543/5548
f 5602/5490/5495 5679/5630/5635 5605/5595/5600
f 5572/5546/5551 5652/5594/5599 5606/5547/5552
f 5572/5546/5551 5612/5625/5630 5610/5631/5636
f 5457/5632/5637 5483/5475/5480 5449/5633/5638
f 5614/5550/5555 5680/5634/5639 5681/5635/1512
f 5683/5636/5640 5505/5467/5472 5682/5637/5641
f 5572/5546/5551 5610/5631/5636 5609/5562/5567
f 5611/5563/5568 5613/5549/5642 5573/5579/5584
f 5613/5549/5642 5684/5638/5643 5685/5639/5644
f 5596/5539/5544 5602/5490/5495 5533/5492/5497
f 5687/5640/5645 5593/5598/5603 5469/5461/5466
f 5536/5495/5500 5572/5546/5551 5530/5493/5498
f 5543/5494/5499 5654/5600/5605 5628/5564/5569
f 5628/5564/5569 5654/5600/5605 5688/5641/5646
f 5513/5488/5493 5526/5487/5492 5689/5642/5647
f 5460/5456/5461 5579/5507/5512 5542/5643/5648
f 5533/5492/5497 5660/5608/5613 5631/5567/5572
f 5538/5569/5574 5543/5494/5499 5546/5644/5649
f 5549/5510/5515 5552/5645/5650 5557/5511/5516
f 5592/5646/5651 5560/5514/5519 5559/5513/5518
f 5520/5457/5462 5696/5647/5652 5492/5648/5653
f 5696/5647/5652 5520/5457/5462 5489/5649/5654
f 5480/5650/5655 5623/5651/5656 5481/5652/5657
f 5695/5653/5658 5497/5654/5659 5498/5655/5660
f 5595/5588/5593 5697/5656/5661 5594/5589/5594
f 5596/5539/5544 5594/5589/5594 5698/5657/5662
f 5596/5539/5544 5698/5657/5662 5671/5623/5628
f 5596/5539/5544 5671/5623/5628 5642/5580/5585
f 5596/5539/5544 5642/5580/5585 5600/5544/5549
f 5607/5548/5553 5606/5547/5552 5608/5658/5663
f 5530/5493/5498 5574/5620/5625 5699/5659/5664
f 5514/5660/5665 5485/5661/5666 5701/5662/5667
f 5596/5539/5544 5597/5543/5548 5599/5540/5545
f 5602/5490/5495 5601/5541/5546 5702/5663/5668
f 5652/5594/5599 5572/5546/5551 5605/5595/5600
f 5703/5664/5669 5680/5634/5639 5613/5549/5554
f 5613/5549/5554 5680/5634/5639 5614/5550/5555
f 5536/5495/5500 5543/5494/5499 5742/5665/5670
f 5658/5605/5610 5705/5666/5671 5719/5603/5608
f 5573/5579/5584 5613/5549/5642 5685/5639/5644
f 5545/5667/5672 5696/5647/5652 5695/5653/5658
f 5519/5482/5487 5618/5668/5673 5590/5557/5562
f 5536/5495/5500 5602/5490/5495 5572/5546/5551
f 5706/5669/5674 5660/5608/5613 5657/5670/5675
f 5533/5492/5497 5657/5670/5675 5660/5608/5613
f 5708/5671/5676 5837/5672/5677 5709/5673/5678
f 5825/5674/5679 5711/5675/5680 5712/5676/5681
f 5825/5674/5679 5713/5677/5682 5711/5675/5680
f 5715/5678/5683 5713/5677/5682 5714/5679/5684
f 5511/5476/5481 5566/5519/5524 5483/5475/5480
f 5716/5680/5685 5816/5681/5686 5833/5682/5687
f 5700/5683/5688 5482/5509/5514 5486/5508/5513
f 5621/5561/5566 5729/5684/5689 5620/5685/5690
f 5730/5686/5691 5731/5687/5692 5732/5688/5693
f 5551/5504/5509 5535/5499/5504 5486/5508/5513
f 5736/5689/5694 5737/5690/5695 5812/5691/5696
f 5719/5603/5608 5738/5692/5697 5739/5693/5698
f 5779/5694/5699 5785/5695/5700 5740/5491/5496
f 5536/5495/5500 5741/5696/5701 5740/5491/5496
f 5744/5697/5702 5745/5698/5703 5746/5699/5704
f 5744/5697/5702 5747/5700/5705 5745/5698/5703
f 5748/5701/5706 5749/5702/5707 5750/5703/5708
f 5458/5704/5709 5459/5559/5564 5463/5705/5710
f 5756/5706/5711 5746/5699/5704 5755/5707/5712
f 5751/5708/5713 5744/5697/5702 5758/5709/5714
f 5759/5710/5715 5760/5711/5716 5833/5682/5687
f 5761/5712/5717 5762/5713/5718 5763/5714/5719
f 5764/5715/5720 5755/5707/5712 5765/5716/5721
f 5761/5712/5717 5766/5717/5722 5767/5718/5723
f 5741/5696/5701 5536/5495/5500 5786/5719/5724
f 5536/5495/5500 5742/5665/5670 5786/5719/5724
f 5771/5720/5725 5752/5721/5726 5751/5708/5713
f 5751/5708/5713 5753/5722/5727 5773/5723/5728
f 5555/5502/5507 5576/5501/5506 5548/5724/5729
f 5774/5725/5730 5775/5726/5731 5769/5727/5732
f 5476/5728/5733 5778/5729/5734 5475/5572/5577
f 5781/5730/5735 5730/5686/5691 5760/5711/5716
f 5782/5731/5736 5783/5732/5737 5781/5730/5735
f 5791/5733/5738 5781/5730/5735 5759/5710/5715
f 5755/5707/5712 5788/5734/5739 5756/5706/5711
f 5794/5735/5740 5795/5736/5741 5796/5737/5742
f 5773/5723/5728 5795/5736/5741 5794/5735/5740
f 5797/5738/5743 5798/5739/5744 5799/5740/5745
f 5764/5715/5720 5799/5740/5745 5800/5741/5746
f 5504/5458/5463 5579/5507/5512 5460/5456/5461
f 5755/5707/5712 5764/5715/5720 5800/5741/5746
f 5803/5742/5747 5802/5743/5748 5804/5744/5749
f 5805/5745/5750 5806/5746/5751 5807/5747/5752
f 5824/5748/5753 5807/5747/5752 5808/5749/5754
f 5824/5748/5753 5808/5749/5754 5809/5750/5755
f 5742/5665/5670 5743/5751/5756 5789/5752/5757
f 5480/5650/5655 5481/5652/5657 5810/5753/5758
f 5810/5753/5758 5481/5652/5657 5811/5754/5759
f 5786/5719/5724 5834/5755/5760 5741/5696/5701
f 5817/5756/5761 5818/5757/5762 5781/5730/5735
f 5817/5756/5761 5781/5730/5735 5819/5758/5763
f 5763/5714/5719 5816/5681/5686 5835/5759/5764
f 5820/5760/5765 5815/5761/5766 5758/5709/5714
f 5655/5762/5767 5592/5646/5651 5549/5510/5515
f 5827/5763/5768 5715/5678/5683 5826/5764/5769
f 5827/5763/5768 5828/5765/5770 5715/5678/5683
f 5831/5766/5771 5813/5767/5772 5832/5768/5773
f 5836/5769/5774 5756/5706/5711 5867/5770/5775
f 5837/5672/5677 5790/5771/5776 5754/5772/5777
f 5838/5773/5778 5839/5774/5779 5840/5775/5780
f 5841/5776/5781 5838/5773/5778 5840/5775/5780
f 5844/5777/5782 5842/5778/5783 5843/5779/5784
f 5845/5780/5785 5723/5781/5786 5846/5782/5787
f 5723/5781/5786 5845/5780/5785 5847/5783/5788
f 5842/5778/5783 5870/5784/5789 5848/5785/5790
f 5849/5786/5791 5850/5787/5792 5851/5788/5793
f 5508/5470/5475 5503/5472/5477 5528/5789/5794
f 5852/5790/5795 5485/5661/5666 5853/5791/5796
f 5726/5792/5797 5855/5793/5798 5856/5794/5799
f 5512/5477/5482 5516/5795/5800 5503/5472/5477
f 5707/5796/5801 5786/5719/5724 5787/5797/5802
f 5787/5797/5802 5708/5671/5676 5707/5796/5801
f 5512/5477/5482 5858/5798/5803 5516/5795/5800
f 5708/5671/5676 5787/5797/5802 5837/5672/5677
f 5551/5504/5509 5493/5799/5804 5576/5501/5506
f 5865/5800/5805 5863/5801/5806 5864/5802/5807
f 5860/5803/5808 5859/5804/5809 5863/5801/5806
f 5866/5805/5810 5848/5785/5790 5868/5806/5811
f 5836/5769/5774 5865/5800/5805 5820/5760/5765
f 5785/5695/5700 5657/5670/5675 5533/5492/5497
f 5800/5741/5746 5866/5805/5810 5823/5807/5812
f 5871/5808/5813 5712/5676/5681 5711/5675/5680
f 5866/5805/5810 5800/5741/5746 5848/5785/5790
f 5495/5597/5602 5499/5809/5814 5496/5810/5815
f 5872/5811/5816 5873/5812/5817 5825/5674/5679
f 5717/5813/5818 5816/5681/5686 5716/5680/5685
f 5713/5677/5682 5825/5674/5679 5714/5679/5684
f 5742/5665/5670 5543/5494/5499 5538/5569/5574
f 5716/5680/5685 5833/5682/5687 5728/5814/5819
f 5725/5815/5820 5726/5792/5797 5906/5816/5821
f 5527/5817/5822 5525/5523/5528 5633/5818/5823
f 5719/5603/5608 5718/5819/5824 5874/5820/5825
f 5735/5821/5826 5708/5671/5676 5710/5822/5827
f 5710/5822/5827 5708/5671/5676 5709/5673/5678
f 5730/5686/5691 5732/5688/5693 5733/5823/5828
f 5718/5819/5824 5739/5693/5698 5875/5824/5829
f 5527/5817/5822 5577/5825/5830 5525/5523/5528
f 5577/5825/5830 5527/5817/5822 5578/5826/5831
f 5760/5711/5716 5730/5686/5691 5733/5823/5828
f 5752/5721/5726 5770/5827/5832 5877/5828/5833
f 5752/5721/5726 5744/5697/5702 5751/5708/5713
f 5763/5714/5719 5759/5710/5715 5833/5682/5687
f 5758/5709/5714 5744/5697/5702 5820/5760/5765
f 5796/5737/5742 5878/5829/5834 5879/5830/5835
f 5795/5736/5741 5878/5829/5834 5796/5737/5742
f 5773/5723/5728 5812/5691/5696 5795/5736/5741
f 5772/5831/5836 5812/5691/5696 5773/5723/5728
f 5880/5832/5837 5771/5720/5725 5881/5833/5838
f 5775/5726/5731 5768/5834/5839 5769/5727/5732
f 5779/5694/5699 5740/5491/5496 5741/5696/5701
f 5528/5789/5794 5517/5835/5840 5458/5704/5709
f 5772/5831/5836 5743/5751/5756 5719/5603/5608
f 5768/5834/5839 5884/5836/5841 5885/5837/5842
f 5772/5831/5836 5719/5603/5608 5812/5691/5696
f 5886/5838/5843 5791/5733/5738 5759/5710/5715
f 5528/5789/5794 5463/5705/5710 5675/5478/5483
f 5464/5479/5484 5675/5478/5483 5463/5705/5710
f 5816/5681/5686 5763/5714/5719 5833/5682/5687
f 5707/5796/5801 5834/5755/5760 5786/5719/5724
f 5753/5722/5727 5754/5772/5777 5790/5771/5776
f 5775/5726/5731 5774/5725/5730 5776/5839/5844
f 5505/5467/5472 5887/5840/5845 5454/5468/5473
f 5753/5722/5727 5790/5771/5776 5772/5831/5836
f 5834/5755/5760 5780/5841/5846 5779/5694/5699
f 5802/5743/5748 5803/5742/5747 5801/5842/5847
f 5804/5744/5749 5889/5843/5848 5803/5742/5747
f 5889/5843/5848 5890/5844/5849 5891/5845/5850
f 5891/5845/5850 5824/5748/5753 5889/5843/5848
f 5824/5748/5753 5891/5845/5850 5805/5745/5750
f 5807/5747/5752 5824/5748/5753 5805/5745/5750
f 5640/5578/5583 5892/5846/5851 5893/5847/5852
f 5824/5748/5753 5809/5750/5755 5714/5679/5684
f 5714/5679/5684 5809/5750/5755 5895/5848/5853
f 5714/5679/5684 5895/5848/5853 5894/5849/5854
f 5860/5803/5808 5788/5734/5739 5823/5807/5812
f 5789/5752/5757 5790/5771/5776 5837/5672/5677
f 5897/5850/5855 5898/5851/5856 5830/5852/5857
f 5830/5852/5857 5898/5851/5856 5831/5766/5771
f 5899/5853/5858 5813/5767/5772 5814/5854/5859
f 5743/5751/5756 5540/5571/5576 5719/5603/5608
f 5822/5855/5860 5900/5856/5861 5842/5778/5783
f 5842/5778/5783 5798/5739/5744 5822/5855/5860
f 5854/5857/5862 5776/5839/5844 5774/5725/5730
f 5800/5741/5746 5798/5739/5744 5848/5785/5790
f 5901/5858/5863 5902/5859/5864 5824/5748/5753
f 5715/5678/5683 5714/5679/5684 5826/5764/5769
f 5715/5678/5683 5828/5765/5770 5903/5860/5865
f 5860/5803/5808 5863/5801/5806 5788/5734/5739
f 5721/5861/5866 5821/5862/5867 5854/5857/5862
f 5862/5863/5868 5815/5761/5766 5820/5760/5765
f 5754/5772/5777 5792/5864/5869 5837/5672/5677
f 5907/5865/5870 5906/5816/5821 5908/5866/5871
f 5772/5831/5836 5789/5752/5757 5743/5751/5756
f 5909/5867/5872 5910/5868/5873 5911/5869/5874
f 5906/5816/5821 5907/5865/5870 5839/5774/5779
f 5855/5793/5798 5912/5870/5875 5856/5794/5799
f 5842/5778/5783 5844/5777/5782 5870/5784/5789
f 5724/5871/5876 5911/5869/5874 5849/5786/5791
f 5915/5872/5877 5862/5863/5868 5865/5800/5805
f 6021/5873/5878 5830/5852/5857 5831/5766/5771
f 5917/5874/5879 5861/5875/5880 5866/5805/5810
f 5774/5725/5730 5721/5861/5866 5854/5857/5862
f 5918/5876/5881 5711/5675/5680 5713/5677/5682
f 5906/5816/5821 5857/5877/5882 5905/5878/5883
f 5727/5879/5884 5851/5788/5793 5721/5861/5866
f 5540/5571/5576 5742/5665/5670 5538/5569/5574
f 5591/5505/5510 5549/5510/5515 5550/5506/5511
f 5860/5803/5808 5823/5807/5812 5861/5875/5880
f 5865/5800/5805 5862/5863/5868 5820/5760/5765
f 5561/5512/5517 5564/5517/5522 5559/5513/5518
f 5920/5880/5885 5564/5517/5522 5561/5512/5517
f 5870/5784/5789 5921/5881/5886 5848/5785/5790
f 5825/5674/5679 5712/5676/5681 5872/5811/5816
f 5554/5882/5887 5553/5883/5888 5663/5884/5889
f 5720/5885/5890 5774/5725/5730 5835/5759/5764
f 5720/5885/5890 5721/5861/5866 5774/5725/5730
f 5922/5886/5891 5588/5553/5558 5617/5555/5560
f 5922/5886/5891 5923/5887/5892 5588/5553/5558
f 5739/5693/5698 5718/5819/5824 5719/5603/5608
f 5693/5888/5893 5924/5889/5894 5925/5890/5895
f 5732/5688/5693 5757/5891/5896 5733/5823/5828
f 5691/5892/5897 5531/5606/5611 5532/5497/5502
f 5744/5697/5702 5752/5721/5726 5877/5828/5833
f 5756/5706/5711 5744/5697/5702 5746/5699/5704
f 5525/5523/5528 5589/5535/5540 5633/5818/5823
f 5751/5708/5713 5773/5723/5728 5771/5720/5725
f 5753/5722/5727 5772/5831/5836 5773/5723/5728
f 5781/5730/5735 5750/5703/5708 5730/5686/5691
f 5755/5707/5712 5876/5893/5898 5927/5894/5899
f 5746/5699/5704 5876/5893/5898 5755/5707/5712
f 5926/5895/5900 5928/5896/5901 5925/5890/5895
f 5763/5714/5719 5883/5897/5902 5759/5710/5715
f 5784/5898/5903 5886/5838/5843 5759/5710/5715
f 5769/5727/5732 5929/5899/5904 5766/5717/5722
f 5728/5814/5819 5760/5711/5716 5785/5695/5700
f 5760/5711/5716 5759/5710/5715 5781/5730/5735
f 5728/5814/5819 5785/5695/5700 5779/5694/5699
f 5769/5727/5732 5768/5834/5839 5885/5837/5842
f 5769/5727/5732 5766/5717/5722 5761/5712/5717
f 5882/5900/5905 5930/5901/5906 5931/5902/5907
f 5818/5757/5762 5782/5731/5736 5781/5730/5735
f 5758/5709/5714 5792/5864/5869 5754/5772/5777
f 5760/5711/5716 5733/5823/5828 5785/5695/5700
f 5932/5903/5908 5634/5904/5909 5633/5818/5823
f 5789/5752/5757 5787/5797/5802 5786/5719/5724
f 5740/5491/5496 5602/5490/5495 5536/5495/5500
f 5834/5755/5760 5779/5694/5699 5741/5696/5701
f 5763/5714/5719 5769/5727/5732 5761/5712/5717
f 5774/5725/5730 5769/5727/5732 5763/5714/5719
f 5854/5857/5862 5933/5905/5910 5776/5839/5844
f 5467/5586/5591 5529/5489/5494 5522/5484/5489
f 5934/5906/5911 5935/5907/5912 5798/5739/5744
f 5800/5741/5746 5799/5740/5745 5798/5739/5744
f 5823/5807/5812 5755/5707/5712 5800/5741/5746
f 5728/5814/5819 5779/5694/5699 5780/5841/5846
f 5825/5674/5679 5824/5748/5753 5714/5679/5684
f 5714/5679/5684 5896/5908/5913 5826/5764/5769
f 5936/5909/5914 5863/5801/5806 5859/5804/5809
f 5756/5706/5711 5836/5769/5774 5820/5760/5765
f 5763/5714/5719 5835/5759/5764 5774/5725/5730
f 5842/5778/5783 5900/5856/5861 5937/5910/5915
f 5559/5513/5518 5564/5517/5522 5563/5516/5521
f 5848/5785/5790 5798/5739/5744 5842/5778/5783
f 5938/5911/5916 5901/5858/5863 5824/5748/5753
f 5904/5912/5917 5830/5852/5857 5715/5678/5683
f 5831/5766/5771 5832/5768/5773 6021/5873/5878
f 5856/5794/5799 5913/5913/5918 5857/5877/5882
f 5724/5871/5876 5909/5867/5872 5911/5869/5874
f 5906/5816/5821 5839/5774/5779 5838/5773/5778
f 5869/5914/5919 5686/5915/5920 5734/5916/5921
f 5734/5916/5921 5686/5915/5920 5657/5670/5675
f 5724/5871/5876 5849/5786/5791 5851/5788/5793
f 5463/5705/5710 5459/5559/5564 5462/5917/5922
f 5940/5918/5923 5707/5796/5801 5708/5671/5676
f 5715/5678/5683 5830/5852/5857 6021/5873/5878
f 5857/5877/5882 5906/5816/5821 5726/5792/5797
f 5725/5815/5820 5906/5816/5821 5838/5773/5778
f 5726/5792/5797 5856/5794/5799 5857/5877/5882
f 5727/5879/5884 5724/5871/5876 5851/5788/5793
f 5862/5863/5868 5710/5822/5827 5815/5761/5766
f 5867/5770/5775 5865/5800/5805 5836/5769/5774
f 5861/5875/5880 5823/5807/5812 5866/5805/5810
f 5470/5573/5578 5473/5450/5455 5638/5577/5582
f 5722/5919/5924 5835/5759/5764 5717/5813/5818
f 5720/5885/5890 5835/5759/5764 5722/5919/5924
f 5725/5815/5820 5838/5773/5778 5723/5781/5786
f 5677/5628/5633 5442/5613/5618 5664/5612/5617
f 5874/5820/5825 5736/5689/5694 5812/5691/5696
f 5812/5691/5696 5719/5603/5608 5874/5820/5825
f 5488/5463/5468 5669/5920/5925 5941/5921/5926
f 5669/5920/5925 5488/5463/5468 5670/5626/5631
f 5733/5823/5828 5734/5916/5921 5785/5695/5700
f 5479/5922/5927 5454/5468/5473 5623/5651/5656
f 5664/5612/5617 5665/5616/5621 5453/5617/5622
f 5453/5617/5622 5438/5444/5449 5449/5633/5638
f 5744/5697/5702 5877/5828/5833 5747/5700/5705
f 5752/5721/5726 5771/5720/5725 5880/5832/5837
f 5878/5829/5834 5795/5736/5741 5943/5923/5928
f 5795/5736/5741 5812/5691/5696 5737/5690/5695
f 5758/5709/5714 5754/5772/5777 5753/5722/5727
f 5751/5708/5713 5758/5709/5714 5753/5722/5727
f 5755/5707/5712 5927/5894/5899 5765/5716/5721
f 5734/5916/5921 5733/5823/5828 5888/5924/5929
f 5781/5730/5735 5783/5732/5737 5750/5703/5708
f 5783/5732/5737 5748/5701/5706 5750/5703/5708
f 5775/5726/5731 5931/5902/5907 5768/5834/5839
f 5775/5726/5731 5882/5900/5905 5931/5902/5907
f 5474/5925/5930 5627/5560/5565 5619/5460/5465
f 5833/5682/5687 5760/5711/5716 5728/5814/5819
f 5756/5706/5711 5820/5760/5765 5744/5697/5702
f 5776/5839/5844 5777/5926/5931 5775/5726/5731
f 5475/5572/5577 5474/5925/5930 5619/5460/5465
f 5790/5771/5776 5789/5752/5757 5772/5831/5836
f 5894/5849/5854 5895/5848/5853 5944/5927/5932
f 5789/5752/5757 5786/5719/5724 5742/5665/5670
f 5864/5802/5807 5863/5801/5806 5936/5909/5914
f 5517/5835/5840 5459/5559/5564 5458/5704/5709
f 5787/5797/5802 5789/5752/5757 5837/5672/5677
f 5945/5928/5933 5821/5862/5867 5946/5929/5934
f 5945/5928/5933 5854/5857/5862 5821/5862/5867
f 5788/5734/5739 5867/5770/5775 5756/5706/5711
f 5738/5692/5697 5705/5666/5671 5793/5930/5935
f 5464/5479/5484 5463/5705/5710 5462/5917/5922
f 5815/5761/5766 5792/5864/5869 5758/5709/5714
f 5781/5730/5735 5791/5733/5738 5819/5758/5763
f 5798/5739/5744 5935/5907/5912 5822/5855/5860
f 5755/5707/5712 5823/5807/5812 5788/5734/5739
f 5902/5859/5864 5803/5742/5747 5889/5843/5848
f 5889/5843/5848 5824/5748/5753 5902/5859/5864
f 5638/5577/5582 5477/5931/5936 5476/5728/5733
f 5446/5451/5456 5473/5450/5455 5494/5466/5471
f 5710/5822/5827 5792/5864/5869 5815/5761/5766
f 5792/5864/5869 5710/5822/5827 5709/5673/5678
f 5867/5770/5775 5788/5734/5739 5863/5801/5806
f 5832/5768/5773 5813/5767/5772 5899/5853/5858
f 5785/5695/5700 5734/5916/5921 5657/5670/5675
f 5500/5534/5539 5446/5451/5456 5494/5466/5471
f 5469/5461/5466 5619/5460/5465 5459/5559/5564
f 5533/5492/5497 5740/5491/5496 5785/5695/5700
f 5469/5461/5466 5470/5573/5578 5468/5459/5464
f 5721/5861/5866 5829/5932/5937 5821/5862/5867
f 5829/5932/5937 5721/5861/5866 5914/5933/5938
f 5832/5768/5773 5855/5793/5798 6021/5873/5878
f 5705/5666/5671 5738/5692/5697 5719/5603/5608
f 5743/5751/5756 5742/5665/5670 5540/5571/5576
f 5709/5673/5678 5837/5672/5677 5792/5864/5869
f 5909/5867/5872 5724/5871/5876 5723/5781/5786
f 5846/5782/5787 5723/5781/5786 5838/5773/5778
f 5721/5861/5866 5851/5788/5793 5914/5933/5938
f 5459/5559/5564 5517/5835/5840 5469/5461/5466
f 5859/5804/5809 5860/5803/5808 5861/5875/5880
f 5865/5800/5805 5867/5770/5775 5863/5801/5806
f 5848/5785/5790 5921/5881/5886 5868/5806/5811
f 5717/5813/5818 5835/5759/5764 5816/5681/5686
f 5549/5510/5515 5653/5537/5542 5655/5762/5767
f 6021/5873/5878 5855/5793/5798 5726/5792/5797
f 6094/5934/5939 6012/5935/5940 5958/5936/5941
f 6012/5935/5940 6094/5934/5939 6095/5937/5942
f 5961/5938/5943 5962/5939/5944 5963/5940/5945
f 5964/5941/5946 5965/5942/5947 5966/5943/5948
f 5972/5944/5949 5971/5945/5950 5973/5946/5951
f 5974/5947/5952 6070/5948/5953 5975/5949/5954
f 5977/5950/5955 5979/5951/5956 5982/5952/5957
f 5478/5953/5958 5479/5922/5927 5985/5954/5959
f 5495/5597/5602 5448/5596/5601 5499/5809/5814
f 5987/5955/5960 6105/5956/5961 5726/5792/5797
f 5988/5957/5962 6048/5958/5963 5915/5872/5877
f 5954/5959/5964 6019/5960/5965 5951/5961/5966
f 5479/5922/5927 5663/5884/5889 5454/5468/5473
f 5949/5962/5967 5995/5963/5968 5955/5964/5969
f 5478/5953/5958 5663/5884/5889 5479/5922/5927
f 5997/5965/5970 5998/5966/5971 5999/5967/5972
f 5501/5615/5620 5466/5486/5491 5447/5611/5616
f 6093/5968/5973 6006/5969/5974 5970/5970/5975
f 5965/5942/5947 6007/5971/5976 5966/5943/5948
f 5447/5611/5616 5499/5809/5814 5448/5596/5601
f 6086/5972/5977 6005/5973/5978 6133/5974/5979
f 6084/5975/5980 5936/5909/5914 5976/5976/5981
f 5984/5977/5982 5975/5949/5954 5947/5978/5983
f 5961/5938/5943 5982/5952/5957 5962/5939/5944
f 5978/5979/5984 6000/5980/5985 5864/5802/5807
f 6032/5981/5986 6031/5982/5987 5981/5983/5988
f 5502/5984/5989 5447/5611/5616 5513/5488/5493
f 5949/5962/5967 6024/5985/5990 5995/5963/5968
f 6015/5986/5991 5975/5949/5954 5958/5936/5941
f 5949/5962/5967 6013/5987/5992 6024/5985/5990
f 6017/5988/5993 6018/5989/5994 5713/5677/5682
f 6020/5990/5995 6095/5937/5942 6114/5991/5996
f 5962/5939/5944 6003/5992/5997 6022/5993/5998
f 6093/5968/5973 6014/5994/5999 6023/5995/6000
f 6001/5996/6001 6025/5997/6002 6026/5998/6003
f 5987/5955/5960 5726/5792/5797 5725/5815/5820
f 5991/5999/6004 6086/5972/5977 5993/6000/6005
f 6014/5994/5999 5994/6001/6006 6029/6002/6007
f 5955/5964/5969 5995/5963/5968 6030/6003/6008
f 6086/5972/5977 6133/5974/5979 5997/5965/5970
f 5460/5456/5461 5532/5497/5502 5531/5606/5611
f 5449/5633/5638 5551/5504/5509 5453/5617/5622
f 5940/5918/5923 6039/6004/6009 5957/6005/6010
f 6037/6006/6011 6036/6007/6012 6017/5988/5993
f 6041/6008/6013 6042/6009/6014 6049/6010/6015
f 6012/5935/5940 6020/5990/5995 6043/6011/6016
f 6044/6012/6017 6014/5994/5999 6045/6013/6018
f 6046/6014/6019 6041/6008/6013 6044/6012/6017
f 5982/5952/5957 6056/6015/6020 5962/5939/5944
f 5717/5813/5818 6031/5982/5987 5722/5919/5924
f 6016/6016/6021 6050/6017/6022 5992/6018/6023
f 5992/6018/6023 6051/6019/6024 6019/5960/5965
f 5980/6020/6025 5727/5879/5884 6032/5981/5986
f 5979/5951/5956 6035/6021/6026 5707/5796/5801
f 6056/6015/6020 6057/6022/6027 5962/5939/5944
f 6058/6023/6028 6103/6024/6029 6060/6025/6030
f 5962/5939/5944 6057/6022/6027 6003/5992/5997
f 5481/5652/5657 6068/6026/6031 5959/6027/6032
f 6062/6028/6033 6069/6029/6034 5477/5931/5936
f 5475/5572/5577 6070/5948/5953 6061/6030/6035
f 5513/5488/5493 5689/5642/5647 5502/5984/5989
f 5474/5925/5930 6061/6030/6035 6088/6031/6036
f 6064/6032/6037 6065/6033/6038 6076/6034/6039
f 6072/6035/6040 6073/6036/6041 6071/6037/6042
f 6076/6034/6039 6077/6038/6043 6067/6039/6044
f 5859/5804/5809 5996/6040/6045 5936/5909/5914
f 6064/6032/6037 6076/6034/6039 5729/5684/5689
f 6020/5990/5995 6079/6041/6046 6043/6011/6016
f 6000/5980/5985 5865/5800/5805 5864/5802/5807
f 6043/6011/6016 6079/6041/6046 6015/5986/5991
f 6080/6042/6047 6081/6043/6048 5989/6044/6049
f 6080/6042/6047 5989/6044/6049 6078/6045/6050
f 6038/6046/6051 5735/5821/5826 6002/6047/6052
f 6020/5990/5995 6048/5958/5963 5988/5957/5962
f 6085/6048/6053 6074/6049/6054 6055/6050/6055
f 6030/6003/6008 5993/6000/6005 6086/5972/5977
f 6057/6022/6027 5957/6005/6010 5956/6051/6056
f 5692/6052/6057 5532/5497/5502 5537/5496/5501
f 5539/5498/5503 5853/5791/5796 5535/5499/5504
f 6067/6039/6044 6077/6038/6043 5951/5961/5966
f 6092/6053/6058 6090/6054/6059 5557/5511/5516
f 6076/6034/6039 5950/6055/6060 5955/5964/5969
f 6027/6056/6061 5716/5680/5685 6028/6057/6062
f 6020/5990/5995 5978/5979/5984 6079/6041/6046
f 5724/5871/5876 5725/5815/5820 5723/5781/5786
f 5576/5501/5506 5541/5500/5505 5551/5504/5509
f 6002/6047/6052 6048/5958/5963 6003/5992/5997
f 6002/6047/6052 6003/5992/5997 5956/6051/6056
f 6104/6058/6063 5970/5970/5975 5971/5945/5950
f 6107/6059/6064 5991/5999/6004 5993/6000/6005
f 5728/5814/5819 5780/5841/5846 6083/6060/6065
f 5950/6055/6060 5949/5962/5967 5955/5964/5969
f 5977/5950/5955 6102/6061/6066 6097/6062/6067
f 5959/6027/6032 5960/6063/6068 6099/6064/6069
f 5866/5805/5810 5868/5806/5811 6005/5973/5978
f 6111/6065/6070 5968/6066/6071 5967/6067/6072
f 5551/5504/5509 5482/5509/5514 5493/5799/5804
f 6021/5873/5878 5713/5677/5682 5715/5678/5683
f 5556/6068/6073 5555/5502/5507 5548/5724/5729
f 6097/6062/6067 5973/5946/5951 5977/5950/5955
f 5952/6069/6074 5994/6001/6006 5953/6070/6075
f 5550/5506/5511 5557/5511/5516 5692/6052/6057
f 5953/6070/6075 6014/5994/5999 5986/6071/6076
f 5953/6070/6075 5994/6001/6006 6014/5994/5999
f 6088/6031/6036 5974/5947/5952 5949/5962/5967
f 6028/6057/6062 5716/5680/5685 5728/5814/5819
f 5948/6072/6077 5986/6071/6076 6093/5968/5973
f 6032/5981/5986 5727/5879/5884 5721/5861/5866
f 6112/6073/6078 5566/5519/5524 5565/5518/5523
f 5956/6051/6056 6038/6046/6051 6002/6047/6052
f 6077/6038/6043 5955/5964/5969 5992/6018/6023
f 5497/5654/5659 5696/5647/5652 5489/5649/5654
f 6084/5975/5980 6079/6041/6046 5936/5909/5914
f 6028/6057/6062 6083/6060/6065 6054/6074/6079
f 5485/5661/5666 5700/5683/5688 5486/5508/5513
f 5951/5961/5966 6034/6075/6080 5960/6063/6068
f 5960/6063/6068 6034/6075/6080 6001/5996/6001
f 5970/5970/5975 6006/5969/5974 5971/5945/5950
f 5701/5662/5667 5485/5661/5666 5487/6076/6081
f 5506/5469/5474 5454/5468/5473 5553/5883/5888
f 5977/5950/5955 5973/5946/5951 5979/5951/5956
f 5493/5799/5804 5520/5457/5462 5492/5648/5653
f 6113/6077/6082 5559/5513/5518 5563/5516/5521
f 6063/6078/6083 5717/5813/5818 6027/6056/6061
f 5936/5909/5914 6079/6041/6046 5864/5802/5807
f 5991/5999/6004 5917/5874/5879 6004/6079/6084
f 6116/6080/6085 6029/6002/6007 5994/6001/6006
f 6075/6081/6086 5976/5976/5981 6107/6059/6064
f 5991/5999/6004 6107/6059/6064 5917/5874/5879
f 5676/6082/6087 5505/5467/5472 5683/5636/5640
f 5676/6082/6087 5675/5478/5483 5505/5467/5472
f 6006/5969/5974 6054/6074/6079 5971/5945/5950
f 6021/5873/5878 6008/6083/6088 5713/5677/5682
f 6117/6084/6089 6037/6006/6011 6017/5988/5993
f 6007/5971/5976 6017/5988/5993 5713/5677/5682
f 5979/5951/5956 5707/5796/5801 6056/6015/6020
f 6012/5935/5940 6043/6011/6016 5958/5936/5941
f 5957/6005/6010 6056/6015/6020 5940/5918/5923
f 6114/5991/5996 6048/5958/5963 6020/5990/5995
f 6040/6085/6090 6014/5994/5999 6063/6078/6083
f 5975/5949/5954 6015/5986/5991 6013/5987/5992
f 6024/5985/5990 5993/6000/6005 5995/5963/5968
f 5700/5683/5688 5655/5762/5767 5653/5537/5542
f 6016/6016/6021 6030/6003/6008 6050/6017/6022
f 6120/6086/6091 6121/6087/6092 6122/6088/6093
f 6034/6075/6080 6053/6089/6094 6121/6087/6092
f 6034/6075/6080 6121/6087/6092 6120/6086/6091
f 6034/6075/6080 6055/6050/6055 6053/6089/6094
f 6062/6028/6033 5495/5597/5602 6052/6090/6095
f 5496/5810/5815 6052/6090/6095 5495/5597/5602
f 6123/6091/6096 5514/5660/5665 5701/5662/5667
f 6035/6021/6026 6083/6060/6065 5834/5755/5760
f 5940/5918/5923 5735/5821/5826 6038/6046/6051
f 6056/6015/6020 5707/5796/5801 5940/5918/5923
f 6039/6004/6009 5940/5918/5923 6038/6046/6051
f 5475/5572/5577 6061/6030/6035 5474/5925/5930
f 6064/6032/6037 5729/5684/5689 5621/5561/5566
f 5493/5799/5804 5504/5458/5463 5520/5457/5462
f 6049/6010/6015 6124/6092/6097 5981/5983/5988
f 5587/5554/5559 5472/5599/5604 5593/5598/5603
f 6125/6093/6098 5989/6044/6049 6126/6094/6099
f 5729/5684/5689 6067/6039/6044 5620/5685/5690
f 6013/5987/5992 6084/5975/5980 6075/6081/6086
f 5989/6044/6049 6127/6095/6100 6126/6094/6099
f 6125/6093/6098 6078/6045/6050 5989/6044/6049
f 5587/5554/5559 5588/5553/5558 5472/5599/5604
f 6068/6026/6031 6067/6039/6044 5959/6027/6032
f 6128/6096/6101 5989/6044/6049 6129/6097/6102
f 6127/6095/6100 5989/6044/6049 6128/6096/6101
f 5579/5507/5512 5550/5506/5511 5542/5643/5648
f 6079/6041/6046 6013/5987/5992 6015/5986/5991
f 6013/5987/5992 6079/6041/6046 6084/5975/5980
f 6013/5987/5992 6075/6081/6086 6107/6059/6064
f 6024/5985/5990 6107/6059/6064 5993/6000/6005
f 5995/5963/5968 5993/6000/6005 6030/6003/6008
f 6034/6075/6080 6051/6019/6024 6055/6050/6055
f 5693/5888/5893 5524/5602/5607 5523/5601/5606
f 6062/6028/6033 6052/6090/6095 6094/5934/5939
f 5474/5925/5930 6088/6031/6036 5950/6055/6060
f 6090/6054/6059 6092/6053/6058 6109/6098/6103
f 6087/6099/6104 6091/6100/6105 6092/6053/6058
f 6028/6057/6062 6047/6101/6106 6027/6056/6061
f 5976/5976/5981 5996/6040/6045 5917/5874/5879
f 5983/6102/6107 6073/6036/6041 6132/6103/6108
f 6073/6036/6041 5983/6102/6107 6071/6037/6042
f 5592/5646/5651 5559/5513/5518 5549/5510/5515
f 6088/6031/6036 5949/5962/5967 5950/6055/6060
f 5502/5984/5989 6097/6062/6067 6102/6061/6066
f 6134/6104/6109 6055/6050/6055 6051/6019/6024
f 5972/5944/5949 6104/6058/6063 5971/5945/5950
f 5972/5944/5949 5689/5642/5647 6104/6058/6063
f 6135/6105/6110 5980/6020/6025 6131/6106/6111
f 6096/6107/6112 6104/6058/6063 5689/5642/5647
f 5545/5667/5672 5695/5653/5658 5584/5531/5536
f 5953/6070/6075 6090/6054/6059 6109/6098/6103
f 5973/5946/5951 6083/6060/6065 6035/6021/6026
f 5977/5950/5955 5982/5952/5957 6101/6108/6113
f 5960/6063/6068 5959/6027/6032 5951/5961/5966
f 5692/6052/6057 6093/5968/5973 5970/5970/5975
f 5635/5574/5579 5476/5728/5733 5468/5459/5464
f 5989/6044/6049 5725/5815/5820 5724/5871/5876
f 6108/6109/6114 5958/5936/5941 5984/5977/5982
f 5947/5978/5983 5975/5949/5954 6070/5948/5953
f 6081/6043/6048 5987/5955/5960 5989/6044/6049
f 6101/6108/6113 5982/5952/5957 5961/5938/5943
f 6101/6108/6113 5961/5938/5943 6060/6025/6030
f 5996/6040/6045 5859/5804/5809 5861/5875/5880
f 6002/6047/6052 5710/5822/5827 5862/5863/5868
f 5735/5821/5826 5710/5822/5827 6002/6047/6052
f 6013/5987/5992 5949/5962/5967 5974/5947/5952
f 6038/6046/6051 5956/6051/6056 6039/6004/6009
f 6005/5973/5978 6004/6079/6084 5866/5805/5810
f 6082/6110/6115 6114/5991/5996 6095/5937/5942
f 5956/6051/6056 5957/6005/6010 6039/6004/6009
f 5620/5685/5690 6068/6026/6031 5623/5651/5656
f 5999/5967/5972 6136/6111/6116 6137/6112/6117
f 5997/5965/5970 6051/6019/6024 6050/6017/6022
f 5576/5501/5506 5493/5799/5804 5548/5724/5729
f 5992/6018/6023 6019/5960/5965 5954/5959/5964
f 5955/5964/5969 6016/6016/6021 5992/6018/6023
f 6001/5996/6001 6026/5998/6003 6138/6113/6118
f 6141/6114/6119 6140/6115/6120 5713/5677/5682
f 6093/5968/5973 5986/6071/6076 6014/5994/5999
f 5984/5977/5982 5958/5936/5941 5975/5949/5954
f 5978/5979/5984 5864/5802/5807 6079/6041/6046
f 6009/6116/6121 6115/6117/6122 5966/5943/5948
f 5978/5979/5984 5988/5957/5962 6000/5980/5985
f 5967/6067/6072 5983/6102/6107 5969/6118/6123
f 5721/5861/5866 5720/5885/5890 6032/5981/5986
f 5936/5909/5914 5996/6040/6045 5976/5976/5981
f 5627/5560/5565 5474/5925/5930 6065/6033/6038
f 6025/5997/6002 6034/6075/6080 6033/6119/6124
f 6025/5997/6002 6033/6119/6124 6142/6120/6125
f 5694/6121/6126 5585/5465/5470 5524/5602/5607
f 6021/5873/5878 5726/5792/5797 5983/6102/6107
f 5983/6102/6107 5726/5792/5797 6105/5956/5961
f 5991/5999/6004 6004/6079/6084 6005/5973/5978
f 6086/5972/5977 5991/5999/6004 6005/5973/5978
f 6029/6002/6007 6045/6013/6018 6014/5994/5999
f 6015/5986/5991 5958/5936/5941 6043/6011/6016
f 5694/6121/6126 5586/5533/5538 5585/5465/5470
f 6117/6084/6089 6017/5988/5993 6007/5971/5976
f 6007/5971/5976 5713/5677/5682 5966/5943/5948
f 5966/5943/5948 5713/5677/5682 6008/6083/6088
f 6021/5873/5878 6010/6122/6127 6008/6083/6088
f 5967/6067/6072 6021/5873/5878 5983/6102/6107
f 6120/6086/6091 6033/6119/6124 6034/6075/6080
f 5570/5525/5530 5519/5482/5487 5525/5523/5528
f 6051/6019/6024 6034/6075/6080 6019/5960/5965
f 6023/5995/6000 6047/6101/6106 6054/6074/6079
f 5717/5813/5818 5716/5680/5685 6027/6056/6061
f 6143/6123/6128 6119/6124/6129 6049/6010/6015
f 6056/6015/6020 5982/5952/5957 5979/5951/5956
f 5989/6044/6049 5987/5955/5960 5725/5815/5820
f 5727/5879/5884 5989/6044/6049 5724/5871/5876
f 5971/5945/5950 6054/6074/6079 5973/5946/5951
f 6040/6085/6090 6063/6078/6083 6027/6056/6061
f 6040/6085/6090 6027/6056/6061 6047/6101/6106
f 6014/5994/5999 6044/6012/6017 6063/6078/6083
f 5973/5946/5951 6035/6021/6026 5979/5951/5956
f 6103/6024/6029 6058/6023/6028 5496/5810/5815
f 5638/5577/5582 5490/5452/5457 5477/5931/5936
f 6146/6125/6130 6071/6037/6042 6105/5956/5961
f 5495/5597/5602 6062/6028/6033 5477/5931/5936
f 5476/5728/5733 6070/5948/5953 5778/5729/5734
f 6070/5948/5953 5476/5728/5733 6069/6029/6034
f 6083/6060/6065 5973/5946/5951 6054/6074/6079
f 5627/5560/5565 6065/6033/6038 6064/6032/6037
f 5481/5652/5657 6066/6126/6131 6059/6127/6132
f 6067/6039/6044 6068/6026/6031 5620/5685/5690
f 5580/5529/5534 5584/5531/5536 5622/5481/5486
f 6052/6090/6095 6058/6023/6028 6094/5934/5939
f 6056/6015/6020 5957/6005/6010 6057/6022/6027
f 6050/6017/6022 6051/6019/6024 5992/6018/6023
f 6060/6025/6030 5963/5940/5945 6082/6110/6115
f 6070/5948/5953 6088/6031/6036 6061/6030/6035
f 6065/6033/6038 5950/6055/6060 6076/6034/6039
f 5455/5556/5561 5467/5586/5591 5522/5484/5489
f 5959/6027/6032 6067/6039/6044 5951/5961/5966
f 5490/5452/5457 5446/5451/5456 5448/5596/5601
f 5503/5472/5477 5516/5795/5800 5593/5598/5603
f 6049/6010/6015 5981/5983/5988 6044/6012/6017
f 6062/6028/6033 6094/5934/5939 6108/6109/6114
f 6148/6128/6133 6032/5981/5986 6124/6092/6097
f 6148/6128/6133 5980/6020/6025 6032/5981/5986
f 6062/6028/6033 6108/6109/6114 5947/5978/5983
f 6069/6029/6034 5947/5978/5983 6070/5948/5953
f 5691/5892/5897 5532/5497/5502 6104/6058/6063
f 6097/6062/6067 5502/5984/5989 5689/5642/5647
f 6149/6129/6134 6106/6130/6135 5987/5955/5960
f 6150/6131/6136 5593/5598/5603 5516/5795/5800
f 6077/6038/6043 5954/5959/5964 5951/5961/5966
f 6152/6132/6137 6135/6105/6110 6131/6106/6111
f 6102/6061/6066 5499/5809/5814 5502/5984/5989
f 6047/6101/6106 6028/6057/6062 6054/6074/6079
f 6153/6133/6138 5953/6070/6075 6109/6098/6103
f 5532/5497/5502 5692/6052/6057 5970/5970/5975
f 5532/5497/5502 5970/5970/5975 6104/6058/6063
f 5689/5642/5647 5972/5944/5949 6097/6062/6067
f 5887/5840/5845 5620/5685/5690 5454/5468/5473
f 6102/6061/6066 5977/5950/5955 6101/6108/6113
f 5917/5874/5879 6107/6059/6064 5976/5976/5981
f 6154/6134/6139 5967/6067/6072 5969/6118/6123
f 5963/5940/5945 5962/5939/5944 6022/5993/5998
f 6077/6038/6043 5992/6018/6023 5954/5959/5964
f 5618/5668/5673 5519/5482/5487 5622/5481/5486
f 5497/5654/5659 5489/5649/5654 5456/5532/5537
f 6099/6064/6069 5960/6063/6068 6110/6135/6140
f 5498/5655/5660 5497/5654/5659 5456/5532/5537
f 6082/6110/6115 5963/5940/5945 6114/5991/5996
f 5963/5940/5945 6022/5993/5998 6114/5991/5996
f 5592/5646/5651 5655/5762/5767 6155/6136/6141
f 6034/6075/6080 5951/5961/5966 6019/5960/5965
f 5728/5814/5819 6083/6060/6065 6028/6057/6062
f 5999/5967/5972 6137/6112/6117 5997/5965/5970
f 6134/6104/6109 5997/5965/5970 6137/6112/6117
f 5887/5840/5845 5464/5479/5484 5462/5917/5922
f 5955/5964/5969 6030/6003/6008 6016/6016/6021
f 6093/5968/5973 6023/5995/6000 6006/5969/5974
f 6025/5997/6002 6001/5996/6001 6034/6075/6080
f 6156/6137/6142 6007/5971/5976 5965/5942/5947
f 5968/6066/6071 6011/6138/6143 5967/6067/6072
f 5653/5537/5542 5504/5458/5463 5482/5509/5514
f 6063/6078/6083 5981/5983/5988 5717/5813/5818
f 5974/5947/5952 5975/5949/5954 6013/5987/5992
f 6002/6047/6052 5862/5863/5868 5915/5872/5877
f 6014/5994/5999 6040/6085/6090 6023/5995/6000
f 5865/5800/5805 6000/5980/5985 5915/5872/5877
f 5917/5874/5879 5866/5805/5810 6004/6079/6084
f 6048/5958/5963 6002/6047/6052 5915/5872/5877
f 5861/5875/5880 5917/5874/5879 5996/6040/6045
f 6157/6139/6144 6042/6009/6014 6041/6008/6013
f 6095/5937/5942 6020/5990/5995 6012/5935/5940
f 6022/5993/5998 6048/5958/5963 6114/5991/5996
f 5988/5957/5962 5915/5872/5877 6000/5980/5985
f 5998/5966/5971 5997/5965/5970 6158/6140/6145
f 6050/6017/6022 6086/5972/5977 5997/5965/5970
f 5969/6118/6123 5983/6102/6107 5990/6141/6146
f 6047/6101/6106 6023/5995/6000 6040/6085/6090
f 5989/6044/6049 5727/5879/5884 5980/6020/6025
f 6041/6008/6013 6049/6010/6015 6044/6012/6017
f 6049/6010/6015 6042/6009/6014 6143/6123/6128
f 6118/6142/6147 6143/6123/6128 6042/6009/6014
f 6023/5995/6000 6054/6074/6079 6006/5969/5974
f 6018/5989/5994 6141/6114/6119 5713/5677/5682
f 5966/5943/5948 6008/6083/6088 6009/6116/6121
f 5967/6067/6072 6011/6138/6143 6021/5873/5878
f 5472/5599/5604 5473/5450/5455 5470/5573/5578
f 6031/5982/5987 5720/5885/5890 5722/5919/5924
f 5981/5983/5988 6031/5982/5987 5717/5813/5818
f 5639/5526/5531 5525/5523/5528 5637/5576/5581
f 6032/5981/5986 5720/5885/5890 6031/5982/5987
f 5525/5523/5528 5577/5825/5830 5916/6143/6148
f 5834/5755/5760 6083/6060/6065 5780/5841/5846
f 6145/6144/6149 6124/6092/6097 6049/6010/6015
f 5577/5825/5830 6159/6145/6150 5916/6143/6148
f 6160/6146/6151 6125/6093/6098 6126/6094/6099
f 5735/5821/5826 5940/5918/5923 5708/5671/5676
f 6102/6061/6066 6060/6025/6030 6103/6024/6029
f 5496/5810/5815 6058/6023/6028 6052/6090/6095
f 6035/6021/6026 5834/5755/5760 5707/5796/5801
f 6022/5993/5998 6003/5992/5997 6048/5958/5963
f 5481/5652/5657 6059/6127/6132 5811/5754/5759
f 6107/6059/6064 6024/5985/5990 6013/5987/5992
f 6003/5992/5997 6057/6022/6027 5956/6051/6056
f 5481/5652/5657 5959/6027/6032 6066/6126/6131
f 5495/5597/5602 5477/5931/5936 5490/5452/5457
f 5477/5931/5936 6069/6029/6034 5476/5728/5733
f 6055/6050/6055 6074/6049/6054 6053/6089/6094
f 5778/5729/5734 6070/5948/5953 5475/5572/5577
f 6058/6023/6028 6060/6025/6030 6082/6110/6115
f 5627/5560/5565 6064/6032/6037 5621/5561/5566
f 6067/6039/6044 5729/5684/5689 6076/6034/6039
f 5639/5526/5531 6161/6147/6152 5571/5524/5529
f 5919/6148/6153 6161/6147/6152 5639/5526/5531
f 6147/6149/6154 6059/6127/6132 6066/6126/6131
f 6058/6023/6028 6095/5937/5942 6094/5934/5939
f 6058/6023/6028 6082/6110/6115 6095/5937/5942
f 5961/5938/5943 5963/5940/5945 6060/6025/6030
f 6063/6078/6083 6044/6012/6017 5981/5983/5988
f 5474/5925/5930 5950/6055/6060 6065/6033/6038
f 6162/6150/6155 5980/6020/6025 6148/6128/6133
f 5980/6020/6025 6162/6150/6155 6131/6106/6111
f 5981/5983/5988 6124/6092/6097 6032/5981/5986
f 6163/6151/6156 6105/5956/5961 6164/6152/6157
f 6164/6152/6157 6105/5956/5961 6106/6130/6135
f 6066/6126/6131 6099/6064/6069 6100/6153/6158
f 5959/6027/6032 6099/6064/6069 6066/6126/6131
f 6113/6077/6082 6165/6154/6159 6130/6155/6160
f 5559/5513/5518 6113/6077/6082 6130/6155/6160
f 5559/5513/5518 6130/6155/6160 6087/6099/6104
f 6069/6029/6034 6062/6028/6033 5947/5978/5983
f 6020/5990/5995 5988/5957/5962 5978/5979/5984
f 5989/6044/6049 6151/6156/6161 6129/6097/6102
f 6151/6156/6161 5989/6044/6049 6135/6105/6110
f 5557/5511/5516 6090/6054/6059 5948/6072/6077
f 5692/6052/6057 5948/6072/6077 6093/5968/5973
f 6087/6099/6104 6092/6053/6058 5552/5645/5650
f 5552/5645/5650 6092/6053/6058 5557/5511/5516
f 5948/6072/6077 5692/6052/6057 5557/5511/5516
f 6077/6038/6043 6076/6034/6039 5955/5964/5969
f 6030/6003/6008 6086/5972/5977 6050/6017/6022
f 5691/5892/5897 6104/6058/6063 6096/6107/6112
f 6096/6107/6112 5689/5642/5647 5531/5606/5611
f 6088/6031/6036 6070/5948/5953 5974/5947/5952
f 6094/5934/5939 5958/5936/5941 6108/6109/6114
f 5499/5809/5814 6102/6061/6066 6103/6024/6029
f 6108/6109/6114 5984/5977/5982 5947/5978/5983
f 6060/6025/6030 6102/6061/6066 6101/6108/6113
f 6090/6054/6059 5953/6070/6075 5986/6071/6076
f 6090/6054/6059 5986/6071/6076 5948/6072/6077
f 5973/5946/5951 6097/6062/6067 5972/5944/5949
f 6071/6037/6042 5983/6102/6107 6105/5956/5961
f 6105/5956/5961 5987/5955/5960 6106/6130/6135
f 6098/6157/6162 5969/6118/6123 5990/6141/6146
f 5980/6020/6025 6135/6105/6110 5989/6044/6049
f 6075/6081/6086 6084/5975/5980 5976/5976/5981
f 6134/6104/6109 6137/6112/6117 6166/6158/6163
f 6051/6019/6024 5997/5965/5970 6134/6104/6109
f 5545/5667/5672 5492/5648/5653 5696/5647/5652
f 5479/5922/5927 5623/5651/5656 5480/5650/5655
f 6139/6159/6164 6167/6160/6165 5480/5650/5655
f 5939/6161/6166 5560/5514/5519 5592/5646/5651
f 5887/5840/5845 5621/5561/5566 5620/5685/5690
f 5621/5561/5566 5887/5840/5845 5462/5917/5922
f 5522/5484/5489 5529/5489/5494 5465/5485/5490
f 5485/5661/5666 5514/5660/5665 5700/5683/5688
f 5653/5537/5542 5482/5509/5514 5700/5683/5688
f 5482/5509/5514 5504/5458/5463 5493/5799/5804
f 5460/5456/5461 5529/5489/5494 5520/5457/5462
f 5640/5578/5583 5893/5847/5852 5637/5576/5581
f 6168/6162/6167 6171/6163/6168 5589/5535/5540
f 5637/5576/5581 6170/6164/6169 5639/5526/5531
f 6168/6162/6167 5589/5535/5540 5586/5533/5538
f 5521/5483/5488 5622/5481/5486 5522/5484/5489
f 5696/5647/5652 5497/5654/5659 5695/5653/5658
f 5694/6121/6126 6172/6165/6170 5586/5533/5538
f 5693/5888/5893 5925/5890/5895 5694/6121/6126
f 5693/5888/5893 5694/6121/6126 5524/5602/5607
f 5501/5615/5620 5590/5557/5562 5618/5668/5673
f 5458/5704/5709 5463/5705/5710 5528/5789/5794
f 6174/6166/6171 5693/5888/5893 5523/5601/5606
f 6174/6166/6171 5523/5601/5606 5588/5553/5558
f 5553/5883/5888 5454/5468/5473 5663/5884/5889
f 5505/5467/5472 5464/5479/5484 5887/5840/5845
f 5687/5640/5645 5469/5461/5466 5517/5835/5840
f 6112/6073/6078 6175/6167/6172 6176/6168/6173
f 5465/5485/5490 5526/5487/5492 5466/5486/5491
f 5521/5483/5488 5465/5485/5490 5466/5486/5491
f 6177/6169/6174 5505/5467/5472 5506/5469/5474
f 5541/5500/5505 5555/5502/5507 5704/6170/6175
f 6178/6171/6176 5545/5667/5672 5544/6172/6177
f 5501/5615/5620 5447/5611/5616 5448/5596/5601
f 5501/5615/5620 5448/5596/5601 5500/5534/5539
f 5491/5464/5469 5942/6173/6178 5673/5462/5467
f 5479/5922/5927 5480/5650/5655 5641/6174/6179
f 5451/5454/5459 5453/5617/5622 5484/5503/5508
f 5484/5503/5508 5488/5463/5468 5451/5454/5459
f 5470/5573/5578 5469/5461/5466 5593/5598/5603
f 5515/6175/6180 5656/6176/6181 5514/5660/5665
f 5655/5762/5767 5514/5660/5665 5656/6176/6181
f 5443/5447/5452 5457/5632/5637 5444/5448/5453
f 5647/5585/5590 5498/5655/5660 5456/5532/5537
f 5456/5532/5537 5489/5649/5654 5520/5457/5462
f 5453/5617/5622 5677/5628/5633 5664/5612/5617
f 5471/5536/5541 5653/5537/5542 5591/5505/5510
f 5456/5532/5537 5529/5489/5494 5467/5586/5591
f 5496/5810/5815 5499/5809/5814 6103/6024/6029
f 5503/5472/5477 5517/5835/5840 5528/5789/5794
f 5635/5574/5579 5638/5577/5582 5476/5728/5733
f 5468/5459/5464 5476/5728/5733 5475/5572/5577
f 5580/5529/5534 5518/5480/5485 6179/6177/6182
f 5582/5528/5533 6180/6178/6183 5518/5480/5485
f 6150/6131/6136 5616/5552/5557 5587/5554/5559
f 6150/6131/6136 5587/5554/5559 5593/5598/5603
f 5481/5652/5657 5623/5651/5656 6068/6026/6031
f 5503/5472/5477 5687/5640/5645 5517/5835/5840
f 5593/5598/5603 5687/5640/5645 5503/5472/5477
f 5690/6179/6184 5528/5789/5794 5675/5478/5483
f 5622/5481/5486 5584/5531/5536 5498/5655/5660
f 5518/5480/5485 5580/5529/5534 5622/5481/5486
f 5550/5506/5511 5537/5496/5501 5542/5643/5648
f 6181/6180/6185 5633/5818/5823 5534/6181/6186
f 5633/5818/5823 6181/6180/6185 5527/5817/5822
f 5552/5645/5650 5549/5510/5515 5559/5513/5518
f 5582/5528/5533 5518/5480/5485 5519/5482/5487
f 5493/5799/5804 5492/5648/5653 5548/5724/5729
f 5521/5483/5488 5501/5615/5620 5618/5668/5673
f 5585/5465/5470 5500/5534/5539 5494/5466/5471
f 5559/5513/5518 6087/6099/6104 5552/5645/5650
f 5542/5643/5648 5537/5496/5501 5460/5456/5461
f 5447/5611/5616 5502/5984/5989 5499/5809/5814
f 5488/5463/5468 5941/5921/5926 5451/5454/5459
f 5492/5648/5653 5545/5667/5672 5548/5724/5729
f 5526/5487/5492 5529/5489/5494 5531/5606/5611
f 6182/6182/6187 6174/6166/6171 5588/5553/5558
f 5700/5683/5688 5514/5660/5665 5655/5762/5767
f 5449/5633/5638 5438/5444/5449 5457/5632/5637
f 6144/6183/6188 5637/5576/5581 5893/5847/5852
f 5531/5606/5611 5691/5892/5897 6096/6107/6112
f 5579/5507/5512 5504/5458/5463 5471/5536/5541
f 5647/5585/5590 5456/5532/5537 5467/5586/5591
f 5523/5601/5606 5473/5450/5455 5472/5599/5604
f 5673/5462/5467 5670/5626/5631 5488/5463/5468
f 5584/5531/5536 5695/5653/5658 5498/5655/5660
f 5920/5880/5885 6173/6184/6189 5564/5517/5522
f 6112/6073/6078 5565/5518/5523 6183/6185/6190
f 5566/5519/5524 6112/6073/6078 6176/6168/6173
f 5480/5650/5655 6167/6160/6165 5641/6174/6179
f 5473/5450/5455 5490/5452/5457 5638/5577/5582
f 5853/5791/5796 5539/5498/5503 6089/6186/6191
f 5535/5499/5504 5853/5791/5796 5485/5661/5666
f 5485/5661/5666 5486/5508/5513 5535/5499/5504
f 5483/5475/5480 5566/5519/5524 5539/5498/5503
f 6172/6165/6170 6168/6162/6167 5586/5533/5538
f 5453/5617/5622 5551/5504/5509 5484/5503/5508
f 5556/6068/6073 5545/5667/5672 6178/6171/6176
f 5558/6187/6192 5704/6170/6175 5555/5502/5507
f 5556/6068/6073 5548/5724/5729 5545/5667/5672
f 5488/5463/5468 5704/6170/6175 5491/5464/5469
f 5488/5463/5468 5541/5500/5505 5704/6170/6175
f 5484/5503/5508 5541/5500/5505 5488/5463/5468
f 5455/5556/5561 5498/5655/5660 5647/5585/5590
f 5525/5523/5528 5590/5557/5562 5589/5535/5540
f 6184/6188/6193 6185/6189/6194 5563/6190/6195
f 5462/5917/5922 5459/5559/5564 5621/5561/5566
f 5483/5475/5480 5535/5499/5504 5449/5633/5638
f 5444/5448/5453 5457/5632/5637 5438/5444/5449
f 5454/5468/5473 5620/5685/5690 5623/5651/5656
f 5449/5633/5638 5535/5499/5504 5551/5504/5509
f 5498/5655/5660 5455/5556/5561 5622/5481/5486
f 5692/6052/6057 5537/5496/5501 5550/5506/5511
f 5633/5818/5823 5589/5535/5540 6171/6163/6168
f 6171/6163/6168 5932/5903/5908 5633/5818/5823
f 6168/6162/6167 6186/6191/6196 6169/6192/6197
f 5618/5668/5673 5622/5481/5486 5521/5483/5488
f 5668/5622/5627 5457/5632/5637 5443/5447/5452
f 6186/6191/6196 6172/6165/6170 6187/6193/6198
f 6168/6162/6167 6172/6165/6170 6186/6191/6196
f 5461/6194/6199 5509/5473/5478 5457/5632/5637
f 5457/5632/5637 5509/5473/5478 5483/5475/5480
f 6188/6195/6200 6172/6165/6170 5694/6121/6126
f 5531/5606/5611 5689/5642/5647 5526/5487/5492
f 5589/5535/5540 5590/5557/5562 5501/5615/5620
f 6190/6196/6201 6189/6197/6202 5694/6121/6126
f 5928/5896/5901 6190/6196/6201 5694/6121/6126
f 5589/5535/5540 5501/5615/5620 5500/5534/5539
f 5928/5896/5901 5694/6121/6126 5925/5890/5895
f 6191/6198/6203 6192/6199/6204 6193/6200/6205
f 6197/6201/6206 6195/6202/6207 6194/6203/6208
f 6203/6204/6209 6204/6205/6210 6205/6206/6211
f 6207/6207/6212 6213/6208/6213 6208/6209/6214
f 6209/6210/6215 6200/6211/6216 6201/6212/6217
f 6210/6213/6218 6211/6214/6219 6212/6215/6220
f 6210/6213/6218 6198/6216/6221 6211/6214/6219
f 6198/6216/6221 6213/6208/6213 6215/6217/6222
f 6216/6218/6223 6355/6219/6224 6217/6220/6225
f 6223/6221/6226 6216/6218/6223 6222/6222/6227
f 6227/6223/6228 6226/6224/6229 6224/6225/6230
f 6231/6226/6231 6232/6227/6232 6233/6228/6233
f 6202/6229/6234 6227/6223/6228 6224/6225/6230
f 6244/6230/6235 6245/6231/6236 6242/6232/6237
f 6244/6230/6235 6242/6232/6237 6241/6233/6238
f 6245/6231/6236 6196/6234/6239 6242/6232/6237
f 6220/6235/6240 6199/6236/6241 6215/6217/6222
f 6194/6203/6208 6248/6237/6242 6249/6238/6243
f 6216/6218/6223 6248/6237/6242 6194/6203/6208
f 6224/6225/6230 6225/6239/6244 6228/6240/6245
f 6250/6241/6246 6204/6205/6210 6203/6204/6209
f 6251/6242/6247 6206/6243/6248 6204/6205/6210
f 6231/6226/6231 6252/6244/6249 6234/6245/6250
f 6234/6245/6250 6261/6246/6251 6235/6247/6252
f 6237/6248/6253 6227/6223/6228 6205/6206/6211
f 6205/6206/6211 6239/6249/6254 6237/6248/6253
f 6239/6249/6254 6254/6250/6255 6253/6251/6256
f 6255/6252/6257 6256/6253/6258 6257/6254/6259
f 6258/6255/6260 6259/6256/6261 6260/6257/6262
f 6229/6258/6263 6260/6257/6262 6261/6246/6251
f 6329/6259/6264 6236/6260/6265 6225/6239/6244
f 6355/6219/6224 6264/6261/6266 6217/6220/6225
f 6264/6261/6266 6265/6262/6267 6217/6220/6225
f 6266/6263/6268 6219/6264/6269 6220/6235/6240
f 6198/6216/6221 6261/6246/6251 6192/6199/6204
f 6195/6202/6207 6269/6265/6270 6196/6234/6239
f 6195/6202/6207 6196/6234/6239 6194/6203/6208
f 6194/6203/6208 6196/6234/6239 6216/6218/6223
f 6270/6266/6271 6271/6267/6272 6205/6206/6211
f 6229/6258/6263 6261/6246/6251 6252/6244/6249
f 6236/6260/6265 6196/6234/6239 6245/6231/6236
f 6225/6239/6244 6224/6225/6230 6226/6224/6229
f 6235/6247/6252 6261/6246/6251 6198/6216/6221
f 6237/6248/6253 6239/6249/6254 6238/6268/6273
f 6253/6251/6256 6273/6269/6274 6238/6268/6273
f 6274/6270/6275 6247/6271/6276 6246/6272/6277
f 6211/6214/6219 6192/6199/6204 6191/6198/6203
f 6278/6273/6278 6300/6274/6279 6279/6275/6280
f 6293/6276/6281 6276/6277/6282 6282/6278/6283
f 6284/6279/6284 6285/6280/6285 6286/6281/6286
f 6287/6282/6287 6280/6283/6288 6288/6284/6289
f 6289/6285/6290 6292/6286/6291 6293/6276/6281
f 6276/6277/6282 6295/6287/6292 6291/6288/6293
f 6295/6287/6292 6276/6277/6282 6329/6259/6264
f 6296/6289/6294 6294/6290/6295 6297/6291/6296
f 6294/6290/6295 6277/6292/6297 6297/6291/6296
f 6294/6290/6295 6302/6293/6298 6303/6294/6299
f 6294/6290/6295 6296/6289/6294 6304/6295/6300
f 6215/6217/6222 6199/6236/6241 6198/6216/6221
f 6202/6229/6234 6305/6296/6301 6203/6204/6209
f 6309/6297/6302 6310/6298/6303 6283/6299/6304
f 6283/6299/6304 6310/6298/6303 6311/6300/6305
f 6296/6289/6294 6313/6301/6306 6312/6302/6307
f 6314/6303/6308 6297/6291/6296 6315/6304/6309
f 6304/6295/6300 6321/6305/6310 6320/6306/6311
f 6316/6307/6312 6322/6308/6313 6323/6309/6314
f 6316/6307/6312 6323/6309/6314 6324/6310/6315
f 6325/6311/6316 6321/6305/6310 6326/6312/6317
f 6330/6313/6318 6327/6314/6319 6331/6315/6320
f 6327/6314/6319 6330/6313/6318 6332/6316/6321
f 6333/6317/6322 6256/6253/6258 6334/6318/6323
f 6335/6319/6324 6336/6320/6325 6256/6253/6258
f 6337/6321/6326 6338/6322/6327 6300/6274/6279
f 6339/6323/6328 6280/6283/6288 6301/6324/6329
f 6280/6283/6288 6339/6323/6328 6340/6325/6330
f 6227/6223/6228 6328/6326/6331 6277/6292/6297
f 6277/6292/6297 6294/6290/6295 6225/6239/6244
f 6341/6327/6332 6281/6328/6333 6280/6283/6288
f 6276/6277/6282 6293/6276/6281 6256/6253/6258
f 6285/6280/6285 6301/6324/6329 6300/6274/6279
f 6344/6329/6334 6345/6330/6335 6281/6328/6333
f 6208/6209/6214 6213/6208/6213 6347/6331/6336
f 6348/6332/6337 6286/6281/6286 6285/6280/6285
f 6253/6251/6256 6238/6268/6273 6239/6249/6254
f 6276/6277/6282 6349/6333/6338 6282/6278/6283
f 6290/6334/6339 6282/6278/6283 6349/6333/6338
f 6253/6251/6256 6254/6250/6255 6350/6335/6340
f 6289/6285/6290 6282/6278/6283 6352/6336/6341
f 6287/6282/6287 6300/6274/6279 6280/6283/6288
f 6329/6259/6264 6294/6290/6295 6303/6294/6299
f 6267/6337/6342 6353/6338/6343 6223/6221/6226
f 6297/6291/6296 6313/6301/6306 6296/6289/6294
f 6277/6292/6297 6315/6304/6309 6297/6291/6296
f 6306/6339/6344 6277/6292/6297 6316/6307/6312
f 6354/6340/6345 6268/6341/6346 6223/6221/6226
f 6237/6248/6253 6328/6326/6331 6227/6223/6228
f 6299/6342/6347 6317/6343/6348 6300/6274/6279
f 6311/6300/6305 6358/6344/6349 6322/6308/6313
f 6237/6248/6253 6238/6268/6273 6359/6345/6350
f 6359/6345/6350 6360/6346/6351 6237/6248/6253
f 6263/6347/6352 6214/6348/6353 6215/6217/6222
f 6318/6349/6354 6308/6350/6355 6280/6283/6288
f 6237/6248/6253 6362/6351/6356 6327/6314/6319
f 6364/6352/6357 6365/6353/6358 6366/6354/6359
f 6329/6259/6264 6276/6277/6282 6256/6253/6258
f 6328/6326/6331 6237/6248/6253 6327/6314/6319
f 6329/6259/6264 6225/6239/6244 6294/6290/6295
f 6335/6319/6324 6333/6317/6322 6367/6355/6360
f 6267/6337/6342 6223/6221/6226 6222/6222/6227
f 6275/6356/6361 6334/6318/6323 6256/6253/6258
f 6216/6218/6223 6223/6221/6226 6268/6341/6346
f 6327/6314/6319 6341/6327/6332 6280/6283/6288
f 6293/6276/6281 6346/6357/6362 6275/6356/6361
f 6328/6326/6331 6280/6283/6288 6283/6299/6304
f 6328/6326/6331 6283/6299/6304 6277/6292/6297
f 6196/6234/6239 6235/6247/6252 6199/6236/6241
f 6236/6260/6265 6262/6358/6363 6228/6240/6245
f 6368/6359/6364 6369/6360/6365 6288/6284/6289
f 6281/6328/6333 6288/6284/6289 6280/6283/6288
f 6351/6361/6366 6298/6362/6367 6299/6342/6347
f 6351/6361/6366 6299/6342/6347 6300/6274/6279
f 6300/6274/6279 6287/6282/6287 6351/6361/6366
f 6294/6290/6295 6307/6363/6368 6370/6364/6369
f 6294/6290/6295 6370/6364/6369 6302/6293/6298
f 6277/6292/6297 6306/6339/6344 6315/6304/6309
f 6317/6343/6348 6299/6342/6347 6371/6365/6370
f 6280/6283/6288 6300/6274/6279 6301/6324/6329
f 6357/6366/6371 6372/6367/6372 6307/6363/6368
f 6373/6368/6373 6283/6299/6304 6308/6350/6355
f 6283/6299/6304 6373/6368/6373 6374/6369/6374
f 6374/6369/6374 6375/6370/6375 6309/6297/6302
f 6239/6249/6254 6247/6271/6276 6376/6371/6376
f 6311/6300/6305 6322/6308/6313 6316/6307/6312
f 6283/6299/6304 6311/6300/6305 6316/6307/6312
f 6296/6289/6294 6321/6305/6310 6304/6295/6300
f 6321/6305/6310 6296/6289/6294 6326/6312/6317
f 6296/6289/6294 6361/6372/6377 6326/6312/6317
f 6362/6351/6356 6237/6248/6253 6377/6373/6378
f 6236/6260/6265 6256/6253/6258 6234/6245/6250
f 6318/6349/6354 6280/6283/6288 6340/6325/6330
f 6335/6319/6324 6256/6253/6258 6333/6317/6322
f 6365/6353/6358 6256/6253/6258 6336/6320/6325
f 6341/6327/6332 6332/6316/6321 6378/6374/6379
f 6332/6316/6321 6341/6327/6332 6327/6314/6319
f 6379/6375/6380 6308/6350/6355 6318/6349/6354
f 6380/6376/6381 6308/6350/6355 6379/6375/6380
f 6328/6326/6331 6327/6314/6319 6280/6283/6288
f 6277/6292/6297 6225/6239/6244 6226/6224/6229
f 6275/6356/6361 6342/6377/6382 6334/6318/6323
f 6256/6253/6258 6293/6276/6281 6275/6356/6361
f 6345/6330/6335 6368/6359/6364 6288/6284/6289
f 6345/6330/6335 6288/6284/6289 6281/6328/6333
f 6282/6278/6283 6289/6285/6290 6293/6276/6281
f 6348/6332/6337 6285/6280/6285 6300/6274/6279
f 6303/6294/6299 6302/6293/6298 6382/6378/6383
f 6283/6299/6304 6316/6307/6312 6277/6292/6297
f 6294/6290/6295 6357/6366/6371 6307/6363/6368
f 6294/6290/6295 6304/6295/6300 6357/6366/6371
f 6283/6299/6304 6280/6283/6288 6308/6350/6355
f 6216/6218/6223 6196/6234/6239 6221/6379/6384
f 6374/6369/6374 6309/6297/6302 6283/6299/6304
f 6218/6380/6385 6248/6237/6242 6217/6220/6225
f 6317/6343/6348 6337/6321/6326 6300/6274/6279
f 6377/6373/6378 6237/6248/6253 6360/6346/6351
f 6202/6229/6234 6203/6204/6209 6205/6206/6211
f 6222/6222/6227 6216/6218/6223 6221/6379/6384
f 6327/6314/6319 6383/6381/6386 6331/6315/6320
f 6384/6382/6387 6205/6206/6211 6385/6383/6388
f 6205/6206/6211 6384/6382/6387 6246/6272/6277
f 6329/6259/6264 6256/6253/6258 6236/6260/6265
f 6364/6352/6357 6256/6253/6258 6365/6353/6358
f 6300/6274/6279 6338/6322/6327 6279/6275/6280
f 6226/6224/6229 6227/6223/6228 6277/6292/6297
f 6339/6323/6328 6301/6324/6329 6381/6384/6389
f 6205/6206/6211 6247/6271/6276 6239/6249/6254
f 6245/6231/6236 6386/6385/6390 6236/6260/6265
f 6355/6219/6224 6387/6386/6391 6264/6261/6266
f 6238/6268/6273 6388/6387/6392 6389/6388/6393
f 6238/6268/6273 6389/6388/6393 6359/6345/6350
f 6390/6389/6394 6220/6235/6240 6214/6348/6353
f 6234/6245/6250 6256/6253/6258 6255/6252/6257
f 6347/6331/6336 6213/6208/6213 6210/6213/6218
f 6196/6234/6239 6234/6245/6250 6235/6247/6252
f 6234/6245/6250 6196/6234/6239 6236/6260/6265
f 6234/6245/6250 6252/6244/6249 6261/6246/6251
f 6217/6220/6225 6248/6237/6242 6216/6218/6223
f 6200/6211/6216 6224/6225/6230 6201/6212/6217
f 6224/6225/6230 6200/6211/6216 6202/6229/6234
f 6198/6216/6221 6192/6199/6204 6211/6214/6219
f 6199/6236/6241 6235/6247/6252 6198/6216/6221
f 6269/6265/6270 6242/6232/6237 6196/6234/6239
f 6192/6199/6204 6261/6246/6251 6260/6257/6262
f 6192/6199/6204 6260/6257/6262 6391/6390/6395
f 6376/6371/6376 6240/6391/6396 6239/6249/6254
f 6228/6240/6245 6225/6239/6244 6236/6260/6265
f 6230/6392/6397 6260/6257/6262 6229/6258/6263
f 6260/6257/6262 6230/6392/6397 6258/6255/6260
f 6234/6245/6250 6232/6227/6232 6231/6226/6231
f 6355/6219/6224 6216/6218/6223 6268/6341/6346
f 6319/6393/6398 6270/6266/6271 6205/6206/6211
f 6319/6393/6398 6205/6206/6211 6206/6243/6248
f 6219/6264/6269 6221/6379/6384 6220/6235/6240
f 6204/6205/6210 6206/6243/6248 6205/6206/6211
f 6220/6235/6240 6215/6217/6222 6214/6348/6353
f 6392/6394/6399 6208/6209/6400 6393/6395/6401
f 6363/6396/6402 6218/6380/6385 6217/6220/6225
f 6364/6352/6357 6257/6254/6259 6256/6253/6258
f 6263/6347/6352 6215/6217/6222 6213/6208/6213
f 6343/6397/6403 6257/6254/6259 6364/6352/6357
f 6213/6208/6213 6198/6216/6221 6210/6213/6218
f 6196/6234/6239 6220/6235/6240 6221/6379/6384
f 6220/6235/6240 6196/6234/6239 6199/6236/6241
f 6355/6219/6224 6268/6341/6346 6356/6398/6404
f 6247/6271/6276 6205/6206/6211 6246/6272/6277
f 6202/6229/6234 6205/6206/6211 6227/6223/6228
f 6234/6245/6250 6255/6252/6257 6232/6227/6232
f 6272/6399/6405 6228/6240/6245 6262/6358/6363
f 6245/6231/6236 6394/6400/6406 6386/6385/6390
f 6228/6240/6245 6243/6401/6407 6224/6225/6230
f 6397/6402/6408 6398/6403/6409 6412/6404/6410
f 6403/6405/6411 6404/6406/6412 6396/6407/6413
f 6407/6408/6414 6408/6409/6415 6396/6407/6413
f 6418/6410/6416 6414/6411/6417 6413/6412/6418
f 6415/6413/6419 6410/6414/6420 6416/6415/6421
f 6401/6416/6422 6437/6417/6423 6405/6418/6424
f 6421/6419/6425 6419/6420/6426 6422/6421/6427
f 6407/6408/6414 6419/6420/6426 6421/6419/6425
f 6427/6422/6428 6428/6423/6429 6426/6424/6430
f 6420/6425/6431 6395/6426/6432 6430/6427/6433
f 6431/6428/6434 6424/6429/6435 6432/6430/6436
f 6433/6431/6437 6424/6429/6435 6429/6432/6438
f 6399/6433/6439 6437/6417/6423 6423/6434/6440
f 6433/6431/6437 6432/6430/6436 6424/6429/6435
f 6428/6423/6429 6434/6435/6441 6435/6436/6442
f 6400/6437/6443 6436/6438/6444 6434/6435/6441
f 6418/6410/6416 6396/6407/6413 6424/6429/6435
f 6419/6420/6426 6407/6408/6414 6411/6439/6445
f 6436/6438/6444 6438/6440/6446 6434/6435/6441
f 6424/6429/6435 6439/6441/6447 6429/6432/6438
f 6429/6432/6438 6439/6441/6447 6440/6442/6448
f 6441/6443/6449 6440/6442/6448 6439/6441/6447
f 6400/6437/6443 6401/6416/6422 6444/6444/6450
f 6397/6402/6408 6412/6404/6410 6415/6413/6419
f 6417/6445/6451 6446/6446/6452 6447/6447/6453
f 6396/6407/6413 6404/6406/6412 6424/6429/6435
f 6439/6441/6447 6424/6429/6435 6404/6406/6412
f 6448/6448/6454 6445/6449/6455 6449/6450/6456
f 6399/6433/6439 6420/6425/6431 6430/6427/6433
f 6395/6426/6432 6411/6439/6445 6407/6408/6414
f 6453/6451/6457 6397/6402/6408 6454/6452/6458
f 6397/6402/6408 6455/6453/6459 6454/6452/6458
f 6427/6422/6428 6455/6453/6459 6397/6402/6408
f 6398/6403/6409 6397/6402/6408 6456/6454/6460
f 6445/6449/6455 6447/6447/6453 6449/6450/6456
f 6407/6408/6414 6421/6419/6425 6450/6455/6461
f 6457/6456/6462 6449/6450/6456 6447/6447/6453
f 6443/6457/6463 6402/6458/6464 6405/6418/6424
f 6405/6418/6424 6406/6459/6465 6443/6457/6463
f 6412/6404/6410 6410/6414/6420 6415/6413/6419
f 6412/6404/6410 6409/6460/6466 6410/6414/6420
f 6425/6461/6467 6399/6433/6439 6423/6434/6440
f 6424/6429/6435 6414/6411/6417 6418/6410/6416
f 6401/6416/6422 6400/6437/6443 6423/6434/6440
f 6398/6403/6409 6447/6447/6453 6412/6404/6410
f 6413/6412/6418 6442/6462/6468 6437/6417/6423
f 6402/6458/6464 6401/6416/6422 6405/6418/6424
f 6447/6447/6453 6398/6403/6409 6417/6445/6451
f 6442/6462/6468 6413/6412/6418 6414/6411/6417
f 6418/6410/6416 6430/6427/6433 6395/6426/6432
f 6413/6412/6418 6430/6427/6433 6418/6410/6416
f 6458/6463/6469 6400/6437/6443 6444/6444/6450
f 6437/6417/6423 6401/6416/6422 6423/6434/6440
f 6459/6464/6470 6444/6444/6450 6401/6416/6422
f 6442/6462/6468 6405/6418/6424 6437/6417/6423
f 6460/6465/6471 6441/6443/6449 6439/6441/6447
f 6460/6465/6471 6461/6466/6472 6441/6443/6449
f 6424/6429/6435 6431/6428/6434 6414/6411/6417
f 6462/6467/6473 6414/6411/6417 6431/6428/6434
f 6407/6408/6414 6396/6407/6413 6395/6426/6432
f 6437/6417/6423 6399/6433/6439 6413/6412/6418
f 6403/6405/6411 6396/6407/6413 6408/6409/6415
f 6403/6405/6411 6408/6409/6415 6463/6468/6474
f 6418/6410/6416 6395/6426/6432 6396/6407/6413
f 6413/6412/6418 6399/6433/6439 6430/6427/6433
f 6416/6415/6421 6468/6469/6475 6469/6470/6476
f 6468/6469/6475 6416/6415/6421 6470/6471/6477
f 6404/6406/6412 6451/6472/6478 6439/6441/6447
f 6466/6473/6479 6415/6413/6419 6465/6474/6480
f 6415/6413/6419 6466/6473/6479 6467/6475/6481
f 6420/6425/6431 6411/6439/6445 6395/6426/6432
f 6420/6425/6431 6425/6461/6467 6467/6475/6481
f 6411/6439/6445 6420/6425/6431 6464/6476/6482
f 6423/6434/6440 6467/6475/6481 6425/6461/6467
f 6425/6461/6467 6420/6425/6431 6399/6433/6439
f 6397/6402/6408 6415/6413/6419 6423/6434/6440
f 6409/6460/6466 6412/6404/6410 6445/6449/6455
f 6447/6447/6453 6445/6449/6455 6412/6404/6410
f 6416/6415/6421 6465/6474/6480 6415/6413/6419
f 6470/6471/6477 6416/6415/6421 6410/6414/6420
f 6427/6422/6428 6397/6402/6408 6428/6423/6429
f 6423/6434/6440 6400/6437/6443 6434/6435/6441
f 6455/6453/6459 6427/6422/6428 6452/6477/6483
f 6415/6413/6419 6467/6475/6481 6423/6434/6440
f 6434/6435/6441 6428/6423/6429 6423/6434/6440
f 6397/6402/6408 6423/6434/6440 6428/6423/6429
f 6456/6454/6460 6397/6402/6408 6453/6451/6457
f 6416/6415/6421 6469/6470/6476 6471/6478/6484
f 6472/6479/6485 6469/6470/6476 6468/6469/6475
f 6468/6469/6475 6473/6480/6486 6472/6479/6485
f 6467/6475/6481 6464/6476/6482 6420/6425/6431
f 6464/6476/6482 6477/6481/6487 6478/6482/6488
f 6479/6483/6489 6474/6484/6490 6476/6485/6491
f 6419/6420/6426 6481/6486/6492 6482/6487/6493
f 6483/6488/6494 6484/6489/6495 6481/6486/6492
f 6481/6486/6492 6484/6489/6495 6482/6487/6493
f 6487/6490/6496 6488/6491/6497 6489/6492/6498
f 6411/6439/6445 6485/6493/6499 6490/6494/6500
f 6485/6493/6499 6486/6495/6501 6490/6494/6500
f 6495/6496/6502 6494/6497/6503 6496/6498/6504
f 6495/6496/6502 6496/6498/6504 6497/6499/6505
f 6490/6494/6500 6499/6500/6506 6419/6420/6426
f 6500/6501/6507 6419/6420/6426 6499/6500/6506
f 6487/6490/6496 6498/6502/6508 6490/6494/6500
f 6467/6475/6481 6474/6484/6490 6464/6476/6482
f 6503/6503/6509 6422/6421/6427 6419/6420/6426
f 6422/6421/6427 6503/6503/6509 6504/6504/6510
f 6505/6505/6511 6506/6506/6512 6485/6493/6499
f 6492/6507/6513 6491/6508/6514 6494/6497/6503
f 6494/6497/6503 6419/6420/6426 6508/6509/6515
f 6498/6502/6508 6509/6510/6516 6490/6494/6500
f 6490/6494/6517 6510/6511/6518 6511/6512/6519
f 6464/6476/6482 6478/6482/6488 6411/6439/6445
f 6465/6474/6480 6501/6513/6520 6466/6473/6479
f 6474/6484/6490 6502/6514/6521 6475/6515/6522
f 6474/6484/6490 6467/6475/6481 6466/6473/6479
f 6491/6508/6514 6481/6486/6492 6419/6420/6426
f 6419/6420/6426 6494/6497/6503 6491/6508/6514
f 6493/6516/6523 6492/6507/6513 6495/6496/6502
f 6508/6509/6515 6512/6517/6524 6494/6497/6503
f 6490/6494/6517 6513/6518/6525 6514/6519/6526
f 6515/6520/6527 6490/6494/6500 6509/6510/6516
f 6516/6521/6528 6510/6511/6518 6517/6522/6529
f 6490/6494/6517 6514/6519/6526 6517/6522/6529
f 6490/6494/6517 6517/6522/6529 6510/6511/6518
f 6495/6496/6502 6497/6499/6505 6518/6523/6530
f 6500/6501/6507 6519/6524/6531 6520/6525/6532
f 6492/6507/6513 6521/6526/6533 6491/6508/6514
f 6490/6494/6500 6419/6420/6426 6411/6439/6445
f 6522/6527/6534 6482/6487/6493 6484/6489/6495
f 6486/6495/6501 6485/6493/6499 6507/6528/6535
f 6478/6482/6488 6505/6505/6511 6485/6493/6499
f 6466/6473/6479 6480/6529/6536 6502/6514/6521
f 6501/6513/6520 6523/6530/6537 6466/6473/6479
f 6464/6476/6482 6474/6484/6490 6479/6483/6489
f 6466/6473/6479 6502/6514/6521 6474/6484/6490
f 6485/6493/6499 6411/6439/6445 6478/6482/6488
f 6508/6509/6515 6500/6501/6507 6520/6525/6532
f 6500/6501/6507 6508/6509/6515 6419/6420/6426
f 6486/6495/6501 6487/6490/6496 6490/6494/6500
f 6492/6507/6513 6494/6497/6503 6495/6496/6502
f 6482/6487/6493 6503/6503/6509 6419/6420/6426
f 6486/6495/6501 6488/6491/6497 6487/6490/6496
f 6530/6531/6538 6531/6532/6539 6532/6533/6540
f 6526/6534/6541 6536/6535/6542 6538/6536/6543
f 6529/6537/6544 6540/6538/6545 6539/6539/6546
f 6544/6540/6547 6564/6541/6548 6543/6542/6549
f 6541/6543/6550 6550/6544/6551 6551/6545/6552
f 6554/6546/6553 6555/6547/6554 6564/6541/6548
f 6555/6547/6554 6546/6548/6555 6564/6541/6548
f 6552/6549/6556 6557/6550/6557 6558/6551/6558
f 6559/6552/6559 6552/6549/6556 6553/6553/6560
f 6562/6554/6561 6561/6555/6562 6563/6556/6563
f 6567/6557/6564 6541/6543/6550 6566/6558/6565
f 6569/6559/6566 6570/6560/6567 6571/6561/6568
f 6573/6562/6569 6525/6563/6570 6572/6564/6571
f 6582/6565/6572 6526/6534/6541 6574/6566/6573
f 6575/6567/6574 6535/6568/6575 6534/6569/6576
f 6576/6570/6577 6535/6568/6575 6575/6567/6574
f 6577/6571/6578 6576/6570/6577 6578/6572/6579
f 6580/6573/6580 6527/6574/6581 6529/6537/6544
f 6546/6548/6555 6580/6573/6580 6529/6537/6544
f 6581/6575/6582 6582/6565/6572 6583/6576/6583
f 6564/6541/6548 6544/6540/6547 6584/6577/6584
f 6586/6578/6585 6551/6545/6552 6587/6579/6586
f 6588/6580/6587 6553/6553/6560 6552/6549/6556
f 6526/6534/6541 6538/6536/6543 6524/6581/6588
f 6550/6544/6551 6541/6543/6550 6589/6582/6589
f 6526/6534/6541 6591/6583/6590 6532/6533/6540
f 6571/6561/6568 6570/6560/6567 6592/6584/6591
f 6569/6559/6566 6566/6558/6565 6570/6560/6567
f 6542/6585/6592 6582/6565/6572 6574/6566/6573
f 6562/6554/6561 6568/6586/6593 6545/6587/6594
f 6536/6535/6542 6593/6588/6595 6538/6536/6543
f 6593/6588/6595 6536/6535/6542 6537/6589/6596
f 6549/6590/6597 6575/6567/6574 6548/6591/6598
f 6575/6567/6574 6549/6590/6597 6556/6592/6599
f 6578/6572/6579 6556/6592/6599 6595/6593/6600
f 6596/6594/6601 6566/6558/6565 6597/6595/6602
f 6579/6596/6603 6545/6587/6594 6560/6597/6604
f 6526/6534/6541 6545/6587/6594 6536/6535/6542
f 6524/6581/6588 6598/6598/6605 6572/6564/6571
f 6580/6573/6580 6546/6548/6555 6599/6599/6606
f 6580/6573/6580 6599/6599/6606 6600/6600/6607
f 6601/6601/6608 6602/6602/6609 6603/6603/6610
f 6601/6601/6608 6543/6542/6549 6529/6537/6544
f 6526/6534/6541 6531/6532/6539 6574/6566/6573
f 6604/6604/6611 6574/6566/6573 6531/6532/6539
f 6560/6597/6604 6605/6605/6612 6579/6596/6603
f 6575/6567/6574 6606/6606/6613 6607/6607/6614
f 6575/6567/6574 6534/6569/6576 6606/6606/6613
f 6584/6577/6584 6608/6608/6615 6609/6609/6616
f 6584/6577/6584 6609/6609/6616 6564/6541/6548
f 6552/6549/6556 6558/6551/6558 6610/6610/6617
f 6562/6554/6561 6611/6611/6618 6568/6586/6593
f 6551/6545/6552 6550/6544/6551 6587/6579/6586
f 6612/6612/6619 6588/6580/6587 6569/6559/6566
f 6564/6541/6548 6567/6557/6564 6554/6546/6553
f 6566/6558/6565 6613/6613/6620 6614/6614/6621
f 6615/6615/6622 6567/6557/6564 6614/6614/6621
f 6566/6558/6565 6610/6610/6617 6613/6613/6620
f 6541/6543/6550 6582/6565/6572 6581/6575/6582
f 6566/6558/6565 6616/6616/6623 6570/6560/6567
f 6556/6592/6599 6549/6590/6597 6617/6617/6624
f 6565/6618/6625 6545/6587/6594 6526/6534/6541
f 6564/6541/6548 6565/6618/6625 6582/6565/6572
f 6541/6543/6550 6564/6541/6548 6582/6565/6572
f 6618/6619/6626 6585/6620/6627 6594/6621/6628
f 6568/6586/6593 6594/6621/6628 6545/6587/6594
f 6597/6595/6602 6566/6558/6565 6551/6545/6552
f 6541/6543/6550 6551/6545/6552 6566/6558/6565
f 6526/6534/6541 6525/6563/6570 6619/6622/6629
f 6591/6583/6590 6526/6534/6541 6619/6622/6629
f 6525/6563/6570 6526/6534/6541 6572/6564/6571
f 6524/6581/6588 6572/6564/6571 6526/6534/6541
f 6620/6623/6630 6542/6585/6592 6574/6566/6573
f 6621/6624/6631 6547/6625/6632 6548/6591/6598
f 6556/6592/6599 6578/6572/6579 6576/6570/6577
f 6589/6582/6589 6581/6575/6582 6622/6626/6633
f 6565/6618/6625 6526/6534/6541 6582/6565/6572
f 6564/6541/6548 6541/6543/6550 6567/6557/6564
f 6571/6561/6568 6623/6627/6634 6569/6559/6566
f 6624/6628/6635 6569/6559/6566 6623/6627/6634
f 6588/6580/6587 6566/6558/6565 6569/6559/6566
f 6588/6580/6587 6552/6549/6556 6566/6558/6565
f 6579/6596/6603 6536/6535/6542 6545/6587/6594
f 6561/6555/6562 6609/6609/6616 6625/6629/6636
f 6609/6609/6616 6561/6555/6562 6564/6541/6548
f 6527/6574/6581 6626/6630/6637 6529/6537/6544
f 6626/6630/6637 6540/6538/6545 6529/6537/6544
f 6556/6592/6599 6576/6570/6577 6575/6567/6574
f 6575/6567/6574 6607/6607/6614 6627/6631/6638
f 6629/6632/6639 6560/6597/6604 6547/6625/6632
f 6528/6633/6640 6628/6634/6641 6527/6574/6581
f 6538/6536/6543 6630/6635/6642 6524/6581/6588
f 6585/6620/6627 6618/6619/6626 6590/6636/6643
f 6594/6621/6628 6585/6620/6627 6545/6587/6594
f 6545/6587/6594 6547/6625/6632 6560/6597/6604
f 6585/6620/6627 6549/6590/6597 6548/6591/6598
f 6548/6591/6598 6547/6625/6632 6585/6620/6627
f 6576/6570/6577 6631/6637/6644 6535/6568/6575
f 6534/6569/6576 6533/6638/6645 6606/6606/6613
f 6531/6532/6539 6526/6534/6541 6532/6533/6540
f 6585/6620/6627 6547/6625/6632 6545/6587/6594
f 6541/6543/6550 6581/6575/6582 6589/6582/6589
f 6614/6614/6621 6567/6557/6564 6566/6558/6565
f 6561/6555/6562 6565/6618/6625 6564/6541/6548
f 6610/6610/6617 6566/6558/6565 6552/6549/6556
f 6562/6554/6561 6545/6587/6594 6561/6555/6562
f 6565/6618/6625 6561/6555/6562 6545/6587/6594
f 6543/6542/6549 6601/6601/6608 6603/6603/6610
f 6632/6639/6646 6527/6574/6581 6628/6634/6641
f 6626/6630/6637 6527/6574/6581 6632/6639/6646
f 6543/6542/6549 6564/6541/6548 6529/6537/6544
f 6529/6537/6544 6564/6541/6548 6546/6548/6555
f 6634/6640/6647 6637/6641/6648 6638/6642/6649
f 6639/6643/6650 6641/6644/6651 6633/6645/6652
f 6640/6646/6653 6634/6640/6647 6633/6645/6652
f 6642/6647/6654 6643/6648/6655 6644/6649/6656
f 6645/6650/6657 6637/6641/6648 6647/6651/6658
f 6633/6645/6652 6636/6652/6659 6640/6646/6653
f 6651/6653/6660 6655/6654/6661 6654/6655/6662
f 6659/6656/6663 6639/6643/6650 6698/6657/6664
f 6660/6658/6665 6639/6643/6650 6659/6656/6663
f 6639/6643/6650 6661/6659/6666 6648/6660/6667
f 6662/6661/6668 6663/6662/6669 6664/6663/6670
f 6668/6664/6671 6669/6665/6672 6641/6644/6651
f 6665/6666/6673 6663/6662/6669 6645/6650/6657
f 6671/6667/6674 6672/6668/6675 6665/6666/6673
f 6676/6669/6676 6674/6670/6677 6677/6671/6678
f 6676/6669/6676 6677/6671/6678 6678/6672/6679
f 6671/6667/6674 6679/6673/6680 6675/6674/6681
f 6639/6643/6650 6648/6660/6667 6680/6675/6682
f 6640/6646/6653 6635/6676/6683 6647/6651/6658
f 6681/6677/6684 6677/6671/6678 6669/6665/6672
f 6682/6678/6685 6683/6679/6686 6677/6671/6678
f 6652/6680/6687 6643/6648/6655 6642/6647/6654
f 6652/6680/6687 6684/6681/6688 6685/6682/6689
f 6686/6683/6690 6687/6684/6691 6688/6685/6692
f 6684/6681/6688 6652/6680/6687 6642/6647/6654
f 6674/6670/6677 6673/6686/6693 6641/6644/6651
f 6677/6671/6678 6689/6687/6694 6678/6672/6679
f 6690/6688/6695 6691/6689/6696 6687/6684/6697
f 6641/6644/6651 6658/6690/6698 6636/6652/6659
f 6693/6691/6699 6650/6692/6700 6649/6693/6701
f 6694/6694/6702 6660/6695/6703 6695/6696/6704
f 6649/6693/6701 6634/6640/6647 6693/6691/6699
f 6633/6645/6652 6634/6640/6647 6649/6693/6701
f 6661/6659/6666 6660/6658/6665 6696/6697/6705
f 6678/6672/6679 6697/6698/6706 6676/6669/6676
f 6698/6657/6664 6654/6655/6662 6699/6699/6707
f 6638/6642/6649 6700/6700/6708 6634/6640/6647
f 6698/6657/6664 6639/6643/6650 6654/6655/6662
f 6633/6645/6652 6651/6653/6660 6639/6643/6650
f 6640/6646/6653 6637/6641/6648 6634/6640/6647
f 6689/6687/6694 6677/6671/6678 6701/6701/6709
f 6687/6684/6697 6689/6687/6694 6701/6701/6709
f 6687/6684/6697 6701/6701/6709 6690/6688/6695
f 6664/6663/6670 6667/6702/6710 6666/6703/6711
f 6647/6651/6658 6637/6641/6648 6640/6646/6653
f 6665/6666/6673 6667/6702/6710 6663/6662/6669
f 6669/6665/6672 6674/6670/6677 6641/6644/6651
f 6647/6651/6658 6679/6673/6680 6671/6667/6674
f 6703/6704/6712 6669/6665/6672 6702/6705/6713
f 6704/6706/6714 6677/6671/6678 6681/6677/6684
f 6636/6652/6659 6635/6676/6683 6640/6646/6653
f 6652/6680/6687 6667/6702/6710 6653/6707/6715
f 6707/6708/6716 6706/6709/6717 6695/6696/6704
f 6667/6702/6710 6708/6710/6718 6709/6711/6719
f 6694/6694/6702 6695/6696/6704 6706/6709/6717
f 6652/6680/6687 6685/6682/6689 6710/6712/6720
f 6652/6680/6687 6710/6712/6720 6666/6703/6711
f 6647/6651/6658 6665/6666/6673 6645/6650/6657
f 6660/6695/6703 6711/6713/6721 6695/6696/6704
f 6712/6714/6722 6656/6715/6723 6713/6716/6724
f 6679/6673/6680 6647/6651/6658 6656/6717/6725
f 6639/6643/6650 6668/6664/6671 6641/6644/6651
f 6633/6645/6652 6641/6644/6651 6636/6652/6659
f 6674/6670/6677 6669/6665/6672 6677/6671/6678
f 6668/6664/6671 6639/6643/6650 6680/6675/6682
f 6715/6718/6726 6716/6719/6727 6643/6648/6655
f 6717/6720/6728 6643/6648/6655 6652/6680/6687
f 6719/6721/6729 6651/6653/6660 6649/6693/6701
f 6649/6693/6701 6651/6653/6660 6633/6645/6652
f 6659/6656/6663 6698/6657/6664 6705/6722/6730
f 6667/6702/6710 6664/6663/6670 6663/6662/6669
f 6720/6723/6731 6657/6724/6732 6721/6725/6733
f 6721/6725/6733 6657/6724/6732 6656/6717/6725
f 6661/6659/6666 6639/6643/6650 6660/6658/6665
f 6722/6726/6734 6647/6651/6658 6635/6676/6683
f 6671/6667/6674 6665/6666/6673 6647/6651/6658
f 6667/6702/6710 6652/6680/6687 6666/6703/6711
f 6708/6710/6718 6672/6668/6675 6723/6727/6735
f 6708/6710/6718 6665/6666/6673 6672/6668/6675
f 6665/6666/6673 6708/6710/6718 6667/6702/6710
f 6644/6649/6656 6643/6648/6655 6716/6719/6727
f 6670/6728/6736 6681/6677/6684 6669/6665/6672
f 6641/6644/6651 6673/6686/6693 6658/6690/6698
f 6693/6691/6699 6634/6640/6647 6700/6700/6708
f 6639/6643/6650 6651/6653/6660 6654/6655/6662
f 6692/6729/6737 6702/6705/6713 6668/6664/6671
f 6668/6664/6671 6702/6705/6713 6669/6665/6672
f 6653/6707/6715 6718/6730/6738 6652/6680/6687
f 6647/6651/6658 6722/6726/6734 6656/6717/6725
f 6683/6679/6686 6701/6701/6709 6677/6671/6678
f 6724/6731/6739 6645/6650/6657 6646/6732/6740
f 6645/6650/6657 6724/6731/6739 6637/6641/6648
f 6636/6652/6659 6658/6690/6698 6726/6733/6741
f 6658/6690/6698 6730/6734/6742 6729/6735/6743
f 6730/6734/6742 6673/6686/6693 6731/6736/6744
f 6676/6669/6676 6731/6736/6744 6674/6670/6677
f 6676/6669/6676 6697/6698/6706 6733/6737/6745
f 6727/6738/6746 6736/6739/6747 6735/6740/6748
f 6727/6738/6746 6737/6741/6749 6736/6739/6747
f 6727/6738/6746 6738/6742/6750 6737/6741/6749
f 6734/6743/6751 6739/6744/6752 6740/6745/6753
f 6734/6743/6751 6741/6746/6754 6742/6747/6755
f 6734/6743/6751 6743/6748/6756 6741/6746/6754
f 6656/6717/6725 6744/6749/6757 6721/6725/6733
f 6656/6717/6725 6745/6750/6758 6744/6749/6757
f 6745/6750/6758 6656/6717/6725 6722/6726/6734
f 6636/6652/6659 6726/6733/6741 6635/6676/6683
f 6734/6743/6751 6635/6676/6683 6726/6733/6741
f 6728/6751/6759 6729/6735/6743 6747/6752/6760
f 6748/6753/6761 6730/6734/6742 6731/6736/6744
f 6749/6754/6762 6734/6743/6751 6750/6755/6763
f 6676/6669/6676 6751/6756/6764 6731/6736/6744
f 6734/6743/6751 6752/6757/6765 6739/6744/6752
f 6742/6747/6755 6752/6757/6765 6734/6743/6751
f 6742/6747/6755 6741/6746/6754 6753/6758/6766
f 6722/6726/6734 6635/6676/6683 6725/6759/6767
f 6725/6759/6767 6635/6676/6683 6734/6743/6751
f 6726/6733/6741 6727/6738/6746 6735/6740/6748
f 6754/6760/6768 6755/6761/6769 6756/6762/6770
f 6740/6745/6753 6750/6755/6763 6734/6743/6751
f 6737/6741/6749 6757/6763/6771 6736/6739/6747
f 6751/6756/6764 6676/6669/6676 6758/6764/6772
f 6752/6757/6765 6742/6747/6755 6759/6765/6773
f 6761/6766/6774 6743/6748/6756 6734/6743/6751
f 6755/6761/6769 6754/6760/6768 6727/6738/6746
f 6726/6733/6741 6735/6740/6748 6734/6743/6751
f 6725/6759/6767 6734/6743/6751 6749/6754/6762
f 6673/6686/6693 6730/6734/6742 6658/6690/6698
f 6728/6751/6759 6658/6690/6698 6729/6735/6743
f 6751/6756/6764 6760/6767/6775 6731/6736/6744
f 6760/6767/6775 6732/6768/6776 6731/6736/6744
f 6674/6670/6677 6731/6736/6744 6673/6686/6693
f 6762/6769/6777 6759/6765/6773 6742/6747/6755
f 6728/6751/6759 6755/6761/6769 6727/6738/6746
f 6727/6738/6746 6658/6690/6698 6728/6751/6759
f 6658/6690/6698 6727/6738/6746 6726/6733/6741
f 6746/6770/6778 6725/6759/6767 6749/6754/6762
f 6768/6771/6779 6767/6772/6780 6764/6773/6781
f 6764/6773/6781 6769/6774/6782 6768/6771/6779
f 6770/6775/6783 6767/6772/6780 6768/6771/6779
f 6771/6776/6784 6767/6772/6780 6772/6777/6785
f 6773/6778/6786 6771/6776/6784 6772/6777/6785
f 6767/6772/6780 6766/6779/6787 6765/6780/6788
f 6774/6781/6789 6775/6782/6790 6776/6783/6791
f 6777/6784/6691 6775/6782/6790 6774/6781/6789
f 6776/6783/6791 6775/6782/6790 6778/6785/6792
f 6780/6786/6793 6779/6787/6794 6781/6788/6795
f 6783/6789/6796 6784/6790/6797 6782/6791/6798
f 6763/6792/6799 6764/6773/6781 6780/6786/6793
f 6776/6783/6791 6778/6785/6792 6785/6793/6800
f 6778/6785/6792 6775/6782/6790 6786/6794/6801
f 6779/6787/6794 6782/6791/6798 6781/6788/6795
f 6767/6772/6780 6765/6780/6788 6772/6777/6785
f 6787/6795/6802 6772/6777/6785 6765/6780/6788
f 6771/6776/6784 6791/6796/6803 6767/6772/6780
f 6780/6786/6793 6764/6773/6781 6779/6787/6794
f 6790/6797/6804 6791/6796/6803 6792/6798/6805
f 6788/6799/6806 6794/6800/6807 6789/6801/6808
f 6794/6800/6807 6793/6802/6809 6789/6801/6808
f 6778/6785/6792 6795/6803/6810 6785/6793/6800
f 6797/6804/6811 6795/6803/6810 6778/6785/6792
f 6783/6789/6796 6782/6791/6798 6779/6787/6794
f 6800/6805/6812 6799/6806/6813 6801/6807/6814
f 6802/6808/6815 6800/6805/6812 6801/6807/6814
f 6804/6809/6816 6805/6810/6817 6806/6811/6818
f 6807/6812/6819 6806/6811/6818 6805/6810/6817
f 6808/6813/6820 6805/6810/6817 6804/6809/6816
f 6805/6810/6817 6808/6813/6820 6809/6814/6821
f 6810/6815/6822 6791/6796/6803 6771/6776/6784
f 6764/6773/6781 6767/6772/6780 6791/6796/6803
f 6811/6816/6823 6810/6815/6822 6771/6776/6784
f 6793/6802/6809 6812/6817/6824 6813/6818/6825
f 6798/6819/6826 6791/6796/6803 6805/6810/6817
f 6814/6820/6827 6790/6797/6804 6792/6798/6805
f 6791/6796/6803 6790/6797/6804 6805/6810/6817
f 6793/6802/6809 6813/6818/6825 6789/6801/6808
f 6801/6807/6814 6799/6806/6813 6815/6821/6828
f 6795/6803/6810 6797/6804/6811 6816/6822/6829
f 6808/6813/6820 6804/6809/6816 6817/6823/6830
f 6779/6787/6794 6797/6804/6811 6783/6789/6796
f 6818/6824/6831 6804/6809/6816 6806/6811/6818
f 6819/6825/6832 6809/6814/6821 6808/6813/6820
f 6803/6826/6833 6797/6804/6811 6778/6785/6792
f 6797/6804/6811 6803/6826/6833 6783/6789/6796
f 6803/6826/6833 6778/6785/6792 6820/6827/6834
f 6778/6785/6792 6796/6828/6835 6820/6827/6834
f 6810/6815/6822 6821/6829/6836 6791/6796/6803
f 6813/6818/6825 6812/6817/6824 6822/6830/6837
f 6764/6773/6781 6791/6796/6803 6793/6802/6809
f 6764/6773/6781 6793/6802/6809 6779/6787/6794
f 6824/6831/6838 6821/6829/6836 6810/6815/6822
f 6800/6805/6812 6825/6832/6839 6793/6802/6809
f 6800/6805/6812 6791/6796/6803 6798/6819/6826
f 6791/6796/6803 6800/6805/6812 6793/6802/6809
f 6826/6833/6840 6797/6804/6811 6779/6787/6794
f 6794/6800/6807 6779/6787/6794 6793/6802/6809
f 6809/6814/6821 6798/6819/6826 6805/6810/6817
f 6800/6805/6812 6798/6819/6826 6799/6806/6813
f 6790/6797/6804 6823/6834/6841 6805/6810/6817
f 6827/6835/6842 6828/6836/6843 6823/6834/6841
f 6805/6810/6817 6823/6834/6841 6828/6836/6843
f 6825/6832/6839 6800/6805/6812 6829/6837/6844
f 6830/6838/6845 6831/6839/6846 6832/6840/6847
f 6833/6841/6848 6832/6840/6847 6834/6842/6849
f 6836/6843/6850 6835/6844/6851 6837/6845/6852
f 6837/6845/6852 6838/6846/6853 6836/6843/6850
f 6834/6842/6849 6839/6847/6854 6833/6841/6848
f 6835/6844/6851 6848/6848/6855 6830/6838/6845
f 6835/6844/6851 6836/6843/6850 6848/6848/6855
f 6837/6845/6852 6840/6849/6856 6838/6846/6853
f 6841/6850/6857 6830/6838/6845 6832/6840/6847
f 6842/6851/6858 6843/6852/6859 6834/6842/6849
f 6842/6851/6858 6844/6853/6860 6843/6852/6859
f 6832/6840/6847 6845/6854/6861 6846/6855/6862
f 6845/6854/6861 6831/6839/6846 6847/6856/6863
f 6832/6840/6847 6849/6857/6864 6842/6851/6858
f 6832/6840/6847 6846/6855/6862 6849/6857/6864
f 6836/6843/6850 6850/6858/6865 6848/6848/6855
f 6851/6859/6866 6835/6844/6851 6830/6838/6845
f 6852/6860/6867 6837/6845/6852 6835/6844/6851
f 6832/6840/6847 6831/6839/6846 6845/6854/6861
f 6830/6838/6845 6848/6848/6855 6831/6839/6846
f 6834/6842/6849 6832/6840/6847 6842/6851/6858
f 6848/6848/6855 6857/6861/6868 6856/6862/6869
f 6857/6861/6868 6848/6848/6855 6854/6863/6870
f 6850/6858/6865 6858/6864/6871 6848/6848/6855
f 6850/6858/6865 6859/6865/6872 6858/6864/6871
f 6850/6858/6865 6855/6866/6873 6859/6865/6872
f 6850/6858/6865 6860/6867/6874 6855/6866/6873
f 6855/6866/6873 6860/6867/6874 6861/6868/6875
f 6862/6869/6876 6853/6870/6877 6848/6848/6855
f 6859/6865/6872 6863/6871/6878 6858/6864/6871
f 6858/6864/6871 6854/6863/6870 6848/6848/6855
f 6848/6848/6855 6853/6870/6877 6864/6872/6879
f 6853/6870/6877 6862/6869/6876 6865/6873/6880
f 6848/6848/6855 6856/6862/6869 6862/6869/6876
f 6866/6874/6881 6867/6875/6882 6868/6876/6883
f 6869/6877/6884 6867/6875/6882 6866/6874/6881
f 6870/6878/6885 6871/6879/6886 6869/6877/6884
f 6870/6878/6885 6872/6880/6887 6871/6879/6886
f 6875/6881/6888 6873/6882/6889 6876/6883/6890
f 6877/6884/6891 6885/6885/6892 6878/6886/6893
f 6879/6887/6894 6880/6888/6895 6873/6882/6889
f 6873/6882/6889 6874/6889/6896 6881/6890/6897
f 6877/6884/6891 6882/6891/6898 6885/6885/6892
f 6883/6892/6899 6876/6883/6890 6869/6877/6884
f 6884/6893/6900 6869/6877/6884 6876/6883/6890
f 6884/6893/6900 6870/6878/6885 6869/6877/6884
f 6873/6882/6889 6884/6893/6900 6876/6883/6890
f 6873/6882/6889 6885/6885/6892 6884/6893/6900
f 6883/6892/6899 6869/6877/6884 6866/6874/6881
f 6885/6885/6892 6888/6894/6901 6887/6895/6902
f 6881/6890/6897 6885/6885/6892 6873/6882/6889
f 6873/6882/6889 6875/6881/6888 6879/6887/6894
f 6873/6882/6889 6880/6888/6895 6889/6896/6903
f 6886/6897/6904 6870/6878/6885 6884/6893/6900
f 6885/6885/6892 6890/6898/6905 6888/6894/6901
f 6885/6885/6892 6882/6891/6898 6890/6898/6905
f 6881/6890/6897 6878/6886/6893 6885/6885/6892
f 6889/6896/6903 6891/6899/6906 6873/6882/6889
f 6897/6900/6907 6898/6901/6908 6895/6902/6909
f 6899/6903/6910 6901/6904/6911 6900/6905/6912
f 6901/6904/6911 6899/6903/6910 6896/6906/6913
f 6892/6907/6914 6893/6908/6915 6896/6906/6913
f 6892/6907/6914 6895/6902/6909 6902/6909/6916
f 6903/6910/6917 6895/6902/6909 6892/6907/6914
f 6904/6911/6918 6907/6912/6919 6903/6910/6917
f 6906/6913/6920 6908/6914/6921 6905/6915/6922
f 6896/6906/6913 6893/6908/6915 6901/6904/6911
f 6892/6907/6914 6902/6909/6916 6893/6908/6915
f 6902/6909/6916 6909/6916/6923 6893/6908/6915
f 6898/6901/6908 6894/6917/6924 6895/6902/6909
f 6893/6908/6915 6910/6918/6925 6901/6904/6911
f 6908/6914/6921 6897/6900/6907 6905/6915/6922
f 6905/6915/6922 6897/6900/6907 6895/6902/6909
f 6905/6915/6922 6895/6902/6909 6903/6910/6917
f 6892/6907/6914 6904/6911/6918 6903/6910/6917
f 6911/6919/6926 6912/6920/6927 6913/6921/6928
f 6915/6922/6929 6916/6923/6930 6914/6924/6931
f 6917/6925/6932 6911/6919/6926 6918/6926/6933
f 6920/6927/6934 6921/6928/6935 6915/6922/6929
f 6912/6920/6927 6914/6924/6931 6916/6923/6930
f 6911/6919/6926 6922/6929/6936 6912/6920/6927
f 6914/6924/6931 6912/6920/6927 6922/6929/6936
f 6919/6930/6937 6914/6924/6931 6923/6931/6938
f 6926/6932/6939 6912/6920/6927 6916/6923/6930
f 6919/6930/6937 6915/6922/6929 6914/6924/6931
f 6927/6933/6940 6922/6929/6936 6911/6919/6926
f 6927/6933/6940 6911/6919/6926 6917/6925/6932
f 6912/6920/6927 6925/6934/6941 6913/6921/6928
f 6924/6935/6942 6920/6927/6934 6915/6922/6929
f 6924/6935/6942 6915/6922/6929 6919/6930/6937
f 6928/6936/6943 6919/6930/6937 6923/6931/6938
f 6929/6937/6944 6930/6938/6945 6922/6929/6936
f 6929/6937/6944 6922/6929/6936 6927/6933/6940
f 6931/6939/6946 6932/6940/6947 6933/6941/6948
f 6933/6941/6948 6932/6940/6947 6940/6942/6949
f 6932/6940/6947 6936/6943/6950 6940/6942/6949
f 6941/6944/6951 6936/6943/6950 6932/6940/6947
f 6935/6945/6952 6936/6943/6950 6938/6946/6953
f 6937/6947/6954 6938/6946/6953 6936/6943/6950
f 6938/6946/6953 6939/6948/6955 6935/6945/6952
f 6942/6949/6956 6931/6939/6946 6933/6941/6948
f 6940/6942/6949 6936/6943/6950 6935/6945/6952
f 6943/6950/6957 6935/6951/6958 6934/6952/6959
f 6944/6953/6960 6945/6954/6961 6946/6955/6962
f 6947/6956/6963 6948/6957/6964 6949/6958/6965
f 6945/6954/6961 6952/6959/6966 6950/6960/6967
f 6945/6954/6961 6953/6961/6968 6952/6959/6966
f 6954/6962/6969 6950/6960/6967 6955/6963/6970
f 6946/6955/6962 6950/6960/6967 6954/6962/6969
f 6946/6955/6962 6945/6954/6961 6950/6960/6967
f 6945/6954/6961 6944/6953/6960 6956/6964/6971
f 6950/6960/6967 6957/6965/6972 6948/6957/6964
f 6950/6960/6973 6958/6966/6974 6951/6967/6975
f 6955/6963/6970 6950/6960/6967 6947/6956/6963
f 6959/6968/6976 6944/6953/6960 6946/6955/6962
f 6947/6956/6963 6950/6960/6967 6948/6957/6964
f 6960/6969/6977 6961/6970/6978 6962/6971/6979
f 6960/6969/6977 6963/6972/6980 6961/6970/6978
f 6964/6973/6981 6965/6974/6982 6963/6972/6980
f 6965/6974/6982 6966/6975/6983 6967/6976/6984
f 6967/6976/6984 6968/6977/6985 6965/6974/6982
f 6969/6978/6986 6966/6975/6983 6965/6974/6982
f 6964/6973/6981 6969/6978/6986 6965/6974/6982
f 6963/6972/6980 6960/6969/6977 6964/6973/6981
f 6970/6979/6987 6964/6973/6981 6960/6969/6977
f 6971/6980/6988 6972/6981/6989 6973/6982/6990
f 6971/6980/6991 6974/6983/6992 6975/6984/6993
f 6976/6985/6994 6978/6986/6995 6977/6987/6996
f 6973/6982/6997 6979/6988/6998 6980/6989/6999
f 6981/6990/7000 6982/6991/7001 6979/6988/6998
f 6983/6992/7002 6984/6993/6979 6985/6994/7003
f 6986/6995/7004 6983/6992/7002 6985/6994/7003
f 6975/6984/6993 6974/6983/6992 6987/6996/7005
f 6979/6988/6998 6988/6997/7006 6980/6989/6999
f 6989/6998/7007 6976/6985/6994 6982/6991/7001
f 6982/6991/7001 6976/6985/6994 6977/6987/6996
f 6979/6988/6998 6977/6987/6996 6988/6997/7006
f 6982/6991/7001 6977/6987/6996 6979/6988/6998
f 6993/6999/7008 6994/7000/7009 6992/7001/7010
f 6993/6999/7008 6995/7002/7011 6994/7000/7009
f 6996/7003/7012 6991/7004/7013 6992/7005/7014
f 6992/7005/7014 6997/7006/7015 6996/7003/7012
f 6998/7007/7016 6999/7008/7017 7000/7009/7018
f 7001/7010/7019 7002/7011/7020 7003/7012/7021
f 7003/7012/7021 7004/7013/7022 7001/7010/7019
f 7003/7012/7021 7005/7014/7023 7004/7013/7022
f 7006/7015/7024 7004/7013/7022 7005/7014/7023
f 7004/7013/7022 7006/7015/7024 7000/7009/7018
f 7004/7013/7022 7000/7009/7018 6999/7008/7017
f 7009/7016/7025 7007/7017/7026 7008/7018/7027
f 7007/7017/7026 7010/7019/7028 7008/7018/7027
f 7008/7018/7027 7010/7019/7028 7011/7020/7029
f 7011/7020/7029 7010/7019/7028 7012/7021/7030
f 7011/7020/7029 7012/7021/7030 7013/7022/7031
f 7014/7023/7032 7015/7024/7033 7016/7025/7034
f 7017/7026/7035 7018/7027/7036 7015/7024/7033
f 7019/7028/7037 7020/7029/7038 7018/7027/7039
f 7021/7030/7040 7018/7027/7039 7020/7029/7038
f 7020/7029/7038 7022/7031/7041 7021/7030/7040
f 7025/7032/7042 7024/7033/7043 7026/7034/7044
f 7027/7035/7045 7028/7036/7046 7026/7034/7047
f 7029/7037/7048 7031/7038/7049 7030/7039/7050
f 7032/7040/7051 7031/7038/7049 7029/7037/7048
l 7022 7023
l 6990 6991
l 6643 6714
l 4832 4833
